fid,dist,dtm,cond_1,cond_2,cond_3,cond_4,cond_5,cond_6,cond_7,cond_8,cond_9,cond_10,cond_11,cond_12,cond_13,cond_14,cond_15,cond_16,cond_17,cond_18,cond_19,cond_20,cond_21,cond_22,cond_23,cond_24
4148.0,0.0,103.8,0.009435312649066227,0.009395721817661833,0.00892257208377914,0.006783544688912555,0.005022948068311644,0.004645195640435092,0.004586838964592809,0.004561329546487143,0.00456262415964215,0.004601810499751612,0.005172177226895522,0.01826100805322207,0.15057906070067317,0.1373774892832784,0.12925669909525722,0.12152003200616766,0.11655393868339367,0.11387251701636991,0.11277084579397183,0.11260586756938108,0.11275566046508971,0.11284167225249388,0.11283447132032798,0.11281982361798037
4148.1,2.8188827572434962,104.2,0.009121761913402623,0.009084510887607545,0.008679098845101789,0.0067179042232410726,0.004929909433564578,0.0045032101723014376,0.004436340829331445,0.0044066263825886,0.004402436735197098,0.0044330316727524445,0.004835433866086664,0.015121390336502026,0.14617997147810544,0.13813293607085123,0.1295971767837253,0.1209881623964479,0.11546477250716924,0.11247227798959401,0.11122406889683303,0.11101946983315397,0.11117767595839512,0.11127604885830182,0.11127315674334741,0.11125884768976275
4148.2,5.647345237221441,104.4,0.011998741865421462,0.010374548094047751,0.008130376479396762,0.006130861079736423,0.0046783883017332065,0.0037484979071364115,0.0032425744599423887,0.0031026212385277113,0.003370351687088121,0.004308750923690318,0.006937298674769526,0.016726290965812674,0.09235701804629291,0.2805916709402586,0.07240728340010379,0.048349346395746555,0.05280616103379637,0.05522820445248297,0.04244573228948711,0.03201283504253726,0.02808970305920633,0.028532694284226067,0.030923464047299953,0.03277217765773074
4148.3,8.466227994576442,104.6,0.01204388004355921,0.010360232924332833,0.008064899181004666,0.006047048156036944,0.00459683075710774,0.003676335133006239,0.003179567294730062,0.0030444267809089302,0.003308297198786013,0.0042190679641398625,0.0067239670502210564,0.01578997246190923,0.08317857152400429,0.2917510655336186,0.06995721492595014,0.045935458708114836,0.05058186656068495,0.05414219138252185,0.04171759855114179,0.031205020144178787,0.027261312883726973,0.027793442023495745,0.030407196093052622,0.03247537803314087
4148.4,11.29469047428768,104.7,0.012657689815186902,0.010594413857124195,0.007978372257626676,0.005837080171485291,0.0043873053084302425,0.0035145741702769847,0.0030772904245994328,0.0030034318302186707,0.003326882815264214,0.004270819025799556,0.006650905368894586,0.01478205256430903,0.07639759354315499,0.30530158358221493,0.06253473806376966,0.04113739415902952,0.049795092604921466,0.05843950996295386,0.04148660092438539,0.028556144991488182,0.024154535085102506,0.024909364652095967,0.028264674317839918,0.031123928810310376
4148.5,14.123152954265626,104.7,0.013338267694187934,0.01094971113848132,0.008041951346101998,0.005756473099435399,0.0042589564608273445,0.0033797502951137827,0.002950328927436823,0.0028911309090407576,0.003240398561373559,0.0042346710402477415,0.006692338986519245,0.014743890228362262,0.07240849479612044,0.31055316182871573,0.06280389014427047,0.040493756722141075,0.04774896286913743,0.05554386316881125,0.04012143850491469,0.027782372346881898,0.023455075101944584,0.024167801646854673,0.02755783122137556,0.030541386385417323
4148.6,16.942035711620626,104.7,0.012585408858141387,0.010809201878709618,0.008342010582423249,0.006152918930491044,0.00457375672686191,0.0035639445021192744,0.00300207902115638,0.0028135209150698037,0.0030319412950969966,0.003924553558682948,0.00651952581947162,0.01573605686543005,0.07131054225133608,0.29209817600126614,0.0846370833929502,0.050048978431540575,0.04358717647883203,0.040543992247202586,0.03527391083865878,0.030580876597426688,0.028641359555690558,0.02935443800983306,0.03141118013720926,0.03292720126215741
4148.7,19.77049819159857,104.7,0.013399683540406477,0.011059463804182929,0.008152877666754075,0.005829539043691521,0.004287300726041989,0.0033687168993864077,0.002906213289951506,0.00281900352541579,0.003148431436802396,0.004155833521166861,0.0067316989715518255,0.01493624108106538,0.0652337386597953,0.31107537614676234,0.07073678363518325,0.043282569418068344,0.04406448423434391,0.04609325262928281,0.03711702958069417,0.02852184956755684,0.02511454373533363,0.02583156789368802,0.028801845907746787,0.03130950209149747
4148.8,22.598960671309808,104.6,0.013971118540015828,0.01130113534408702,0.00813636695641027,0.00571640678041998,0.004166038156816592,0.0032712678854600868,0.0028422851068556237,0.002795183931035994,0.0031794270446569265,0.004267649244195596,0.006926283204283367,0.014967151121294195,0.06326001266294821,0.31548599771892416,0.06817584745700563,0.042036924209263284,0.04408572794758789,0.04720855415006746,0.03740540510352383,0.028025950336951908,0.024276811104450305,0.02487678877587538,0.02794312089028857,0.030653197517820446
4148.9,25.41784342893242,104.5,0.014155801142230839,0.011391370159885983,0.0081503506253394,0.00569789881855199,0.0041402030716344955,0.0032481239772488703,0.002826083405898554,0.0027903342495769236,0.003195538701155048,0.004326680499599522,0.007064911349618343,0.015164073556067819,0.06217532549116147,0.3147093958845797,0.06989496065217513,0.04290438227830484,0.04418949976998606,0.046525588438028544,0.03711933173963213,0.02810954362318047,0.024456587177276102,0.02503873132687151,0.02803815622600987,0.03068411593436518
4149.0,28.24630590864366,104.4,0.014693342883146516,0.011499013058379314,0.007988133266405155,0.005483162871553756,0.003963873293198834,0.0031325582590902563,0.0027767215221480065,0.0028195589176179927,0.003334182431899296,0.004614681471409576,0.007421313256999619,0.01498068326578148,0.05957907077449836,0.3202954551208635,0.06521060989646639,0.04076149823782604,0.04586937086971086,0.05195564776930305,0.03836477746836879,0.02672935163300958,0.022411607626241788,0.022967589702012063,0.026289461827051358,0.02937198495056732
4149.1,31.16692228195049,104.3,0.014797275187257038,0.011620361259562182,0.008091022927551803,0.005549486240369515,0.003997745939286548,0.0031411807178801255,0.002764135684728925,0.0027857549681561933,0.0032795324912663973,0.004562001940628518,0.007500705583808485,0.01558036955029672,0.06113317989982891,0.31417823302312237,0.06958865156210939,0.0434132837440445,0.046423324362248344,0.04982740617265647,0.038328537623049566,0.02798846967293811,0.023912456636463547,0.024388823378299368,0.027429048819859442,0.030175805972556282
4149.2,34.07788432236525,104.3,0.014556151602565582,0.01145236876772477,0.007998065864680411,0.005507155798996894,0.003987172815444242,0.003153521477275717,0.002798263121108071,0.002847815611197404,0.003383584395535331,0.004724468155370464,0.0076903704706456945,0.01557313346812092,0.05961159556470296,0.3132415547572885,0.06988619696153954,0.04411582053876994,0.04818573334593881,0.052047918240901284,0.03917730313956374,0.0281528031163547,0.023920453187554674,0.024398001277631004,0.027469650879083454,0.030231419468883917
4149.3,36.99850069567208,104.2,0.014653951625022369,0.01150058986451959,0.008005359354430724,0.005496170785731155,0.003971299350237118,0.003138565251975527,0.002787351526691334,0.0028454478688689543,0.0034016077242998042,0.004796307613960066,0.007898103805530762,0.01608297410322177,0.06089192435385356,0.30834598085794074,0.07231916720659606,0.04602376243575617,0.04983051392773842,0.05271091686340875,0.039614990278877264,0.028673226988967494,0.024454730011456826,0.02489404953488741,0.027858571965508724,0.030493342245281958
4149.4,39.919117068866505,104.2,0.01373701848554328,0.011117233106656669,0.008012405824334044,0.0056444845339790215,0.00413804333036611,0.0032853196894357074,0.0029062005192297636,0.0029345486103517174,0.0034541284932463746,0.00480408547766102,0.007926745394168514,0.016485780094983915,0.06120277557188975,0.29799736174369873,0.08033190456620391,0.05064456956363847,0.05105040596189388,0.050711396736771844,0.039538417843370324,0.030187240491742717,0.026463636894529526,0.02691022097493163,0.029512140873139203,0.0316818296779388
4149.5,42.83007910903811,104.1,0.013721912972576064,0.011064189800260558,0.007944662208703636,0.005587403634782863,0.004101105783377959,0.003271094862313854,0.002917893193263517,0.0029825095213428833,0.003563640352291437,0.005023826882426365,0.00830837642223714,0.017004669627622926,0.06187274787543338,0.29412246236727513,0.08172060322277169,0.052190258066738306,0.0531964367857942,0.052349573599329416,0.039919025949503084,0.030100557750581715,0.026299697736961086,0.0267729461304873,0.029428706153773174,0.03163665676249541
4149.6,45.75069548258729,104.0,0.013158326132039344,0.01083766692247172,0.00797859014368213,0.005718303005194056,0.004242132207147373,0.0033940804678607786,0.0030185141330657896,0.003061481685591743,0.0036232793235918747,0.005083127262724371,0.00849619270201989,0.017852068991057804,0.06408831633351215,0.28234762580013667,0.09067878610847949,0.056881186890077394,0.053562455990279256,0.049672218755693234,0.03895541754949021,0.03075946676977809,0.027576113650177488,0.02810896006658222,0.030457223837898166,0.032314060939142
4149.7,48.67131185578172,103.9,0.009995792402098585,0.009932916466407544,0.00889416796674994,0.0058870252523964325,0.004497556844809996,0.00432939055877037,0.004294598935491069,0.0042794079492278715,0.004289264448903676,0.004333806519031055,0.004769439040861379,0.013707626987585353,0.12216602330160821,0.1449623465512543,0.13470717296932286,0.12291514775783748,0.11494677976145547,0.11056458159709505,0.10872445822696249,0.10842280512391934,0.10864429415049859,0.10877642666886503,0.1087763176507236,0.1087635202259667
4149.8,51.5822738960657,103.8,0.012148600862735276,0.010304010142450032,0.007887431811597562,0.005855659491999685,0.0044641931330712935,0.00364199319790549,0.0032801725021824562,0.0033473831036876277,0.00395726836947989,0.005499947825331939,0.009062075584301487,0.01889377912424476,0.06629066662446731,0.26891417639429815,0.09980161330179942,0.06173959892355212,0.054553041504638924,0.04801198436721501,0.037873065107585285,0.030752850408558186,0.028154862030546377,0.028882401111077927,0.031128952670635018,0.03279402737653711
4149.9,54.50550840582072,103.7,0.008976988332007257,0.008912211617358279,0.00843575275279116,0.006678126090421106,0.005155248215996748,0.004729097616908024,0.004623116999092414,0.0045720554984156085,0.004558218432064088,0.0045854640293760945,0.00491908466573213,0.012781393591150112,0.12534053441477194,0.14799044156561075,0.13332813803996585,0.11688878549532927,0.10626112866457058,0.10038864101756471,0.09774665222722144,0.09715494095434854,0.09738585816915797,0.09758634189426117,0.0976059103098874,0.09759373228413991
4150.0,57.4261247793699,103.5,0.010507907326439962,0.009535778207916358,0.008011851680819955,0.006460019683213035,0.005201300403639487,0.0043378423987778456,0.0038716004621297136,0.0038132349020642484,0.004278331891681658,0.0056725546759841755,0.009339128358741962,0.020831179893601077,0.07265601072558378,0.237942687214517,0.12424788190829562,0.07246014469787593,0.053374314405799865,0.043069243788178356,0.03633472860750408,0.03262265759161787,0.03152755074948196,0.03213721191879565,0.03326077196679235,0.033925988942301595
4150.1,60.41297931210235,103.4,0.007596218246820555,0.0075590481251045045,0.007408799452708149,0.006911706460990969,0.006263880281738197,0.005923231358549297,0.005777386232718601,0.005693754326287445,0.005657899112143105,0.005678478504052342,0.006054151332126951,0.015223989654675576,0.11785651697128492,0.14123305705727812,0.13552642248123423,0.12806433440702808,0.12267951061195055,0.11960520735496101,0.11828138520456179,0.11804318508810381,0.11818763851823164,0.11827924929068438,0.1182757518317708,0.11826400789876812
4150.2,63.399833844949,103.3,0.009526789925694636,0.008911027023810433,0.007882098003004066,0.006745017485446251,0.005743632154698177,0.00500890305218991,0.004596665543653349,0.004556339937407334,0.0050153396258655085,0.006353108733966236,0.009823088687541006,0.02083424471481715,0.07188875690674387,0.23688455883427342,0.12550132036688666,0.07403031284796034,0.05439951462830675,0.04367778558743388,0.036730381116462846,0.03291627790057169,0.03173867548654226,0.03226000675155838,0.03330928919077035,0.03393432714287828
4150.3,66.39649865748268,103.1,0.009381466983440303,0.008864985713916987,0.007985463367501913,0.006988083309508713,0.006085480348250339,0.0054070948651107256,0.005019120706388126,0.004978420329200034,0.005409037279251888,0.0066710069862669355,0.009983020915789497,0.020777303113290468,0.07282883274974704,0.239544930604337,0.1229684655087499,0.07322586715513428,0.054541755177389475,0.04405625653385387,0.03700947088401398,0.0330546532497523,0.03178579709585456,0.0322675902090833,0.03330609868961488,0.033930697486768656
4150.4,69.38335319032933,103.0,0.00913759464696111,0.008636766954083249,0.007841959532147736,0.007007413430409023,0.006318727821462296,0.005869417175084083,0.005686293181869093,0.005762705843171449,0.006114115461955675,0.006953407242060721,0.009294292349094402,0.01813658271490249,0.0716671570833325,0.2629494792674425,0.10114242240594146,0.0653106451630517,0.057822641168856506,0.049434441510315695,0.03874966079906698,0.032132980413151324,0.029922676835239196,0.03064508980333905,0.03242327021473372,0.033631308453672105
4150.5,72.37020772306178,102.8,0.00891625213700701,0.00855214285254426,0.007970073544266387,0.007352809595252717,0.00684131465205872,0.00650506842075559,0.006344128331721012,0.006311992494059303,0.006409129278438138,0.006911456621357936,0.008917955259198826,0.01758392632298672,0.07519521920053956,0.2650617175732511,0.09559060059136047,0.06424850064209615,0.0605397335211841,0.052818464344604424,0.04052642728959588,0.0328643713951354,0.030216216250910935,0.03077062734084021,0.032480276272894064,0.03365816287738378
4150.6,75.35706225590843,102.7,0.008347063633616298,0.008178531530786855,0.007915995743638733,0.007648981001594925,0.00743766139487383,0.007283382420495488,0.007117978351226814,0.006855568497207487,0.006574406061608394,0.006709249844050457,0.008422303306446166,0.016897428555799034,0.07775379502328374,0.2650380041089544,0.09176623165809074,0.06381649418751467,0.06358247293198957,0.05674038850563685,0.042805876690950824,0.034067713520122556,0.03091829143160801,0.031176513632663265,0.03267934439535894,0.03373360445235951
4150.7,78.34391678875508,102.5,0.008273774060570366,0.008251702281789272,0.008213983034312523,0.008153425912193682,0.008035231078871946,0.007797705454231091,0.007395740178495106,0.0068948936157219535,0.006547434522900095,0.006853014709649016,0.009059437065176408,0.018858370451042005,0.07994147187447422,0.24969740360813317,0.10614474150590844,0.06963274093560984,0.060249143345650374,0.05221047131502663,0.04264714672011003,0.03603119034592024,0.033186397451194664,0.03286603008552822,0.03350997496936882,0.034007508680000534
4150.8,81.34058160146901,102.4,0.008040275636015054,0.008109954249657176,0.008249150223061585,0.008420045223584088,0.008521287017151354,0.008390838858972786,0.00790922549025922,0.007181250942772719,0.0065842627174762785,0.006699390811729993,0.008775623602314812,0.018640317593859475,0.08361863016833826,0.24766191857815015,0.10296872281773888,0.06934128622626279,0.06241282435992829,0.055192137099778035,0.044656823121750365,0.03709079739470224,0.03372698735806592,0.033118547857445134,0.03360889536940735,0.03403288176221165
4150.9,84.32743613431566,102.2,0.008320595647477577,0.008420792727155511,0.008612549515109532,0.008835574616748328,0.008947216662745318,0.008741255648287243,0.008102155735532518,0.0072092156253533565,0.006510546525228671,0.006600203398853678,0.00875039813794595,0.01921367864481881,0.09119966872277216,0.24130851389283253,0.10111618439233185,0.06950688575626718,0.0638299657007875,0.05695429046831285,0.045884991209418954,0.03780456061810394,0.034133922328078485,0.03333133484687196,0.033695779796381685,0.03406288656153089
4151.0,87.31429066704811,102.0,0.008718814878987376,0.008823885539131363,0.009016988691587971,0.009220761543459653,0.009268276009840414,0.008942202090848365,0.008157812750878348,0.007154822205177618,0.006409400171393039,0.006505911094326878,0.008745235929083476,0.019867821363815368,0.10067293078374476,0.23356648364448113,0.09864503745354326,0.0695008454755332,0.0653633424025474,0.05861274359905147,0.04671987816757239,0.03810265925396876,0.034210695569480795,0.033345524541948376,0.03369087459224713,0.03407203539633644
4151.1,90.32470592074378,101.8,0.009034876393798769,0.009131747053993798,0.0093005716547089,0.009453353800524,0.009417811928583614,0.00899200933512151,0.008131369570283695,0.007106211315074942,0.006385691690142436,0.00654438965017498,0.008940832282470036,0.020826589150849277,0.10860907372767023,0.22497074879960355,0.09854747515431556,0.0701893126939258,0.06537974003451323,0.057721864943952,0.045874906263516035,0.03760160415441421,0.03395015123575056,0.033223786739851484,0.03364541946224554,0.03405579587348153
4151.2,93.3339749349469,101.5,0.009887115559296623,0.009895626656877175,0.009883643501365464,0.009776928137744213,0.009455356242700693,0.008810979590324319,0.007877354337683051,0.0069104124168904955,0.006302944216208284,0.006593027599811718,0.009223764042513724,0.022197257041971594,0.12146165997178805,0.21388918169375892,0.09726054235263804,0.07079437001457788,0.0657719615558038,0.05677258785309668,0.04451578297722894,0.03651553659081541,0.03321385744720809,0.03279734912817028,0.03345712952644048,0.033985514283405883
4151.3,96.33445822951361,101.3,0.010519565891500254,0.010427643328137294,0.01022451969852424,0.009873684028275204,0.009325117760090077,0.008554222881027095,0.007636946225029671,0.006787640058479147,0.006331438570462733,0.006790303772208843,0.009722493311232776,0.023854555444719063,0.13051057368642394,0.20407677129575041,0.09790053283024545,0.07228981485346875,0.06591968724778786,0.05532467354279668,0.04302268166294057,0.035492620436712745,0.03259847334319045,0.03246833696837699,0.03332435479668579,0.033923250452725484
4151.4,99.34372724371673,101.1,0.011343564818130094,0.011087605188723705,0.010579172844420687,0.009857846799870328,0.008990421667970608,0.008068630298353268,0.007216210321324431,0.0065974493921717335,0.006458926182145553,0.007325654134589424,0.010997223070130624,0.02724648930600786,0.1333249618954375,0.19604719474278504,0.10402349974984018,0.07546417092411127,0.06411374157731912,0.05207211567840483,0.04129244477372226,0.03501728884088698,0.03268068557805359,0.03267892821163027,0.03346520597937318,0.03398708310580765
4151.5,102.3541424974124,100.9,0.01226965607984318,0.011765345800193876,0.010867752673970834,0.009768851673354553,0.008655698006797562,0.0076632871649286935,0.0068858113241350005,0.006421169042260546,0.006457170982140762,0.00750738040825517,0.011467380046955944,0.028862762838390094,0.1452081044509028,0.18651578830188245,0.10179461856055601,0.07816176115788315,0.06863032628285995,0.05422917969531932,0.04122695422090531,0.03417213644636579,0.031802251747399826,0.032066259045143694,0.03317087533889671,0.03387279320005266
4151.6,105.36341151172074,100.8,0.012962382296748363,0.01218641730408409,0.010905269935578258,0.009486482531617652,0.008209503844661317,0.007215135790038216,0.006557621734659827,0.006285012203487659,0.006546478542432042,0.007856347530648343,0.012222374131156953,0.030828403546782505,0.1521334060023878,0.17907381910115075,0.10208665649145836,0.08288668261260522,0.07462251968909918,0.05676837546135934,0.04137720471550407,0.033659467630871326,0.0312752408029259,0.03172844788280958,0.03302400860706806,0.0338338011376575
4151.7,108.37382676541641,100.7,0.011787590419952568,0.011300329066060925,0.01039821385578114,0.009282938543380628,0.008198600409307468,0.007350800549440338,0.006896139685785113,0.007006639284464006,0.008027919622725565,0.010884868771767786,0.018441961008523917,0.04043502825505852,0.10254508881810384,0.16586505802899704,0.1438860880757331,0.10765792033694054,0.07968335356659945,0.0599576113801205,0.047347943910495655,0.04023791420908071,0.03669788518739798,0.03515365411336104,0.034568092981756865,0.03439925470474315
4151.8,111.3731600246238,100.6,0.014433942205088778,0.013088148833160344,0.01102135459318925,0.008955874497288529,0.007309223652173171,0.006207053369580542,0.005655522815845407,0.005690803291987186,0.0065286100532050565,0.008916020148276232,0.015590151771199733,0.0396748043048494,0.14642441131304862,0.17409546978306756,0.11461698731179767,0.09164602515603833,0.07661958363002072,0.057691856968606174,0.043240689291406946,0.03583247871149646,0.033216268202564396,0.03307704616720397,0.03369239197053214,0.034100857255923
4151.9,114.38357527842774,100.6,0.015193453119630844,0.013398752860271057,0.010837311905740738,0.008486043180854604,0.00676418771033476,0.0057127655617096075,0.005275748055422055,0.005471682600609851,0.006538311850118335,0.009278260448455112,0.01650667512495831,0.041655908256878246,0.15049949387918557,0.17041071617646786,0.1121239621463831,0.09419926329793028,0.08152486012588947,0.05998854992853832,0.0432034777368916,0.03499815707159872,0.03238185727965874,0.032529130221791686,0.03345974467854298,0.03402139534041804
4152.0,117.39284429263085,100.6,0.014780843857573018,0.013187478955850918,0.01080953282126243,0.008524974061434798,0.006778624936577559,0.005662291335595764,0.0051541407395359244,0.005300091999728358,0.006402701602870193,0.00949711270542042,0.018144566335350547,0.046495845926895464,0.13907079634276134,0.1715046805050555,0.12371395828580817,0.09575541484556409,0.07619299284268492,0.057892511050422577,0.04474399560219064,0.03763591474588538,0.03469258116354511,0.03397818302857484,0.034085489368909004,0.03423874195503486
4152.1,120.40523536951362,100.6,0.014961814898441433,0.013228329843681592,0.010693222911251339,0.008314817283128767,0.00653705428107305,0.005423798671650024,0.004933116885883811,0.005107122052277665,0.006269600959286706,0.009544976356714387,0.01878916101730519,0.04864565248150543,0.13949656271597916,0.16970480781220165,0.12344455550068048,0.09500616389545635,0.07522493980646601,0.057403576646831905,0.04466825503420267,0.0377088647342618,0.034778353386618506,0.034032523308113474,0.03410846817488994,0.03424790750798227
4152.2,123.42761853514894,100.7,0.014699477161628388,0.013000699912508523,0.01050743831379,0.00816138796153535,0.00640399022770176,0.0053012538414537284,0.004813244308394505,0.004983825496356963,0.006143518657470529,0.009453632031916763,0.01894412509247737,0.04968095438447699,0.1395888555931272,0.16861950850554144,0.12291453933992674,0.09325579925539025,0.07295570341796645,0.0558745167095145,0.043970605094270886,0.03746145737622615,0.03471419539401724,0.03402529201216897,0.034108742634464694,0.03424599303498314
4152.3,126.4400096120317,100.7,0.014691067806300634,0.013028473856033725,0.010557730015933367,0.008204432165555338,0.006422157242227271,0.005289038013909947,0.00476909073744144,0.004904338050313694,0.006023418004062421,0.00931258259940593,0.01901395590732076,0.05100703718491708,0.14039654620369824,0.16762010174519426,0.12268403540117107,0.09099758135646267,0.06980768974418243,0.05380763990287062,0.04316561213246942,0.03733959369830993,0.03482525234695432,0.034144877964039755,0.034168717357779536,0.03426588293734087
4152.4,129.462392777704,100.8,0.015090329480184156,0.013239457685860453,0.010557082942420767,0.008071408348569566,0.0062322289864553595,0.005080434013909181,0.004549968598219532,0.004662655975011501,0.005728453248700481,0.008910963420865791,0.018503503441675465,0.05145139455212522,0.14772545281076857,0.1657412994184485,0.11753953796300885,0.08729191998217879,0.0673799435101345,0.05201160125365245,0.04173648542008092,0.036226622228534976,0.03403798996424849,0.03368752781897215,0.03396720160048975,0.034187632391236754
4152.5,132.47519877876465,100.8,0.012883325877147599,0.011954641034918948,0.010379106599299318,0.008640494565510902,0.007137790114230202,0.006076412492711593,0.005544300402464352,0.005657408438429965,0.006779603660428727,0.010096231107353283,0.019693200883170312,0.04973989894538798,0.12585841875425335,0.16656135232752797,0.13173898751527804,0.09563148705905233,0.07062167143807134,0.0541079338535229,0.04403164544981742,0.03852525070607292,0.035883537216984375,0.03481488145312969,0.03445570075031684,0.034362772951982416
4152.6,135.4875898556474,100.8,0.015988518805025716,0.013912107364195157,0.010940976138425002,0.008229742703010787,0.006247406156720891,0.005005646629087044,0.004405520395998122,0.004438983303232334,0.005378456930451229,0.0083327815806474,0.01767319173520714,0.052499389921487935,0.16141893850185302,0.1618404633349824,0.11067035351224828,0.08201510852886612,0.06351264414689857,0.04942271092799522,0.04009957700087238,0.035182712555182453,0.033380860867337415,0.033317243872090355,0.033799074311506624,0.03411358094033027
4152.7,138.50997302120336,100.8,0.013838198376523057,0.013702406184871488,0.011431049082814568,0.0074269453556497,0.006307619076056544,0.006230306031487305,0.0062123609729683995,0.006218857900454729,0.006261666552984868,0.006601897403569525,0.013437644985957726,0.0786283658228674,0.1292137745097498,0.12893593702309752,0.12640525368544142,0.123638143647379,0.12154136131131221,0.12024477584064867,0.11966490444911042,0.1195640420729789,0.11962767869081728,0.11966355496867355,0.11965956785247002,0.11965349285926996
4152.8,141.52236409808611,100.9,0.016685264633863894,0.01431556454176396,0.011043236789758413,0.008163614242867264,0.006121079225940507,0.004868413677769585,0.004265931027911498,0.004278425319529629,0.005138641442257387,0.007838036026516454,0.01638436725432214,0.05071813568984251,0.1875558504033082,0.14807850534441103,0.09733008684884281,0.08105936481283069,0.06882394855910696,0.05259330151447491,0.04005873660181461,0.0336438725774304,0.031653358272174414,0.03206670850583849,0.03318144938476972,0.03385544568303713
4152.9,144.5447472637584,100.9,0.013542102249820385,0.012713935007513605,0.010869193945017001,0.008691615635774468,0.0070584471031446775,0.006088126589643268,0.0056216945808788,0.005629610609398856,0.0063355895933284775,0.008703210674462836,0.017524598757149044,0.05708542831009998,0.14614270020317674,0.15658743747764878,0.12208011403691661,0.0955750713982198,0.07806278844491867,0.06543476223961016,0.05613761953466113,0.04932325736434213,0.04413917401259471,0.039976235935913644,0.03692997326816115,0.035636390910373045
4153.0,147.55713834064116,100.9,0.015949478766001238,0.013920883474222498,0.01101955611124462,0.00836271695948091,0.006409208548627521,0.00517655633180972,0.0045704371761875395,0.004575620897408849,0.005424021129512504,0.008063808740184393,0.01631391429392679,0.05013933552956834,0.20064804634198058,0.13985266196576587,0.09209333883875896,0.083382378800285,0.07651336633812555,0.05825928601599291,0.042750104669172916,0.0348727586843344,0.03227514455159813,0.03240752023184399,0.03334760303401463,0.0339474411892828
4153.1,150.58847467964125,101.0,0.015143377756571846,0.01340239943262526,0.010840349373669924,0.00841556529604492,0.006580122673283438,0.0053976825896651336,0.004812889194107692,0.004833096336964683,0.005697519464541993,0.008334409199599971,0.016437321564295608,0.049643495468597115,0.20520928314069126,0.13708699871430277,0.09036368476541251,0.08446644140699325,0.07971893885850985,0.06003769595424214,0.043234288277174515,0.034927733690088884,0.03224927287153092,0.032384289558529344,0.033359492893712296,0.03396965065533201
4153.2,153.609534096489,101.1,0.014246501562603995,0.012798572224135833,0.010600115939288023,0.008441288890431975,0.006750321468740916,0.0056334529678651974,0.005079048159323119,0.005121697711418961,0.006014227237198538,0.008681625847623444,0.016758124193015825,0.049650017636582396,0.20719641237712302,0.1363511776256061,0.09007433069069519,0.08484398068894695,0.08089179158778854,0.06064468337858207,0.04349245064690917,0.03509181550882997,0.03235702383783475,0.03245883702904415,0.033386818646081395,0.03398442820745788
4153.3,156.64087043537273,101.1,0.013920008658449348,0.01255766241180991,0.010480444717007159,0.008428568530170582,0.006814342187878734,0.005751443870271672,0.005242378888389691,0.005336642491559483,0.006304112893718865,0.00909387244309071,0.017383503029189017,0.05083132079976525,0.21067384600692463,0.13456161923710824,0.08930349119060253,0.08524838393128528,0.08168779282172955,0.06057632808045884,0.04311143208122796,0.034735402493970016,0.03209394577386477,0.03230165626756864,0.03331823325598616,0.03396286959918424
4153.4,159.67192635702466,101.2,0.01350226523589124,0.012070561846302022,0.010018320391466183,0.008108756083077047,0.0066939368022698965,0.005837983115176963,0.005528224812364944,0.0058092576295802395,0.006904628504974112,0.009539129720028197,0.016592572051547447,0.04599387696903027,0.23593267447150312,0.1136555863829064,0.07624783983823215,0.09166050509784397,0.10217687923420239,0.06248910910090908,0.0382678543909719,0.029494948199399955,0.027969366809092996,0.029681691747205943,0.032215765265365036,0.03352133664342862
4153.5,162.69326711904628,101.2,0.013134285427054306,0.011776166434380151,0.009831572830233774,0.008025185622001904,0.006697141236070769,0.005917716992772798,0.005686779022222696,0.006060021381906723,0.007258247480429405,0.00997818009209158,0.017051141679212546,0.04668646984003958,0.24037678471150942,0.11040555303765386,0.07486629118179301,0.09297592368226046,0.10424386173807593,0.06173058440504876,0.03723649941363361,0.02869921112081548,0.027409605386754195,0.029379515973509043,0.032106911353339124,0.03346889258352154
4153.6,165.72432304067362,101.2,0.012668374466540571,0.011435492240428452,0.009649423495191987,0.007969550089576144,0.006726825588436759,0.006007417733272293,0.005829035005344473,0.006261514210794695,0.007532795986320427,0.01034520353145585,0.017594593004518894,0.04799918376757616,0.24169052221631096,0.10987461596556373,0.07495790147262739,0.09310432921281266,0.10339432871911443,0.06125090542964776,0.037117327947958606,0.028701378883054306,0.027454810672659397,0.02945051681525779,0.032160091568148794,0.03350520905075649
4153.7,168.74566380269525,101.1,0.012712718700315276,0.011427469286145561,0.009591845655485532,0.007893303542149663,0.006661504920508496,0.005975464202807332,0.005853551537442565,0.006377721282959163,0.007792365719979295,0.010809449044722575,0.018387760410413716,0.05002467036150015,0.24492159737535663,0.10704367310646329,0.07411910945285775,0.09410499561013524,0.10379264582109962,0.06021581118987199,0.03623954470470248,0.02808577987085927,0.027045288396333807,0.02923587525963221,0.032075761670968365,0.03346610963787798
4153.8,171.77671972423082,101.1,0.012141037694062001,0.01101306294345758,0.00937203520718338,0.007822439507842305,0.006682545164077214,0.006052534820938816,0.005972524781474657,0.006540471052331675,0.008015952944037839,0.011126395744812594,0.018938185289071718,0.05139553737704849,0.24365511039056337,0.10794535559730398,0.07485906360185358,0.0935424468204003,0.10177942995173621,0.06002838544254843,0.036597636461322275,0.028443361248141782,0.027342603944360774,0.0294519930537569,0.032175144640480983,0.033504001850232945
4153.9,174.8080560632309,101.0,0.012050955100331598,0.010936297565939862,0.009310478380087148,0.007772436495141519,0.006640923108054738,0.00602075999601473,0.0059608478954892435,0.006578735090541616,0.008178214984035625,0.011569629767946947,0.020023926140613657,0.054396393681870894,0.2408025441686027,0.10987623992284026,0.07635861708665849,0.09221931214678353,0.0979366771966464,0.059585286401507516,0.03714918490347851,0.029093962763406478,0.027882321079066016,0.02980380165779509,0.03234659507597056,0.03360433764819209
4154.0,177.82911548007866,100.9,0.008848619042679248,0.00880750504454818,0.008701788133955068,0.008511773188701888,0.00827807854763252,0.008076002762783696,0.007935825905072951,0.00785803818185853,0.007846731421753642,0.008089852128660228,0.016000360279962312,0.10418713593465255,0.13831620796113506,0.1330722578446789,0.1261204256172105,0.12055513746263964,0.1168782230766003,0.11470288706467444,0.11374235796296402,0.113588681588188,0.11371198560864454,0.11378508872968324,0.11378480298488682,0.11377624996702253
4154.1,180.81454677216723,100.9,0.011739147927268923,0.01061069256299668,0.008991006497096655,0.007489515819028699,0.006419054711044511,0.005882029122579334,0.005944067905879629,0.006765745149400907,0.008714822088359334,0.012612129869967369,0.021683449050198186,0.05751889188415424,0.23933917334138877,0.10826699415591003,0.07586185974236113,0.09220586474177621,0.09728873420398174,0.05850064669027969,0.036333516581863116,0.028506299517162305,0.02749921602892805,0.029608437917296598,0.03226852723414782,0.03355742373195524
4154.2,183.78999631798828,100.8,0.011937098412745309,0.010706370615590363,0.008968747907749392,0.007388452979667917,0.006281353628138446,0.005738184115119821,0.005823385403727744,0.006724214150977072,0.008887203749530831,0.013248659300538876,0.023131406364651115,0.06085006694923749,0.2350587730166468,0.109713005880871,0.07737540775139248,0.09235057239202693,0.0957191039081087,0.05833294500213881,0.03664551072539064,0.028892202530554172,0.027829053061434097,0.029831952720908012,0.03237879699375241,0.03361893429685863
4154.3,186.7748413726867,100.7,0.009005652666463465,0.008831785572990091,0.008486187217813176,0.008038246343179789,0.007616844076217115,0.0073548267179842,0.007378322920221999,0.007885997153325273,0.00940285236849267,0.013820759284089759,0.028988166241318288,0.07629743543977527,0.13686049790075644,0.14704768443445274,0.12862806826812961,0.11028848670966139,0.09678330236639611,0.08714959043558518,0.08052785632185673,0.07609679617885323,0.07282504830641431,0.06981915710598788,0.06685221839735207,0.0648442963289163
4154.4,189.7502909185641,100.6,0.011298464631549118,0.01039314555792093,0.008983694173409811,0.007565905772663683,0.0064666404561172005,0.0058367647547722026,0.005776910253130461,0.00649996550834378,0.008596473426541112,0.013729122175268286,0.027264893299446962,0.07275145056301273,0.19836065718284368,0.13600373540021043,0.09514635583297483,0.08499982987775968,0.07401647890403229,0.05522855241833466,0.04126733166499505,0.034510139492588215,0.03241900828031501,0.032677022656157226,0.03354214865670185,0.03405926387291866
4154.5,192.73572221065268,100.4,0.01174055040483551,0.010699336726901992,0.009108624475700045,0.007545677720969063,0.006361539060905253,0.005696282430566389,0.005638591697671226,0.006410925623361861,0.008670368869709429,0.014297912927210306,0.02917084403256404,0.07722267046372928,0.1935235563448415,0.13731554577666774,0.09715456709446604,0.08547623855595832,0.07294145567550009,0.05448145834480273,0.041039109478305955,0.034527876061176625,0.032525696086953,0.03276823001063185,0.033601937593042835,0.03407989273950977
4154.6,195.71117175647373,100.3,0.011955071870621677,0.01076747715910211,0.009010444008712374,0.007348472964375332,0.006139925535498649,0.00550173517849258,0.0055096558841136595,0.006401267078870391,0.008889848573567623,0.014922661349082107,0.030156744138975896,0.078390355382663,0.19530327285422544,0.13396916522805202,0.09558522740572237,0.08754109299940298,0.07569979496447779,0.054909678190438155,0.04012343127731797,0.03337023801082826,0.03158977555834882,0.03221624093588457,0.0333798626559108,0.03401210194633179
4154.7,198.6960168110559,100.1,0.012022153460493927,0.010867747381193072,0.009132407353559038,0.007461626236628356,0.0062226681004115564,0.005545020832482635,0.00551110786082258,0.006366652200802361,0.008874720719583945,0.015255162034135598,0.03210303387586048,0.08286441817423132,0.18521997364165124,0.14031074341471025,0.10100332180138484,0.08615799487737524,0.07104031686406298,0.053021884253454964,0.04048920498241994,0.034448027053679414,0.032619918810648074,0.03289137661870991,0.03366285038589084,0.034100327308289456
4154.8,201.6714663570495,99.9,0.01191091878160394,0.010860975360915634,0.009245294136459801,0.007646526293442702,0.006424525228794013,0.00572773561352517,0.0056558808418369615,0.006465443240601141,0.00895159884940305,0.015547950063508424,0.033754660175978786,0.08631397990991894,0.17595796259162966,0.1457338680150288,0.10622296461520037,0.08505857866778045,0.06757415026857409,0.0517340035328339,0.04111283876791609,0.0357041757516865,0.03374222765179284,0.033576722291757455,0.03394677510831898,0.03418708494713004
4154.9,204.65689764913807,99.8,0.011818027245832599,0.01077653395217993,0.009176734544269548,0.007597455168425768,0.0063956263114006906,0.005720076943004515,0.005675339330097196,0.006531049045805513,0.009117227452587808,0.01595211482335781,0.034614042823769085,0.08726426822994938,0.1744122747615323,0.14617116436695146,0.10703485410365622,0.08530102969679064,0.06728446161213457,0.051352327746755425,0.0408416685188624,0.03554260511439881,0.03365596082952663,0.03353798923390004,0.033933688267397066,0.03418336577633448
4155.0,207.63175899041244,99.6,0.012233825064885755,0.011064085456060736,0.009304579473301175,0.007609299691931286,0.006349108267074586,0.005658370376961471,0.00563008736757118,0.006542704856829627,0.009280923170345604,0.01652087385901552,0.03603272340725439,0.08954171860898484,0.1740795191056591,0.1455282676788755,0.10688175978985917,0.085093886241445,0.06673912733880034,0.05068595685931204,0.0402648124151422,0.03510994816932248,0.0333722632030942,0.03338619920020829,0.033874129810842445,0.03416381564825061
4155.1,210.5267546726295,99.4,0.01203231087903267,0.010972682180707601,0.009345263528552175,0.007739959723486271,0.006521886894026472,0.005844661747566864,0.005821097799900542,0.006744240813248774,0.009517272000420317,0.01688444016004234,0.03689340670130195,0.0906368978957162,0.1704320795078636,0.14773936511024016,0.10910439807365205,0.08476871841586522,0.06552932915906101,0.05022069002168315,0.04050978576010154,0.03562060621882517,0.033851041085181076,0.033688569146523684,0.0340043746454167,0.034206478686492084
4155.2,213.42175035484655,99.3,0.012109825964713022,0.010967407023928705,0.00925096720847463,0.007600393921265298,0.006381820511365227,0.005734629658564748,0.005765720174458978,0.0067832514172290696,0.009737760850166156,0.01740932121403818,0.03741579446267849,0.09059827674858384,0.17306879088180718,0.1461510050067856,0.10769727333863252,0.08489122401398888,0.06564917666679036,0.04955604955766056,0.03946039288401292,0.03460515567031967,0.0330846319108711,0.03324870628358229,0.03382597429050855,0.03414968462436287
4155.3,216.3167460370636,99.1,0.012264480525914093,0.011077378657739636,0.009309160004753512,0.007625938707656168,0.006397683926301622,0.005759853786361798,0.005820202196223946,0.006901630076131759,0.009997447958266159,0.01795635527897959,0.03829397268602503,0.09161845511712405,0.1734584846056344,0.14605101052820046,0.1078957286398822,0.08508624963090154,0.06550903652675516,0.04920882440680815,0.03911118946138703,0.03433235607802038,0.03290528629076016,0.033154821127937474,0.033791146298810464,0.034139536366338104
4155.4,219.22172452225666,98.9,0.012452644216849782,0.011215360995132954,0.009388763239540597,0.0076679617098455,0.006427192160713109,0.005797685209986537,0.005888162812675137,0.0070371582099869896,0.010282066611097844,0.01853356524555768,0.03918135650565632,0.09276038947589466,0.17407658434276466,0.1458067515486253,0.10794176402783276,0.08517951284096571,0.06529939427263169,0.04881493959040998,0.0387304353355996,0.03403746147632865,0.03271106298858186,0.03305267147312168,0.033753282729339806,0.034128627784072746
4155.5,222.1167202045284,98.8,0.011752534998684916,0.010779480221516242,0.009280905796082463,0.00780000457406076,0.006688028432489824,0.0061132509141256855,0.006222161469482234,0.007368559082216492,0.010568657726355754,0.0186777895469423,0.03925881554295881,0.09242889604320072,0.17100836412206474,0.14893084671652504,0.11099497519994077,0.08594605279927939,0.06541192986535159,0.04946983403317784,0.03976350622756857,0.035082487309753364,0.03352837253172614,0.033537966632188485,0.03395481473774336,0.03419445663721885
4155.6,225.01171588674546,98.7,0.01177141818853188,0.010731440829311401,0.00916604959284748,0.007660570887873737,0.0065668355025906315,0.006042938848719541,0.006236559451097554,0.007526966292364093,0.010978329417985494,0.019354524139716115,0.039372987262513676,0.0918276628426527,0.1753505849533213,0.147115223275963,0.10969982136824026,0.08706902675191015,0.0664490001568487,0.04922532233397376,0.03884255009411306,0.03408178009025685,0.03274893475906012,0.03308888168419734,0.03377798544849923,0.03414365633514296
4155.7,227.90671156896252,98.6,0.011387901782521788,0.010469489392099249,0.009065755687017125,0.007693265551175212,0.006688104646746958,0.00622351344505567,0.006469409569676617,0.007824362143850343,0.011356001726365035,0.01975099747817495,0.039536974065363516,0.09155889459836959,0.17532521367397264,0.1484388194689931,0.11129342481991915,0.08838078894082944,0.06738944550404466,0.049905242311263066,0.03936792217066456,0.034495163001997974,0.03304590599288499,0.03326293493407135,0.03385132413633997,0.03416890134140251
4155.8,230.80170725117958,98.5,0.010921463097212722,0.010147487044368195,0.008938765140804978,0.007729359941681108,0.006833657347088136,0.00644055954520747,0.006744197432621031,0.008161088788447818,0.011752048986476707,0.020120339828498597,0.039689258410934514,0.09122670161018274,0.17459484553382973,0.15004778778166775,0.1129055341907922,0.08934216120726012,0.06815198934065002,0.05069744241324234,0.04009997604190131,0.03509925682686719,0.03347976219985423,0.03350986186846333,0.03395020251443259,0.03419921517316535
4155.9,233.69613292825758,98.4,0.010786918013626969,0.010012141860441985,0.008818561849045567,0.007645778938362722,0.0068044159629311795,0.0064842785122638524,0.006892839052122046,0.008477267695207746,0.012318373230879883,0.020801476485494193,0.03959677669450066,0.09052876248109121,0.17861679864856086,0.14865690374992072,0.11196890463243572,0.09073313895610166,0.06975941238867565,0.05120549465513538,0.03993097108364772,0.03474047693071202,0.03316608951227445,0.0333263405670997,0.0338810407640622,0.03418358962439666
4156.0,236.59112861047464,98.2,0.010859889020687179,0.010068606428527785,0.008860628555679578,0.00768825465883362,0.0068660358425565735,0.0065875752897844335,0.007073153865416331,0.008799672846063842,0.012878704485869153,0.021573203226798267,0.040182949068056,0.09127276365579323,0.18072881481130507,0.14798566174566471,0.11137215974028415,0.09103318330484744,0.07031998803858185,0.0514797455902739,0.039985375340937206,0.034718229363310836,0.03313706258807149,0.03331052700460185,0.033876954830102744,0.03418426043300566
4156.1,239.4032808111083,98.1,0.01056036682045758,0.009827872319675865,0.008710553689566457,0.0076317543701961196,0.006896383247813187,0.006706953117938832,0.007305861185780852,0.009200812047972521,0.013491911825244604,0.022160865279453733,0.04004038313544803,0.09062447152488286,0.18307515690003912,0.14696572942410693,0.11022283508861612,0.09116067117369679,0.07100434444368758,0.05183640380795959,0.04004488289668675,0.03467331205919889,0.0330852723255009,0.03328148675542153,0.03386812116813238,0.03418440434079471
4156.2,242.21505960760453,97.9,0.010590808036068086,0.009858818815711802,0.008748382427590911,0.007685745063463394,0.0069781749566509696,0.006834789513038426,0.007514513654980668,0.009556815789046361,0.014082754080977537,0.02292722973234355,0.04071870189544168,0.0916148857665448,0.18402207551895045,0.1462518032519905,0.10960354035956282,0.09108214477392731,0.07134422520708295,0.052175511958533524,0.04026900408855324,0.034820271409445394,0.0331812399373063,0.03333500521681898,0.03388936926397546,0.034190902043105584
4156.3,245.0268384039513,97.8,0.010625705997758502,0.009778541713763248,0.008536422990600005,0.007404302086241483,0.006717154274187721,0.0066938356459782244,0.0076348852442593785,0.010171987459802311,0.01535826141098337,0.02389486372105583,0.03903807903446023,0.08956405608959306,0.19440547128249325,0.1391721477475678,0.10378842213342554,0.09256713868209884,0.07465469114461144,0.0527328298227995,0.03910592846068656,0.03329321893895584,0.03195943343815444,0.03263713064411984,0.03363684839217894,0.03412803421241661
4156.4,247.83899060473772,97.6,0.010241909328902541,0.009592343753009925,0.008608972454625916,0.007679391209255688,0.007100996744616522,0.0071017689347142735,0.007984373851505437,0.010352074456971701,0.01531261404873187,0.024257896478511044,0.04149142926701586,0.09233773725613752,0.185143510804656,0.14487449688687534,0.10785839371522252,0.08992701779903295,0.07113296254397627,0.052350693380150894,0.04046205810535125,0.03497078279283419,0.03328651729551239,0.03339493258283644,0.03391275329987411,0.03419735720328413
4156.5,250.66076309727438,97.5,0.008769518093324059,0.008772220415325053,0.008779290837273643,0.008792737243008737,0.008814639754364946,0.008848035905546616,0.00889569191007859,0.008981872813203376,0.009975653118494018,0.021034204811209455,0.07050661940973138,0.10693793741296716,0.11034607761030914,0.1114036050308218,0.11193425340212149,0.11210082377398686,0.11204432077336965,0.11189221009791946,0.11176161001803436,0.11168306834306847,0.11166173746262395,0.11165358204423027,0.11165664076786114,0.11165369245035174
4156.6,253.47254189377063,97.4,0.008715870056756331,0.008719164129094414,0.008727434845172804,0.008742600501258186,0.008766751047059184,0.008802669187112734,0.008852663907749402,0.008951006509186557,0.010193785073603386,0.02291174250908229,0.07325954141439145,0.10478800149453989,0.1077259810212489,0.10879925485584695,0.10936903771762556,0.10957418143548234,0.10955024481206564,0.10942000205721394,0.10930301724272942,0.10922384613966346,0.10919752499712422,0.1091855992436768,0.10919410220123489,0.10919594966688369
4156.7,256.2843206901174,97.3,0.008624355527961274,0.00862801444592341,0.008637090714365492,0.008653574115057409,0.00867940564826458,0.008717087439113631,0.00876905456069065,0.008886716862966618,0.010484455612920726,0.025269062855408694,0.07602388711951272,0.102933981551705,0.10553982749461913,0.10664643914649936,0.10725867499592874,0.10750522879275108,0.10751853357425423,0.10740769128667925,0.10728856548226828,0.10720795926072345,0.10719245720045939,0.10718875472483644,0.1071832896280145,0.10717468455665011
4156.8,259.0964728909038,97.1,0.008756178268714672,0.008494316121456952,0.008088978404209479,0.007723890423609749,0.007607410221481205,0.007981569868031625,0.009205597356909291,0.011919811110908451,0.01721298822226098,0.026730252654499752,0.04569590849788271,0.09515737544723837,0.17106777840151213,0.1506652688460926,0.11366817971238903,0.0887668390119298,0.06816794282402376,0.05184721899061395,0.04165527041159233,0.03652296452680402,0.03452956770488397,0.03409358893960338,0.034164781045287265,0.0342494593713175
4156.9,261.9082516872505,97.0,0.00844319675121503,0.008223990297944576,0.007893492837528384,0.007620551812555237,0.0076059668998614185,0.00809827105618162,0.009478659291083325,0.012414302036839379,0.017952921651499636,0.027507401908428302,0.046237744660624906,0.09543880589628898,0.17066995516309488,0.15071960031619167,0.11429951803883773,0.08966861185329886,0.06889996241220499,0.0522507829161287,0.041839033662643924,0.036604420822348514,0.034567695843547,0.034110195807993265,0.03416985849979031,0.03425003634133507
4157.0,264.72003048371363,96.9,0.008116499775425327,0.007938048606953603,0.007680290901870497,0.00749883816421685,0.007589022061013779,0.008206788429671354,0.009758078173205348,0.012939669468342057,0.018743869827054987,0.028321198344171565,0.046810769193723054,0.095778239587718,0.17029820346604704,0.15105728222535614,0.11555041048347701,0.09134041228512327,0.07023317280543856,0.05299164240122053,0.04218345428590631,0.03676582024072489,0.034642509056302666,0.03414399115224456,0.03418004849750696,0.0342514633403611
4157.1,267.47010321002824,96.7,0.008148322381303587,0.007966715010696701,0.007708777970818221,0.007537718194812752,0.007658177562734474,0.00834224695951128,0.010029226037644088,0.013470843588017105,0.019659382182654773,0.029512843938760493,0.04820631979774435,0.09775526659515907,0.17054195360430524,0.15122445760425915,0.11704324882938788,0.0933659553090368,0.07168537860363998,0.053664987474314654,0.042426046384111245,0.03684089525692372,0.03466444654450514,0.03415144155634116,0.03418336994784254,0.0342535232211138
4157.2,270.2301213259193,96.6,0.007895341730680645,0.007740166499781633,0.00753173899009045,0.007427972836486308,0.007633704944503011,0.008434738260335238,0.010305235375146587,0.014042295707463107,0.02056459440170649,0.030427769941863643,0.048898807077290274,0.09860610024665907,0.1710897182288431,0.15158107794107306,0.11845699746554549,0.09540923507148848,0.07320724276130273,0.05437214815436863,0.042674854369607974,0.03691063411835912,0.034678071138405694,0.034152770808467625,0.03418411848860573,0.0342550822140574
4157.3,272.98013950767654,96.5,0.007442124578005434,0.007402323278442651,0.007385705678675233,0.007497044241950595,0.00789529811672493,0.008830558001576491,0.010728697040395266,0.01432295521810394,0.02071892926650232,0.031553760038662816,0.05231661324334139,0.09934263168037581,0.15999355737862286,0.15612649942651083,0.125952664056747,0.09810259546983854,0.07360984821729266,0.055186989546712986,0.04391332308820819,0.03806101390494149,0.035471460176793375,0.03455775908003262,0.034324361819722864,0.03428906857290011
4157.4,275.740157623571,96.4,0.007233713644588546,0.007213266372238385,0.007235495829680537,0.007404690192261659,0.00788268393236668,0.00893126528315962,0.011001626880474806,0.014855284173460328,0.021555276307737483,0.032551980174886266,0.053368153526524464,0.10050899746704116,0.160435688903436,0.1564462616211322,0.1266321890943524,0.09879057780990053,0.0740130250307524,0.05534926672729102,0.04396087857358405,0.038069673881101905,0.03547264662494515,0.034559693926688985,0.034326927696262485,0.034291263908997234
4157.5,278.49017580532825,96.3,0.007115033627378453,0.007088707144165422,0.007107980383204623,0.007289266063228093,0.007811445568735957,0.00896608877267219,0.011262316651176036,0.015527517066076585,0.02266016272523605,0.03342881264851762,0.053541984607357755,0.10207069091586478,0.16512950719395714,0.15549861309301521,0.12476743382662946,0.0982401124454037,0.07388598742078975,0.055032845535286784,0.043548623136250235,0.037712937623561746,0.035240962535198955,0.03444979313668353,0.034295603115707333,0.03428936224830085
4157.6,281.2502482681512,96.2,0.006863729523784637,0.006878953016388866,0.006973969717156586,0.007254452606420145,0.007891099652703522,0.009172649050405329,0.011603416573772106,0.01599156425608035,0.02326454012771882,0.03449345240661427,0.05545340024304517,0.10291179154005528,0.16099156108790472,0.15616140508378085,0.12675987931753277,0.0989642680782724,0.07398151099593822,0.055215468720654894,0.04383475369208432,0.03798583281282211,0.0354302470302562,0.034544705746062096,0.0343244040704226,0.03429180931847424
4157.7,284.00026644991186,96.1,0.006675792404866005,0.006710420422001084,0.006845004882849321,0.0071861735180894165,0.007909421588599733,0.0093169366768735,0.011936702234262478,0.016585820277657884,0.024096014868470062,0.03539477329771334,0.056493097952103194,0.10413665603806262,0.16113698828002385,0.15571903950740434,0.1261836369737354,0.09824418654971523,0.07337456380071156,0.05485871604588783,0.04366712379441169,0.03791718657317158,0.035406545212871274,0.03453921847418792,0.03432474411860216,0.03429308896636522
4157.8,286.7602845656865,96.0,0.006524808778871355,0.006576447286581734,0.006746519578363783,0.007143982694796917,0.007950865993078397,0.009484551032359637,0.012297022461596632,0.017206925577505597,0.02492985288987955,0.036266439795595316,0.05752557518999003,0.10543528554715187,0.1613008731655936,0.15504958848953246,0.12533605351464136,0.09732241535591257,0.07263846398750952,0.054417559068332635,0.04344396539069238,0.03781379837722434,0.035363303457886575,0.03452455637044862,0.034321795035817046,0.03429323791154778
4157.9,289.51030274744375,95.9,0.006366587533180692,0.0064387438134250385,0.006650684386617431,0.007112676067630415,0.008011312759369098,0.009674338184989235,0.01266559351137363,0.01778621119826661,0.025665618745167366,0.037136540646550115,0.05875044400946546,0.10651628967621964,0.16058560153071136,0.15451313533740224,0.12466526269940557,0.09614431454200488,0.07156617565214136,0.05378828110054011,0.04316247074483746,0.03771307756983782,0.035337284974520565,0.03452148005063087,0.034322170115059766,0.03429281978935584
4158.0,292.2703208633348,95.9,0.006059512501755553,0.0061558992427771285,0.006417087999377894,0.006954994913825411,0.007961539118162919,0.009775127265598932,0.012966555857390292,0.01829580766979659,0.026265966616393955,0.03774678917308944,0.05948583649927345,0.1066977308413958,0.159386349123272,0.1540297592527823,0.1240218310470186,0.09495554147195227,0.0705175399656754,0.053209330318423495,0.042933715874046846,0.03765261884221066,0.03533478853773152,0.0345282486889619,0.034324842858659284,0.034292341117914835
4158.1,295.0107770297294,95.8,0.00596448173054289,0.0060697389689345505,0.006352189354903364,0.006930453312167995,0.008010020523462036,0.009954922873085881,0.013369191850708066,0.018986824741306384,0.027069578243873585,0.0383080546648158,0.060027560107161385,0.10833653957013803,0.16101116712144958,0.15299924909007498,0.12221783612782872,0.09348318758900998,0.06952059733464472,0.05258056457178393,0.04254699914139794,0.03742118088016787,0.03520972172132404,0.03447469970083361,0.03431044742743128,0.03429129002250502
4158.2,297.7514338854007,95.7,0.005890874852556012,0.006007190725208158,0.00631467789351018,0.006937561649730243,0.008092550105435891,0.01016339804576038,0.013773631538836833,0.019615953335213536,0.027771632301375714,0.03893165406955744,0.060859511652181474,0.10966115515508432,0.16123631704059177,0.1520185793479365,0.12111040685274148,0.09255864701801109,0.06891600059042238,0.05226248678679709,0.042399999770091075,0.03735756609639914,0.0351847731215791,0.03446760850886006,0.034310606229693695,0.03429324064408197
4158.3,300.50208835298884,95.5,0.006053414970995486,0.006176193857867209,0.0065000289135613105,0.007154805515606884,0.008366712853486483,0.010533451594431678,0.01428807135164923,0.020290173395172327,0.028543538717011183,0.039886618465621984,0.062475306154353115,0.11188130269023837,0.16111958087058362,0.15079743981475424,0.12029220331937117,0.09210247368251483,0.0687144312810305,0.05221026670142223,0.04241091109551515,0.037385396202870326,0.035208956196946174,0.03448169764157691,0.034316259217246806,0.03429517658850522
4158.4,303.24254451938344,95.4,0.006022407535626754,0.006160502080001222,0.006516905684383675,0.007224947025361927,0.008516354233060948,0.010793578082346076,0.014676336563066593,0.020769611025075966,0.029087653608987386,0.040755571218627905,0.06389780996080979,0.11228456991211481,0.15890946260007552,0.15051764619067304,0.12123445054635613,0.09300764606886258,0.06947610215983922,0.052864927849850855,0.04292982085844261,0.03775226701813559,0.03543094193393405,0.03458807560454334,0.03435248921653484,0.03430511598174136
4158.5,305.9832013749383,95.3,0.005992863446687131,0.0061419071521541,0.006523980522282034,0.007279664837792654,0.008654187531920456,0.011069719756094332,0.015152352902794916,0.02141825214594357,0.029683297480080178,0.04119896493435161,0.06458019594272814,0.11356315361277508,0.1592336858669151,0.15003959044591528,0.12122175125079282,0.09345086110498829,0.06999017980482054,0.05324875885568569,0.043167437198347,0.037884876012797886,0.03549752869110072,0.03461702541864983,0.03436319392201169,0.03430989065986533
4158.6,308.73365588284685,95.2,0.005981093763628297,0.006139063030711218,0.006544146528755685,0.007347031189566228,0.00881246215283505,0.011394109730079753,0.015733121367281246,0.02220692515444043,0.030270368248691972,0.041292646653632296,0.06480285959030557,0.1156788943248988,0.16119834716867826,0.14934357839387574,0.12066817563467704,0.09377228217113814,0.07049539844284726,0.05353978408694488,0.043258410014852325,0.037880436938360205,0.03547092140308658,0.034600137511714306,0.034359578332890245,0.03431227358641564
4158.7,311.4743127384017,95.1,0.006035136440811895,0.006209097262940487,0.006646952775767222,0.007500110859726955,0.00903070079476875,0.01167566171602308,0.016029251307101672,0.022461665499133754,0.030754627401971463,0.042671319519940416,0.0668942453770367,0.11464594230663017,0.15690580062501291,0.1501006645083089,0.12350457021780412,0.09604173718027269,0.07214380951208177,0.05481539387642222,0.04421147462112541,0.038530304125524904,0.035852793848713926,0.03477724460465449,0.034416330119853546,0.03432532519171317
4158.8,314.21496959397695,94.9,0.006209324067183514,0.006390449182349263,0.00685001723442346,0.007752858228889358,0.009385571969865883,0.012220675766215964,0.016853270150530963,0.023438777449773837,0.03132480759743805,0.04254041375141283,0.06724509837279667,0.11893922824763879,0.16110660325607792,0.14882158975246365,0.12166746678042994,0.09547112465506001,0.07199362254291906,0.05454669505671844,0.043857569025866926,0.038217906552533744,0.035646825480920206,0.03467803666353245,0.03438584658167724,0.034320447353669147
4158.9,316.95542576037155,94.7,0.006489782309083842,0.0066801492744056465,0.007162880663568885,0.008109796328775324,0.009816416399828545,0.012758501987610107,0.017498083908079547,0.024089335370683616,0.031887445599946364,0.04327621156986347,0.06879804214369974,0.12137565949875839,0.16154709379090149,0.14836893320977793,0.12197650282382913,0.09625853095680298,0.07265108358519978,0.054902732392593696,0.044007961892894215,0.03827247208324204,0.03566483133431166,0.03468400491622728,0.034388194659318694,0.034321790939898345
4159.0,319.70608022793937,94.5,0.006779605292639565,0.006978465242239602,0.007483170034430277,0.008472947075633782,0.010252790234880522,0.013301893102063452,0.018146404871115338,0.02472830830101013,0.03239580271050697,0.04389189922206469,0.07023790804422252,0.12405338924236085,0.16232197390721154,0.1477425710350769,0.12183833773376225,0.09655891105633062,0.07288197004295936,0.054942470032994774,0.04395110449151385,0.038202607856750614,0.035616378546945444,0.03466124612270005,0.03438198391035023,0.034321442653513
4159.1,322.4669677664119,94.3,0.007190047520886458,0.007395204024279018,0.00791693607689286,0.008939741226851488,0.010772499783482612,0.013887479037505047,0.018771375403318528,0.025310292998108427,0.03296128992040524,0.044788438850755445,0.07206926885886696,0.12646173885794987,0.16239054079501714,0.1471421274098621,0.12184903030808865,0.09681866509979009,0.07300068851576644,0.05491326293987868,0.04387448544509876,0.038135285393513456,0.03557431920868615,0.034642108321812394,0.03437655211999078,0.03432077122397022
4159.2,325.23812276029355,94.1,0.007688484653293255,0.007898790454962052,0.008433563915729957,0.009478598207623845,0.011338071865021336,0.014464309809790441,0.01930728572023186,0.025788921913195394,0.03362241053806114,0.04609689228204194,0.07426336729438503,0.12779219270666187,0.16149750052783926,0.14705992902912648,0.12224555750457203,0.09688361270556199,0.07276891719690666,0.05463123690535657,0.04366120379407477,0.038007745838152154,0.03550883476399122,0.034610817144838685,0.034360488849523516,0.034309628300694894
4159.3,327.9990102987425,93.8,0.008507002530409397,0.00870097055781882,0.009210135047533078,0.010227649591157658,0.012064056764308724,0.015175090167391709,0.020009775007297125,0.02648513999500682,0.034348822457798175,0.047143942266050266,0.07663605250072773,0.13186926510782657,0.16204578869216663,0.14521159517867308,0.12113146833919322,0.0964840561330149,0.07222684996709415,0.05389253910303091,0.04298087369978313,0.03751429737216342,0.03521510433910865,0.034472215978383944,0.03431186918119164,0.03429369507560531
4159.4,330.7598978372151,93.6,0.009099593048070473,0.009292009768774773,0.009800009547272079,0.010816445989958547,0.012644919707210399,0.01572259978527628,0.020486052827253697,0.026950470967888152,0.03514053954960216,0.048697378492300575,0.07877590633213288,0.131916449192647,0.1604301491551397,0.14515332124834482,0.12133008319285091,0.09620958891054432,0.07188482638533952,0.05373047936644183,0.04295877194662691,0.0375492324346546,0.03525392984390992,0.03449354595003194,0.0343168427783247,0.03429181509042727
4159.5,333.53105283098034,93.4,0.009775571337007216,0.009947023563222215,0.010423063058788882,0.011409467239796337,0.013225472392358792,0.01632568734598915,0.021152820861222343,0.027677746765886083,0.035873224688839606,0.049585016673176725,0.0804495786270455,0.13406470766255632,0.15983479387819605,0.1434920797845552,0.12075160107942971,0.09647214167340741,0.07204654063789101,0.05359829955261583,0.0427167364273017,0.03733410337470922,0.03511477124749017,0.03442701259133259,0.0342953509242182,0.0342867894259445
4159.6,336.2919403694529,93.3,0.010051254498253673,0.010237835016692322,0.010747278259927205,0.011788918945747764,0.013683678629627098,0.0168762274653676,0.021770730139780887,0.028303633025465312,0.036564830696604954,0.050551470546029736,0.08140490519991798,0.13310068185007326,0.1583530468038174,0.14360954355082428,0.12130555857292405,0.09680685358043782,0.07227012292296274,0.053804381955454506,0.04289348194236688,0.037464951392830605,0.035195249981352254,0.034464757633903186,0.03430688128674773,0.034288707675323826
4159.7,339.05309954633196,93.1,0.010806924175049647,0.010996105221791433,0.01150879457024575,0.012547577692998009,0.014416233173612894,0.017531258189659765,0.02230600487397031,0.02888672052610425,0.03775103647615997,0.052747107869721796,0.08336023448778736,0.13081365119476118,0.15598455415276366,0.14469033594931247,0.12227470560789365,0.09660724377296748,0.07200181036001833,0.053888221790887626,0.04315866054888506,0.037730925573067536,0.035377011340589355,0.03455157988337086,0.0343311382796548,0.03428983040446821
4159.8,341.8239838817048,92.9,0.011594922068197792,0.011738483742266066,0.012186185018820102,0.013177060977311169,0.015062779919376303,0.018312703189082544,0.023331380057311998,0.030018056516181182,0.03850984963669021,0.053056297817051234,0.08448763703356908,0.13387447409583994,0.15646401276334565,0.14277497518529972,0.12130977875674959,0.09646232115589529,0.07144607227046144,0.052956048383036636,0.04226414158411153,0.03707324508019303,0.03498864273238753,0.03437753576852486,0.03428044177453572,0.03428150709184361
4159.9,344.58487142017736,92.6,0.013098172937601127,0.013140864255281172,0.013422810217946201,0.014226851949796289,0.015947777464757073,0.019103839469640598,0.02416627770364066,0.031078159787275565,0.039905879127763555,0.054894613746447295,0.08673140219344262,0.13478113135421754,0.15578231653578464,0.14260209391892711,0.12136483168144171,0.09581546034772805,0.07026116479624517,0.051843110468592093,0.04146944939430691,0.03658277829799844,0.03472927046377327,0.03426911716848292,0.034248789407148525,0.03427444496159584
4160.0,347.356026414059,92.4,0.014161563794583913,0.014142210751818662,0.01433429011151356,0.01506039992728593,0.01675149685499011,0.019953104890681323,0.02513430331843081,0.03216748041669124,0.0410671760818448,0.056186019920184536,0.08788896641775461,0.13438963338097198,0.15517820103935562,0.14337682434618398,0.12213557769152567,0.09538879176082152,0.06913500735298522,0.050800439331324755,0.040751080995182154,0.03615344335261135,0.034508393305731376,0.03417937790752121,0.03422425321129751,0.03426948057316822
4160.1,350.1561871236656,92.0,0.016921341604225214,0.016649376952892814,0.01642726391137737,0.016677486745539215,0.017897926822509302,0.020688684792498357,0.02567991039134868,0.03313875013362436,0.04328059065648137,0.05974805798644505,0.09094930782297327,0.13314523212503204,0.15379315254443884,0.14467917397278457,0.12256130437257433,0.09410574504241777,0.0678021593955035,0.050091877462362155,0.040507848713197916,0.036127385546528654,0.03454650249908825,0.03421194871234065,0.034235834364050546,0.03427003255986031
4160.2,352.96634726150006,91.7,0.019661659848827735,0.01894895937670389,0.018104544248917498,0.017794776341395844,0.018661974399486986,0.021393937794263542,0.026683873708641993,0.0346477880552496,0.04499623575656762,0.06140851140709713,0.09268604949045162,0.133910408915396,0.15330523718811845,0.14492976596398538,0.12346083210120191,0.09392291217767083,0.06652669848384116,0.048644849071565036,0.03934163247155794,0.0353268844174626,0.03408508653069487,0.034009350706153636,0.03417979142840087,0.03426368046576565
4160.3,355.7765073992281,91.4,0.023298322182346717,0.02179455305292387,0.019944963811730127,0.018840940739349384,0.01927585278375289,0.021987366622042353,0.02772141440453398,0.036374301227812704,0.04693923375944299,0.06319899395351807,0.09436263527293719,0.13399916014668295,0.15212460215111748,0.14547824902147508,0.12542338316125215,0.09451343414874847,0.06550927046771463,0.04719607312405245,0.038076207436874156,0.03440834225261013,0.03352950349352244,0.03375265531703159,0.03410320692417223,0.03425097026441249
4160.4,358.5766681089511,91.1,0.027762594133310226,0.02513422327617669,0.021962256283011898,0.01990399658960714,0.01984883681614861,0.02249346773481766,0.028594840120145036,0.03797724775493006,0.04914243094066005,0.06557333596312177,0.09598827596097267,0.1325972076407976,0.15012013463692464,0.14634492975451657,0.12811420417878183,0.09626329017105438,0.06576474528685643,0.04674848841248674,0.03752335542979814,0.03400245118298906,0.03331820747584362,0.03367729975380965,0.03408712372290371,0.03424745809504408
4160.5,361.38682824679546,90.8,0.03068323257148988,0.028221276950699297,0.025046692623992593,0.02269412901509632,0.02204987157129067,0.023757489901955173,0.028613590660366246,0.037401748074194184,0.05044446914465021,0.06952867355008734,0.09784001996510397,0.12868610274198883,0.14663757724363435,0.14539817205033118,0.1279642899991146,0.10037721176708343,0.07369558284728893,0.054796879450858545,0.04377680060102026,0.03818456691661045,0.03569237318827259,0.03474406847402127,0.03443165596624131,0.03434573684169489
4160.6,364.19698838451353,90.5,0.03656139470265895,0.03240637613426891,0.027398530739780397,0.023830917976589323,0.022585408487545956,0.024157000931270125,0.0293066706767965,0.03879349655986659,0.052559824806835,0.07190393631413697,0.09931329005250855,0.12751589621372994,0.1440108665982161,0.14448483359112427,0.13001702393911954,0.10415978511517016,0.07762073881097935,0.05811264873937667,0.04624086535392188,0.03984350419466629,0.03671472618658502,0.035315217847797106,0.03472384149569986,0.03452022404762006
4160.7,367.0071485223579,90.3,0.04138656446475185,0.03589372678943345,0.029544223745851035,0.025149226858570347,0.023511312141406917,0.024974780033475124,0.030215550681181976,0.03992930752618144,0.05396587565681274,0.07340734809650205,0.09985557726810747,0.1259348831798677,0.14176032442386485,0.14398423334197716,0.13197953068599189,0.1076181888762318,0.0812414038308391,0.06117972169357421,0.04854399814373348,0.04142236137059299,0.03770644214199783,0.035877276954629195,0.03501392220489935,0.03469469319080286
4160.8,369.8073092319645,90.2,0.04470363970496616,0.03849274914398566,0.031428461739855355,0.026592182687220738,0.024749235727349283,0.026153821722266806,0.03137185162175764,0.04095751775859281,0.05478431135072028,0.07399180377854123,0.09954129748044695,0.12422207843277694,0.13989808386613878,0.14372048329304118,0.13374651990896397,0.11050849799862923,0.08414004898506776,0.06354537974840163,0.05026292759584607,0.042563156914482064,0.03839850460956709,0.03625516377492807,0.03520136879106818,0.034803980989195744
4160.9,372.61759391510907,90.1,0.049059153453232876,0.0414738624880496,0.03319144815309219,0.027716615880563896,0.025656604979683095,0.027105566101527166,0.032518917481673994,0.04226673145221393,0.05602424079980328,0.07490976105089707,0.09943299173097957,0.12255479340667307,0.1379613223323654,0.1435220667118053,0.13564927894349008,0.11297620402837211,0.08606910677037453,0.06489492930289655,0.05122135131708956,0.043246406778376496,0.03886947214043686,0.036561193982226944,0.035389223155866144,0.03493516244869345
4161.0,375.42775405282714,90.1,0.05059552552278047,0.04309160155837294,0.03481751414989832,0.029307625561353436,0.027237203535390293,0.028690462041884898,0.03398654816081791,0.04328890766037107,0.05640126403050028,0.07471045708533477,0.09845025045418658,0.12093007613432519,0.136639168318324,0.14355411480939326,0.13694134372778166,0.11440433686289307,0.08701376779332377,0.0653949389339237,0.05144941972470972,0.04332361142605294,0.038873326502124356,0.03653461009957004,0.03535692936865752,0.03490453052731559
4161.1,378.26819415965167,90.0,0.05357412867923239,0.04558257741130863,0.03682350238294254,0.031011773350085668,0.028804321052320853,0.03020884403792736,0.035411661177053196,0.04443321910785074,0.05717124696273573,0.07504908357684656,0.09789050731507387,0.11946654911077523,0.1352040838233522,0.14301102197599266,0.13728336033328423,0.1151168139108233,0.08775894332736892,0.06604893112027893,0.051965104531131304,0.04369229600833324,0.03911117700068059,0.03667297538511757,0.03543113934588873,0.034951225725869436
4161.2,381.10847583579186,90.0,0.053573069086425194,0.046626402096466485,0.03868869241375966,0.03321991421045442,0.031077202254679553,0.03235155054403976,0.03712243485241201,0.045347411355496234,0.0572590251717494,0.07444714566651368,0.09660015321223571,0.11807079092328997,0.13435826964027164,0.14277366507917652,0.13720808622725225,0.11501566792011096,0.08765945516363642,0.06588045726928572,0.051701123061931066,0.04338207935333875,0.03881771793196565,0.036436656794459704,0.03526183137254662,0.03482213234349421
4161.3,383.94891594250004,90.0,0.05502567468622274,0.048067169602117814,0.04013826513473716,0.034714858368037706,0.03266131763512042,0.03402227511424123,0.03873063274108746,0.04658446344437054,0.05793528692151549,0.07457428742286573,0.0960322914514506,0.11671408447614696,0.13287717170236568,0.14249622728080255,0.13798538769909016,0.11492480679217268,0.08632613681631279,0.06416954870104598,0.050231097897831964,0.04234801958181235,0.03818730281103964,0.036100366184718916,0.035101364602880235,0.03473185038402862
4161.4,386.78919761864023,90.0,0.04565629236996413,0.044480531279594136,0.04277653023661759,0.04135523174779728,0.04092326108840659,0.041996006720408124,0.044966749502050304,0.05028371371260464,0.05867527206369412,0.07101444741548266,0.08727874546857954,0.10530904220536647,0.12027774391228027,0.12575098952634078,0.11782749789107878,0.0991452942324014,0.07731442807831264,0.058743253948280595,0.04611321502502322,0.03918990354733029,0.03601889596969903,0.03477316715884713,0.034366139307451485,0.03427119756424305
4161.5,389.61963928036073,90.0,0.045847206481902644,0.04531869544432625,0.044555951702096336,0.04402355873777841,0.04412784266875454,0.04523958182692983,0.04783989301150465,0.05261612751253546,0.06040242268881532,0.07154065878875021,0.08498188380966194,0.0988188815989535,0.11134967979626405,0.12115634940469551,0.12712609032737754,0.1288771867761369,0.12751653240200456,0.1251079599075542,0.12319794860413721,0.12220063902574127,0.12176812543100682,0.12146575053404536,0.12116884876910995,0.120991841570296
4161.6,392.4599209565009,90.0,0.05096886502279633,0.04879744442106654,0.0457411025478062,0.043139791620509065,0.04190197802465558,0.042510367806814726,0.045254843235648476,0.050571376673292805,0.05940095164948998,0.07294659707093283,0.09115195405889788,0.1113927589827487,0.12860346237082523,0.13557351642636473,0.1260005857324573,0.10257270768257408,0.07684320643500607,0.05713608530705437,0.045065736844305426,0.038784803334614565,0.03590690795046499,0.03476057018086789,0.03437766595584829,0.03428486860085674
4161.7,395.3002026326411,90.0,0.05184346388191255,0.04988460365471081,0.0470969363770592,0.04469037971897652,0.04351817457546925,0.04405200949331156,0.04660209829500343,0.05166539891199444,0.06023863853196971,0.07348044913716367,0.09126737635512545,0.11110306811285904,0.1281943841490064,0.13529247208674125,0.12533784450191113,0.1009097016949642,0.07454660980433372,0.054990725442518276,0.043534821153819764,0.03788077960420612,0.035451779448483496,0.03456930729622585,0.034312043042547466,0.034259528253447545
4161.8,398.14064273946565,90.0,0.053516091767255,0.051336685316864916,0.04829889623192235,0.045722664647523587,0.044449279865133896,0.044861341802760704,0.04720135174274012,0.052041163765072986,0.060605997404297125,0.07416746842534995,0.09221895607828248,0.11188254440514575,0.1294682830728336,0.13895411323736326,0.1301543005917296,0.10290143437929458,0.07356360699510114,0.05322241080420227,0.0421647387522005,0.03706105041769708,0.03505207947353841,0.03442043406271052,0.03427510552041874,0.034253268816104375
4161.9,400.98092441560584,89.9,0.05350497147473246,0.05206160801240899,0.04996542423155615,0.04812761533989847,0.04726706630770656,0.04784394832168924,0.05021237694071704,0.054899823384146576,0.06278967774606165,0.07475867072344217,0.09068546727571919,0.1086984564664195,0.12455546225356907,0.13100299863293727,0.12107880404690863,0.09746150460203964,0.072056027468127,0.05328296401523382,0.042492901911032964,0.037330564171130835,0.03519781945474159,0.03446704299211599,0.03427543619571862,0.03424372291145798
4162.0,403.821364522314,89.9,0.05607625658357975,0.05388527092740521,0.05092242845437745,0.04851989238622723,0.047451648423835695,0.047984025962923796,0.05025502407033149,0.05480878689815513,0.06285207929334824,0.07544461158804693,0.09191519715062049,0.11007699940709116,0.1278860592071283,0.14020677789147454,0.1340335419572208,0.10588208431014311,0.07445016548521018,0.05302848204458369,0.041770970516640686,0.036773571077111156,0.034900969330319984,0.03435998597092335,0.034257116651519724,0.03424788030424231
4162.1,406.6734865393289,89.9,0.056233566817898525,0.054015449284695,0.05131977225093053,0.0494557123044528,0.048939887565144106,0.049701567720128195,0.05170470108725903,0.05576792128296991,0.06365247019129947,0.07651294267744606,0.0922991897729127,0.1077353238285316,0.12474408338474846,0.1444537750092956,0.1476385165823007,0.11332657041811305,0.07439806676445425,0.05113300853213983,0.04027574600815317,0.035873078221725044,0.03444666605707293,0.034190740518415905,0.034224913410598995,0.034253913601888
4162.2,409.53560114220454,89.9,0.05493694581060136,0.053415461659391504,0.05170235633552232,0.050756550081951464,0.05085985484933054,0.05179115006630494,0.05354046266872585,0.05716446476714189,0.06458325925081944,0.07686456037303006,0.09189530343932902,0.10678267617223985,0.12426657103979134,0.14622732637151284,0.15124707976436055,0.11444757741904359,0.07349431695860802,0.04999878575954743,0.03949700067224481,0.03545389724084632,0.034266355631048455,0.034132935927871054,0.0342118936036196,0.034250946756201016
4162.3,412.3877231592998,89.9,0.053514514399644185,0.05261590660417451,0.05184251135112434,0.05185084327490256,0.05266061097611615,0.05383794398726154,0.05537543676326187,0.058580941553215124,0.06555629184866621,0.07731229279117972,0.09167847458464153,0.10603983087061682,0.12376271228118162,0.14737380496057714,0.15381769875262113,0.11498601332122793,0.0726551260998401,0.04913963016604613,0.038949620262564454,0.035167355643319985,0.034145113689593554,0.03409554785694469,0.03420493333256859,0.03425030386395063
4162.4,415.2398451763147,89.9,0.05199440093902494,0.0516616165576344,0.051776927398546356,0.052737702634384945,0.05429622306630546,0.055776227803339386,0.05716121636989857,0.060006088050411556,0.06657237203177603,0.07780843424972421,0.09153451586284013,0.10540879153743268,0.12315878226132002,0.1476011659664311,0.15471576562823097,0.11471713559891969,0.07173774526409338,0.048382476871154434,0.038501650256184294,0.03494913247375608,0.034061414661393626,0.03407278489072181,0.03420093316936821,0.03424940158313188
4162.5,418.0919671933296,89.9,0.05042631529162678,0.05057848952773824,0.051515627572732973,0.05343660258311736,0.05580477480560774,0.057616799766459045,0.05882108524897236,0.06129847499575996,0.06755212386655589,0.0784793174805221,0.09169091405565799,0.10484087131414731,0.12215840483502166,0.14722925679659238,0.15554374389802084,0.1145289471104698,0.07083612411422341,0.04763173716459235,0.03804984938053757,0.034715942883092064,0.03396276963229315,0.03404282671102032,0.034196142266529554,0.034249917598606155
4162.6,420.9540817961694,89.8,0.05260020410250816,0.051856214702497114,0.051743511128967266,0.05311452611951161,0.05583591475155034,0.058703489942733694,0.06077841349036529,0.06341259916256833,0.06933686030848726,0.07961949786494794,0.09184720956436833,0.10409019214755727,0.12116773686242163,0.14699840653618762,0.1559280792656635,0.11368363668372186,0.0693719340365969,0.04650874423418484,0.03740261513915225,0.03441286009648781,0.033855337879249596,0.034018281364588156,0.034193700501037094,0.03424987586692729
4162.7,423.8062038131843,89.8,0.050558734858804334,0.05049312241178701,0.05131398622872589,0.053554780106902254,0.056887599437945725,0.060030392037600466,0.062153167860065237,0.0647320165450447,0.07040337601662564,0.08018540557008752,0.09205174216009379,0.10435541776345475,0.12107460471226898,0.14492706132523817,0.15262060829830945,0.11364239252065028,0.07117878052120839,0.04808821760740412,0.03835462538900338,0.034873549279586316,0.03402433813439243,0.03405840629319096,0.034197600227961276,0.03424942392506141
4162.8,426.6583258303155,89.8,0.04905163302190045,0.04944002068933302,0.05086826410199116,0.05365613326609883,0.05740632429962256,0.06091357250960811,0.06342120465242337,0.06621765038718798,0.07164014957184481,0.08075082790476151,0.09232061340665604,0.10523792008048134,0.12199783533928292,0.14285038494263722,0.14702255387396024,0.11228215199296122,0.07317538479622968,0.050221280935531694,0.03976209649342966,0.03563629429194083,0.03435848636601496,0.0341643980173624,0.03421620238501248,0.034248619904118975
4162.9,429.5104478472945,89.8,0.04772569339182017,0.048413815648165985,0.05027417579165518,0.05350839579754855,0.05767775581413228,0.0616151981643838,0.06455208385237451,0.067589591252136,0.07286785403287835,0.08153756836252041,0.09293574308032601,0.10623969518887051,0.12278261161548132,0.14096268897595282,0.14223705750020643,0.1107661038134207,0.07462060633784491,0.052007870167269404,0.041003673407456316,0.03633991212693635,0.03468618907455663,0.03427901993798696,0.03424261070321503,0.03425292892782181
4163.0,432.3725624501701,89.8,0.046385599792991984,0.04721724362175569,0.049399133080378084,0.05316464399097374,0.05802696526377345,0.06256942134982253,0.06573477635750213,0.06868669532054417,0.07381554840196333,0.0823581822619787,0.09351886248059865,0.10637393014093584,0.12258291261733031,0.14125953523662999,0.14391835515611498,0.11278875338297605,0.07627592261549407,0.05316862546854376,0.04170302804093083,0.036697431073778056,0.03483868447912827,0.03433533216573831,0.03426379154325026,0.034265578615300475
4163.1,435.2255258217959,89.8,0.045509436432189625,0.046423474514261626,0.04872247333865075,0.052645225685522684,0.05778806005330741,0.06283192430653771,0.06660202693308617,0.0699278979347679,0.07502135895155364,0.08327618382288775,0.09440316018022774,0.10774043071083034,0.12408036989494581,0.1410282728870672,0.14136098311209752,0.11198114997608018,0.07747419707434225,0.054668642130046505,0.042809009716883256,0.0373693922294571,0.03518294220697424,0.03447331217462715,0.03430571579894038,0.03427576749535395
4163.2,438.07805101886146,89.8,0.04448399683789786,0.04540418801156669,0.04779890972808472,0.05201324369055344,0.05771666776316586,0.06343889985082589,0.0676124655759797,0.07093873604174245,0.0758726513503354,0.0839978809815099,0.09502287961301517,0.10831160532362785,0.1249902792297514,0.14310501768890418,0.14457611854939353,0.1145648350127095,0.07906885198907264,0.05564405271650362,0.04338426463620443,0.03768482536471013,0.03533985991814776,0.03454431216586885,0.034333255363410455,0.03429097154700664
4163.3,440.93101439060354,89.8,0.04357741264285433,0.044540824023748,0.04699861431255794,0.05131638170372083,0.05725357666856401,0.06344381226600258,0.06821230442210244,0.07193827807887049,0.07692630046776443,0.08490918316470707,0.09597353485365026,0.1097176677478678,0.12676766267773484,0.14415833410562123,0.14432746555663123,0.11507868960009512,0.08050500807065666,0.05706485270793159,0.044400863455376575,0.03830535028504457,0.03566748409933825,0.03468544042103005,0.03437852978388012,0.03430528269537232
4163.4,443.7839777622293,89.8,0.04227070381945173,0.04329913363420684,0.045910193424353145,0.05052059700959527,0.05694102903423113,0.06372528134967266,0.06892065167203139,0.07275177523540127,0.07766213180475436,0.08555883872292926,0.09665635312767826,0.11066568183148162,0.12836615490697223,0.1468080814255198,0.1475351260954342,0.11760082652252696,0.08220345581735734,0.058186982695164306,0.04510622393096297,0.03872298441247136,0.035892518082813823,0.03479168159000886,0.0344264791204107,0.0343290166786413
4163.5,446.6369411338551,89.9,0.03969972665332149,0.04117638393562741,0.04440652110427864,0.04948605167069613,0.05595983418111552,0.06260483527334806,0.06823293588751321,0.0731294528724149,0.07896176622020923,0.08736950443673311,0.09904176664331275,0.11359556716840942,0.12963989617071797,0.14172754044892766,0.1377857572113096,0.11397772546187375,0.08465005322024115,0.06194336075095703,0.047947643549507625,0.04042065745960781,0.0367597626555309,0.03515698086536535,0.03453955154383865,0.03436137746432671
4163.6,449.48990450548087,89.9,0.03929514670689783,0.040691289401978525,0.043745605325229524,0.048578208657957596,0.05486761529957756,0.06164744036967406,0.06787177719157544,0.0735992157101841,0.08014872806585656,0.08904205252255314,0.10101252766754253,0.11550183180336923,0.13038658801544561,0.13971877037162989,0.13353523677261003,0.11046504965927734,0.08297713296138029,0.06139425668423334,0.04781398462484242,0.0403914436475816,0.03674501306170554,0.03514117250862184,0.034525455255191566,0.0343503391953271
4163.7,452.3528575263827,89.9,0.037858091938823606,0.03928851585023895,0.04247687184375318,0.04763646928798118,0.054497030953307414,0.06193850017837512,0.06855337898894627,0.07423102447961019,0.080491114954056,0.0891097514569095,0.10099200759439464,0.11583738483153155,0.1320099169074048,0.14360481713575993,0.138795471581185,0.114721625975276,0.08555105542310075,0.06285980511398058,0.048677951892662705,0.04090561508782741,0.03703731843890355,0.035292671734168765,0.03459567463860978,0.03438759042667506
4163.8,455.2058208980509,89.9,0.036848773082593114,0.03826183934036853,0.041439271565116016,0.046648709044674955,0.05370463465605951,0.06153203533520753,0.06861433451444228,0.07465257991309093,0.08110721542584769,0.08981968955351022,0.10177442979493015,0.11668646445039539,0.1328296289949904,0.144168093949015,0.13901960849000602,0.11488136850463682,0.08582078402173038,0.06318330472712858,0.04895932579956813,0.04110313147756621,0.03715595022135364,0.03535399090583834,0.03462290269176813,0.0344012860075574
4163.9,458.05878426979297,90.0,0.03413414122892905,0.03574398150492434,0.03929561300079898,0.04503067445481379,0.05266684535634758,0.06096289306950596,0.06837129715796972,0.07473840888621244,0.08151345243673222,0.09043356316697834,0.10248641178279685,0.11725409285923849,0.1326829024313624,0.14286414642702755,0.13757851814855554,0.11501119176282314,0.08744218715684277,0.06523861909130152,0.05070054426706339,0.04229620713068516,0.037860505538925934,0.03571549598382592,0.03478461534519993,0.034484765182864224
4164.0,460.91174764141874,90.0,0.033209135141393,0.0347763515200227,0.038263789980015527,0.043968880184021314,0.05171286865142048,0.06033771104627723,0.06821218414218244,0.07498496650035802,0.08201915809897883,0.09109072658740057,0.10324967475087503,0.11807543035626511,0.1334012393470008,0.14319424389149538,0.1374437158336551,0.114760581369294,0.08734532733936654,0.06528854462131847,0.05080709021509716,0.04239659616062567,0.037931607561832774,0.035756951270044024,0.03480520619920372,0.03449624592504913
4164.1,463.7423836123118,90.0,0.03318996580654858,0.03462306650452831,0.03781432478793167,0.04305482425205428,0.050287571209010985,0.058706821181932996,0.06702770258057539,0.07476768045425572,0.08283758198452636,0.09269699481173704,0.10519994002439396,0.11954343307336454,0.13292623814947863,0.13943322354632443,0.13155174471697456,0.10980725632690026,0.084459106482522,0.06384760212055525,0.05009222134495027,0.042018803286644625,0.03772173282227873,0.0356413643746943,0.034745074510706395,0.034460259894846426
4164.2,466.5732492043991,90.1,0.03047268732081416,0.03202489437114458,0.03551221045013312,0.04132094257377515,0.049420668443006986,0.05874678308406285,0.06753171212135682,0.0751598117167095,0.08283275942547554,0.092304217451913,0.10469148711474222,0.11947154799661348,0.13414923885257526,0.14267866258325004,0.13616473867544465,0.11409748099296288,0.08767882857541985,0.06612969506482631,0.051668639295610254,0.0430517615831847,0.0383484355560305,0.03598552011446882,0.03491537443253538,0.034557191431735086
4164.3,469.41411174944704,90.1,0.02979790871698902,0.03127605919492757,0.034625248487497304,0.040273748483947755,0.04830853548406628,0.05783248309273324,0.06708639200630105,0.07521952236371503,0.0832611235819215,0.09297508117060001,0.10553096228552902,0.12037995057313255,0.13487535554233823,0.14286338697212914,0.13577529960842796,0.1135823177538555,0.08735752549882092,0.06600639359709079,0.05165315103642238,0.043075162750447656,0.03837592568705416,0.036005038548140675,0.034926273316677595,0.03456382059333896
4164.4,472.2449773413949,90.1,0.029085788636948315,0.03049719816622062,0.03372262202484697,0.039229413250822465,0.04721263102699259,0.05693222633412927,0.0666390869183484,0.07525108630498901,0.08362927093010768,0.09356561645201865,0.1063071827949004,0.12130859804977658,0.13579645556241177,0.1434807514338301,0.13596050828736822,0.11356736161869592,0.08736774883404305,0.06608018599673741,0.051751583321004484,0.04316248952010095,0.038437749213246386,0.036041894160181,0.034945376178474034,0.034575051058517305
4164.5,475.075613312424,90.2,0.028623281979116986,0.028634219679877906,0.028666348908482252,0.0295669609975829,0.03887044607355402,0.06533760877418487,0.08804949200103622,0.09307918523378655,0.09403053494191231,0.09502921700679856,0.09621073141733001,0.09743552363940482,0.0985792796427635,0.09954511814216503,0.1002381139097242,0.10059683509978926,0.10068982819682945,0.10062967754088734,0.10052267154029033,0.1004352166448148,0.10039135493316063,0.10036257404347307,0.1003715644871931,0.10038979293853734
4164.6,477.90647890437185,90.2,0.024303805273505084,0.025431206380769223,0.028566619146842526,0.035082234332039115,0.04656070293015629,0.061781939911512665,0.07251615281820059,0.07559268043565265,0.07923769196740307,0.08833121263345162,0.10151521910530559,0.11705102139716408,0.13931172973470798,0.17049207822138648,0.17356636839007697,0.12169679095462699,0.07611088069665287,0.05183292530531762,0.04050285617299845,0.035699765569673345,0.03413894780576651,0.03401203803041182,0.03422798512223249,0.03433898532201133
4164.7,480.7373444963427,90.2,0.026038127455535277,0.02733229247081375,0.03033926519646497,0.03561426597643849,0.043589656853786525,0.05387137449499778,0.064764306563769,0.07470267434507534,0.08412192780030368,0.09482843031933394,0.10833772158050936,0.12416374712635515,0.1390830002438474,0.146272153559927,0.13767667226061917,0.11458239804339884,0.0881943654680394,0.0669433687227224,0.05265743002108883,0.04397830005984846,0.03904929579320465,0.03642991943788255,0.03516205926805487,0.03471156091145636
4164.8,483.5779782285473,90.3,0.02200611048570392,0.02304653420478829,0.025978711536074388,0.03221774892734696,0.04368337729475064,0.05994476098916817,0.07222037580283464,0.07546809130808048,0.07876808371275168,0.08798107047024105,0.10194731482652145,0.11876815248891165,0.14264637539227984,0.17589743896187338,0.17847373040104683,0.12291525830917216,0.07597529457413169,0.05152268993325357,0.040229762856839844,0.03548493515028758,0.033987367232670894,0.03392787648045428,0.03419536029400492,0.03432891298610972
4164.9,486.4088438204951,90.3,0.021783228901861438,0.022721241588866375,0.02542699973741102,0.03127734717931678,0.042249949175053876,0.05850356279412217,0.07194207356760708,0.07600112722150444,0.07910705319383418,0.08784788058928636,0.10191075388966897,0.11982138311415197,0.1448392756914975,0.17761525566999536,0.17862936349732852,0.1238575839350227,0.0771413238280087,0.052460196588096336,0.04093745880308556,0.03601548416028845,0.034355985358313766,0.034139808618891626,0.0342884470671378,0.03436850988731869
4165.0,489.23970941246597,90.3,0.02151385927153187,0.0223014891341194,0.024728662261340885,0.030197842376545676,0.04085374943673313,0.057464688558133595,0.07199373162645246,0.07618108008634916,0.07886712303764638,0.08755841431074875,0.10203244341725866,0.12053884953508928,0.14635511795701361,0.18089708396747062,0.18259969288838174,0.12484896687223225,0.07675963057259674,0.05189050537726064,0.0404546962884823,0.03565571983902278,0.03411709160725566,0.03401037770001824,0.03423417255367197,0.03434543115579084
4165.1,492.03058741056077,90.3,0.021111167709154065,0.02183550221819023,0.024110683687701803,0.029301632878905318,0.03957120512342052,0.05610536104587458,0.07158556231505551,0.07650746604691909,0.07899218733389075,0.08729115527756313,0.10198180900716464,0.12167068402635575,0.14879027782116055,0.18326560980574177,0.18356715627646966,0.12601243905098014,0.0778850999565742,0.05275045883755144,0.04109271677662932,0.03612866030146749,0.03444263834274868,0.03419616951496928,0.03431551307079384,0.034380156732365684
4165.2,494.821232497303,90.4,0.01948477986848777,0.020408612574952096,0.022943469738170776,0.028298960416122194,0.03838323383672973,0.05418800566267047,0.06971432902791026,0.07632314273427519,0.07959908263585434,0.08738028122527795,0.10193467723231599,0.12329667084101834,0.1518790216106479,0.18248298280598707,0.17934573419115987,0.12912186322672134,0.0836911435175028,0.05781213546905141,0.04488084839012664,0.03879997145355062,0.036158519609176404,0.03512243036440674,0.03471489349185947,0.034561371444902414
4165.3,497.6218752806068,90.4,0.01928957441156704,0.02001398913131306,0.02221275421105687,0.027187724995071223,0.037147989819613925,0.053806587363301565,0.070557102563558,0.0762017770518011,0.07833944529139135,0.08647319713121461,0.10219759037089372,0.12426362247397947,0.15370134264087432,0.1885245475724684,0.18634339326420676,0.12756260940818595,0.07903786637699484,0.053615653413690983,0.0417409612575152,0.03660989106481187,0.03477312786599081,0.03438693670976884,0.034402935439346076,0.034421391293398135
4165.4,500.4127532786782,90.4,0.01902085595522224,0.019728419530607787,0.021853011567122577,0.026631614022855642,0.036190931934121914,0.05241326268988595,0.06970883910942746,0.07646202515680456,0.07869175244232507,0.08636826245519724,0.1021902801867882,0.125690878228834,0.15685656907940748,0.19064356308073171,0.18550213663824341,0.12825113820002254,0.08062323559093167,0.055084560536067105,0.042889669346827856,0.037450670839562,0.03532889835518091,0.03468984462859503,0.034530530462498356,0.034475313321809135
4165.5,503.2033983654405,90.4,0.018895487259321365,0.019490499751429014,0.021407769842353926,0.025896352883742382,0.03516751919286447,0.051529347984045015,0.06973039450131915,0.07654948434909042,0.07819730935182317,0.0858337203362391,0.1024165740017282,0.12709940192230998,0.15933389516938087,0.1940068214064874,0.18726026986722405,0.1270858432589651,0.07900478395230724,0.05383746346804067,0.042011369365568714,0.03684701714898465,0.03494473668835423,0.03448470004457657,0.03444467515336525,0.03443850518092298
4165.6,505.99427636339556,90.4,0.018802337467794257,0.019322072295267573,0.021086460995595767,0.025324657453042014,0.0342466968008026,0.05043510462771726,0.06933533795537133,0.07673494337190079,0.07812668920840578,0.08553847603912157,0.1025528446848589,0.12849079383339368,0.162076023918536,0.19661983518356352,0.18739990719848792,0.12643768083906998,0.07874612506856077,0.05382695666740291,0.042071889696860196,0.03690562578520476,0.03498275777474017,0.03450457572375203,0.034454440139609986,0.0344448560088552
4165.7,508.7849214501578,90.4,0.018665211789208522,0.019211127533156885,0.020969091741401047,0.02507719037371035,0.03357665699157556,0.048949691515040195,0.06780151776107081,0.07687119730942699,0.07904808036998737,0.08609145452729337,0.1028066002003094,0.12975110023774342,0.16480727213575252,0.19715887026987108,0.18530378167556116,0.12808707236581082,0.08186753345245248,0.05659724082352429,0.04417252194261112,0.03839542519897932,0.035935596504235195,0.035011077314428464,0.03466532477314995,0.03453543700658412
4165.8,511.58579631353575,90.5,0.01778117801642661,0.01825090032311052,0.019873473463523368,0.023823173653860757,0.03229554860897544,0.04826301209010836,0.06826125972925075,0.07657790874097233,0.07755121322040784,0.08470207865171739,0.10262111989618587,0.1308830570030664,0.16698077686573468,0.20183613122126154,0.18910246903918984,0.1263751141490708,0.07875981315814896,0.05399523501909812,0.04226556616670789,0.03706421881769871,0.035090634156719085,0.03456640444269025,0.03448522675093003,0.034462664924929734
4165.9,514.3764414001616,90.5,0.01751947356998137,0.01818310538217999,0.020059523467884696,0.024134585927353836,0.03216176986625302,0.04624747224810972,0.06427502809244726,0.0758480113212689,0.08022275668338166,0.08756197971084617,0.10413845346042302,0.1318978862948109,0.16773325576763645,0.19631084157250028,0.18348791292286995,0.13331650608555562,0.08913014722747573,0.0626273638581539,0.0484772837203691,0.04123233784301244,0.03762122035026697,0.035856518792436384,0.03500564064712688,0.034680960502437734
4166.0,517.1670864869039,90.5,0.017578139902129582,0.018179740880859722,0.01992870686144196,0.023794928901194317,0.03152085481774545,0.04534546129924255,0.06363520658514925,0.07582899304226384,0.08030654129035625,0.08758029924672131,0.1043668436173157,0.13276665356153308,0.16945532976328415,0.19830796458884573,0.18469884384376267,0.13380078349868574,0.08935884577647106,0.06277527209923436,0.048582340220763985,0.04130339814044825,0.037664031943882584,0.03587822731487129,0.035014513227710986,0.03468478693575264
4166.1,519.935840719469,90.4,0.01824132547396104,0.018714114964057758,0.02022959807512924,0.023765640037206305,0.03107787281528747,0.04459824376723157,0.06327924502485162,0.07617361655264669,0.08056324445620211,0.08764339794875212,0.10465915223470143,0.13379230219850233,0.17144360099835515,0.20059914467963402,0.18566167897263353,0.13335600197042877,0.0885694081872287,0.062120146004849226,0.04813538416185135,0.04102820855030848,0.0375108494294736,0.035802687612045137,0.03498099051703224,0.03466665720634496
4166.2,522.7145634476282,90.4,0.017873982162737147,0.018363842711483173,0.01988434538339737,0.02337151067601549,0.030511867497906114,0.04367321887476477,0.06210096831669819,0.07553338926237244,0.08060205409159453,0.08799233069990298,0.10520778168934292,0.13454928898185745,0.17202202361495764,0.20011907425058514,0.1851925161812093,0.13438064826606974,0.09013785631176145,0.06346087279958261,0.04907300271499496,0.04160976588670235,0.03782922381614727,0.03595085490496483,0.0350380769336097,0.03469156482279573
4166.3,525.4833176801192,90.3,0.018543040538869605,0.018881213363391137,0.020142450855116387,0.02329682243317136,0.030078322531081156,0.04307318756235169,0.06199905277532143,0.0759131196015826,0.08054971558022352,0.08767842560989042,0.10529042279922379,0.1355686767160562,0.17406011493511492,0.20248187112616872,0.18587845874211995,0.1330157721490212,0.08831557505548085,0.061988366150021616,0.04807218975624322,0.04099737351545734,0.037493671833053716,0.03579058942881047,0.03497235115096604,0.03465890430555388
4166.4,528.2520719126842,90.3,0.018279498999242017,0.01860327800807271,0.019825403675752678,0.022899860912112296,0.029540548474306507,0.04235646022155788,0.06127643375285022,0.07545526740993633,0.08022239295769616,0.08751251802315904,0.10559367374391793,0.13661862421172055,0.1755968867511857,0.20348551367609533,0.18572820592253325,0.13252253688843496,0.0879729617290531,0.06180152922540988,0.04797622100095201,0.04094928094346812,0.03747040560835931,0.03577985692000191,0.03496751455235607,0.034656134892494625
4166.5,531.0307946407273,90.2,0.01904830531626498,0.019296099645446506,0.020376958406972033,0.023231147861324405,0.029499437967717305,0.041687405833452824,0.06008563044006534,0.0749846248304431,0.08084789837093179,0.08870946789258453,0.107133861571248,0.13842166890850588,0.17710581716172163,0.2030710642095974,0.18413004371302658,0.13238342057268582,0.08879097412962779,0.06268672984288669,0.04862685764053386,0.04134551664432418,0.03767083625627005,0.035856577273775926,0.03498396682020632,0.03465427195649695
4166.6,533.7987722417993,90.2,0.018938865593892507,0.01909402559019185,0.020026611001149795,0.02271504695145788,0.028868921278522464,0.04119819422374763,0.060185131992769376,0.07503583317907511,0.07998020569778144,0.08766221454827884,0.10703207768125816,0.14005297529111138,0.18038136257774393,0.2067675533900391,0.18492387164904533,0.12991199100238043,0.08573737964718195,0.06029248586116888,0.047031573768401926,0.04038810512621463,0.03716008545216738,0.03562649009083225,0.03489801178427909,0.03461872359525693
4166.7,536.5675264742903,90.1,0.019807013528388887,0.019781035225293772,0.020432981090481826,0.022803511236564624,0.028637248301189577,0.04075346420082076,0.05995604990778852,0.0751489566199039,0.07992646876895404,0.08776793053537761,0.10799266492568615,0.1422614501515652,0.1833558666217048,0.20900269011676662,0.18461226331795533,0.12802659740029745,0.08389689253206321,0.0589503344684818,0.04615267394211778,0.03985299772859906,0.036865284374172906,0.0354824118442347,0.03483723224951401,0.0345873838256098
4166.8,539.3362807067813,90.0,0.02074538624407392,0.020509256767051176,0.0208521274705007,0.022897011058055992,0.02842893938140258,0.04036466639184987,0.05977860685112815,0.07523010486930537,0.07980296550719577,0.08786910994496527,0.10906907212239708,0.14465636022872613,0.18644708606251975,0.21134235690297584,0.18441484031984848,0.12618477592183378,0.08205437394446599,0.057594583455113736,0.045255843344644386,0.039304321487665564,0.03656080597930311,0.035335312616927336,0.03477558852756133,0.034556595243699494
4166.9,542.1150034350142,90.0,0.020626196922849043,0.02042081479933908,0.02079618564974234,0.022843747378452954,0.028297586865886553,0.03996028741088515,0.05886960992560543,0.07430485338492855,0.07952355239869921,0.08831887644337663,0.11037156281147491,0.1466324289217488,0.18803135734926926,0.21141130747268022,0.1839186417729272,0.1263979417407103,0.08261269055551365,0.05811229331782829,0.04563137000385791,0.0395400859214935,0.03668822258881285,0.035390264920018066,0.03479249455268731,0.03456098200295112
4167.0,544.8837576675052,89.9,0.02164322077506547,0.02116288744991018,0.02116005832133416,0.022853500941507177,0.028055707594767866,0.03973200732386571,0.05913647866500237,0.0745707722387796,0.07902266747518184,0.08791922034492326,0.11122413415984213,0.14908048457853357,0.1911885476948989,0.214465930045936,0.18459418184769008,0.1244544483473825,0.08021162511718107,0.05620424525171879,0.044325107162852734,0.03872724675920578,0.03623794541275233,0.035178682183234264,0.03470939965059274,0.03452424747219806
4167.1,547.6671369086961,89.8,0.022957106944215766,0.02216554490494961,0.021751953587797912,0.02307386794339496,0.027986776679753477,0.039516901565878046,0.059093156659899004,0.07466541003165719,0.07891688717468144,0.08813589834516812,0.11251008116404093,0.15151987739784703,0.19379805487627186,0.21646501073441618,0.18505160482114685,0.12360318647941185,0.07914821858039126,0.05536163130149711,0.04374674344095859,0.03836459133665774,0.036034509863519214,0.03507987941683397,0.03466812831921882,0.03450367229704811
4167.2,550.4518271967055,89.8,0.02290157985964436,0.02217737708323498,0.02184159907076902,0.02320699236889094,0.02807264189867946,0.03930689721191242,0.05818634250524197,0.07362280800319529,0.07868423487932895,0.08865960844073184,0.11370944674767093,0.15312845549127413,0.19497713224214422,0.21665303871680952,0.18549081920693353,0.12488575988835021,0.08047987360266055,0.05637941418182369,0.04443661693464995,0.03879201031480933,0.03626744033208614,0.035184433522794205,0.03470365189615283,0.03451561861898313
4167.3,553.2365174845912,89.7,0.02425008704949161,0.023169600782157438,0.022385115591873804,0.023372694650315447,0.02797985221385272,0.03914591139039521,0.05828468408009085,0.0737719554081344,0.07846376245860211,0.08867382573762703,0.11476956118170609,0.15533304835659767,0.19743920008132954,0.2189166925633385,0.18621293177835851,0.12388671540934316,0.0791285767899554,0.05528698798358867,0.04368284681335177,0.0383205518748022,0.036005717283612224,0.03506036325156564,0.034654275423188045,0.03449257786668784
4167.4,556.0198967257821,89.7,0.024201450999122173,0.023152361100975037,0.022403877810103497,0.023411363883590337,0.027994898336637406,0.03900537028814936,0.05771560816776274,0.07292694214690792,0.07795474156831572,0.08873066237740558,0.11561748529201474,0.1568718719096752,0.1988626037062054,0.21979721827970886,0.1868533445946612,0.12444691355811593,0.07955402058505448,0.05557822338120638,0.043871416573918985,0.03843453449906203,0.036066054030966084,0.03508559123065925,0.0346610319209852,0.0344933040872537
4167.5,558.7946759962977,89.6,0.025534274653298515,0.02413868164133577,0.022967280088780496,0.02362632744201314,0.027952343644871314,0.038794731922074714,0.05751923502958268,0.07286365697607271,0.07794763679162389,0.0891003800709092,0.11680350418039184,0.15875672943822858,0.2006243707895984,0.22096576033213144,0.18702744153846376,0.12388306702460618,0.07889262162401722,0.055060774885871196,0.043517937688357905,0.03821372417083126,0.03594228033604523,0.03502508335882547,0.034634833475196435,0.03447946285369035
4167.6,561.5793662841917,89.6,0.025613676154860727,0.024129496893953918,0.022864778687435226,0.0234677662072547,0.027789826865671486,0.03870574716918147,0.05747995298440209,0.07235467538495755,0.07701677029628629,0.08855828601691174,0.11747477366305759,0.16051024706768444,0.20221956691300688,0.22261934880427614,0.18788602553227238,0.12318253603317884,0.07776464706314376,0.05410989182715656,0.04284690202703138,0.03778894847489183,0.035706595165018895,0.034915683680344964,0.03459425103621423,0.03446249741060754
4167.7,564.3627455252622,89.5,0.02718348629819925,0.025234695848393735,0.02343891615184387,0.02363827250392013,0.02768895804512935,0.03846187047550756,0.05733146431211648,0.07238032058776987,0.07705803615813946,0.08898565347565042,0.1187129893535149,0.16224286985800607,0.20367978967508024,0.22377921589355934,0.18804105103045488,0.12232250207094898,0.07676813661034514,0.053328210328876656,0.042308343817857544,0.03744954333307347,0.035515798645104533,0.034823658953986564,0.03455604506518204,0.034443516197583374
4167.8,567.1474358132716,89.4,0.028339956931604744,0.02620404938941925,0.024171556158158254,0.02414041395640748,0.027895781830077033,0.03809724758182983,0.056129335366312955,0.07163868431983565,0.07783986595384841,0.09063707192716193,0.12044750539911585,0.16359940886558244,0.2045762102122085,0.22296097296872708,0.18686380255414345,0.12292583034620606,0.078054006352495,0.05448386742462956,0.04314421767889489,0.037987783255382615,0.0358160090316907,0.03496124696976499,0.034604603340321595,0.03446113768922971
4167.9,569.932126101281,89.4,0.02849821524835686,0.026172225000219696,0.023963273860330002,0.02385308889703519,0.027653394797112815,0.03809593870010389,0.05642835459634411,0.07124954504407427,0.07655233749036276,0.08976152687176195,0.12133871530153588,0.16592568037950556,0.2065048827628657,0.22490801042747263,0.18676892582935925,0.12016395414880433,0.07501818603997534,0.05213199948905134,0.04153199258094691,0.036970835864704565,0.035247719860738845,0.03469472385238996,0.03450361037672662,0.03441877664499612
4168.0,572.7155053424719,89.3,0.029178796130502123,0.02707530861274809,0.02502977037418121,0.02488867470627188,0.028315549542430287,0.03760002923846722,0.053933333285640574,0.06946848895731593,0.07820513030873841,0.09305060773455626,0.12377417666582034,0.16669391887812407,0.20642831553660485,0.2215598962763232,0.18434221974111187,0.1228387078637108,0.07920472023552914,0.05567128650124627,0.04402594526765217,0.03854124719686584,0.03610690910311038,0.03508006903452143,0.03463630186585261,0.03446660749746326
4168.1,575.5119495132393,89.3,0.03042840307645158,0.027619725080481404,0.024882776050670675,0.024360200008499804,0.027768918106906272,0.03759141326287855,0.054993038022996384,0.06993997240047661,0.07675076463447217,0.09165022694891317,0.12479670723755937,0.16968196159480514,0.20892104311790954,0.22446472818993984,0.18353952183014588,0.11744655154865181,0.0734772340582065,0.05129214098615033,0.04105195365386099,0.036694530110121026,0.03509554145060313,0.03462198391965384,0.03447279659003288,0.03440431582999801
4168.2,578.3198846976887,89.3,0.031174531202063573,0.028081619072684208,0.0250699742584599,0.02438112072965808,0.0277057255479781,0.037474449050826295,0.054723139178414745,0.06930778324667755,0.07615486390387462,0.09191720954597772,0.1265472786852896,0.17178692481608848,0.20983495167577507,0.22480795989949007,0.18235820344105214,0.1150837623930383,0.07132877448488516,0.049718833850548094,0.03998116195702912,0.03601178187818878,0.03470673423824244,0.03443643037646179,0.034401590052289564,0.034373969252577366
4168.3,581.1261990065769,89.3,0.03181246116078364,0.028623353950707513,0.025497733611453462,0.024697767166325137,0.02785825742060063,0.03723839632099158,0.05375020614207424,0.06826084646342125,0.07617332873644585,0.0931278431028995,0.12860466431133555,0.17341415025993304,0.21022429920788757,0.22413987046139924,0.18144944002638735,0.11474968507405284,0.07132691369871402,0.049799602128452976,0.040059509784379714,0.0360660268533376,0.03473550231804859,0.034446522129632784,0.03440235495000796,0.03437210642252563
4168.4,583.9226431771945,89.2,0.03438356558845402,0.03023341623146435,0.026192140849021436,0.02481666979683425,0.02763279745610264,0.036812705832126376,0.05337978165702264,0.06819744856467623,0.07654149090861925,0.09449205116896055,0.13107664330185412,0.17516075348393847,0.21046338489153035,0.22447230854567035,0.18094495772461966,0.11318928828971747,0.0698268537705965,0.048673491971578685,0.039281107075801514,0.035555592191808295,0.03444131956246722,0.03430520433125859,0.03435110835437758,0.034352628468415865
4168.5,586.7305783616439,89.2,0.034850590419233864,0.03063992564967964,0.026524038549435296,0.025075208002678085,0.027774251854730248,0.03662958391838553,0.052470362591983385,0.06702668393889426,0.07631299060055856,0.09564334945110874,0.13330714558352288,0.17652023164520222,0.2102030790746468,0.22415084696067136,0.18114106254037754,0.11328197153651284,0.06976697919456473,0.048579968567358044,0.03920657505125721,0.03550993985744047,0.03441785825042702,0.034293690029067715,0.03434387764277644,0.034347089189768254
4168.6,589.5368926704172,89.2,0.03527006417077477,0.031009987456814,0.026832146290104053,0.02532127707946827,0.027916061116867716,0.03646983226636565,0.0516216306967792,0.06587199922895876,0.07600375752797112,0.0967030720651605,0.1354369128481741,0.1776936095820511,0.20988116085254077,0.22420070673216766,0.1818169671572135,0.11353690023138227,0.06969848670360188,0.04843932071515414,0.0390893359568788,0.035434915982623764,0.034378141984033474,0.03427471903131596,0.0343341813957439,0.03434039679740884
4168.7,592.3333368411845,89.2,0.03582296329249648,0.03145984532043524,0.027166716122989876,0.025557296686584827,0.028023002955414086,0.03626908489024681,0.050797303687382576,0.06484607014447456,0.07582921403764856,0.0978555172616522,0.13747333886194185,0.17855034415798393,0.20939233687709502,0.22450994678890754,0.1830268176355254,0.11416098466700256,0.06982113553793821,0.04840132479312365,0.03903364489856251,0.035398654043626354,0.03436188264151139,0.034267667955432846,0.034329541948655305,0.034335732812055465
4168.8,595.1396511500727,89.2,0.03605866858316252,0.03173483794458037,0.02745614779463281,0.025817676280049662,0.0281744088453941,0.03609160139868602,0.04995005924665469,0.0637643775612271,0.07561109747843402,0.09892339431594581,0.13930743019331188,0.17928479443251566,0.20888672161892977,0.2244550833252361,0.18394145401808848,0.11493903635748816,0.07023511920617158,0.048614526338918676,0.03915478262117001,0.03547213329553343,0.03440355077673439,0.0342851613057574,0.03433404048134515,0.03433431666028232
4168.9,597.9475863345222,89.2,0.036187035823694244,0.031960846293771446,0.02774456755910256,0.026094255939855735,0.028333502942039086,0.03590131269335897,0.04911120986067468,0.0627694914445121,0.07550160953191637,0.09997061495404382,0.14088357159228682,0.17992965702788316,0.20853408158855233,0.22401050615897805,0.18428401285995893,0.11567472629402481,0.07083426643620225,0.04902515734910039,0.039420991141706184,0.035640595902755826,0.03449562501429,0.034324951916368245,0.034346658409951894,0.03433577303859202
4169.0,600.7440305052895,89.2,0.03627394659304192,0.032149782669363275,0.028001623317826786,0.026343852220984183,0.028472202478407205,0.03572216539893095,0.048372721332979304,0.061920176180964306,0.0754512920458957,0.10095386325782912,0.14229671738422583,0.18054936244553593,0.20836519064070735,0.2236552225570736,0.18441724538454318,0.11619501551269648,0.07130720695663853,0.049361162742575605,0.03964246977871401,0.03578105915379099,0.0345712262031825,0.03435838525805802,0.034353707985738856,0.03433742527580818
4169.1,603.5602158684154,89.2,0.03608839060835364,0.0325153114161184,0.028765729997193797,0.02713875356233244,0.028901498191212995,0.035258236082646825,0.046766674665963015,0.060773292399081115,0.07648308202880708,0.10290445224186814,0.1429994442049329,0.18132953661357018,0.2092575489112838,0.21984781124465005,0.18140069693779245,0.11882142001359235,0.07547308103454795,0.0528202864106317,0.04205377007500506,0.03727996675926301,0.035375891676964366,0.03470532801651943,0.034464308775169365,0.03437330681252381
4169.2,606.3764012315753,89.2,0.0371062080815048,0.03285201769703306,0.02852713169855882,0.02667749901234131,0.028538011315390088,0.035297026722914494,0.0472703664285069,0.06091527779952081,0.07580673626166576,0.10305502286784048,0.14509346259932168,0.1820673785318586,0.20856309757190822,0.2226892685910803,0.1830797055698347,0.11555360720869753,0.07106993011845208,0.04927337499598631,0.03961638546415054,0.03578213559098289,0.03457831496621451,0.03436212884170171,0.03435049270955595,0.03433377314457449
4169.3,609.19258659485,89.2,0.03763707582100712,0.03326383408041661,0.02879704839491591,0.026818174245500773,0.02853462780743871,0.03508191244559111,0.0468329797839194,0.060648198882133304,0.07622063180007194,0.1042354481892362,0.14646282548282535,0.1829776561601153,0.2092592322431634,0.22284933445000715,0.18244826405669357,0.11501463780206124,0.07078828678324564,0.049141159041480406,0.03955835585337119,0.0357610469919624,0.034572728676706445,0.03436098420550599,0.03434934778710803,0.0343321904268557
4169.4,612.0087719581247,89.2,0.03793359454764654,0.03354848772374766,0.02903950879425777,0.0269876189353974,0.028583152712558124,0.03491928370216409,0.046426499638739786,0.060379789296135265,0.07663248897860168,0.1054007843931855,0.14786805462732638,0.18414200632068206,0.21022939643796493,0.2228490900394334,0.18140916173074884,0.11433071328109244,0.070541692984773,0.049082497983218815,0.039562140506235736,0.03577887848334122,0.03458676470692079,0.03436730112620383,0.03435058355673582,0.034331560173324845
4169.5,614.8249573213994,89.2,0.03855230608831545,0.033984721339901845,0.02928070898236165,0.027081347430344637,0.028553902844176988,0.03475938873844864,0.04618818164950146,0.06036978170531736,0.07721884038328572,0.10672512265360724,0.14943849579527108,0.18519568037082387,0.21111642588513724,0.22362557754378215,0.18123870949477514,0.11374729143882874,0.07006522438179633,0.04877778982292466,0.03938335957585273,0.03568344640158965,0.034542026232907246,0.034350135036894734,0.03434491338227179,0.03432870876779921
4169.6,617.6411426844105,89.2,0.03894134326941671,0.0342913092427865,0.02948920436056047,0.0272028323207723,0.02858613933133395,0.03467667223590082,0.04601280860290728,0.06037098419379073,0.07778275233604613,0.10800213040976483,0.1508707075558256,0.1858594139410939,0.21142552835886155,0.22430259373497138,0.18190337625483738,0.11410939272645024,0.07025510207988342,0.04889358585288018,0.039461679918458205,0.035736415264868336,0.03457386795189377,0.03436516088293219,0.034349842699587234,0.034329942926633106
4169.7,620.4573280476852,89.3,0.037147456674371235,0.03334192999845353,0.029355244828488003,0.027544139190338737,0.029096168721291508,0.03503962835150185,0.0458244608994327,0.05962614860915281,0.0772900835192959,0.10833141072515663,0.15197357841659148,0.18658266177858743,0.21119665764958567,0.22393917859620757,0.18250419998024806,0.11542226096698495,0.07154182069298572,0.049837077103280364,0.04007116526771663,0.036079704790250765,0.034736502754414464,0.03442363653509597,0.034365042137411615,0.034334837250637955
4169.8,623.2735134109599,89.3,0.03760885312250538,0.03363690326706951,0.029487501064841812,0.027580123198774658,0.029095606395771603,0.035056948989043574,0.045930030737772284,0.05990598497554458,0.0779007415707577,0.10957616440178665,0.1533147890373097,0.18638834019971814,0.2101484969401561,0.22450123309735978,0.18422706327810834,0.11626723530674676,0.071730750587742,0.049816823919217545,0.040014852246965694,0.036036973513293345,0.03471454314501991,0.03441607699492368,0.0343634895244184,0.03433479088284582
4169.9,626.0913139717024,89.3,0.03822524452773722,0.03405210607621102,0.029692462988903146,0.02764268922418557,0.02907927789637201,0.03503177851765587,0.04604315485243238,0.060384857604299305,0.07886258292567754,0.11097598776976783,0.15432446510407286,0.18598189116997793,0.20910780423117092,0.22466113231620738,0.1860313612660531,0.11789812712374617,0.07271655031686866,0.05038776570162873,0.04035525698312844,0.03624020373527365,0.034826551331436896,0.034468123198797496,0.034382342969057296,0.034342029812477
4170.0,628.9074993348623,89.3,0.038563350724118005,0.0343001551255727,0.029840984394562373,0.027719273995989696,0.029115813638682653,0.035078431795566835,0.04622659476029039,0.06090958074975233,0.07981984987358422,0.11222890005439705,0.1550851886419955,0.18548092576859054,0.20791603381627802,0.2242859712891264,0.1875504385467915,0.11973328823664638,0.07401417394228711,0.051206640979165524,0.04086019576814568,0.036539638269197,0.034986749009968475,0.0345400076546466,0.03440797149625311,0.03435201352150331
4170.1,631.7120135530895,89.4,0.035749524971176186,0.03301797316973277,0.03001634948766205,0.028651286957510885,0.03011862918951752,0.03549823135438476,0.04563730511766698,0.060144188487533,0.08016841279136123,0.11233480159711297,0.15398591443168042,0.18668938111607897,0.20926309230940035,0.21912762543423958,0.18421847395507107,0.12425175740758042,0.08049123801457397,0.05638654489927086,0.0443121411515214,0.038572930908439315,0.03601423618037486,0.03495646973373488,0.03453533163819548,0.034391426168893645
4170.2,634.5152259959355,89.4,0.03387751969778512,0.032545654791728565,0.03101856370093331,0.030466889364124113,0.031908768312094195,0.03639201354884037,0.045100018376698345,0.059150325857979184,0.08028088990745622,0.11198584196524962,0.15249499573332462,0.18919161597728462,0.21073068583826787,0.2076426608376401,0.17259055151746025,0.12471973172522514,0.08662797401705141,0.0625812328916613,0.04883114458773475,0.04135683853005276,0.037480584057652526,0.03559039974332973,0.0347503344426319,0.03447016349322047
4170.3,637.3197402141626,89.4,0.03388567739438505,0.032565930963841735,0.031060047172193222,0.030540403887561452,0.032035516278529866,0.03661734120740677,0.04550509850737827,0.059825393166135526,0.08123156813864223,0.11300657365725363,0.15309136971190765,0.18902504396625391,0.21005343409224814,0.20711495482342676,0.17275463409516045,0.12534292134764508,0.0872757722453631,0.06307195838138069,0.04915304124118572,0.041547746538436715,0.0375834864649637,0.03563935907953042,0.03477115637877568,0.03448065397417373
4170.4,640.1341673316487,89.4,0.03404940937198328,0.032701166986114596,0.031164040792735905,0.03063319883835216,0.03215642195531121,0.03683641791219547,0.0459411503737298,0.06060742288798552,0.08236494236961807,0.11423075503967098,0.153829633212336,0.1889359619776531,0.20937998939865887,0.206399431073066,0.17257102808585806,0.12566695237162415,0.08774989946758702,0.06348267771932051,0.049446469085738735,0.041733349049075046,0.037689636060969554,0.03569294870286645,0.03479552222627525,0.03449366677289341
4170.5,642.9386815498758,89.4,0.03318924512693437,0.03241311729817491,0.03159084178722329,0.03161246896753881,0.033409880756857024,0.03802759960003563,0.046703788179949135,0.06081329863712286,0.08222295417812286,0.11346971228521732,0.15252668154836166,0.18815012274741283,0.20707772372491187,0.20019008790643172,0.1672751502753077,0.12473059816353932,0.08904748641878119,0.06487617970904193,0.05028798139659614,0.04211071449217655,0.03780266194743327,0.03569652942834157,0.03477113027682976,0.03447068627209778
4170.6,645.743195768103,89.4,0.033293223087374334,0.03252307058349744,0.03171571801259853,0.031767716788565624,0.03362507551877165,0.03835712317437609,0.047235529190467355,0.06164487846796531,0.08337369940814832,0.11474315965287976,0.15347340791641662,0.18839879962796616,0.20650364761651818,0.19898118583710184,0.166142696889884,0.12414314649650719,0.08889415634431107,0.06491700769964791,0.05037459675643913,0.042184633841561826,0.03785090247359326,0.03572273615052957,0.03478329924694676,0.03447709793936665
4170.7,648.5576228857044,89.4,0.03333833439291197,0.032542933850839374,0.03171192974017789,0.03176953910553891,0.03368861086926859,0.03857515575192512,0.04774207531374294,0.06256260477906836,0.08469997161965484,0.11626455345154932,0.15469490875657163,0.18891116629841992,0.20641119718703532,0.19861746879888614,0.1657678796141202,0.1239075783625354,0.08881558942619312,0.06493727890240698,0.05043151467803938,0.04224137907310091,0.037893218171629536,0.035748784804952485,0.03479701790165614,0.03448508829828644
4170.8,651.3621371038162,89.4,0.03343857679479967,0.032642015928310314,0.031818962943693206,0.03190698943778031,0.033898216537630255,0.038930023755657336,0.04835309199780888,0.06353655259975918,0.08602762366823644,0.1176943839862453,0.15573111948348436,0.18918632297398322,0.2058039375057823,0.19727912793712327,0.16441028846639158,0.12307980325586998,0.08847804936529728,0.06486388005105183,0.05045763965542949,0.04228715005999285,0.037930262111931776,0.0357714886647217,0.0348085750916679,0.03449151860703027
4170.9,654.1666513220433,89.5,0.034753831674270194,0.032200733328824394,0.029475517103224838,0.02849552691807608,0.030637511380757973,0.03742850878049015,0.05030151276450718,0.06830018100463765,0.09048195199197308,0.1215477338571901,0.15715813388192043,0.18455500665003344,0.2057157733531213,0.2149690992726751,0.18109957055317258,0.12377025488607812,0.08142870657943294,0.057610508158050015,0.045356386017870114,0.03932564417927032,0.03649106865865503,0.03522114102156318,0.034665638410636676,0.03446520845919582
4171.0,656.9711655401476,89.5,0.032150418009201105,0.031581922578704374,0.031120934628365293,0.03162186539391307,0.0340569282996106,0.03960135650313425,0.0496456714406436,0.06548428057883048,0.08839334854208002,0.11982582778249004,0.15675461060074772,0.1887311752017629,0.20412033514814926,0.19489214094227103,0.16220132716239588,0.12162951235941771,0.08772206453082662,0.0645284094523806,0.05032807126135179,0.04224533267167586,0.03792134069706154,0.03577250510643784,0.03481081689890392,0.03449318743737383
4171.1,659.7714690951778,89.5,0.03208687595014977,0.03153766580972163,0.03111960234787127,0.031695666683650224,0.03425862991167888,0.04002066299591307,0.05040619106584182,0.06666160723792905,0.08986756037690811,0.12120009418947561,0.157454437434952,0.18846281709528123,0.20301817494976632,0.1933692076012354,0.16091715645775426,0.12091460746262968,0.08744981509006254,0.0644791568541868,0.05035699092977072,0.04228644500009365,0.03795301835342914,0.03579152882264398,0.03482044168779808,0.03449864412357721
4171.2,662.5618095761255,89.5,0.034788299090790314,0.03224637954853505,0.0295457264511482,0.02864770903421347,0.03103830747717049,0.038511971187444254,0.05295320413734067,0.07315288723866054,0.09621965820472857,0.12518124715725729,0.1569816279787474,0.18368686845409057,0.20498294091557467,0.21068512899720382,0.1763033875842132,0.12282234061331507,0.08263559377159568,0.05921116998354395,0.046686257271863,0.04024715240031422,0.03704654107810918,0.03550913286580021,0.034794773890277166,0.034533445055669305
4171.3,665.3521500571892,89.5,0.03209731270428865,0.03155711442876432,0.031187517146727448,0.03189064464334352,0.034719060836681595,0.04097725766940269,0.05216243564337741,0.06936289604873634,0.09315035260450545,0.12412816711052568,0.15886909572087587,0.1880591735132971,0.20159433371620952,0.19191622062179056,0.16010658304673822,0.1207894891267518,0.08769165870691978,0.06481097588602616,0.05063857671323524,0.04248023459482641,0.03806917250402041,0.035852756292199105,0.03484902119717587,0.034514078856830256
4171.4,668.1524536121397,89.5,0.03217640007715242,0.03162670583933335,0.03126422789503216,0.032021344896521704,0.034989917832691016,0.04153137216420945,0.05318392375405437,0.07092229665704923,0.09499992805851745,0.12573373299215265,0.15964086953381407,0.1879120577134023,0.20107160004475394,0.19160123572904117,0.16021098805046582,0.12117602718206043,0.08815397426701782,0.06522056293613392,0.050944941331744174,0.04268312770357891,0.0381900833055137,0.035917121492593414,0.0348796901377182,0.03453101858838438
4171.5,670.9427940932034,89.5,0.034958073479440924,0.032179149447064695,0.029321654742033985,0.028519053376477477,0.03142444261077715,0.04025289297196309,0.05734489273357748,0.07989899968315457,0.10232082880394505,0.12817530519243328,0.1559625913808913,0.18110840368764516,0.20435009197924073,0.21304110901548587,0.17884085437575442,0.12409303421882772,0.08330253787567173,0.0597070947695629,0.04710319243239601,0.04058391116124198,0.037295164035421026,0.03567168001186254,0.03489073481477517,0.034595354627171095
4171.6,673.733134574151,89.5,0.0321857482678849,0.031670279570549194,0.031405306955295254,0.03236281625573036,0.03570544059566796,0.04290808112853277,0.05557276404812702,0.07438113188070329,0.09891208614911598,0.12899365223794898,0.1611776490745532,0.1876271097273189,0.19994086087828475,0.19070702235974113,0.16009430386005813,0.12171910861038572,0.08897392207995794,0.06601886807881296,0.051576072353992204,0.04311787941856156,0.038457251605625936,0.036063365948007436,0.034951490225956554,0.03457180968514794
4171.7,676.5334381291813,89.5,0.035186114365147,0.032275814212472755,0.029348734949318958,0.02864942360892878,0.031965651435372375,0.04186001167543857,0.06101945284875411,0.08513961733006349,0.10664365166408797,0.13012058393931775,0.1555110228626534,0.17987160785452747,0.20373577953679153,0.2128061858964302,0.1783159702011631,0.12369732106264406,0.08322901650979816,0.05984108517256911,0.04731012436436293,0.04078500261962027,0.037455494039641095,0.03578178537314578,0.0349582369491768,0.0346416707148179
4171.8,679.3237786101648,89.5,0.03473635346831303,0.03212634690924987,0.029526050404667274,0.029089046016190355,0.032656494068694884,0.04287952256161127,0.06248232230054922,0.08704103343477224,0.10859465849163387,0.13132461080558228,0.15583232627954657,0.17980407707473364,0.2025460034401643,0.20946209099987367,0.17601584252907665,0.12406276082757624,0.08464339541599786,0.061214938314350965,0.04833057860926525,0.04144351703753308,0.037828049778246255,0.03596337009871062,0.03503398012092505,0.03467844566403048
4171.9,682.1141190912285,89.4,0.03744054219699579,0.0335467425732156,0.02973080237293265,0.02865708052029344,0.032256514669843105,0.04363425304756501,0.06619755576325319,0.09252717041090265,0.11177401617969615,0.13170292850781387,0.15414730438225424,0.17760559821585287,0.20249358394984185,0.21254406974934992,0.17696106141212395,0.1215525766008956,0.08145100029218935,0.05870566498457423,0.04669019276146119,0.04050701622575699,0.037374992183055636,0.03579668565389763,0.03500053142153203,0.034683403509338254
4172.0,684.9144226461428,89.4,0.037254639793608664,0.033421891446132716,0.02971148386973661,0.028802382290650397,0.03272300710496078,0.044826986806356474,0.06866515039340924,0.0953957704178436,0.11350393288922168,0.1320584725273381,0.15357339011829543,0.1768160156697738,0.20165715999326195,0.2111849998917307,0.17544151662660026,0.12059449901660324,0.0809846692981806,0.0585066731401882,0.0466207204643021,0.04049712221469793,0.03738935936204485,0.03581661723761657,0.03501770415805789,0.034697312012125156
4172.1,687.6965980540259,89.4,0.03731231112555032,0.03343350386653412,0.029726878715856074,0.028927326163656387,0.033167074065469586,0.046084613793187644,0.07139498342458098,0.09848834103180285,0.11520374390659983,0.13225796919995636,0.15287088378971198,0.17614854233186084,0.20148383993794672,0.21080471262459755,0.17426150161174708,0.11934212285283657,0.08008464516720058,0.05795152100281242,0.046308236180840415,0.040339374535734926,0.037324216889860505,0.035799847695989796,0.035020306846960864,0.03470445346729261
4172.2,690.4783960337651,89.4,0.036543874957090286,0.03335636979296046,0.03031282268272938,0.02994828601169219,0.03446644500732917,0.04744612765848307,0.07232999990329639,0.09957102421493644,0.11727596655948853,0.13416666899930954,0.15415086332689398,0.1769286056341448,0.2000481931096991,0.20566212672395717,0.1713321063909281,0.12093743679870346,0.08321903853472305,0.06079793900093432,0.04838551485441396,0.041669635500779595,0.03807270255881444,0.03615991239542609,0.03516754670995371,0.0347755872431247
4172.3,693.2502005001784,89.4,0.03737700289115966,0.033460347468439317,0.029815426085319608,0.029278363999696286,0.03421373923011254,0.04887372504201851,0.07719684990285536,0.10455604165401802,0.1182657405109903,0.13248061229686844,0.151665799517374,0.17551708195801324,0.20220356884321655,0.2107770144544377,0.17190971528664292,0.11660861255329859,0.07807843350320376,0.05668810581091102,0.04557405826578324,0.03994682420732381,0.03714367426008172,0.03573528266030603,0.03500733864031368,0.034706354111885336
4172.4,696.032375907945,89.3,0.03973238914452217,0.03482691832915895,0.030334425975706392,0.02942066269313841,0.034499571687809816,0.050279357903022924,0.08123483284056277,0.10911503785140374,0.12045640197229159,0.13258802043241913,0.15072926663663525,0.17503437740429353,0.20297952046223958,0.21150426545574863,0.17086595601524507,0.11483360100190196,0.07659482560849183,0.055679658583094635,0.04495320145543903,0.03960062975695065,0.03697947373081197,0.035677503997924416,0.03499886967770241,0.03471192361292094
4172.5,698.8141738876842,89.3,0.03969045405393493,0.034823892549950476,0.030419055852322494,0.02967924229159971,0.03515807842481915,0.05191531842708423,0.08440285349167544,0.11187584293249189,0.12156256189928807,0.13240465751762284,0.14987182434642266,0.174284059186663,0.20280622408765483,0.2116163242652127,0.1708364767529736,0.11472739403695126,0.07651846851209007,0.055651742214679265,0.044959649324987354,0.0396234374252386,0.037004745341737415,0.035697923199419605,0.03501198471443173,0.034721032398546646
4172.6,701.5959718674568,89.3,0.03865352388030925,0.03474043157197202,0.031188187081647795,0.030982993158420333,0.036800299855796886,0.053493853032345814,0.08480665195190633,0.1124116705874665,0.12373001120518969,0.13463657551577718,0.15119462329793004,0.17411245776846668,0.1994981206302358,0.20583269728656156,0.16994296807207268,0.1188451879008088,0.08154990072012919,0.05978637993230289,0.047887392205380366,0.04149155412403066,0.03806228647519451,0.03621248042194033,0.03522683243802633,0.03482592831100128
4172.7,704.3781472753399,89.2,0.041861798197965296,0.036154054306500844,0.03114354680396437,0.030330259797871077,0.03646054600147634,0.05541562410589669,0.0917743089312694,0.11830347172283186,0.12424066376918126,0.13221614044002208,0.1479477850083748,0.1721624789867467,0.20164346236611158,0.21171555067681563,0.17180466170587866,0.11579805960980978,0.07740274220926206,0.05634911355312376,0.045494662792567454,0.040017963132227954,0.03727341165691812,0.035864370855282976,0.035107904341066073,0.03478523786496915
4172.8,707.1599452549627,89.2,0.041543488179421315,0.03611935145382042,0.03140209218378085,0.03087977156064121,0.03747120059494718,0.057332119409473394,0.09459430193987346,0.12023702293362165,0.1252171341879804,0.13243164348262165,0.1475090935128934,0.17124115199595588,0.2003121386912195,0.21047217539773103,0.17188702310528484,0.1168387792530593,0.07855793979601984,0.05729834209492828,0.046196200941729756,0.04049579944916015,0.037572243950628074,0.036032730044067866,0.03519503441757501,0.03483885196327593
4172.9,709.931749721376,89.2,0.0403650195707269,0.036057828579120633,0.03231367300320438,0.032402662279601535,0.039388741933040795,0.059059816312872125,0.09446892156269074,0.12036063771798498,0.12746176508642823,0.1351114073481296,0.14943035892132378,0.1713954812989173,0.19687697553568154,0.2041728705296112,0.17005106868451186,0.1200639370979911,0.08297706132933734,0.06105087633446354,0.04888834257612306,0.042222862597857735,0.038553316370142095,0.03651387409255019,0.03540010489276224,0.0349418316150636
4173.0,712.7139251292591,89.1,0.04355050777876502,0.0375222652914857,0.03242818692609,0.03199462724394362,0.03937578410883115,0.06145189922568889,0.10157778744209384,0.1252322508513094,0.12763990430730923,0.13317481783012172,0.14709721572593298,0.17024472259504905,0.19872838468678905,0.20793420808255345,0.16977837306615703,0.1160218702139779,0.0784920929656966,0.057507565478079885,0.04646776656447459,0.0407457298441364,0.03776893557118275,0.036171430111846335,0.03528567305510844,0.03490584223136938
4173.1,715.4839973304996,89.1,0.04399770366402414,0.037838612133243674,0.032718465337392116,0.03243886145118941,0.04031535200264569,0.06366440245866223,0.10519870966073173,0.1272999799906484,0.12836107309629083,0.1333292765372689,0.1468963352924811,0.1697823497497885,0.198092507967415,0.2069359376932027,0.16832385116649515,0.114684606177516,0.07752931911067935,0.056879245193377094,0.046077588560238004,0.04052406053886298,0.037660685052559664,0.03613196179032485,0.035281467709949096,0.03491200853571238
4173.2,718.2540153810035,89.1,0.04426904298080656,0.03817294415715274,0.03316567241661486,0.033097721238446,0.041451492389262816,0.06581452440145777,0.1080572320926799,0.12898205841930388,0.1294153744915558,0.13402407725326695,0.14705543836844126,0.16912763860386884,0.19634253505390256,0.20442000161894752,0.16662319476889748,0.11414077189107084,0.07751756999697451,0.05701956263512405,0.04623290384009807,0.040652769307059335,0.037754038399370006,0.03619330466438525,0.03531986743404941,0.034939654316542966
4173.3,721.0240875821275,89.1,0.044977786847991114,0.03865133262013898,0.03353906189087984,0.033588545972169814,0.042439137865468664,0.06810390295075068,0.1115719002315614,0.13085054665547857,0.13017424605155828,0.13425402409049386,0.14666258422502165,0.1680653497526885,0.1950555881699055,0.20364311038838248,0.16628557735477484,0.1138778725152259,0.07729856296961417,0.05686515889100442,0.046140737531679896,0.04061059182406964,0.03774626570561112,0.03620466741276741,0.03533751091274776,0.03495753375065375
4173.4,723.7841600449573,89.1,0.045094933181099014,0.03895972280380083,0.03405947507416289,0.03437514232590853,0.04372295729671964,0.07026701499468928,0.11388084725444172,0.13216603275835648,0.13130452649701183,0.1350810708707447,0.1467170149021515,0.16705040071279353,0.1931638324186135,0.2021214274246244,0.16654076730255796,0.11514264080804425,0.0786011527210526,0.057903229333700096,0.04689204083304092,0.04111615490486789,0.03805788611925383,0.036377706642492895,0.03542650041724068,0.035012316821680545
4173.5,726.5542322461978,89.1,0.04423208744202587,0.03924663026113365,0.03529728385331834,0.03620916142335561,0.04590799540501903,0.07177262849730488,0.11261125725241827,0.13236528303560172,0.134033974341488,0.138147330583912,0.1487066515553369,0.1668977039174725,0.18963761536328422,0.19692197889689259,0.16615822026393423,0.11930686792541083,0.08358863314120156,0.062031587613438986,0.04984469558525192,0.04301578183327052,0.039143713168814924,0.03691554805507506,0.035657575827716184,0.035129301955696406
4173.6,729.324304447445,89.1,0.04529194910777634,0.0394071308277681,0.03486782186592829,0.03574152361623237,0.04623927557196953,0.07499913828314572,0.11919840686134674,0.1346255443527507,0.1327864022302226,0.135839485538541,0.14624066068865224,0.1655591850495979,0.19233995807560186,0.2040779778963983,0.17000480201387616,0.1179365744043082,0.08049917686519077,0.059191352287296,0.04777720735325082,0.041709630502297756,0.038434089784156154,0.03659712301495301,0.035547743696335454,0.035091773775622795
4173.7,732.0943766486855,89.0,0.04810580189546401,0.041108034001948034,0.03577629573688923,0.036434425449240644,0.04737103058598869,0.07772623214411183,0.12332225623703631,0.13693597294492735,0.13380572020510295,0.13600201051666536,0.1458573420899755,0.16534353590843182,0.19314659458740238,0.20584719241066923,0.17114196267441534,0.11817970319373705,0.08043685365059629,0.059108958871780644,0.04773690522447947,0.04171189548410715,0.03845984412051907,0.036631350596383026,0.03557909798959537,0.035118966490128294
4173.8,734.8544491115152,89.0,0.04718709162616237,0.04122206039638599,0.036729250390118526,0.03795816247772297,0.049375350298337305,0.07952703975040001,0.12310346052150414,0.13748555420928116,0.13564054184152424,0.13787827493729632,0.14724634256136715,0.1659616409368446,0.19232634637792387,0.20386192073014103,0.17128779840799835,0.12062508060142892,0.08327683892675514,0.06146228938023806,0.049435503939674365,0.04281591013509216,0.03910088341806292,0.03695196968795837,0.03572018769518236,0.03518996054710502
4173.9,737.6244671620158,89.0,0.04771546470286767,0.041342387511502474,0.03666775991918306,0.038074244310211336,0.05032196844722702,0.08278092554473984,0.12774515643908582,0.13869190747522392,0.13500268859097095,0.13679071794407588,0.14614322585732484,0.16556757150063897,0.19427163692882668,0.20796892388811694,0.17256145821447166,0.11874465310346709,0.08070570414381394,0.05929709972789835,0.04789087612611141,0.041831747952882053,0.03854664431411974,0.03668718537410885,0.035613627172507586,0.03514351242607463
4174.0,740.3945393632563,89.0,0.04707878100887328,0.04129127017119538,0.03716013086122637,0.03904768799488927,0.051934268723458805,0.08504716389232589,0.1290942729067985,0.1393258527422744,0.1357339851776975,0.13740308862038147,0.14645964573814002,0.1654844315863367,0.19361747790048417,0.20686846505071446,0.17208241874795346,0.11904636263030141,0.08124199385183048,0.05978309695429914,0.048252486581632385,0.04207020675949186,0.038684640042265836,0.036755985578962015,0.03564326476868983,0.03515869917326121
4174.1,743.1546118259696,89.0,0.047751368643310796,0.041841600935663886,0.03769975525823719,0.03979156989319553,0.053298084997843095,0.08764303061563784,0.1316643908901644,0.14037520086193694,0.13615962897752507,0.13747704611678074,0.14624649198521,0.16505731872191903,0.1930486743588254,0.2062365550267915,0.1714904338457829,0.11860041832135598,0.08094489198161169,0.059595948003716905,0.04814165670920669,0.0420116099169474,0.03866064603491735,0.036751834505393564,0.03564801268337542,0.03516582321772959
4174.2,745.9146299418607,89.1,0.04515508993921532,0.04066274480123172,0.0377890785038447,0.04077922791541172,0.05503482157617421,0.08941526875004849,0.13146222319707793,0.14008537910726174,0.13661824221362714,0.1381841321333283,0.14663020916528774,0.16447047606188944,0.19097671129908883,0.20359247646072964,0.1707865873421869,0.1195360483758111,0.0821912967329555,0.06061836569216574,0.04885021490918013,0.0424476987512369,0.03889337270870726,0.036854181111499476,0.035681707519613366,0.03517601115830782
4174.3,748.6747024046836,89.1,0.045285497238469204,0.04118070867779328,0.03869934265786328,0.04206369893664177,0.05672374573317845,0.09101347430150751,0.13186137799382178,0.1408366083020377,0.1378022765616642,0.13921594740361298,0.14728275496914614,0.1642946298384829,0.18891566236464793,0.19993127124255536,0.16927971462023708,0.12060231305433586,0.08398149094383991,0.06220390462132858,0.05000739417369026,0.04319384984005836,0.039319443935742035,0.037064448183722995,0.03577192061141255,0.035220519911789754
4174.4,751.434720520578,89.1,0.046099504337409156,0.04161649544969251,0.03891000726373339,0.04238707971906414,0.057793381444463554,0.09396659005496538,0.13515613885481698,0.14157539107769507,0.13731542211002543,0.13831972044234506,0.1461607606212025,0.163240569501639,0.18872295163013333,0.20079469568575292,0.169046916911022,0.11897195074773301,0.0821165020344566,0.060676114794805995,0.04892497684404055,0.042509562749733526,0.03893772665648959,0.036883859198164864,0.03570102859920055,0.03519072367342556
4174.5,754.1947929834009,89.2,0.04323581073145374,0.040336784414713625,0.03914751573553665,0.0436954200239999,0.05966794264182473,0.09467282835781518,0.1332258380955696,0.14110718260890043,0.13843219256921885,0.1399205448707971,0.14748039603971708,0.1632986313908155,0.18614452692660677,0.19612043366644683,0.1669393412973799,0.12007289952648512,0.08417685932011161,0.06250767536849217,0.05023434303051486,0.04332077920124979,0.03937074925752412,0.03707292467007072,0.035762847401850005,0.035208056191406746
4174.6,756.954811099292,89.2,0.04353515936187362,0.040796939586655014,0.039835113537248744,0.04469549739375203,0.0611236627803459,0.09636304902477938,0.13405711459902697,0.14166989309104208,0.13913468012682825,0.14052831364382995,0.1478157759384332,0.16312842258282984,0.1849859058498421,0.19393479153251947,0.16520288021287025,0.11941606146628206,0.08408373382626778,0.06257764429081607,0.050316491833846344,0.04337453899663764,0.03939552942665418,0.03707896990922971,0.03576044678586947,0.03520376866460757
4174.7,759.7148835621217,89.3,0.04141211238993478,0.03935665123204044,0.03920536109378277,0.044887331328162694,0.06237955039490217,0.09868645286439322,0.13506014460038784,0.1410234600270598,0.13845353325699614,0.140077480949862,0.14720002865855206,0.1623236757378507,0.18490379196898798,0.1949176753974957,0.16484392156679445,0.11736665272326818,0.08170659442846515,0.060573604014042284,0.04884070642872902,0.0423917897891095,0.038805072120501355,0.036763254526427355,0.035606150674308536,0.03511278589916681
4174.8,762.4749016780128,89.3,0.04175408225988413,0.03977509553451517,0.039784351060532026,0.04576116347224563,0.06376559869842292,0.10044412434244165,0.13589690041052055,0.14135360028500954,0.1388953659308813,0.14046911864731482,0.14732501764507802,0.1620652923781368,0.18413946288356164,0.1935705957868673,0.16330506905546366,0.11612919730512196,0.08082828834338117,0.05996138415754297,0.04841902918849779,0.04211272562827888,0.03863310480551149,0.036666695896997906,0.035555727122127956,0.03508133090090288
4174.9,765.2349197939038,89.4,0.03929681035618898,0.038317517456437925,0.03949520325186204,0.046520100652637106,0.06531724649135896,0.10141294139555737,0.13468987517185166,0.14053687747117688,0.1391948189619272,0.14126923347439097,0.14791470571791487,0.1619076574531546,0.1829817816780777,0.19181117926110716,0.16207032736747856,0.11566520928605221,0.08070105051939193,0.059900439555980074,0.04834585767083747,0.04202207065842787,0.03854221882960944,0.03658934644487596,0.035498781196004046,0.03503761146204856
4175.0,767.9949922567336,89.4,0.0395561968918787,0.038694786768316815,0.040084910541334784,0.04744756813106009,0.06672612989809336,0.10291157851442394,0.13510814851295283,0.14064762180513193,0.13955975372211696,0.1416546269307539,0.14805523073900262,0.16171388108253862,0.18246027237644377,0.19095869538253332,0.16103604224869789,0.11474129080458904,0.07998930025887602,0.05937829504868898,0.04797429040000351,0.041770053802526845,0.038381812668370555,0.03649591447058587,0.03544576725089248,0.03500131863009953
4175.1,770.7568032567799,89.5,0.03701503606894523,0.03726061160501339,0.04003290460010703,0.04860969573831308,0.06832794102744986,0.10248141267147541,0.1324030295870937,0.1398958679200284,0.14065137061844635,0.14347216845505067,0.1497698118969978,0.16218914974921114,0.18009125504733456,0.1862874633277829,0.15906168592291012,0.11632499970248615,0.08271474611877715,0.06185813775881371,0.0498196324338925,0.04298492928450634,0.03909214753813326,0.03686177463876551,0.03561602045144425,0.03509842250110067
4175.2,773.5186142568599,89.5,0.03755733825069975,0.037767206369807745,0.040580947158479694,0.049393319237183986,0.06966095405284602,0.10427903796931692,0.13328861355936894,0.13993703396185572,0.14066528125501912,0.1434332886258374,0.14946223379626847,0.16185783420456443,0.18047726808716924,0.18740247384292735,0.15914247835285864,0.11512882932024983,0.0812139380619301,0.060586947864729325,0.048906458615327816,0.04239938658086604,0.038759133094287274,0.036695658268990315,0.03554171136344042,0.035057002381422585
4175.3,776.2804252567898,89.6,0.035824322016885304,0.03591445848014821,0.038846462546798445,0.048450652907268944,0.07124270595487285,0.10955219951465005,0.134448341364212,0.1370312449114915,0.1391186320360508,0.14265793228872373,0.1464420415487825,0.15787913553335117,0.18315160798769506,0.20091947904799437,0.16369408158225443,0.10836321732594335,0.07203307450633753,0.05265370052472957,0.04288951358664011,0.03819657549701644,0.03613105636006619,0.03526663620665794,0.03488205208777437,0.03471224356676113
4175.4,779.0422362568362,89.6,0.03629942010602335,0.036476569497785986,0.03959125651563522,0.0495004790844677,0.07260228891865426,0.1103694304530552,0.1342577962229492,0.1372638709304056,0.13990327304681702,0.14337572867051238,0.14677410750057004,0.15795028583816936,0.18309939870681124,0.20057027663161583,0.16304074332338847,0.10785549574866836,0.07171981365885036,0.05246075127117157,0.0427643675311248,0.03811351819512896,0.0360779574542098,0.03523569835821608,0.0348655223283517,0.034701843638976
4175.5,781.8040472569162,89.7,0.03416730068043831,0.035192415376860936,0.039443336673688996,0.05046935284871069,0.07394412628220301,0.10950446752825542,0.13215882645091354,0.1370623214059143,0.14092462613618728,0.14476850654670792,0.1483363731819515,0.15912712426125417,0.18231700052360075,0.19707335693591346,0.1619347954212358,0.10936746013561927,0.0736969688296292,0.054160224488956306,0.04409033320836981,0.03908429269563627,0.0367218097581344,0.03560968120516789,0.03505030179043862,0.03480551495881571
4175.6,784.5658582569625,89.8,0.032119922784361335,0.0336339325114095,0.038680991654633325,0.05080105922863788,0.07539963762776393,0.11009274268749619,0.13034532132304902,0.13590195975423722,0.14170164944690608,0.1461754593353932,0.14876676137710074,0.15866676865678694,0.18253960308238024,0.199113286490857,0.16261292326422744,0.1083459603111943,0.0723672763907276,0.053031591108278,0.0432302858698918,0.03847432459012251,0.03633142498981689,0.035392994918074294,0.0349484916789131,0.03475069010079692
4175.7,787.3276692570425,89.8,0.03264994470137955,0.03421229238530716,0.03939218092799318,0.051758341584419325,0.07656861011876095,0.1107575105375691,0.1303398103925053,0.13626409125149128,0.14255333699750014,0.14692509515219826,0.14915082420908393,0.15897059016063175,0.18314017952957895,0.199755497256815,0.16243176698645953,0.1078493410137378,0.07194354163588705,0.052726253141609856,0.04301505578491279,0.03832568140647782,0.036234991976595556,0.03533664636837455,0.03491867800671416,0.03473210245612244
4175.8,790.0894802570889,89.9,0.03061704081714331,0.03285309874039758,0.0390659038111071,0.052507923898252394,0.07734338988695545,0.1091824839939052,0.12863051474554948,0.13632313758033204,0.14296987869411112,0.14798205677761359,0.15187668201791343,0.16205093310920166,0.1823665111863077,0.19268377997903097,0.15983914435723998,0.11093670740214304,0.07624799149972138,0.05652151999787729,0.04599891954641071,0.0405110364230836,0.037674514582715306,0.03617102031930921,0.035335011823513014,0.03497151195290926
4175.9,792.8512912571352,89.9,0.03111378852766215,0.033216778984280965,0.03935907454899968,0.05310635667229217,0.07903767918754866,0.11143901402043904,0.1286902888592205,0.13571468784575927,0.14385023377032893,0.1487716648008525,0.15046839860953304,0.15977630627245848,0.18373989544738847,0.1996046871464956,0.16151866857047606,0.10684968770623342,0.07112969955297671,0.052148877195855585,0.04264304589186937,0.03811150186824408,0.036126145773939335,0.03529055277961338,0.034899321907781604,0.034720045278630735
4176.0,795.6131022572152,90.0,0.0291428946813685,0.03171265152591756,0.03868134980359808,0.05355688993483731,0.08014968715410489,0.11096898992931392,0.1271607377497857,0.13511343828367803,0.14410326047826097,0.14974111881894037,0.15206166997923287,0.16112635707142142,0.18296060772113237,0.19583124599351698,0.16016729449349004,0.1081161779973078,0.07288726680020555,0.053696091022578475,0.04388476184688875,0.03905098188126905,0.03676904990643656,0.03567598230989394,0.03509800571308666,0.034836588990929014
4176.1,798.404320629209,90.0,0.02931652479969142,0.03196469221317898,0.03916274531616259,0.05453740019074804,0.08173719898692368,0.11195533771750116,0.12673658949727765,0.1348543562564294,0.1449603951133527,0.15071262518407713,0.15195170539326555,0.16029980037150257,0.18297038035365537,0.19740422184534726,0.16006652998324847,0.10634457594918284,0.0709477121242396,0.05209540133955227,0.042668447932201425,0.038183280846759336,0.03620658310706468,0.03535576468697236,0.0349389069741113,0.03474459351450742
4176.2,801.185579337079,90.0,0.0295239913072957,0.03235624222918675,0.039912879129202154,0.055749521326107124,0.08295487161955023,0.11207405266581962,0.1265337639540543,0.13517075385040744,0.14549243529350253,0.15143958485943504,0.1530007225772397,0.16111873108496907,0.18211550811444288,0.19422054635330419,0.1584144184273661,0.10686969895734037,0.07210990985737722,0.053206984365761566,0.043567220420277455,0.03884710065607994,0.036649413993693813,0.03561770047472669,0.03507734191844407,0.034830605855901205
4176.3,803.9777111390167,90.1,0.027659534603545127,0.03081546646520336,0.03908181072457189,0.056176873918603785,0.08445537523999581,0.11198711826067705,0.12470190672187305,0.13416055230814922,0.14614010723715573,0.15293229566983965,0.15414121398228514,0.16120692103791545,0.18071082342257264,0.19192708002484107,0.157559254020195,0.10735806937312653,0.0729702066933661,0.054027309468534984,0.04424485890294531,0.03936741362026994,0.03702146057754022,0.03586571798639716,0.035235439284378,0.03494711680245626
4176.4,806.7589698468868,90.1,0.027881208037124718,0.031190252419227803,0.03980793845411589,0.05745768108928752,0.08590901158781193,0.11225607221827728,0.12424482776049063,0.1342496162613235,0.14699115057029147,0.15400076046990777,0.15489649183673598,0.16136702534996888,0.1798986697264893,0.19010256710590398,0.15617070089537793,0.10687432859334557,0.07291821320874423,0.05410708447115349,0.04434653779038887,0.03945591954845653,0.03708748872657395,0.03591153997567087,0.03526602916469568,0.03497085761991218
4176.5,809.5501882188805,90.1,0.028168869192152123,0.03165499456395246,0.04064403607723376,0.05877358735733175,0.08709746398300491,0.11226565674578859,0.12405489259823407,0.13459103448045392,0.14756685255016258,0.1548901365454338,0.15626668500589833,0.16243479178338022,0.17886871168013901,0.18628703926169873,0.15386358441198514,0.10716045929758275,0.07413921057268337,0.05537699222000435,0.04540144572543314,0.04024674435025396,0.03761735918638548,0.036231327989439385,0.03544088114268202,0.035084307922506816
4176.6,812.3314469267506,90.1,0.02853964052596859,0.03220419649115546,0.041548722007056796,0.06006701274065536,0.08808047333068755,0.11219938043334264,0.12407572031036664,0.13502302980029893,0.14789320438544404,0.15560612266005092,0.1578646666930426,0.1637643734447128,0.1774193353818166,0.1814340596516144,0.15118065419515633,0.10798447320396083,0.07622369033437047,0.057466915253248346,0.047111913148890044,0.04150502979597423,0.038451943569812894,0.036723995085227536,0.0357092919017969,0.03525643874216318
4176.7,815.1226652986284,90.1,0.028653538632880952,0.032439455268776805,0.04215170518642799,0.061458756615612814,0.09012534404560439,0.11291536068324469,0.12318579781317042,0.1347177669832188,0.14931662401693377,0.1569424903938369,0.15735894485620333,0.16222828625861468,0.17720387681761052,0.1834086713232455,0.15126269048200688,0.10555777459853055,0.07322678727403016,0.05483108251901881,0.04505567492399058,0.040027053056864124,0.03748967637330147,0.03617145170865891,0.03542304729863837,0.035083358442271395
4176.8,817.9048407064679,90.2,0.02695885751676452,0.03095737032134771,0.04125484623140779,0.06181150944978943,0.09149791177838351,0.11289149337414041,0.12198214142116336,0.13386100973668413,0.1492948216206655,0.157932663407939,0.1590038024380542,0.16324859353610668,0.17578167705873832,0.17960016143135255,0.14961426914449025,0.10675019083016157,0.07534803341739363,0.056893974108553895,0.046765674335209034,0.041328115922479765,0.03839990665188892,0.03675216361758743,0.035774824826885925,0.03533112037712858
4176.9,820.6960590784616,90.2,0.027198624885834112,0.03134528155201244,0.04203416033333575,0.063289605109214,0.09320598787153875,0.11326891684485839,0.12149320112028424,0.13388042387535584,0.15031126954013133,0.15903811496689294,0.15931365370918377,0.1628646655526749,0.1752702199896323,0.1792953174564131,0.1489544276083538,0.10573533198791008,0.07435863686568998,0.05608442524013575,0.04615011674250859,0.04089214164335386,0.038118104848879696,0.03659285018213373,0.03569467039889756,0.03528454905369231
4177.0,823.4773177863317,90.2,0.027374208281453805,0.03167884951088368,0.042760127111595055,0.06464356802869646,0.09458917150324346,0.11348598756703651,0.12127198073594427,0.134084366999558,0.15102635756640118,0.1599308200236365,0.1600272282660048,0.16299263918178195,0.17425243483226094,0.17721407563329766,0.14752526272082572,0.10542559372353742,0.07456195916229207,0.056413343957442186,0.04646287781682492,0.04114354182904525,0.038300395420904514,0.03671317952123185,0.035771011607832574,0.03534075293935417
4177.1,826.3200277610222,90.2,0.027735300439364216,0.0321973103503621,0.0436286605321673,0.06594146992233102,0.095614721090313,0.11368417802369764,0.12151599817001238,0.13455278533180076,0.15140003235244628,0.16058646829429837,0.16123327554104674,0.1639136532079591,0.1733557027869041,0.17426642937399653,0.14581401181142062,0.10588960989412793,0.0759147815632911,0.057827825533913774,0.047658477919236976,0.04204802932016854,0.03891867976493395,0.03709588302914439,0.035993062833157494,0.035493051373019995
4177.2,829.1612422901015,90.1,0.030159190456705065,0.03476828945644519,0.046402339633742656,0.06847528193871488,0.09683684631308445,0.11402019360256743,0.12222427981334609,0.1360157608005388,0.15328676152471227,0.1616100459829649,0.1608461635608495,0.16293081132496318,0.17296516676815632,0.17464457398747982,0.14514824096861956,0.10404290602229772,0.07382826503612573,0.055980412559416604,0.04616873555479048,0.040924996599965645,0.038135940843213846,0.03659402876604182,0.035687820576533594,0.0352760849983694
4177.3,832.0024568190657,90.1,0.03038169651664162,0.03516342172095788,0.04722193374401397,0.06992500966642769,0.0981788081140237,0.11410715927155274,0.12186520204489497,0.1363250089344297,0.1545174294899069,0.16287710561408555,0.16135049727685116,0.16262001547847063,0.17206780726128265,0.17360276726883775,0.14445594819867125,0.10368135725367986,0.07363545491817544,0.05587072050029973,0.04610625981342148,0.04089363864289143,0.038126083681031014,0.03659769983985762,0.03569798148047438,0.035287986760060966
4177.4,834.8451667937304,90.1,0.03089153527072842,0.03584780191606985,0.0483205806263934,0.07156722541638101,0.09951867919070123,0.1141506950843566,0.12154258271399568,0.13681447393692012,0.15606464006173285,0.16422751432355936,0.161553374005396,0.1619576125365928,0.17127744897531738,0.17327016613405383,0.14422734822515548,0.10322814335627958,0.07310724040388872,0.05539785810628134,0.045730799247262234,0.040621995216535665,0.03794840297783073,0.036494804220825565,0.03564396121771827,0.035254531663079944
4177.5,837.6863813228098,90.1,0.031504584694168086,0.03665359238211749,0.04955111139011714,0.0732502151540561,0.10068013828872521,0.11413743478855815,0.12139915315000661,0.13736114193322999,0.1573101408670417,0.1653618151247591,0.16202258475339992,0.161767046835611,0.1704951147897579,0.17217961710972507,0.14357924035075142,0.10308854630097529,0.07317653109237783,0.0555174644044659,0.04584866827082157,0.040720381691480234,0.03802196059455737,0.03654365795739409,0.03567424781165011,0.03527606109710196
4177.6,840.5290912975003,90.0,0.034714281046925304,0.039953419992769135,0.05283057554793607,0.0757042990227354,0.10135779040228073,0.11430049116273887,0.12228855615534627,0.1391827552202301,0.1594706369570023,0.16616244594520863,0.16117374426577355,0.16054255616571683,0.17036783244458245,0.17330546282328177,0.14345830401536167,0.10144104827010728,0.07116004966388687,0.05368962693842336,0.044353025145765224,0.03957561081270275,0.03720956395204614,0.036017256228741315,0.03535133151938391,0.035047125307450175
4177.7,843.3703058265796,90.0,0.03520981555181474,0.04069025556299226,0.054089980918711374,0.07749770895002883,0.10252583890050515,0.11411037802480006,0.1218965233983773,0.13957318145557784,0.16068804495915798,0.1672741521344083,0.16163113355264042,0.16042942388625633,0.16976366219406044,0.17228232673465613,0.14255517407358442,0.10091043438037813,0.07086969588501915,0.05352531339430175,0.0442568679175143,0.0395212992143921,0.037182066635612646,0.0360057562994915,0.03534823530003463,0.03504656926609424
4177.8,846.2130158011291,90.0,0.036031035579050734,0.04174448800634943,0.055619730114888036,0.07939305769205637,0.1035985751202357,0.11391479009367934,0.12160100598090937,0.14006064611608837,0.1619306590472153,0.1682328917483958,0.16179680794127918,0.1600359467981434,0.1690249353376298,0.1711909996900833,0.14127977957127505,0.09980737884702423,0.07003373081718565,0.05291376930189757,0.04381346570168127,0.03920923814846477,0.036977832276945365,0.03588483196450154,0.035282732302674424,0.03500480714268086
4177.9,849.0542303302085,89.9,0.04889624588075854,0.053205634044387114,0.0623852103834212,0.07647613718209396,0.09356391574205022,0.11056971514829113,0.12666660487659995,0.1423386345259648,0.15650718325389043,0.16683494275359545,0.17102929868956326,0.16920141312731787,0.1615579342461306,0.14687422316773388,0.12592861240742564,0.10293881642260377,0.08224336826372061,0.06587664792552306,0.05397363356983835,0.04585249524310895,0.040635112533406084,0.03750465558816809,0.03580269261083923,0.03513879793352687
4178.0,851.896940304758,90.0,0.03781472341511257,0.04402765636629658,0.058838270036126954,0.08307052139745807,0.10533843177643858,0.11357263587864257,0.12132764152227847,0.14084068192713686,0.16359230417053738,0.16990339011925765,0.1627590598042944,0.15985766754274505,0.1670486486908693,0.16743536849419402,0.1381871797477771,0.09838383097140403,0.0695597625623799,0.05281359170996226,0.04383841202655142,0.03926277467454935,0.037029233995815744,0.03592452376446952,0.03531244949969947,0.03502932383315725
4178.1,854.8191654844443,90.0,0.03891208501678106,0.045340475131932,0.06035578266924891,0.08413664474784044,0.10535734377811762,0.11396352820972912,0.12243933441801706,0.1409658627193146,0.16201461845082293,0.16975034036584985,0.16516613728466414,0.16202057755936172,0.16505455123298393,0.1610548568488999,0.13470212762952022,0.0997683741557502,0.07294647442300904,0.056301838047749686,0.0467642741224897,0.04146193436218516,0.038509621132414254,0.03681548524499925,0.03580377931598692,0.03534955441627307
4178.2,857.7334750080641,90.0,0.03929746079780136,0.04607419479478474,0.06191293130205495,0.08655061650552948,0.10672126077712941,0.113052032658407,0.12084633678990868,0.1409951680683455,0.1644507437933402,0.17138253683782734,0.16389440269557695,0.15938765966210267,0.1637915153851165,0.1622933582630808,0.13535267275429955,0.09844835066965425,0.070800611632633,0.05420875525895088,0.04504331472921424,0.040187111054675345,0.0376694206755025,0.036329066123771174,0.03555301537565155,0.03519839752477183
4178.3,860.647784531684,90.0,0.05907424259346491,0.06262325766324252,0.06998572158949115,0.0807974154020218,0.0937460744214713,0.10762613091602242,0.12224660976330091,0.13729376859890693,0.1513216311937652,0.1619555338730679,0.16688794328398907,0.16602507401269676,0.16030473148199434,0.15001472804772362,0.1357496175848461,0.11917352314554808,0.10217017747560327,0.08598840279148269,0.07125184498079472,0.05840982184128813,0.04809838259675409,0.04106378913023759,0.037252796811800486,0.03584599415289969
4178.4,863.571908332168,90.0,0.041190471853972885,0.048562959726686665,0.06541714847492412,0.09012905845422509,0.10770233334031436,0.11196903481159139,0.11976057677757412,0.14093424756922196,0.1658077685412689,0.17305078201138702,0.16425202915869527,0.15786099871372397,0.16037324241095258,0.1583239796485576,0.13325281951000478,0.09818318589922402,0.07127618847032852,0.05481156285433475,0.04556593071803596,0.04058110742423768,0.03793476138352271,0.03649617439324818,0.03565326091492969,0.03527106560123191
4178.5,866.486217855902,90.0,0.06168357990034204,0.06508478477293225,0.0725772616810362,0.0835924114025681,0.09615236033235379,0.10910442954274394,0.12267673845612209,0.13670262345394885,0.14975514640560553,0.15962771843240597,0.16444097504829105,0.1644094273018451,0.1606468977647225,0.1535028328917674,0.14326668920217667,0.1310048347607049,0.11802127725137412,0.105094094580421,0.09239217535477279,0.07987698127900612,0.06770233469867076,0.056387828084388206,0.04697920186233683,0.04209270213957519
4178.6,869.4103416563861,90.0,0.06292030795441313,0.06635147005959331,0.07385041214182322,0.08469711753203975,0.09688908403258606,0.10943935044014634,0.122710735802598,0.13655422914696322,0.14948865184334045,0.15924391288649228,0.16392892185341815,0.1637684286217554,0.15988027452808098,0.1526113856733105,0.1422421174845781,0.12983765712610076,0.11671024341701836,0.10364987978186758,0.09083991618733937,0.07825742655423619,0.06607304289785738,0.05482632091303672,0.04561199033751562,0.04100389611374199
4178.7,872.324651180006,90.0,0.06468174509689846,0.06824156068426408,0.07528183561376853,0.08510373580819852,0.09646642389838071,0.10868685125028926,0.12203648446632737,0.13630799347453051,0.14992046698850361,0.16024386943142732,0.1648058104343777,0.16336420840730645,0.15676370866085604,0.14535918878210513,0.1299150298959597,0.11228147861756224,0.09451050611628838,0.07802103396100965,0.06362274348515189,0.051929135812567036,0.04354599004693677,0.038540400279902125,0.03603848793133741,0.03514625302413515
4178.8,875.2389607038048,90.0,0.06610953480090055,0.06963959049705602,0.0765504021150146,0.0860808062993926,0.09702283935698788,0.10881602865543369,0.12182052208076087,0.1358474874339195,0.14930723515302297,0.15955313671925112,0.16410645981223052,0.16268345392930808,0.1560865618322437,0.1446635528602199,0.12918490837131258,0.11151077301338382,0.09370918844916978,0.07721965734072317,0.06287339238610466,0.05130163563776347,0.04310501970970688,0.038283422592459884,0.03590428960836947,0.035064290999973956
4178.9,878.1630845041104,90.0,0.06273320744401634,0.06714035813292485,0.07557320163875443,0.08676826442578968,0.09870680235900173,0.11062390684160588,0.12367359424062338,0.13821528273796035,0.15238470931531625,0.16287231473475855,0.16664030727874016,0.16348103461313668,0.154295382153788,0.13933267698126633,0.11987583926367634,0.09899465866454724,0.07978137491462073,0.06401141272893793,0.05223422401832151,0.044234970293582886,0.039313280643887887,0.036571241658767635,0.03521154215702521,0.03472425595275452
4179.0,881.0773940279092,90.1,0.044736923213088926,0.05381408220167332,0.07339816788209255,0.09773130094880231,0.1090448970946299,0.10915679571742096,0.1160852259711646,0.1364691994326056,0.1613177957968218,0.1726169017670476,0.16687920593126326,0.15839615321950679,0.15443953243862293,0.14719154353674024,0.1267717441563738,0.09921581446890994,0.07576319176785912,0.059797921897307635,0.04987745016134942,0.04386610792466489,0.04017283289539804,0.03784809776124679,0.0364123382618366,0.03576718780626025
4179.1,884.0702187804754,90.1,0.04598852262290525,0.05538358349255462,0.07532445584546266,0.09905710182698525,0.10875045165266023,0.10798901367057796,0.11486238388083612,0.1356859374595554,0.1612863131999271,0.17282267659147155,0.16663297345987532,0.1578267014774622,0.15404937742789787,0.14725765081489767,0.12698275497825662,0.0992185865473258,0.07557121648087259,0.05953549516976815,0.04962832994782408,0.04366739816525861,0.04003237371675514,0.037757631783885824,0.03635637806538059,0.03572641185404785
4179.2,887.0630435331175,90.1,0.05573456430267781,0.055931170597535815,0.06300001713378424,0.09563933124740905,0.12688436019494448,0.1362263268781696,0.13705367985579248,0.13768154423141654,0.13839609381190354,0.13911230786045514,0.13976911996551197,0.1403258670635901,0.14075163888071235,0.1410287383993968,0.14114226293060572,0.14112007973669,0.14102638037636847,0.14092248444811992,0.14085339059384513,0.14080743223415684,0.14077285885092514,0.14074828620025903,0.14072333452153465,0.14071162424609912
4179.3,890.0558682856837,90.1,0.05709047807947176,0.05741222995797875,0.06598221644484627,0.0988880309862237,0.12778279576407958,0.1346113369294387,0.13527554933337482,0.13578089745205926,0.13634763346210818,0.13691435806437433,0.13743378656188807,0.13787747537993839,0.13822624976215211,0.13846225389713573,0.1385789131760135,0.13859778573124198,0.13856603996606737,0.13852956242831244,0.13851513372133714,0.13852423080429058,0.13854182193919934,0.13855791935364387,0.1385659782492973,0.1385763194155419
4179.4,893.0486930383257,90.2,0.047429854161926015,0.05743159162081412,0.07808650665796321,0.10094431300254145,0.108224162966669,0.10607107170577397,0.11200724110486791,0.1311695777777061,0.15556415067621654,0.16934688351203245,0.166881770152781,0.15931544251115476,0.153963335743185,0.1452400268147012,0.12584272992414197,0.10053678882188735,0.07836283370538916,0.06255992929888511,0.05222251119734091,0.045596660201821654,0.0413103349604858,0.038521507324459366,0.03679048141448052,0.036022135246921
4179.5,896.0435720008948,90.2,0.04727645456242277,0.05816100987714343,0.08072368693964818,0.10407765178231897,0.10770307306772565,0.10239754235886372,0.10785927180725947,0.1294357840423198,0.1578469123996926,0.17185771174365214,0.1657448423190586,0.1562365967823401,0.15240110191596992,0.14631458916403944,0.12674752218790458,0.09920864106000513,0.0755625301127781,0.05953080507520486,0.04965944191070607,0.04373887439931018,0.040131275903417765,0.037860411744339996,0.036448217804496745,0.035811818806382685
4179.6,899.0363967535368,90.2,0.04797049343781672,0.059278761166820744,0.08243909452137699,0.10520332748732922,0.10695038778344153,0.10060165303039965,0.1058069215299583,0.1276158089532424,0.1567939546829937,0.17144260643726705,0.16534575497586518,0.1557676412868024,0.15213356959127955,0.14636053673939073,0.12680309352467725,0.09904326399261171,0.07525197138478909,0.0592009636851688,0.04937779191424013,0.043528822067817094,0.03999118273449419,0.037775983512112546,0.03639967413989005,0.035778754569554386
4179.7,902.029221506103,90.2,0.048470389730161774,0.06023140012262427,0.0840893191940498,0.10633559731409513,0.10615437927815748,0.09869727050137952,0.10357703657232188,0.12556090534142894,0.15554320622983933,0.17100045393825924,0.165093043070216,0.15558293765003817,0.1522925580287702,0.14692422972751062,0.12730863826264127,0.09918789040376776,0.0751516501308457,0.05902547778968264,0.04921540271756651,0.04341075503483256,0.03991931104432625,0.037739588770267896,0.036384236489877854,0.03577159798483348
4179.8,905.022046258745,90.2,0.04927517797896516,0.06130066667446288,0.08530959437313408,0.10669018809698554,0.10537262354463044,0.09748654089930718,0.10201781198910896,0.12331427680067863,0.15282855404841633,0.16941593581414136,0.16535692559648907,0.1567328937875974,0.15331490226159553,0.14741814787561597,0.1277750488526562,0.10004244593981636,0.07622020109913916,0.060051556213539165,0.050066034336330424,0.044041565005080524,0.04034025350128557,0.03799405261219133,0.03653056475381102,0.03586881282738664
4179.9,908.0148710115011,90.2,0.04986276839364824,0.062331583154161506,0.08692119957182831,0.1075185953882185,0.10430603684845696,0.09543471572207508,0.09959990868628651,0.12089995727328501,0.15113344615774604,0.16880203692920864,0.16527942902429726,0.15690884890824966,0.1539829862340342,0.1486540128172714,0.12901482865989908,0.1008348759937323,0.07662699943679606,0.06025376497072943,0.05017585541960282,0.04410974690793492,0.04038632955803114,0.03802572554116226,0.03655210708847266,0.035885355480189327
4180.0,911.0076957640673,90.1,0.06566966332214243,0.0730523122548533,0.0850428268879314,0.09549674487784351,0.09994238015687623,0.10239559723123579,0.10938798581618345,0.1227263409120644,0.13932804928956224,0.1536806259325632,0.16116037594248822,0.16201379168464064,0.15784459827717698,0.14710207871319397,0.12884160406850606,0.10691764427266309,0.08650712728915474,0.07024712522521456,0.05832448020833316,0.049900876159777834,0.044075561120082325,0.040181399506938616,0.03777748356595636,0.03672948109828152
4180.1,914.0496852447409,90.2,0.05148230280664906,0.06492494275252048,0.09052086312458493,0.10865035572433296,0.10115333143484974,0.09041711589511639,0.09406130176014953,0.11592066113605326,0.14864682168692672,0.16855019800675594,0.1647003339572203,0.15593701727643766,0.1544978471265881,0.1517851476680593,0.13279616662825397,0.10310252103714997,0.07743741332677385,0.06032127358460754,0.04997620957907936,0.04386780072636191,0.040187753493957284,0.037887433089884084,0.036460346404523315,0.03581607129044382
4180.2,917.0996852447073,90.2,0.05363379111045343,0.06725884715020562,0.09206596102928095,0.10771492961114916,0.09902782698276204,0.08838980024843654,0.09204936292657749,0.113703230749033,0.14665521997519684,0.1675945819915138,0.16447794738413585,0.1558386978904687,0.15456519458355408,0.15240616067309903,0.1339575537642788,0.1042428080307026,0.07824574566900204,0.06079308775948158,0.0502009538544148,0.04392356478971389,0.040141804454085835,0.03779288115091563,0.036356067054139886,0.035713122781061556
4180.3,920.1398497138996,90.2,0.05510092848455132,0.06909813938355057,0.09371051043667794,0.10719838185942328,0.09660035140499071,0.08546554191822019,0.08907611792498275,0.11124355857078509,0.1459769146744465,0.16821155285514525,0.16414157205421262,0.15455130226905706,0.15379483080324366,0.1532045157649304,0.13521251255164501,0.1044997245023753,0.07762770597153153,0.05985074758841994,0.049274028270771,0.04316228344233026,0.03958507863968016,0.03742115684280461,0.03611699333098349,0.035534458626979404
4180.4,923.1800141830919,90.2,0.0748199755076959,0.07905445005199095,0.0852710280783138,0.09058785319260464,0.09387843670845665,0.09734749691965801,0.10411022405449989,0.11522345714934244,0.1292991261651491,0.14339066863732522,0.1538307249984659,0.1582748673425029,0.15571733162568654,0.1450606460606074,0.12685952122780397,0.10485938132610492,0.08349613111646646,0.06550717288921004,0.05197806942596448,0.04306663455795393,0.038089286719042735,0.03570666704840345,0.034720432754304885,0.03442170120540897
4180.5,926.2220036637655,90.2,0.07538652630495599,0.07935126839751934,0.08502749963845785,0.0896926982658792,0.09246355912076716,0.09561326315058342,0.1022062496243185,0.11333991236084576,0.12770910456746754,0.14235342448861316,0.15343484846565858,0.1582949475231267,0.1557124489775866,0.1445987847366911,0.12571924239403723,0.10312750693926963,0.08146552466724113,0.06352076434135981,0.050341343545896554,0.04196450952527763,0.037480113319478855,0.03542050256021994,0.03460455169345326,0.034367546328438955
4180.6,929.2720036637319,90.2,0.0753046129332174,0.07905291951764339,0.08432388716614025,0.08852523798298162,0.09092894982447233,0.09383630416654068,0.10029200054826366,0.11146753243810024,0.1261584995455484,0.14139907507014948,0.15316173736922437,0.1584500754646806,0.15583520595865266,0.14426931462985967,0.12475395503667401,0.10164465321337861,0.07975711033490997,0.061896098490456,0.04905167357114397,0.04113387369085456,0.03703935782470975,0.03522180408006922,0.034528127319937915,0.03433379589632273
4180.7,932.3121681329242,90.2,0.07422376665616232,0.07813612141079718,0.08352728885626595,0.0874796641339482,0.08922520375461226,0.09145459328310808,0.09761318079927728,0.10915204164999696,0.12493122532068757,0.1416497326475671,0.15460690620192802,0.16034093002170338,0.1574237628016489,0.1448398184818452,0.12388726167375996,0.09964168705533795,0.07738746131880607,0.05990783775861992,0.047880343574118585,0.04070700022114549,0.03697401932722434,0.03525267203409929,0.03455992112011172,0.03435517578581265
4180.8,935.3523326021165,90.2,0.0739976065779939,0.07744693601742185,0.08215352953307012,0.08561668260953796,0.08728601099454766,0.08962411217956517,0.0958234245707057,0.10736567634860693,0.12330931945830712,0.1404869856288194,0.15407717896598067,0.1601538926617191,0.15691304479995805,0.14349925527758514,0.12169134805034595,0.09693814270962543,0.07462843623434423,0.05750410636870733,0.046119548163193226,0.039628471207799644,0.03640479775083998,0.034992749907287374,0.034458385700699284,0.03430965318098145
4180.9,938.39432208279,90.3,0.07080570125980848,0.0742539328883089,0.07918968011784272,0.0832273587873642,0.08555317651136218,0.08823546916875227,0.09435101137188068,0.10544894279031122,0.12074961298714779,0.13744407484871493,0.1510838514719763,0.15777985870507685,0.15570930027083443,0.14409509815755378,0.12430817989821331,0.1009582704062644,0.07897868041933427,0.06117810962721784,0.048505375981455275,0.040800416214994355,0.036871938068839843,0.03515054116591394,0.034502531330156384,0.03432330623169639
4181.0,941.4443220827565,90.3,0.0691139903991577,0.07244697869385909,0.07724404619420966,0.08115710145569786,0.0833455925578127,0.08587810867080596,0.09191843000264857,0.10323368861787721,0.11924643904802787,0.13705412469441045,0.15170791296319577,0.1587316211049289,0.15616018080366414,0.14341611171719593,0.12232863107545454,0.0980953523356771,0.07596203915728125,0.0587059133776036,0.046996926671703174,0.040156487653734266,0.036677456902206605,0.035114161746195555,0.034504356068405344,0.034329687960191875
4181.1,944.5019355312309,90.3,0.06754806063149783,0.07091987781066571,0.07560991257476994,0.07914974106090047,0.08074841539467514,0.08272680654211091,0.08864400560907625,0.10065921853980178,0.11832402326602566,0.13828001104797127,0.154521413802056,0.16163581259805662,0.15758847523941905,0.1421907508521648,0.1181051288977296,0.09184707960690144,0.06941915203130349,0.05334254898741495,0.04343284206424465,0.0381506077426415,0.03569008429074383,0.034695297315871045,0.034354517945851204,0.03426835821672287
4181.2,947.5681383946728,90.3,0.06649465269291384,0.06936258109980475,0.07336107009526377,0.07645644600605905,0.07807385206253116,0.08030854071839975,0.08645629440470518,0.0987617723031964,0.11704258007331889,0.13791381337022013,0.15492927322779376,0.162255798157931,0.1579804935268076,0.14230472420946322,0.11806312393040314,0.09175639477705624,0.06933400196566679,0.05329852750028114,0.043447731335167716,0.038194998892478856,0.03572832010490869,0.03471670022899622,0.034363703198437956,0.034272795551322205
4181.3,950.6356618256576,90.3,0.06518095049462547,0.06772505329931337,0.07121659747671455,0.07381303909719221,0.07510274746501355,0.07720921217045408,0.08344936285284237,0.09637794213207597,0.11623785873048041,0.13929055710152927,0.15765161376545953,0.16461478392995244,0.15901727099069815,0.14191440244010234,0.11655296615297141,0.08982228358922957,0.06772598337326176,0.05240708469923811,0.043173119890927016,0.03820858376270386,0.03580387276648764,0.03477284903495314,0.03439226016425703,0.03428821295239834
4181.4,953.693275274132,90.3,0.06265694006560417,0.06568472716865667,0.0696010099475112,0.07183928299075233,0.07179711098462825,0.07236922941777184,0.07800416885569013,0.09243205159920284,0.11663823524805668,0.14490421892200808,0.1644311527784548,0.1679980680451381,0.15941232600013433,0.14146044040859004,0.1155679078011125,0.08825155607964781,0.06619374736864646,0.05139290700568234,0.0426584932305285,0.03799875504215794,0.03574840203727518,0.03477944672073849,0.0344114283824559,0.03430429116231274
4181.5,956.7607987052322,90.3,0.06208043842943968,0.06408773480676391,0.06663638668186504,0.06816769534420436,0.0685581158113254,0.07008451248293748,0.07643332784862038,0.09119907055733016,0.11577035593967357,0.14475499222886232,0.16489975535856322,0.16822969976081575,0.1586838165204515,0.1399583583952965,0.11408156443875701,0.08727523152335155,0.06571093924111487,0.051211421462516456,0.04261819397025077,0.038008142502874855,0.03576671324413117,0.03479333719830118,0.034419330485883866,0.034309048334760506
4181.6,959.8184121535912,90.3,0.06100775631076622,0.06216480706935086,0.06362752865744001,0.06462805960145115,0.06539311918408347,0.06775210292521364,0.07477215046943558,0.08988295492063011,0.11481405624945018,0.14449336031060075,0.1651908774767927,0.16815088210272067,0.15751897078286453,0.13800185113875843,0.1122411527802034,0.0860801178662779,0.06510967001811907,0.050968936496922704,0.042545624874167444,0.038000465631109544,0.03577614039619072,0.03480288086767912,0.03442529639159707,0.034312826954762614
4181.7,962.8846150170332,90.2,0.062474846577196194,0.0620064582381139,0.0613181669699291,0.06091604143970073,0.06169015055753044,0.06508150227831062,0.07328221262691699,0.08918667027920048,0.11461157097730187,0.144646552296207,0.1652835823744343,0.16750302052894445,0.1555973188647038,0.13523582061157766,0.1097623230407374,0.0845250056419261,0.06436925493365565,0.0507025451765714,0.042491373469670614,0.03801640280888163,0.03580239317014501,0.03482153010680385,0.034435423740064544,0.034318733292898744
4181.8,965.9521384481334,90.2,0.06026038149430535,0.05939920298643162,0.0582846675500219,0.05774139493405237,0.05875920910639417,0.06263019514911228,0.07128674748413186,0.08749849890451633,0.11332298442354267,0.14413598056049237,0.16531350185698804,0.1670402675012256,0.15405389351627008,0.13307291290385018,0.10786497179320553,0.08332870128067163,0.06377946453394766,0.05047170985463041,0.042427113405410624,0.038013440562009615,0.035814432610258,0.034832302823999954,0.034441853349641866,0.034322798530893754
4181.9,969.0097518966078,90.2,0.05735865260512932,0.056358955292332015,0.05514119896637176,0.05467379904347208,0.05598255628380695,0.06026939686758441,0.06928686736026511,0.08566499735433371,0.11161921411096545,0.14297057351345574,0.16491670759080423,0.16676216162129573,0.1531861194709064,0.13173624041898743,0.1066792286192062,0.08263516667133272,0.06350454416933354,0.05041933733988929,0.042455476992137996,0.03805340580213878,0.03584239609135117,0.03484656126614068,0.03444765108561575,0.034325448072570916
4182.0,972.0772753275926,90.2,0.054625099255933944,0.053456810664771974,0.052068533283331095,0.05157180747235639,0.05304925601212483,0.057662366512044955,0.06703801525836242,0.08369842111471112,0.11004771547171723,0.1423204914980705,0.16524886357256596,0.16718922429049246,0.15305930314657376,0.1312250680118162,0.1062393264117551,0.08246991024583668,0.06354809631352366,0.05054536471452007,0.04258145304035915,0.038146402755698645,0.035898800722975556,0.034875468337813076,0.03446042574681478,0.0343320507125554
4182.1,975.1252254584366,90.2,0.05299021591962892,0.051360590168760815,0.04940376521557478,0.048532775510295875,0.049972693097331156,0.05489068624227693,0.06478501747397687,0.08195152372836935,0.1087863059480461,0.14183941165927566,0.1655822941616666,0.16776492663322712,0.15337262938750423,0.13134053801745701,0.10646403790865472,0.08289782126541866,0.06405975289584633,0.05100577048019897,0.042926107917769386,0.0383708001401222,0.036026792022947125,0.03493835536463015,0.034487179305569965,0.034345384940879714
4182.2,978.1731755892806,90.2,0.05079443292348869,0.04893218962873674,0.04669338705082025,0.04563860711773131,0.047065149438962256,0.05217568118782788,0.06244483323238632,0.08001500778149062,0.10721750192087617,0.14097020279632044,0.16575881582547014,0.16865772165800727,0.15436208365322213,0.1322248269814066,0.10735971214183124,0.08384045241436283,0.064942126581523,0.05171993125381441,0.04343537810419801,0.0386951319880472,0.03620988655720852,0.03502815490288696,0.034525414036056044,0.03436435816522162
4182.3,981.2310997217386,90.3,0.04661465105112853,0.045101560724366656,0.04331541384312779,0.0426281781949093,0.04427465166751181,0.04949049671448089,0.05982216983516826,0.07745015462768629,0.10481788938021373,0.13941567209297073,0.16577717815245455,0.16968942685865473,0.1554629519442183,0.13308085803673556,0.10805245483368624,0.08445424909451552,0.06547179063415855,0.052135020171937344,0.04372752873713619,0.03888035286631201,0.0363146650096059,0.035079935850524636,0.03454773547182184,0.034375582255109755
4182.4,984.2790498525826,90.3,0.04955987724144152,0.04455049517924938,0.03911478768563887,0.03620391079446925,0.0371484267966973,0.043017415519786224,0.05515749633825146,0.07541320464849319,0.10849963956866372,0.1546727376672471,0.17976654268498427,0.16590336588138932,0.14404979012764757,0.1268067653964316,0.10669325193773878,0.08188324347032354,0.06036240951179082,0.046375883734633444,0.038826113960605764,0.035407693836855963,0.03427421465255014,0.034142800083099965,0.03424467644003277,0.03429481826422459
4182.5,987.3269999834266,90.3,0.047661892135831614,0.0423225505875005,0.03649730519722675,0.0332526464953938,0.03392464520962848,0.039747670737892246,0.05254488365022437,0.074164354038947,0.10763691328063352,0.15284462025404583,0.1792627301117434,0.16751633896080317,0.14464675149430128,0.12485718320084223,0.10358532820348886,0.07980274947472757,0.05961756252132876,0.04633137449244063,0.03900822180376719,0.03560824050483684,0.034419483112338084,0.03422231302055271,0.03427800298572293,0.034309453772744226
4182.6,990.3756882258883,90.3,0.04647267706235104,0.04008226955363731,0.033396779040280516,0.029745346213589315,0.03029228338136413,0.03632134078285094,0.050052146656659795,0.07299721831508404,0.10652467303589468,0.15241668850654502,0.1804616310897854,0.1671149937847391,0.1425311288738184,0.12273667425351836,0.101658626493076,0.07733369901917271,0.05672735934874086,0.04356801936738459,0.03670156938131168,0.033886046161783645,0.03330917995561103,0.03364247278486229,0.03404710720417858,0.03421791500987722
4182.7,993.4336123583954,90.4,0.04160148369996934,0.03636405737212093,0.03069112566146175,0.027490702141379806,0.027980941563219435,0.03356031900754786,0.04679645681217213,0.06992032845028742,0.10359241160645112,0.14925996843790393,0.18012287614285072,0.16915185475474645,0.14319908050212848,0.12085488161433287,0.09868620718238645,0.07517550351771742,0.05574277189592999,0.04327115112206174,0.036667845640066345,0.03390977606272458,0.03332079417200902,0.03363919771405753,0.03404155974267317,0.03421530371702116
4182.8,996.4815624892394,90.4,0.039109473096141545,0.03407264125522743,0.028527653379996628,0.025270399257521402,0.025470406330626295,0.030538611079233134,0.04344411075422652,0.06749533697012557,0.10230443155045427,0.1470275326229684,0.17856299222857588,0.17046190762059715,0.14446644355238314,0.12029976907155543,0.09729440495770529,0.07445442722400046,0.05587111356162029,0.04378127904315336,0.037217279886387136,0.03434905973597604,0.033605728199060346,0.03378468257513922,0.03409829535447089,0.034237424721917604
4182.9,999.5295126200346,90.5,0.03467627207767746,0.03059653477339355,0.02596482433003094,0.02316580095688083,0.0233527168457958,0.02795346004799815,0.04007556573803281,0.06384589868235611,0.0989735131121297,0.14340333790282167,0.17691844574834725,0.171690380346056,0.1462286199036854,0.12180269382448329,0.09891222174473659,0.07619825917282239,0.05742902864889294,0.04498950066474031,0.03807405469425552,0.03490469171896521,0.03392308526152118,0.033937593573223804,0.034160095348187404,0.03426704216889373
4183.0,1002.5774627508786,90.6,0.030858184861611123,0.02752355827918135,0.02362340954937073,0.02119111863563982,0.02132959352109476,0.02543263209003792,0.03665383920317759,0.05995825005141796,0.09566132953449556,0.13967621557937526,0.17428173797468088,0.17227076448117318,0.1485376843565581,0.12492949063952286,0.10285174679058029,0.08029262626047998,0.060869913517263806,0.04753987916881286,0.03985067353065029,0.036074415622656855,0.03462361733440156,0.03429777477050429,0.03431516796530164,0.03434245980736975
4183.1,1005.5780626908823,90.8,0.026651066499973626,0.0242203872894776,0.02124816131931177,0.019334895424867524,0.019524368226280356,0.023158417901725584,0.033249984261070745,0.05524334500480883,0.09107009365090513,0.13521341289879438,0.17121695894267316,0.17257790489380379,0.15090752739490215,0.12847773864106757,0.10765879425855346,0.08557935784321602,0.0654465833407157,0.05095290824159193,0.042215302825863596,0.03762805835011813,0.03555766430417955,0.034784004703753854,0.03452678066134247,0.03444543599156738
4183.2,1008.5788792464288,91.1,0.023239985546503174,0.02095164583733477,0.0182322658487305,0.016532326074194744,0.01675489767929297,0.020173669411518793,0.029933681645103172,0.05199613808204435,0.0867431778401995,0.12893835475072424,0.1691003405307503,0.1727171575252118,0.14963673171305528,0.1301694679466188,0.114778647106135,0.09301175125800223,0.06902242598934606,0.05155831721463797,0.04153547646212306,0.03662777209461273,0.0347064495126083,0.03425687210463853,0.03429363761386946,0.0343494062726115
4183.3,1011.5694811925083,91.4,0.019580974133576005,0.018007579610962013,0.016055048328021217,0.014809951486092222,0.015088005818813472,0.01805286202239703,0.02652045848965339,0.04649192178205097,0.08089198316297193,0.12346746358640572,0.16548451884376833,0.1731618902106333,0.15116368925114346,0.13150868637677293,0.11726388831972451,0.09694034995628428,0.07268642409072681,0.054149417075828814,0.043218126368882934,0.03769796129780264,0.035345831259252454,0.03459907944445285,0.03444490777925348,0.03442568295719334
4183.4,1014.5702977480547,91.8,0.015566528753516442,0.014846659822657505,0.013916001452182853,0.013392715514873133,0.013932060550566502,0.01654407160411941,0.023508834160313307,0.04001565167437072,0.07218044175115965,0.11667912675342089,0.16125972516863937,0.17413545351888585,0.1550521331200258,0.13318457662313749,0.11548364749553688,0.09517711989536778,0.07323472554600574,0.05596227151004942,0.04512556493870887,0.03921993826401224,0.03636059728580471,0.035143578411534246,0.03466977132083963,0.03451582632114994
4183.5,1017.560899694153,92.1,0.013456960440519665,0.012928747250941773,0.012241972879887215,0.011879809671957849,0.012397988723939752,0.01468137927759589,0.02074382748892702,0.03542106804321622,0.06576703702804666,0.11033668602064352,0.1583305249981993,0.17570035547408058,0.15636952810491506,0.13251287820115268,0.11386106146115006,0.09361035806313471,0.07194997094893993,0.05492301932672998,0.04431685286019668,0.03863015579923567,0.035973112816685186,0.03492628780507064,0.03456832643665938,0.034464505702132504
4183.6,1020.5617162496777,92.5,0.011371096050097765,0.011012176463478998,0.010555792503222614,0.010368180183672502,0.010911143445537286,0.012954960727899284,0.018259982629411177,0.031148623531515374,0.058717292839148144,0.1019210181370312,0.15449293314358387,0.1786148459634497,0.15818538637043236,0.13146247036758202,0.11178382636205435,0.09130647448224777,0.0694921039111191,0.05263118137608353,0.04244776021619359,0.03725092871060925,0.035068417257426814,0.03442695586173504,0.03434514985030026,0.03435947730728358
4183.7,1023.552318195776,92.8,0.009918640676812461,0.009680131400963863,0.009388692244449262,0.009323861756575274,0.009869552592374596,0.011688712870094499,0.01629023355307877,0.027445828521008405,0.052253673348943014,0.09434591700250275,0.15031283498155426,0.18088706125514942,0.16066424571429477,0.1311776021110707,0.10936155317941672,0.08828690705394089,0.0670952899703335,0.05103228729451098,0.04141668391677287,0.03658855075621923,0.03466441707746826,0.03420982265439236,0.034247804868607123,0.034312122783143724
4183.8,1026.5531347513008,93.0,0.008916837464697937,0.008753738051940305,0.008566265284371157,0.00857557951613303,0.009105464580883132,0.010728249290321845,0.014737970188437486,0.024408745043455308,0.04663181421807676,0.08742811993660957,0.1457075065347279,0.18233899614726554,0.1630960966031685,0.13122406645919177,0.1071979130640278,0.08560470680695553,0.06528004948402806,0.05011621883488936,0.04100441275328219,0.036408724739034934,0.034585598867617875,0.034173786921598955,0.03422994477490443,0.03430040162430225
4183.9,1029.543736697399,93.3,0.007790697266341454,0.007703137290611811,0.007629024988066477,0.00773745969659805,0.008295752293697198,0.009795815732499524,0.013346185017614198,0.02173355752775872,0.04115352428155225,0.07908964999637758,0.13887315286725352,0.1834266984337359,0.16514026631062204,0.13094475335402916,0.1057171809590942,0.08420715138000293,0.06441410375720265,0.04962839186463611,0.04071141607446916,0.036221100503536566,0.03446805492020982,0.034107569674061505,0.0341979720548504,0.03428315052407982
4184.0,1032.5445532529238,93.4,0.007301095923887939,0.00722705838272668,0.007166436400730044,0.0072681484161340884,0.00777036213313035,0.009110620745425645,0.012268313854277239,0.019719301731658763,0.03725694189067748,0.07316215890646088,0.13334656232238123,0.18383713777804261,0.16620226544531227,0.1302275975622614,0.104336640757058,0.08319017868404131,0.06394563283077785,0.04944124730347563,0.04061725544056373,0.03615427655440342,0.03441714015346753,0.034074017169917536,0.03418062248884492,0.034274409431423174
4184.1,1035.4645532529657,93.6,0.006704524337440556,0.006656616893132812,0.0066334576592134075,0.00676114755029825,0.007247540899246165,0.008479635991893724,0.011319306666021444,0.0179358410811131,0.03356376928393699,0.06681005022933752,0.12624927548025205,0.183298494989553,0.16755840754237514,0.12990714344649323,0.1032946580416454,0.08251400010083845,0.06384366885004507,0.04959305984379781,0.040786912704352,0.036267424459874305,0.03447365965484761,0.034094407026379385,0.034185576768657674,0.03427620181903858
4184.2,1038.3945532529006,93.8,0.006143376976861795,0.006118893596783024,0.0061306427787263,0.0062853751935989825,0.006764612953630373,0.007911301834623748,0.010485382003889713,0.016388550215528142,0.0303020825259966,0.06081490356951548,0.11859319457380112,0.18170367348918517,0.1692037427038104,0.13029364603321922,0.10290414335000882,0.08228021351520458,0.06400068948156194,0.049902219752239865,0.04106425048376721,0.0364583004570386,0.03458423346854221,0.03414629185971014,0.0342044547378584,0.03428400817700407
4184.3,1041.314570376179,93.9,0.005808850819716777,0.005790466528535216,0.005807761558474764,0.005956519241745535,0.0064008553337616915,0.007450909120448796,0.009790310696173343,0.015128387826813642,0.0277664690430463,0.05618001332948096,0.11196908004521143,0.1792889280243236,0.1710184412701957,0.1316610501941598,0.10352075403527757,0.08263621440515166,0.0642997798302122,0.05013983056713129,0.04122807086286088,0.03656019550265245,0.03464056031501889,0.034172000820485916,0.034212882276208854,0.03428617055403835
4184.4,1044.234570376221,94.0,0.005510628493995841,0.005495016660260352,0.005512586510240564,0.005650353051398196,0.006057982079238887,0.007017787497211213,0.009149146974262286,0.014001161770303356,0.025543758723751194,0.05202049657897996,0.1054553316890773,0.17600391188880848,0.1731168199980841,0.13382179517456194,0.10493795073561817,0.08359457852962013,0.0649187992186857,0.05049779926363282,0.04142008942651443,0.03665883465760781,0.03468789891003909,0.03419181725607407,0.034219280536441146,0.03428814872613932
4184.5,1047.1645703761558,94.1,0.005226443206999527,0.00521039774670047,0.0052228252476596215,0.005343647718977134,0.005710306773875048,0.006580838319079709,0.00851888246050369,0.012936324287893104,0.023506953042252927,0.04813674238919152,0.09888189832577088,0.17206318999329837,0.17506650104011717,0.13589862907160258,0.10639295568218995,0.08469637687003091,0.06560805772194492,0.050810308260599575,0.04151037396883233,0.03665169926155048,0.03465392129373762,0.034164155967393126,0.03420591505643877,0.03428310037131949
4184.6,1050.0845703761977,94.2,0.00496142286916596,0.004946208810891629,0.0049559415411606815,0.005063335368908717,0.005393744066572455,0.006181752584208532,0.00793753843822015,0.011941139629723607,0.02158549605323033,0.04450971406045184,0.09251480679956976,0.16641093609688842,0.17698264270499486,0.13885027010005666,0.10821688093708907,0.08565499564144874,0.06611443830877105,0.05110029212979063,0.04168743799755806,0.03676106754562434,0.034717433515247184,0.034195367972669616,0.034217394045601764,0.03428675049067925
4184.7,1053.0145703761325,94.2,0.004867669446456611,0.004844141540508635,0.004834622926936516,0.004908160497094893,0.005182441366582394,0.005873697292313019,0.0074472607024346086,0.011075865200377557,0.019952153735621966,0.04165696357290581,0.08770621431214053,0.16088942704672743,0.17752872667724684,0.14046703955439305,0.10863025776583538,0.08539698188748476,0.06591815823612442,0.051118712111769486,0.04180318359226423,0.03687818112219147,0.0347979577648594,0.034236703600351165,0.03423308768732146,0.034292626518469704
4184.8,1055.9345703761744,94.2,0.004805135816355991,0.004772601735679986,0.004742751936613009,0.004781674952790494,0.005000496635164441,0.005598807334123662,0.006999845497224519,0.010271421813599586,0.018391477880713006,0.03884947510863147,0.08313171925999717,0.15515716666515508,0.1775472976497471,0.14150353887991868,0.10817602449101407,0.08423299940469015,0.06509041192433873,0.050816625984329476,0.04178987456470736,0.036954958287983564,0.03487118202493233,0.034278865012048715,0.03424937877440739,0.034298003740693084
4184.9,1058.8545703762163,94.3,0.004629584174684938,0.00459362779854914,0.004553885500071764,0.0045718321355662835,0.004750258118390089,0.005271037173022562,0.006514991470739845,0.009440327877062032,0.016759739883479334,0.03563222760275414,0.0775873453541676,0.1485534344592286,0.17754630633978646,0.14226838462694413,0.10733575423347952,0.0828459286216608,0.06413104086850879,0.05039690070555617,0.041666380002284044,0.03693937506166986,0.03487816124670246,0.034282507337217494,0.034248385816870015,0.034295817362570626
4185.0,1061.7845703761511,94.3,0.004602938293933443,0.004556350028124055,0.0044938776863025385,0.004475725986728207,0.004600640710532383,0.005037786639027565,0.006133283841171152,0.008754087441470942,0.015395006683726079,0.0329858110774451,0.0733484178217608,0.1430730858622082,0.176939704143876,0.1427097773990946,0.10662902741594799,0.08174307473867483,0.06341433339896889,0.05015079564087125,0.04166827815971669,0.03701352553182828,0.03494364596693614,0.03431806392798756,0.034260929982167725,0.034299329673058675
4185.1,1064.6146410467247,94.3,0.004516170375967944,0.004466161442759914,0.004394489365376758,0.004358062708652471,0.004449660968667594,0.004825214445833836,0.005797298376098925,0.008140974932586186,0.014100763850423,0.03019336400807828,0.068697812711402,0.1371689547961946,0.17631120303208916,0.14443260762820803,0.1076153873511014,0.08208327418869003,0.06365257715955007,0.05046623307437333,0.042003643518477456,0.03729484826797603,0.03513575829185328,0.03442138627703687,0.034301790791610096,0.03431399269535326
4185.2,1067.4447117171753,94.3,0.00491621862946131,0.004918248581540602,0.004923103018537165,0.004931296278159851,0.004944922268740544,0.004964210096809273,0.004991606722816712,0.005146204762575556,0.00803945642548806,0.03480892003579658,0.09683339963634784,0.11016837274714651,0.1115477428626835,0.11229957445083168,0.11262763908804767,0.11268877869693869,0.11256772265772018,0.11239288576105948,0.1123117538393204,0.11225804676902319,0.11221738441434748,0.11225193090189092,0.11224517890263014,0.11218937479623783
4185.3,1070.274729384922,94.4,0.004721925531102943,0.004723814032760982,0.004728564678500923,0.004736922067021774,0.00474984315772286,0.0047689405525610535,0.00479529706716905,0.004906723464240076,0.007081317790702094,0.029046564113719125,0.09220154929229854,0.1099239168210538,0.11146740425591824,0.11228934572793238,0.1126682475327502,0.11269969092874116,0.11257696544827153,0.11240289715124471,0.11231457532398341,0.11221888014576303,0.1122207348434246,0.11221655087174928,0.1121994884648336,0.11221120897746818
4185.4,1073.1048000554956,94.5,0.004558630889337247,0.004560426126369704,0.004564985945944306,0.004573110712524249,0.004585587862895954,0.004604174866723554,0.004629572173425127,0.004711909999119895,0.0063216980395231345,0.02396844031103803,0.08675781736651676,0.10994447726527463,0.1117480387679909,0.11261375465386037,0.11300248939936365,0.11303312666894927,0.11288840899345741,0.11269653248023116,0.11259493894342396,0.1125053745903401,0.11249012964452941,0.11247433642803761,0.11247464044283148,0.11248023132198808
4185.5,1075.9348177232423,94.6,0.0044098388812856245,0.004411536528930024,0.00441587625697739,0.004423722800796919,0.00443572459725137,0.004453666850908609,0.004478230250007469,0.004541121051403987,0.005717150771871957,0.019649389126729457,0.08023893678625238,0.10966223447922244,0.11182089626961234,0.11271664868657155,0.11310179229064411,0.11311864237115737,0.11295258344316667,0.11274689602493623,0.11262999721319826,0.11254100894699111,0.1125166546931298,0.11249458594310806,0.11250285397832044,0.11250501920454452
4185.6,1078.7648883936995,94.6,0.004710761181695097,0.004501291129392562,0.004146234575537,0.0037627759828937836,0.003479832912977432,0.0034294995023393614,0.0038103813946656377,0.00511134027076922,0.008897025036728724,0.020345299403912373,0.04823400580715826,0.10282505313856476,0.18959445514285017,0.15084023677281855,0.10319006102878556,0.07877253056401436,0.061780745755943306,0.04763246105392729,0.03814598757702453,0.03336560186770067,0.031962064372551356,0.03244277121859025,0.033411533804035984,0.03397577501069204
4185.7,1081.5949060615626,94.7,0.004112805850798892,0.0040353267485543146,0.0038983538317776335,0.003747530476785321,0.0036555658619837317,0.0037286908428095897,0.004148146492250426,0.005318990310043595,0.008386409223800101,0.017049468909221512,0.04200222304177104,0.0998768510383,0.1738661426185959,0.1554739736658599,0.11030377838174371,0.08000826266102698,0.060803799664529645,0.04829212585300331,0.0405936882167119,0.03642517057175311,0.03462785070163242,0.03415983827073708,0.03419094174811139,0.03426447660367367
4185.8,1084.4249767320132,94.8,0.004643207294568265,0.004417648818270605,0.004032886289030756,0.0036115047357150273,0.0032822216137725615,0.00316497321557194,0.0034231256123803803,0.004443128176023513,0.007448654566317484,0.016608246652081198,0.040596005411345226,0.08826418246302424,0.1875440588789462,0.15389524704721322,0.10035229391871205,0.07461120493913644,0.05929625796610665,0.04696102161701479,0.038221514035371,0.03355006881024353,0.03207955925783922,0.03247541227392443,0.033414760373893036,0.03397684565038266
4185.9,1087.2550474025868,94.8,0.004687631147461552,0.0044542283292284815,0.004054961919999216,0.003614214586259843,0.003261748822759471,0.0031144336628858137,0.0033221652112209532,0.004229018235127156,0.006912039899173094,0.015071047880566762,0.03743668170694085,0.08352278260771151,0.18461722492838317,0.15510850087565195,0.10053911505323491,0.07446920165166658,0.05968439073517382,0.04788619718271762,0.03923081063814035,0.03439195111187763,0.032676763466703486,0.03282763024999844,0.03356939607114053,0.03402997107346061
4186.0,1090.0850650703335,94.9,0.004712683169995265,0.00446193905186164,0.0040343499581589354,0.0035632746504970173,0.003182300697587993,0.003004462579817307,0.0031663587935554733,0.003977522935153528,0.006406436556353046,0.01379231224327538,0.03432617795050718,0.07703330006270175,0.18310794246400308,0.1572981433246281,0.10034571263947795,0.07442437836907381,0.060454814663163624,0.04884661109888722,0.03986543368683112,0.03469636380779093,0.03278202468035583,0.032846374922498034,0.03356753044484094,0.034028573294933834
4186.1,1092.8668630500727,94.9,0.0047599698916916035,0.004497712082982607,0.004050333267235984,0.0035568628668873133,0.003152995232089304,0.0029481405429732316,0.0030679366732501894,0.0037895662236136036,0.005973937732940596,0.012602284770143982,0.03155177245621201,0.07227944464774265,0.18053488108848442,0.16035826143907947,0.10139891805809212,0.0747943933081981,0.0608741478646206,0.04932287822538298,0.04024037589603803,0.03494714168337905,0.032915846665397784,0.032912587334840905,0.0335818380552303,0.034039797935014306
4186.2,1095.659030666752,94.9,0.004813108209344765,0.0045422346034144035,0.0040791615065638364,0.003566208283823845,0.0031412114345505497,0.002911244955132993,0.002991179003545294,0.0036285740168214304,0.005585684457356227,0.01151761157722889,0.029054683602567605,0.06854520758201771,0.17650212628993614,0.1639872724977389,0.1034346025346606,0.07527022922885596,0.06045636525986476,0.048690772371284975,0.03977285643384441,0.03465972913804523,0.032765797886298784,0.032829777424630766,0.03356090111113811,0.03403264238326482
4186.3,1098.4408286464911,95.0,0.005402308876606468,0.0049027584630409555,0.004132027347484301,0.0033724248477751215,0.002799602945209732,0.0024919696878016244,0.002526891359744767,0.003132400086644512,0.0051314115961084115,0.011584288652266524,0.02878665446807396,0.05652320240969753,0.18276251599782642,0.16829563606206555,0.09582812241958658,0.07344941858836387,0.06457973343808665,0.050923340384986325,0.03818757667211954,0.031450023217373294,0.029552780617399604,0.03055125796211995,0.03240673751005835,0.033585341189698095
4186.4,1101.2226266262637,95.1,0.00544539878601721,0.004916217589322502,0.004106380264271136,0.003314974588425826,0.0027205973015870257,0.0023938908862431475,0.0023993181951153745,0.0029388010286787807,0.004756222352801281,0.010653280364206388,0.026842490241127063,0.05205936471302357,0.1757551289473809,0.17537670526906302,0.09636050093719604,0.07385220825443904,0.06578509245835133,0.051349678332788855,0.03775967561577762,0.030766123933858382,0.028920752652745726,0.030098004787080045,0.03218149680822082,0.03351728181151172
4186.5,1104.0044246060029,95.2,0.005467246500379674,0.004922308110421806,0.00408935032402212,0.0032757834062523087,0.0026646941141897354,0.0023219752780215125,0.002299984956088222,0.002775807342455206,0.004412280874976512,0.009734140285906844,0.024953809531531874,0.04882609734407593,0.167589890815845,0.18142902349283693,0.09705250259242354,0.07504431558420602,0.0685074125576958,0.05324976842142403,0.03852256746314672,0.030935335044149845,0.02899561272913828,0.030050333847920448,0.0321572940206456,0.03357479233128972
4186.6,1106.7862225856593,95.3,0.0054687038981047495,0.004914143834108444,0.004067050352858821,0.003240126433657691,0.0026165881980377455,0.002259167382400597,0.00221228931738775,0.002629891836706105,0.00409823881550686,0.00886834605365566,0.023120369845123712,0.04617567078768043,0.15843890018681986,0.18744031997072214,0.09736554831353689,0.07659506874527061,0.07286335424697686,0.05696106015034622,0.04034015253722267,0.031857839989422834,0.02952574224196455,0.03042324782002913,0.03235179003980945,0.033675427591320035
4186.7,1109.5683979935054,95.4,0.00517244223618403,0.004728333290726285,0.004020282454771837,0.0032940286353875716,0.002717556163083969,0.002367821385879832,0.0022963970832535854,0.0026369819730664877,0.0038606144765064056,0.00773621586198583,0.020138670292729553,0.04670172688721393,0.14687582411135439,0.18831901561546333,0.10425131218015805,0.08044449250562387,0.07405177515499771,0.059387705779617724,0.043725667772947,0.03502849862120892,0.03198934568131436,0.03204464920638344,0.033151728899219475,0.03386712927964471
4186.8,1112.350195973278,95.6,0.0052968736161034,0.004780970928991145,0.003979028521991055,0.0031811602718809858,0.002564435193378014,0.002192039183310799,0.00210110738158493,0.002407878987044489,0.003555383239297337,0.00724104484626288,0.019089508433046232,0.04214825745326371,0.1371113379097027,0.1970957625413002,0.0991340578895671,0.08050246151709736,0.08316417071867366,0.06685343456327932,0.04589547900946756,0.0350346582678196,0.031518548067949986,0.03162671236089403,0.032945781368364915,0.03385095275089211
4186.9,1115.1419875127976,95.7,0.005301970945576247,0.004784101027059811,0.003976748992816703,0.0031706364821189967,0.002543676331957423,0.002157910725920017,0.0020440299991501083,0.002301068565995693,0.0033147944976394026,0.006566719553790498,0.01731307247454678,0.04055996862300574,0.1281273071067157,0.19977641936182775,0.09936801947813613,0.08044749380887171,0.08481885977416924,0.06999697678736433,0.048082901033669426,0.036350043550543346,0.0323129308113713,0.0320755956860259,0.03313475975986659,0.03391049416396416
4187.0,1117.923785492454,95.9,0.0051224014384700515,0.004657285673351779,0.003915859163092838,0.0031559910517315846,0.0025486673632264902,0.002161986778720268,0.0020292437036788253,0.0022377586892760835,0.0031141172981286923,0.005891521356421901,0.015186778026628963,0.038752650437186065,0.118413378427028,0.20099678734385001,0.10156165528227577,0.0796695569045478,0.08161898992172928,0.06948951988210582,0.04932954057643821,0.037615628401301594,0.03322095754293339,0.03263240688661424,0.0333728194027016,0.03395388405864762
4187.1,1120.6950848267106,96.0,0.005191906867195977,0.0046942443587666095,0.003909210816944464,0.0031143901268279937,0.002484828119258035,0.002082256274926261,0.0019301731131298374,0.0021007630107423548,0.0028821980298072833,0.005382275273548615,0.013905790549226672,0.036680243151255044,0.10986425124645226,0.20442689208805376,0.0998381293448414,0.0766124490616867,0.0786385190809542,0.06836622416971218,0.04888428742943646,0.03721230385139105,0.032855163396410494,0.032381807456211296,0.03323377810366084,0.033898136885409116
4187.2,1123.475462498856,96.2,0.005043413884606492,0.004576438393020052,0.003832497638651957,0.0030702348799506404,0.0024566518571235885,0.0020550354477374476,0.0018894777817947872,0.0020204312172430725,0.002693196733094049,0.00485640184453866,0.012317676801040662,0.03448581066843238,0.10073981278860025,0.20570575932212962,0.10194697756750416,0.07488952896095699,0.07331814793552133,0.06461055085181677,0.04785976904902407,0.037131605759205814,0.03291721576434402,0.0324033368373502,0.033258335513973857,0.03394327450748018
4187.3,1126.2467618331125,96.3,0.004973333256259078,0.004532917483923685,0.003819815556353094,0.0030751188994917722,0.0024637598460502427,0.002053352349859528,0.0018682918284916718,0.001960486164423892,0.002539797889682979,0.004413607280919247,0.010936622709425711,0.03279062854997387,0.09571416959910362,0.20172448482646937,0.10655026800468928,0.07572472798287916,0.06912551475298856,0.059751379475379715,0.04599938591869953,0.03686297708501155,0.03310104666592035,0.03260642514866489,0.033346174118763144,0.03396911939367063
4187.4,1129.018061167369,96.5,0.00507917778003971,0.004578694917737322,0.003788858424237147,0.002988762175060129,0.0023494681170939976,0.0019267255955510148,0.0017318070733051947,0.0018027881000746474,0.0023284121215615553,0.004062332761886737,0.010212360800632007,0.030971378814099344,0.08694924776086976,0.20671948295183162,0.10496127004897567,0.07419914478080844,0.06898969383036505,0.059636377718833795,0.044952255370576386,0.03556696903155934,0.03199265729868075,0.03186415177923278,0.03299994515134887,0.033850138522070174
4187.5,1131.7984388395946,96.7,0.005043181777554578,0.004538675139024155,0.003743677911920006,0.0029398269239192874,0.0022978331754648067,0.001871074628516906,0.0016665048986000755,0.0017142908944625806,0.002180803548621465,0.00373863923047689,0.009306874934690953,0.029120513661748698,0.08054099995324468,0.20620360183798436,0.10749342450857724,0.07503456248920606,0.06836818426947669,0.05837223663431969,0.04406494461830844,0.03505208172089256,0.03168004163377191,0.031679238694130744,0.03291130581809111,0.03381503782013386
4187.6,1134.5697381738512,96.9,0.004993805894723093,0.004491395129074093,0.0036990563788251766,0.002897208519575704,0.002255729986921826,0.0018266869171921734,0.0016139033056532226,0.0016414428016650192,0.0020562629538600444,0.003459112769904034,0.00849365128539975,0.027261063518994853,0.07504555086129577,0.20397603951594884,0.11031062328224359,0.07630368579376247,0.06808160042952652,0.05729376961299282,0.04330483952203156,0.034646431350404565,0.03146295283571783,0.03156182895070091,0.03285451030967966,0.033790398424723395
4187.7,1137.3501158460767,97.1,0.0048368312349773585,0.004375442689456346,0.0036353558709402126,0.0028715681135009527,0.0022497825438388417,0.0018251020479493104,0.001606095938956497,0.0016153296782023823,0.001982605264749062,0.0032361970267316058,0.007690293825477904,0.025043974060448122,0.07130083266948993,0.1983973306348991,0.11529114671118974,0.07865345684048915,0.06737022831884788,0.055546429507350316,0.04251433647985815,0.034567092762610024,0.031623933220753346,0.03172717431407005,0.032958551510457866,0.033752770855763836
4187.8,1140.1214151802174,97.3,0.0048976646668666395,0.0043974705404461415,0.0036093109528655912,0.0028124775863970827,0.002174638598477456,0.0017446507413506741,0.0015211471765630854,0.001518491696973818,0.001853869814131568,0.003017255725093105,0.007193203684102589,0.02373575152044937,0.06579893403714016,0.19787914291406344,0.11557344039223583,0.078392504869591,0.06778118108931411,0.05583489310828804,0.04207655827405442,0.033830371878777805,0.03091737070689587,0.031218721237548257,0.032692839597192776,0.03373050136650513
4187.9,1142.9026738880875,97.5,0.004179235703620365,0.00390823342839811,0.003428967537393801,0.002872434676837382,0.0023632248586720893,0.001978145629556824,0.0017550926531488236,0.0017324344274082608,0.0020217650012362867,0.0030181486919988276,0.0063386572860297955,0.01951758041951625,0.06708292100005858,0.1787271721551545,0.12920322653525299,0.08588432416692265,0.06550529622754224,0.051973527813293174,0.04197235983025752,0.03598713628083729,0.03345728187282102,0.03312941751227891,0.03364962833109732,0.034062281639782005
4188.0,1145.6730890194638,97.6,0.004127327513012291,0.0038713737381642255,0.0034132498704852396,0.002873814275362519,0.0023733224304769854,0.0019889791539388388,0.0017602020605368013,0.0017251240689898303,0.0019871366256736214,0.00290791644467548,0.005950871611806492,0.018037676731598215,0.06436981457033089,0.1741142178004011,0.1319723430471253,0.08766155126000247,0.06581830111805365,0.051808917774804196,0.0419567479066485,0.036157921273848696,0.033684973992864,0.03330690759505566,0.03374132761893102,0.03409569071923095
4188.1,1148.5128425298362,97.7,0.004249701792562936,0.0039554822846880455,0.003439093645085474,0.002845922664647143,0.002308648722487871,0.0019035168518867203,0.001662634324530453,0.001614497948668402,0.00185117213718859,0.002710067227425518,0.005580007354032406,0.017094777613964652,0.06086026456438638,0.17328033413659533,0.1322811057941544,0.08805199245195419,0.06730012219756246,0.05320906141412216,0.04252252991600969,0.036112441530520956,0.03341548789377543,0.033064768199937686,0.03361467685871805,0.03405171933672943
4188.2,1151.3412696545658,97.8,0.004215761442814584,0.003926906158548097,0.0034178526303811465,0.0028303119439153017,0.002295361514675274,0.0018892004206590945,0.0016437940649445212,0.0015857940533564303,0.0017999066102945519,0.002596458842196165,0.005245150206587019,0.015853547682082764,0.05778502852320753,0.16977083389615388,0.13457772024155115,0.08994829118911128,0.0688580745555662,0.05439036028932877,0.04328143026911783,0.03657084833469954,0.03368786069642613,0.03321177248146934,0.03367682847611596,0.03407377926451042
4188.3,1154.1810231650727,97.8,0.0043725245275351545,0.004047674681859562,0.0034829854975282973,0.0028429340996924024,0.0022714255959911606,0.0018434688884272743,0.0015848166780077387,0.0015149020153809752,0.0017086052680503141,0.0024576946234338057,0.00497065830758478,0.015138766046911493,0.055786977934593744,0.1684418129682581,0.13608977670483977,0.09142992718215331,0.0710869881006386,0.05633841135376245,0.04429814913521828,0.036923709196129535,0.03376369324288733,0.03319523192447897,0.03366293630538129,0.03406396782703807
4188.4,1157.010881818739,97.9,0.00422202113798323,0.003936535956190169,0.0034300626172610394,0.0028411986793631973,0.002300925439647821,0.0018857500187506886,0.0016276891692649335,0.0015500611721167182,0.001725147587081718,0.002419715340851427,0.004713557464337007,0.013860790485298787,0.05278599771980257,0.1638245988502947,0.13947280600210288,0.09464925982238961,0.0731367270729235,0.05779676060512438,0.0455480459317774,0.037968552211461636,0.0345302740876734,0.03365718497960993,0.03386019433529007,0.034131111538363415
4188.5,1159.8492087907186,98.0,0.00437243587394599,0.004043743337580732,0.0034721327056247545,0.002824086562399643,0.0022451013784848934,0.0018100350794625654,0.0015422456025453652,0.0014563238280525118,0.0016148123487899418,0.0022681530799899432,0.00444652260516625,0.013189013579700202,0.05009253341337312,0.16309539124112316,0.14004873033143395,0.09499367856747974,0.07622464550392954,0.061376922878194747,0.047503763997424,0.038628417185484445,0.03462237945316476,0.03359293575456831,0.03381067138255525,0.034111062743511646
4188.6,1162.6790674445003,98.1,0.004323871702128902,0.004008637882698319,0.0034561826135325394,0.0028238228375185126,0.0022530155207795997,0.0018194430146430923,0.0015485662099791048,0.00145527734911166,0.0015980833720762406,0.0022088573066376036,0.004230936586590355,0.0122680693758779,0.047446682563515544,0.16003596311605953,0.14223468545710916,0.09696640897865043,0.07831293278101539,0.06337581829760211,0.04894593114382335,0.03953877412889838,0.03516242428838427,0.03387383882999637,0.033922360518997226,0.03414740863646464
4188.7,1165.517394416496,98.2,0.002973098514690752,0.002928847345986575,0.0028326256824864507,0.002688472010032456,0.00251954030840907,0.0023621891011048725,0.002253850338741668,0.0022332105762112977,0.002362913215303352,0.0028040429904237266,0.004198764993205651,0.010487321878525952,0.0461825588219774,0.12553019056518036,0.14094468947705022,0.12091663907786902,0.10209096494008169,0.08749031626307743,0.07567974629213176,0.0661120569777466,0.05816199896148652,0.05106819596780284,0.04468781599540845,0.04075252666100036
4188.8,1168.3571479270029,98.3,0.004379200879864664,0.004048797746416101,0.0034729747268366002,0.0028188025952253543,0.0022320432906824334,0.0017879250401721296,0.0015080337050514027,0.0014015120375807017,0.0015169080473939392,0.0020547883206864723,0.003829889660695485,0.010803903202193788,0.04245523605232745,0.15564431672107673,0.14457729707720465,0.09679511874974775,0.07917687090292665,0.06529607413977079,0.05036143530177973,0.04022359882897672,0.03541833696706333,0.03395362425953836,0.033932681399935466,0.034159803397156206
4188.9,1171.1870065805344,98.4,0.004357079459055731,0.004033279521382959,0.003466830157439346,0.0028201895635694622,0.0022370097223227228,0.0017928119810791544,0.001509919342724766,0.0013971863571064066,0.0014996809049830234,0.002003936062984959,0.0036620343725665473,0.010114997539795207,0.04005137673177484,0.15259443301200415,0.14569451378848766,0.0959400692615115,0.07699800614010022,0.06342170945890804,0.04952658041984369,0.03997000499614397,0.03535917802907295,0.03394010238111679,0.033925524054160786,0.034153731778085505
4189.0,1174.0253335526454,98.5,0.0030692471841485373,0.0030089111235745013,0.002879655226121738,0.0026900063837166375,0.0024731696692812813,0.002275365412737196,0.00213805612930685,0.002098096810134608,0.0022125990418383917,0.0026306362059813656,0.003912230377471216,0.009129798192185267,0.03785014653631662,0.12187528684606139,0.14183537184709652,0.11701537784611862,0.09567363098173894,0.07998759139520824,0.0674950494351894,0.05739838576405284,0.049243774684927466,0.04260021702811187,0.03778792231743578,0.0358868120278942
4189.1,1176.9850125892222,98.5,0.0031155684245379725,0.003057421842239169,0.002929003622676646,0.0027350209011156095,0.0025088212150447117,0.002298867493334991,0.002146018339731035,0.00208286849360281,0.0021576363405286718,0.002494124831140328,0.0035716701125934613,0.008325833034178456,0.03783642326815924,0.12231111779433898,0.13889171237442915,0.11480867638886672,0.09445959197709129,0.07994330593244274,0.0685869019987628,0.05945927273609388,0.0519983203971229,0.04557685224842747,0.04014705339446035,0.03733407839418265
4189.2,1179.94288344517,98.6,0.003132974922445458,0.003072107571956366,0.0029373058852633547,0.0027335093850209945,0.0024965052136169093,0.0022773475038759547,0.002117328721559809,0.0020476822303261144,0.002114220288055503,0.0024348923704449695,0.0034625539606317167,0.00794432840002312,0.03595436549013311,0.12083724412274413,0.13801820473351664,0.11276368041459989,0.09193860946620322,0.07745145074746038,0.06627461027781728,0.05732706553736813,0.050052791909918785,0.04389582232438644,0.03890724985877841,0.036568157214206184
4189.3,1182.9025624818614,98.6,0.0031827688490132103,0.003118205433789857,0.00297478171121143,0.0027578536796239905,0.0025065721158352215,0.002275552235575735,0.0021068540997790115,0.0020302903545101197,0.0020893803009299373,0.0023976323188809622,0.003391137022511143,0.007711253354815656,0.034917047737154976,0.11986873019694334,0.13713998879147854,0.11132707322516497,0.09048044597055378,0.07626090826486957,0.06535943070401165,0.056601497050959494,0.049461358541950794,0.043435384177074085,0.03860733829185708,0.03639551463196107
4189.4,1185.8604333376425,98.7,0.003155502831237395,0.0030923305591711585,0.002952021773123722,0.0027395391883811545,0.002492615700698741,0.002264572756232742,0.002097151931126657,0.002020254745380004,0.0020769206272630053,0.002377862033368888,0.0033419620950148055,0.007464669367853666,0.03325950377409811,0.11737388952441331,0.13665250022767345,0.11132267884683379,0.0907608081489735,0.07681366528773395,0.06603744594321034,0.05725822570037557,0.050020544727313834,0.04386347053400996,0.03887206291944244,0.03653733818713318
4189.5,1188.8201123742192,98.7,0.003180618378772374,0.0031158430481244993,0.0029717419739430846,0.00275334647550685,0.002499784518977861,0.0022659794083500925,0.0020940757764048197,0.0020133435060255326,0.002065599365125752,0.002358776793949203,0.0032993908529112504,0.0072943596509487015,0.03231804628079797,0.11628525589008688,0.13655823173282622,0.11155559399265132,0.09135086727856678,0.07772544129311787,0.06708493344508135,0.05827554474553743,0.050924306819949194,0.04460612195109233,0.039385958230047535,0.036840197560352415
4189.6,1191.7779832301671,98.8,0.003119283943635279,0.0030590220827503354,0.0029252975293443157,0.0027223095786389354,0.002484669283701464,0.002262850420254049,0.0020981481146692023,0.0020211654784492903,0.00207481664485119,0.002366266395970001,0.0032901745895145174,0.007129734533357386,0.03080029323250193,0.11328493951462197,0.1365551962471889,0.11322422182096083,0.09356666813554704,0.08013444816834703,0.0694599956548605,0.06046557010140092,0.052848239137256954,0.04619583375721969,0.04053168750263952,0.03754887234107408
4189.7,1194.7376622668585,98.8,0.003108758793005779,0.0030499659319214167,0.002919630146480458,0.0027216074762416624,0.0024888042524992427,0.002270086250776697,0.002106591012398808,0.002029524161603068,0.0020820559539621495,0.002370232050945887,0.0032792212528107967,0.007004402651702812,0.02977802782539422,0.1114083728243771,0.13639876850354019,0.11422767263662494,0.09508947203544793,0.0819550437837034,0.07137632099318054,0.06230787110388834,0.05452060014003698,0.04763415214082514,0.04165351965126221,0.03831454693952761
4189.8,1197.6955331228064,98.8,0.0031157110518894274,0.00305709465289925,0.0029269654986019,0.0027288477337486057,0.002495368009368873,0.0022754279689475303,0.002110282244167984,0.002031018460381955,0.002080127811795795,0.002361231788469277,0.0032478729551723294,0.006857736966777532,0.028959695027910178,0.11016468987318194,0.136167233265234,0.11462277037907848,0.09565075129822033,0.08260009819373533,0.07205788624075647,0.06297321039428004,0.05513461374438578,0.048172387621291356,0.04208713145770222,0.03862283350591527
4189.9,1200.6552121593832,98.9,0.003052778062212042,0.0029985305707510164,0.002878385610946461,0.0026952071686136407,0.002477613656695132,0.002270146205612179,0.0021128441728256136,0.002037899294044968,0.0020889877262706296,0.002369391739536958,0.003242713799020484,0.006720494734617676,0.02763338865411561,0.10696844687494542,0.13529233567524174,0.11485229894920988,0.09594538687571702,0.08279600818758054,0.07218246604938117,0.06303096398692426,0.055114425783864496,0.048078516259504545,0.04194661050500123,0.038490236362769735
4190.0,1203.6130830151642,98.9,0.004938258649904199,0.004435443932510385,0.0036229269450066986,0.0027802550546345145,0.0020884214710461414,0.0015997667674608033,0.0013004959446269663,0.0011702519556193256,0.0012243623688070722,0.0015865424918504961,0.0027674284281631527,0.007120566488461742,0.026677913086410553,0.13202436516482274,0.15329918857401906,0.07823161278799362,0.06780125471980686,0.0722047391637764,0.061091644596768094,0.04547920862861545,0.037065962294063115,0.03416998715492516,0.03383646295192573,0.034104792145062096
4190.1,1206.6765777516368,98.9,0.003056845821005874,0.003003589668909287,0.0028854173355257148,0.0027046152832570043,0.0024887145866341388,0.0022815135114948016,0.002123012103781959,0.002045417528701037,0.002091597451750619,0.0023613058566463144,0.003201050694863824,0.006508838538417035,0.026367875893457186,0.1040018949015083,0.13258839220121038,0.11250373009697529,0.09342670611892778,0.08025621811175708,0.06985957492977402,0.060988163706427546,0.05332580335363809,0.046547469239634175,0.04072795600904529,0.03762228429764072
4190.2,1209.7382276337494,99.0,0.004200880394054283,0.003924604540682102,0.00342711490488387,0.002837637360278689,0.0022836520865701774,0.0018420596949901195,0.0015416698067074078,0.0013918527272233584,0.0014205748695862678,0.0017418199884035091,0.0027895071098063455,0.006521714548280865,0.024358375340292306,0.12174695276062981,0.14968508352268037,0.08778334278092223,0.06565648094600676,0.056683489809689444,0.04853910178589075,0.04111095340122516,0.03649537168298838,0.03455744949297621,0.034137023909322675,0.03418964685095474
4190.3,1212.811548313306,99.0,0.004202756926799049,0.00392839758566022,0.0034335038997901288,0.0028457999305606086,0.0022921768288136374,0.0018497729802803063,0.001547918759320816,0.0013961910461429308,0.0014221156455760653,0.0017375620578826648,0.002767051672330799,0.006418027572021055,0.02380712752534515,0.11954833732136151,0.14872108968224504,0.08619716247733542,0.06350147644600061,0.05453851461624774,0.04715364464963196,0.040471665572274086,0.0362398412210026,0.034458176853150765,0.034099901804546376,0.03417396535515033
4190.4,1215.8731981954186,99.0,0.004224031062774551,0.003947762380320597,0.0034494922086660187,0.0028578945821907563,0.002300719062837259,0.0018554678509169803,0.00155143930153466,0.001397884101687425,0.0014216699921665822,0.0017329685899644708,0.0027494511173676924,0.006340713399334301,0.0233754072587801,0.11774332712482634,0.1478357507414043,0.08458683228497382,0.061582507849972476,0.05279349367029829,0.04606899627932186,0.03997766559199646,0.03603945339803632,0.034375495541157465,0.03406684447434349,0.0341590637861761
4190.5,1218.9348480772464,99.1,0.004644929239015054,0.004228708134511888,0.00353672901714174,0.00279139286039124,0.002154202722911069,0.0016862074456164848,0.001388419347985135,0.0012505499618917953,0.0012889948449690952,0.0016120710644637747,0.0026469515522246647,0.006289775546475457,0.022686022215245363,0.11871895228733323,0.15254088660213563,0.07344881984367567,0.056168775066163065,0.055558155993793254,0.0510667630477857,0.04204756124074708,0.03600772525658877,0.0337850815919585,0.03365306949522543,0.03398913355698805
4190.6,1222.008168756976,99.1,0.0029925596123993024,0.002944105311000382,0.0028370118949590747,0.002672936511852206,0.0024748068427404317,0.00228109389463483,0.002130016110953696,0.00205485048078457,0.0020992063018083064,0.0023597430587923855,0.0031565160287275206,0.006136807956317855,0.02306107397150741,0.09348827100206217,0.1255378332399934,0.10613843745646466,0.08644310157306859,0.0732736946346611,0.06351162352419011,0.05543923624206383,0.04852459418455518,0.042565417690968346,0.03789531045507958,0.035915238484441135
4190.7,1225.0698186389182,99.2,0.004537607814842959,0.00415183536383045,0.0035021512874803067,0.0027911786822806045,0.002173817039263274,0.001714379001608101,0.0014190660757875649,0.0012812537257731681,0.0013188228484562648,0.001637765179285056,0.0026457009895737922,0.006100127131332151,0.02127213760872369,0.11389074772736821,0.15484165296580604,0.07187888127043761,0.05439415664022065,0.05447492072926123,0.05112751065561063,0.04230581717112637,0.036121709844194445,0.03379317354549266,0.03363241070986213,0.03398499210285058
4190.8,1228.1333133753908,99.2,0.00452719303726491,0.0041480260710082,0.0035073615974629893,0.00280331551310021,0.002189369099231708,0.0017308030549439155,0.0014352102037772686,0.0012969343830029729,0.001334361194420309,0.0016528576828367667,0.002654078897980477,0.006049278410868881,0.02080228093425773,0.11201185710708408,0.15578195476994017,0.07148344374402991,0.05407634695801078,0.05460552881257378,0.051563067807789735,0.0425550560393968,0.03619714044289994,0.03380017256177564,0.03362410351076616,0.03398179890325554
4190.9,1231.2047951024492,99.3,0.0025751664738570767,0.002571302648664235,0.002562623362415072,0.0025485838008557017,0.0025296746763232864,0.0025080823904097445,0.002487814465402022,0.0024743526587223336,0.0024745511544304525,0.0024965058985062247,0.0025695223904368208,0.0036279231269990926,0.020826483038626754,0.10475265640105058,0.10907861042118927,0.1068432991674785,0.1045024062186246,0.10304264817196818,0.102278075720303,0.10195945847357152,0.10190462414707303,0.10191871435143537,0.10190960815431069,0.10189427127230047
4191.0,1234.2664449845618,99.3,0.004399437626672633,0.0040560697978589254,0.0034665910546966745,0.0028057504683467456,0.0022178993775254607,0.00177134994364345,0.0014799318009245908,0.001342868831661345,0.0013814548066108066,0.0017006000460057778,0.002688895743211628,0.005954584512135201,0.019798311155963463,0.1070268047455034,0.15892397603915226,0.07163267964220789,0.05431919832919549,0.055597882823214616,0.05249771475005169,0.042816291899166206,0.0361473673942983,0.03370400408241564,0.033573349046101895,0.03395987003909849
4191.1,1237.4163814918445,99.4,0.004241292007107778,0.00393450924029609,0.003399067703400109,0.002786199535618841,0.002229467897888895,0.00179884327949046,0.0015139967887018264,0.0013791094125959209,0.0014184199211867581,0.0017364932246498126,0.002710861178431481,0.005873921664790354,0.0190860729808834,0.10295828899441659,0.16135155885234848,0.07203000456975699,0.054672255411807806,0.056321413633666294,0.05307695706462165,0.04297923792259301,0.03613949889216633,0.03367069971248419,0.03355722970291181,0.0339508226982567
4191.2,1240.5663179991273,99.4,0.004170970513353413,0.0038860698069874255,0.0033826382449934876,0.002797662687627054,0.0022575944706247804,0.0018336310617175487,0.0015498788837110984,0.0014136515256546033,0.001450961681393055,0.001765975603829806,0.0027300424235629167,0.0058430608099460215,0.01884022921231368,0.10037864684855173,0.1615400635332924,0.07367474626287172,0.055759836356135926,0.05656058265598326,0.052731280255946256,0.0427852962610332,0.03613581501292972,0.033730237562231424,0.033592510565940537,0.03396453433538754
4191.3,1243.7146826540127,99.4,0.004173168727881886,0.0038878021329401885,0.003384360781450103,0.002800011273378878,0.002261548103143932,0.0018399680364557434,0.0015588887266141471,0.001426078909615928,0.0014684564225576741,0.0017915497454572208,0.0027660982665539116,0.005857380975411515,0.018425083766441502,0.09796575878507652,0.16385699851601335,0.07216871175335436,0.05569533465825777,0.05907128942971146,0.055397627346459186,0.0437615772232899,0.036268276329743034,0.03365677527580709,0.03354375717069936,0.03394337563601738
4191.4,1246.8646191612954,99.5,0.003901402518113228,0.0036856615405237375,0.00328814768209232,0.002801047095275225,0.0023257030056561176,0.0019329950177142377,0.0016583255472615952,0.0015201147155634272,0.0015506117993129977,0.0018528647704728505,0.0027774085329865367,0.005720557761556268,0.017987036715625352,0.09293345133249585,0.16223691483554892,0.07844792002390752,0.058595249505893274,0.05695743799315792,0.05216974562269885,0.04293521067787587,0.03667468521599481,0.03421207325473075,0.03385251901180616,0.03406169715327439
4191.5,1250.0145556686932,99.5,0.004024646304676781,0.0037800445428884883,0.0033386891612176136,0.0028115680300955827,0.002310918184381002,0.0019081706603262132,0.0016341449763478202,0.001503161455777562,0.0015459930259842335,0.001867230308079679,0.0028194204546937085,0.005753147810374798,0.017381949649270947,0.09145717351978491,0.167638964469779,0.07192688949989116,0.056334209857591494,0.061868731562868914,0.05845564316942917,0.04526160833299802,0.03692838786437041,0.03396014011514514,0.033655950613920786,0.033992380289365264
4191.6,1253.1629203234338,99.6,0.0038824967896176382,0.0036743408066180036,0.0032898820920132382,0.002816738695507521,0.002352798123261692,0.0019682411931664853,0.001699392030342211,0.0015663737462039587,0.0016029022341561567,0.0019110977139313336,0.0028260122897759967,0.00562389142331604,0.01674899767824681,0.08758489201725199,0.16827509349316475,0.07310969719578207,0.05668822810197967,0.06109239489002438,0.057788601235235555,0.04534170517944813,0.037218473632558716,0.03419160713029761,0.03377056836054026,0.03402950648994743
4191.7,1256.3128568307166,99.6,0.003930565335190384,0.003719702471432567,0.003330711181676978,0.0028524864955810363,0.0023840389877293677,0.0019961854106844445,0.0017254422780634345,0.0015919145675603991,0.0016290572755830934,0.0019373505017984019,0.002842219506770024,0.005560757266452029,0.016187594068568487,0.08577894400407304,0.17122106323300684,0.06983864963101938,0.054734384290076696,0.06198496659612177,0.060046258666944116,0.04626036117427439,0.03735113528763427,0.03411962580221438,0.033704056974159416,0.03400358824574152
4191.8,1259.4627933379993,99.7,0.003843354737419025,0.0036567895222753065,0.0033068388757626008,0.002867066063057913,0.0024257777360206408,0.0020517069996574644,0.0017846132705291121,0.0016485720312861972,0.0016787880147007338,0.0019723425808628515,0.0028362676229335844,0.00541167485044038,0.015489533015691514,0.08251093690871479,0.17327378260614978,0.06904289779810677,0.053242405536976595,0.05971565991730273,0.05859308942384811,0.04581856985972344,0.03722362032340414,0.03406300248269045,0.03367114755389787,0.03398478733062493
4191.9,1262.6111579928847,99.7,0.0038611397583048395,0.0036824617578840807,0.0033445321050452215,0.0029151765409001088,0.0024790234392601195,0.0021045622021878397,0.0018332345370093116,0.0016907608165578007,0.001712520809148309,0.0019924615389098534,0.0028249226964416198,0.005304447560691926,0.015061158122938996,0.08117401918764772,0.17448704305923363,0.0684640378526143,0.05212027234453992,0.0575188529827939,0.0563864131720391,0.04469540483215651,0.03670432129688785,0.03380863257861717,0.033561999723944275,0.03394343211472603
4192.0,1265.7610945001675,99.8,0.003707590497263163,0.0035658540506831515,0.003289097688339222,0.002922615760517013,0.0025329662836257967,0.002182778156543677,0.0019173050025153948,0.0017686230999667716,0.001776136193017378,0.002032826814514356,0.002822564435997799,0.00521041777774414,0.014753701458469102,0.0768712723236853,0.17276775309292436,0.07370952550107197,0.0534372820348496,0.0528227094532383,0.05006332444918474,0.041975437251882186,0.036097902281130294,0.033838820929132055,0.033661050929036686,0.03398179054411155
4192.1,1268.9537892867359,99.9,0.00370328166567427,0.0035640920952082857,0.0032926130850358067,0.002933157233453019,0.0025506351796824654,0.002206513641238807,0.0019456121315595053,0.0018002142320862643,0.0018098065887066212,0.002065493874364532,0.0028404198809286003,0.005142068416475391,0.014198434641649832,0.07493354734509458,0.17687180802505215,0.07007960224065327,0.05154626863658549,0.05360992746685334,0.051613770072372035,0.04222438668016869,0.0356792379157261,0.03338008718043327,0.03340191151203897,0.033881830288172404
4192.2,1272.1464840731887,100.0,0.003666508999526964,0.003532811754839683,0.003272030568277609,0.002926230829630667,0.0025573570406818603,0.0022248626153369053,0.001973025366576993,0.0018347240162471022,0.0018502920451470566,0.0021103929896718328,0.00288101952905594,0.0051246478405034945,0.013776519654124884,0.07209819330654371,0.18013188999941834,0.06813105902195088,0.05052645097257892,0.054081914148033025,0.05207048489264617,0.04178448657038525,0.03499420559142393,0.03285514044692146,0.033126711763624306,0.03378315755841513
4192.3,1275.3292501657756,100.1,0.003618838786749785,0.003492120497449255,0.003244368065165283,0.0029144907329811376,0.0025608324569156636,0.002240700030329667,0.001998032418074757,0.001866710257458988,0.0018886042781808925,0.0021556304648846386,0.0029329373764954898,0.005167126439226271,0.01364466896762555,0.0696035313423629,0.18088305411077804,0.06876840626101811,0.05127787661930977,0.05502015745136692,0.052211038235105915,0.041416830961430805,0.03463571411724946,0.032620648945920996,0.03302176274315015,0.0337524444776116
4192.4,1278.5219449524548,100.3,0.003445306420614291,0.0033419255065960185,0.0031361422354518114,0.00285551873996512,0.0025464284554803525,0.002259151251281177,0.0020369021596285787,0.001916427017983811,0.0019432732453278866,0.0022123063664541733,0.0029895261772910626,0.005212751306758949,0.013528159844864523,0.06514157075131807,0.1798559925126594,0.07306338077782609,0.053432997297313774,0.05427012358693446,0.05040666693613164,0.040796306000406686,0.03471230463575163,0.03284796175234823,0.03317799239006889,0.0338173598881571
4192.5,1281.7146397389076,100.4,0.003423856643939297,0.0033189463828883427,0.0031119287302259196,0.0028325823598090967,0.002528604645479155,0.0022500515956537796,0.0020392847557610607,0.001932439694510712,0.0019753876786844423,0.002264227064886068,0.0030633691326921895,0.005280875710331529,0.013325869738093495,0.06300034161935084,0.1822993048593273,0.07096561433646945,0.05401592994126854,0.05923558488466834,0.05469738166093238,0.04196363109777077,0.03464763410341216,0.03257466931867672,0.03300938039269317,0.033751269393283545
4192.6,1284.8974058314946,100.6,0.003277194509362297,0.0031882924171289222,0.0030113555133300923,0.0027695363705381696,0.0025025988400460514,0.002255001435564103,0.002067317275600842,0.001976836374242347,0.0020317184905016728,0.002329531863946556,0.003131301806613542,0.00531718335229597,0.013087722550241264,0.05950092458762158,0.18243872777058096,0.07264333556331479,0.05567011483206747,0.06115877033934848,0.055665103113250104,0.042235264480486444,0.034745702682221526,0.03263479005374787,0.03304799495259697,0.03377256870091215
4192.7,1288.0889258455863,100.7,0.0032257986103119843,0.003142128121256382,0.002975615351802447,0.002747863243392464,0.0024963062845798785,0.0022634111992067274,0.0020888843657152372,0.0020103632763014013,0.002077197994044926,0.0023882766114474673,0.00320360217595572,0.0053853357651968145,0.012985385494753391,0.05732468757966483,0.18226502828015737,0.07338025679841856,0.05696082479154168,0.0638654004259858,0.05762274372053826,0.042905199180199874,0.03495648704987977,0.032717145306391714,0.03308742925708279,0.03379284161024549
4192.8,1291.2716919380578,100.9,0.0030969451857207437,0.0030272202599205423,0.0028874181710228327,0.0026941325099987374,0.00247782351458575,0.0022757063898325384,0.0021251502258605847,0.002064131238404445,0.0021434574447707086,0.0024620471587908812,0.0032739212512157127,0.005410092653520276,0.012720458596356678,0.054071674219658465,0.1816893284051569,0.07535716902231615,0.05826460996476983,0.06473454200395962,0.05831733624424173,0.04345052384102386,0.03534960000772106,0.03297383766730491,0.03321205851492831,0.03384984242441153
4192.9,1294.4643867246261,101.1,0.0029845660800218083,0.002925408041456853,0.0028065317989473056,0.0026415104064344166,0.0024561302591691995,0.0022833012106161757,0.0021579610292605076,0.002117589539422001,0.0022133162707888916,0.002542758119334669,0.003350282948181337,0.005421916304269228,0.012363481325059881,0.050942923672606645,0.18210780605565463,0.07576617944790609,0.05852366070807662,0.06573579571351706,0.05970534632124255,0.044219071407890914,0.03572088287483766,0.03315308940358371,0.033284545354391744,0.033874366752211345
4193.0,1297.6570815111945,101.3,0.002912377071113758,0.0028579030272850503,0.0027491870800305774,0.0025995095919611336,0.0024333621431777276,0.002281956745716449,0.0021788901432281595,0.002161040600240601,0.0022791946703943746,0.0026284854510263073,0.003440052788611648,0.005441502451405461,0.011942749468009528,0.04757084676477245,0.18395239894939028,0.0743572943108309,0.05692491676154369,0.06510256402241545,0.06053803674873277,0.044666735433465506,0.03579982437336013,0.033112736650737704,0.03324031458781667,0.0338548463755026
4193.1,1300.8186317638247,101.5,0.0028420931171340025,0.002792803978005956,0.0026948828072126635,0.0025608504125909063,0.0024135895488398397,0.0022825065123757977,0.0021999595492366436,0.0022023498485312233,0.0023400601097578366,0.0027054817905899356,0.0035168005986401245,0.005448738945975456,0.01154417226783643,0.044210526833208606,0.18501040841653615,0.07468163605913682,0.05594706353661059,0.06277167431250687,0.059426269381304395,0.04460384060809473,0.03590689862119878,0.033187895166418555,0.03326787601044712,0.03385966912569011
4193.2,1303.9801820164182,101.7,0.002772611078989721,0.002731518011516335,0.0026494044030104876,0.002536092973152231,0.002410794942483843,0.002299447928914756,0.0022322863362032774,0.002244943071349252,0.002387653732126095,0.0027522540484535844,0.00355372320009738,0.0054494523307612635,0.011330834839400929,0.04142990963592634,0.18136492153549355,0.07927593885371773,0.05677969416077898,0.05828092402203161,0.05513379025586348,0.04373807417532349,0.03625460476022505,0.03363351831041173,0.03350981974247703,0.0339375193036471
4193.3,1307.1417322690484,101.9,0.002759095551058604,0.0027155080260322863,0.00263002926059622,0.00251490350142134,0.0023920547671751765,0.0022893540235324993,0.0022381111428919085,0.0022742136945393173,0.0024467915598225553,0.0028409070623493754,0.0036444304435305137,0.005422515088701526,0.010717459633177103,0.037990042983838054,0.1864886199655819,0.07528108836031233,0.053492723742992423,0.057196502403522254,0.05625871514766163,0.04422551285178225,0.036138697620970314,0.033372222850412414,0.033344157359469453,0.03386947196793053
4193.4,1310.3032825217579,102.1,0.0027047551252178314,0.00267001959577626,0.0026013748588742686,0.0025083070774906966,0.0024083246892253607,0.002325429723183836,0.0022878897462222723,0.002329762210794889,0.0024979864527310104,0.002874193711040573,0.003642016434705026,0.005358881445128938,0.010476431946973458,0.03607403664034757,0.18320483106428553,0.07991127586982202,0.053932964947855655,0.052222601953451915,0.0501360186479554,0.04182258962374236,0.03565928385966467,0.03342681118254299,0.033434290053618296,0.03388898305983163
4193.5,1313.47479635587,102.3,0.002674134940248539,0.002642982992146281,0.002582126481341871,0.002500906679110064,0.002416280715430103,0.0023510726066329137,0.002332401823629248,0.0023924751369649813,0.0025744627991060045,0.00294997070250969,0.003677394775665004,0.005252627975711317,0.009911922967799284,0.033474842104237616,0.18633152830927086,0.07868227050346614,0.051889594946171,0.04975414854235343,0.048239985249255386,0.04077335718229924,0.03504862616968725,0.033047706311613315,0.03324007141007069,0.03382364909514979
4193.6,1316.6363466084636,102.5,0.0026407451391615485,0.002613640064440778,0.0025615024007041407,0.0024939658071223055,0.002427053568570385,0.002382960116745705,0.0023873563599640167,0.0024703447284800885,0.002668856585274076,0.0030396299794849192,0.00371023056007282,0.005113460963323397,0.009285191826761243,0.031032141444256936,0.19072772876256938,0.0758975779322426,0.04959688694713123,0.04838427243694124,0.04711748394213867,0.039797907352136654,0.03425657138714687,0.03248762546462827,0.032952066258843594,0.0336935330548848
4193.7,1319.7978968610937,102.8,0.002516511964768477,0.002501928833311556,0.0024753291264337333,0.002444290021384281,0.0024207543105065413,0.0024216690157831122,0.0024669340088389626,0.002579414112617338,0.0027846483737075036,0.0031220714383874454,0.003699619291620093,0.004925725726741346,0.008694299540417437,0.028598571279334562,0.19079403242669887,0.0774425220752933,0.0488779113820792,0.0458269850359695,0.044204744718615865,0.038130828280007086,0.03346077564983745,0.03210053105508302,0.03277895730470935,0.03362830435816364
4193.8,1322.9594471138032,103.0,0.002465641510992796,0.0024580613645180834,0.0024460720962173367,0.0024369670187736918,0.0024410227925550235,0.0024724982262066646,0.0025471993865601498,0.002681350890458355,0.0028892361539192527,0.003194754324514006,0.0036922428318756297,0.004775462356501786,0.008228687985464913,0.026774574771711884,0.19172091036140393,0.07788284707204884,0.047909692004471705,0.04395035390274145,0.04235313787245989,0.037053499934575455,0.03290558371166756,0.0317951564880583,0.03263019648371628,0.033573686708926374
4193.9,1326.1209973664334,103.2,0.002491043217719408,0.0024949367155313374,0.002504416340291054,0.002521656978305515,0.0025492535989748368,0.0025899934212125966,0.0026462665911525358,0.002719319012961441,0.0028089497726396222,0.0029150619541850283,0.0030525372053836802,0.0035003192569671143,0.008065306039237323,0.051873777082744314,0.1090204288403962,0.10528453052105315,0.10008452740384753,0.09656284176153868,0.09464292922222765,0.09379449880986214,0.09361462878020078,0.09367147704836028,0.0936936491884382,0.09367770461762845
4194.0,1329.2825476191429,103.4,0.002479996382777876,0.0024846126456297152,0.0024958666830263445,0.0025164145900001674,0.0025494887546636666,0.002598504965426881,0.0026660831471714097,0.0027528088207560424,0.002856803837072358,0.002975906001691902,0.0031223971571389467,0.003540199048535151,0.007612706815460611,0.048422383479539574,0.11155111375045963,0.106204182038739,0.10009381967363902,0.09610782603185035,0.09400398378916774,0.09310341479729584,0.09292613233226951,0.09299668122811909,0.09302418502113996,0.09300791723475456
4194.1,1332.3777858974813,103.6,0.002318877428899366,0.0023233897602591568,0.0023390312603270057,0.0023757831876013865,0.0024469959776390092,0.0025680805309264204,0.0027513160421635628,0.002994854771570581,0.0032661757603211867,0.0035087196992650655,0.0037496580938526755,0.004339936641456751,0.006682884838454323,0.02054549046370283,0.1937457210502076,0.07828835717702079,0.04523086781003091,0.04148489660037183,0.04160687255930256,0.03716096205258982,0.03282766278899547,0.03151565988924357,0.032381954714991,0.03342092256486811
4194.2,1335.463041154285,103.8,0.0025335836939155408,0.002537501245747807,0.0025470362148248458,0.0025644298652641884,0.0025924416378605947,0.002634203144685543,0.002692746073880891,0.002770267095711824,0.0028677752362506414,0.002986533885194032,0.0031421861884132216,0.0035901961052874007,0.007720823654786381,0.04467385689481066,0.09974159132138888,0.10077281213354229,0.09848844781881705,0.09652205638862685,0.09533822920818685,0.09476274627635654,0.09459842022615472,0.09460405162493322,0.0946050624690825,0.09458990826392136
4194.3,1338.5582794327938,104.0,0.002219808964813668,0.002240204258281037,0.002288878664583327,0.0023749727352516624,0.0025073672661212664,0.0026909750939942928,0.002917298089412154,0.003152678442924563,0.003340051682302663,0.003452494758518946,0.0036063401810428708,0.004213775495870673,0.006704372291145557,0.020712970545205524,0.17332831222062478,0.09457520666534681,0.052791766315847366,0.04308791511289836,0.04007628878525622,0.03685110257469781,0.03410968947268019,0.03310666556627311,0.0334115568475675,0.033888826617991724
4194.4,1341.6441342575617,104.2,0.002198463491994544,0.0022233245695553704,0.002281521288612061,0.0023824437624456385,0.0025342380525210594,0.0027384690781624113,0.0029787719982515113,0.0032093900291200192,0.003365799518516611,0.0034335371562419703,0.0035556279958979036,0.004155905853520844,0.006657325748205567,0.02052243653962211,0.16519881581514506,0.10038992053746526,0.05561644893290094,0.044013837448514774,0.04008369104055626,0.03690291127268705,0.034430534618816205,0.03346726990500785,0.03363207148131684,0.03398253448855882
4194.5,1344.7393725359543,104.4,0.0021477888416052376,0.002176128994103004,0.002243212278264024,0.0023613188504020876,0.0025423501900781907,0.0027916030840019665,0.0030901463932223997,0.003371693567094463,0.0035286892571885983,0.0035135945692307473,0.0034811138845794354,0.0038567972149194177,0.00588338782465304,0.017943738361832946,0.17083597507024356,0.0969646074413582,0.05294644696180703,0.04405331068604641,0.04198492265495181,0.0385113742993707,0.03503062493606425,0.033501485058612106,0.03353552145991564,0.03391094810269628
4194.6,1347.8246277928743,104.6,0.002130463738105319,0.002162754484015596,0.0022382318857173747,0.0023693930975347676,0.0025674637341202857,0.0028338105304881104,0.003140077784106224,0.0034063559443354052,0.0035227579130484086,0.0034667947385748207,0.0034224646158974577,0.0038183199662376872,0.005900467939468006,0.018001528186069902,0.1618475498170613,0.10337777439488909,0.05617181372249904,0.04514188668566828,0.041793913039447995,0.038279067643831294,0.03515724191163111,0.03375383616219093,0.033709008635296245,0.033993409811086873
4194.7,1350.9198660712127,104.7,0.0021328831788309196,0.002167160156534682,0.002248041907804317,0.0023902819113827685,0.0026081635205750233,0.0029061776436468583,0.003253309974795655,0.003549728089246626,0.003647065294138059,0.003504416674622368,0.003330742543741996,0.003558617857446972,0.0052906522855662675,0.01602344731234909,0.1674332773788228,0.09973766038685866,0.0532770133681729,0.044876578415679956,0.04344858981856576,0.039614012457001524,0.03551897256592582,0.03365113543391577,0.03356165171157982,0.033906898999776315
4194.8,1354.0051213280708,104.8,0.0025054842941532453,0.002515075053822636,0.0025389901811550012,0.002584258398792327,0.002659322505992551,0.00277055840502016,0.0029165963221794025,0.0030856278141842106,0.0032611508202838074,0.003432727504529474,0.0036066197619920694,0.0038532560021105923,0.005240612925566178,0.02346721545335765,0.13163236908506726,0.10660090690430708,0.09353334097781481,0.08678167228797726,0.0836938752661543,0.08237250746299703,0.08201783894073966,0.08207486026703734,0.08212534167986622,0.08210499360721289
4194.9,1357.1003596065254,104.9,0.0024209287494010765,0.002443140604872271,0.002492745733950748,0.0025735189791529747,0.0026853634057333294,0.0028202981371646366,0.0029592728210563993,0.0030773127776122853,0.003167625443314791,0.0032871706295851916,0.003616193441565754,0.004619162343980307,0.007913955985993796,0.02250659021218822,0.11459048785212088,0.12647832480430649,0.07594187209773307,0.052995103872965334,0.04254534325487614,0.03743038295502782,0.03503884853592999,0.0341996762200486,0.034117775923057064,0.03420496535409282
4195.0,1360.1862144312934,105.0,0.002556248743666141,0.0025662010045527156,0.0025899199034655476,0.00263199024471981,0.0026973558173068453,0.0027901137717205584,0.0029115591998174093,0.003058745410035854,0.0032258688750169016,0.003410749964414449,0.003630677507325242,0.004002612748404686,0.005815266102609315,0.02425991917954415,0.11589613477583702,0.1103470684302369,0.09729236638764854,0.08911696557792265,0.08514666602129396,0.08347694866509807,0.08309681331956768,0.08319214755545237,0.08323377836103554,0.08319942514537959
4195.1,1363.1999496552585,105.2,0.00254363041280047,0.0025543521041286334,0.002579942980692064,0.0026255270851901903,0.002696684433007667,0.002797888753087875,0.0029299467622198247,0.0030881237621815574,0.0032637595892082544,0.00345168979817496,0.0036665707468948126,0.004013478217636882,0.005639981362251613,0.022600569315596675,0.11704821983658965,0.11042628998864881,0.09648035544897586,0.08775371026309647,0.08346176379783768,0.08163112647363237,0.08120607988957783,0.08131083537911578,0.0813645514253512,0.08133252657984597
4195.2,1366.2036973144523,105.4,0.0020883785275773153,0.002127925428696893,0.002222633421515735,0.0023929789396768524,0.002662283180167705,0.0030443568857702933,0.003503648883671071,0.003885814376023504,0.003935524795685857,0.003586547594962418,0.00316384219402215,0.003142193595320746,0.004406174845966691,0.012886168524735793,0.15256738898946695,0.11445288957882013,0.05360506301304182,0.04119387173421732,0.03786183592680276,0.03467294898369891,0.03218147838491436,0.03167012150286518,0.03262039869645621,0.03357236782565998
4195.3,1369.2169513694503,105.5,0.0024281678769601206,0.002449091784636445,0.0024974712829284066,0.002579980576106611,0.002700796288375699,0.0028570388695684365,0.0030345183033339477,0.003208855930959015,0.0033593330301259455,0.003500728129572559,0.003732273779402677,0.004334779181205748,0.0064055327109095485,0.01934267976941306,0.11200816934999903,0.12120702455719902,0.08366618664782687,0.0631115744911875,0.05158800174283105,0.0439700765100775,0.038668925136518505,0.035683812519105226,0.0346563811083837,0.03442250378577287
4195.4,1372.220699028644,105.6,0.00239298510357324,0.002422284090191369,0.0024884350108775803,0.0025978952159202012,0.0027524691408718324,0.0029421688536903977,0.003136383478633869,0.0032854623961103275,0.003354601848437852,0.003391206957481508,0.0035831921530934344,0.004367459495181357,0.007149188451804359,0.019705061330131543,0.10376339513199002,0.13469287009925257,0.07763893015951111,0.05204333701726415,0.040923281206313666,0.03597993677111694,0.034049244403672324,0.033680496035817555,0.03393270238925582,0.03416478164940173
4195.5,1375.2244466877912,105.8,0.0023415839817146926,0.002373314382170736,0.00244529662186283,0.002565306092218358,0.002736539869380863,0.00294924197459356,0.003169084156452787,0.003336229424577924,0.0034033651472648706,0.0034147213231736366,0.0035652759506262237,0.004289169670360567,0.006937726066447788,0.018963244573614067,0.10083794806431147,0.13668788214013328,0.07786846575843132,0.051812167728701834,0.040632499522342,0.035725136079496594,0.0338615967482529,0.0335699218363101,0.03388750398770176,0.03415255223928352
4195.6,1378.2381819117563,105.9,0.0024540419423152524,0.0024767744179568724,0.002528444408897982,0.002614634655484822,0.002737548571266678,0.0028916564039199177,0.0030598136898985343,0.0032159233564700565,0.0033432375705751078,0.0034730464482092714,0.003738413961026815,0.004493092000794858,0.006998496878418661,0.019459728426760237,0.09430675628325992,0.12766350030950416,0.08848027420558026,0.06462696003019246,0.05109033114560506,0.04250111332563073,0.03720717361420713,0.035023193599385556,0.034431205495696234,0.03434182288964478
4195.7,1381.2419295709035,106.0,0.002369301098307536,0.002402446490147229,0.0024775519476121616,0.00260257658065764,0.002780437173614095,0.0029998613507060514,0.0032228524538248653,0.003384402433906454,0.0034348891220608805,0.0034230055892423487,0.003549105876577558,0.004241423218990458,0.00680667309435693,0.018353655836604248,0.09547651614242582,0.13888064720909743,0.07926160236252158,0.05227525278283488,0.040678778391151194,0.0356395922943311,0.033770268983110086,0.033514815435740856,0.03386736867716964,0.03414903985938195
4195.8,1384.2556647948686,106.1,0.002040076883542193,0.00208857394218826,0.002205360671613564,0.0024179571610014735,0.0027602570304994605,0.0032543995854912374,0.0038442580514059924,0.004276404636023724,0.004174255323491297,0.003559506995022927,0.0029352712707545474,0.002767197085296129,0.0037485184614450945,0.010780292686635261,0.13246270349352077,0.131682976407501,0.05521549678668293,0.03985779946585104,0.03494519960694383,0.031392000313334945,0.02940537503399973,0.029701824668293075,0.031551950488133994,0.03313608197896125
4195.9,1387.2594124540624,106.2,0.002065768968111919,0.002115628393393834,0.002234760632800113,0.0024494312905829606,0.0027902389468451565,0.0032721031185402685,0.0038292556456291076,0.004215657495207598,0.004102689586643772,0.003538124556640101,0.002987437961260015,0.002900933419842965,0.0040307710164012925,0.011527646785180853,0.12424764444339663,0.1362592845037157,0.058563495139208964,0.04125506330525011,0.03549735191918273,0.032027441262145996,0.0302998387457405,0.03059932433453482,0.03216027944039424,0.033427000710626896
4196.0,1390.273147677865,106.3,0.002037734935193894,0.002086104306005173,0.0022032935430495912,0.00241831479687625,0.002768306461088316,0.0032816309183233737,0.003908664174335665,0.0043843427425950396,0.004284382754931588,0.0036149361938649397,0.002927547966421492,0.0027061494017575883,0.0035985914317237244,0.010179564477439056,0.12553681492744273,0.13743714137222243,0.056366358237450086,0.041530479280762485,0.03706064624851612,0.033062916665702886,0.030420258721984204,0.030240216178640405,0.0317800826742623,0.03320724990496014
4196.1,1393.1986903626455,106.4,0.0020319709521103195,0.002080905121088501,0.0021993085377766783,0.002416406685723643,0.0027696528071278113,0.0032876705568068093,0.003920407721475972,0.004401383120096139,0.0043060955343352456,0.003641088421410001,0.002957868266105486,0.0027429032975353445,0.00365084354434084,0.010235519091554747,0.12009658504247434,0.14085974169006246,0.05841783312705499,0.04344427171972427,0.03895435723076149,0.034630204205607876,0.03159186817431832,0.031049530302031114,0.03223103569097354,0.03340048955859722
4196.2,1396.1348443095806,106.6,0.0019515073335991252,0.0019994619484382196,0.0021166589101499042,0.0023344131487202857,0.002695913501635502,0.003242727366125655,0.003943429729365954,0.004522061008988084,0.004463093798092781,0.0037230343603554513,0.002940438497178146,0.002642801954011807,0.0034223358617784592,0.009443461712650132,0.11574484134326475,0.14570065531976703,0.05838265156519773,0.04540809259228154,0.042212094977249405,0.03687441469062704,0.03256581198903362,0.03135225967784972,0.0322740423063341,0.03338424768797271
4196.3,1399.0603869941876,106.7,0.0022351143789324,0.002275071404162699,0.0023676260547864673,0.0025269105963473173,0.0027645228456838885,0.003076664569083401,0.00341815303200416,0.0036812342288963227,0.003746760390485753,0.003635504762266208,0.003585803759968743,0.004029077477560374,0.006054055958850892,0.01534573815416718,0.08040470172417545,0.15136511035259387,0.08555519402778006,0.057213925109337704,0.04436509454655164,0.03794997755689355,0.03497893410519568,0.03401461403283933,0.03400724653207625,0.034169619930265294
4196.4,1401.996540941183,106.8,0.0019393858040819133,0.0019866887669075448,0.0021028823691610875,0.0023201594878136667,0.002684003348739287,0.0032421682223270996,0.003973890848035945,0.0046043134427680675,0.004572890520657189,0.0037969489900133136,0.0029589951527487957,0.0026152449799972236,0.0033240876358622247,0.008972190454255603,0.10783142745042822,0.15305107741120347,0.06047948164303186,0.05010044366610902,0.04866887550408297,0.04105012061626912,0.0345805681744078,0.032308432857808905,0.032693768022835745,0.033542904822284496
4196.5,1404.9320647444438,106.9,0.0019482415688075053,0.001997290395178538,0.0021167034399448,0.0023377275351026882,0.002703255746246501,0.0032536250123445637,0.003955657245568629,0.004536515927490108,0.004495556288107526,0.003786737871686785,0.003030567138666325,0.0027594056194055225,0.0035859485619336336,0.009569914231999727,0.10011471845579181,0.1578459478231335,0.06466849584733565,0.05243095663824549,0.049677077334829525,0.041997678608952885,0.03560121107091455,0.033148281226321644,0.033186934359350134,0.03375782694511693
4196.6,1407.8582397221921,107.0,0.0019241313284383641,0.001970679450969521,0.0020855059213127584,0.0023013930820930204,0.0026660351277139646,0.003232718835677561,0.003991876526849122,0.004673064478090272,0.004675230871526289,0.003870221230069513,0.002981303634117837,0.002594821244557482,0.003240064898481143,0.008544943908000866,0.09988106269268175,0.1607955778641036,0.06165626018660128,0.05438601154862565,0.05597509339101216,0.04551487625832724,0.03653931821515329,0.033190636110875436,0.03307201545202125,0.033692226574049466
4196.7,1410.7937635255691,107.1,0.002165541656664324,0.002208133911045916,0.002307862032619593,0.0024823231819090298,0.0027488697437755283,0.0031108444276848686,0.0035239794126000258,0.0038574695412620904,0.003942141140285778,0.0037731691315447437,0.003617979188960545,0.003920261566823708,0.005651593595823074,0.013688247477309151,0.07047917284242383,0.16091608862798779,0.09083351070694243,0.06277227888477298,0.04908387358575003,0.04088322296610162,0.03644029805208342,0.03461206498244912,0.03418735581910515,0.034209421797598595
4196.8,1413.7193062102335,107.2,0.00224216189577861,0.0022791725251408196,0.0023652411733551203,0.002514096768420658,0.0027378713927565025,0.003036949731954991,0.0033792891020305144,0.003679824469821548,0.0038289657702005337,0.0038108277244999706,0.0038107522030751267,0.004240325536247378,0.0061311239153871095,0.014383986679120674,0.06381574963786317,0.1523216914333133,0.10020540107711336,0.07249099442202986,0.056191441770458025,0.04472550484484318,0.03807845492986714,0.03531341772331473,0.03447178316388873,0.03432479409053155
4196.9,1416.6554601571686,107.3,0.0022110957121360174,0.0022487098294208347,0.0023365150327804176,0.002489241752056985,0.002720721527552453,0.0030335712437818928,0.0033968060152946107,0.0037208614130400924,0.0038833171843977755,0.0038567459233306888,0.003828840002797136,0.004215747747982991,0.006022843636440745,0.013971771222892787,0.06201545902534839,0.15310360690261382,0.09892669491066405,0.07137443278624711,0.05569398314786721,0.04462073255099486,0.03808818797421256,0.03532546713885288,0.034472998245796076,0.03432190646130561
4197.0,1419.5909839604294,107.3,0.0021365311361958455,0.0021800969824706602,0.002282927984037502,0.002464889093712074,0.002747499470599575,0.0031404694321708316,0.0036037446266655427,0.003993545717865186,0.004099439694007411,0.0038873575816222913,0.0036476604433161924,0.00384250002875398,0.005373540860022374,0.012656429757455435,0.06538167344653313,0.16371751671496637,0.08577543177944015,0.05912586447046426,0.047947520238604144,0.04105273596198164,0.036791564899526064,0.03479938094331899,0.03423573461525314,0.03420633184173935
4197.1,1422.4727368992396,107.4,0.002062014246668125,0.002107156811437163,0.002214641437396839,0.002407460724709084,0.0027128133767392905,0.0031487377238099998,0.003679869180535508,0.004141535013725685,0.0042609301002187825,0.0039640032575066686,0.0035780290146179548,0.003593676549239404,0.00484695714564436,0.011533915722010108,0.06572958893240659,0.16704321332718894,0.07808447202221261,0.05357364007928132,0.04510389363734373,0.03999574766061708,0.03642744639736705,0.03462967457882213,0.03414732397095557,0.03416602463628383
4197.2,1425.3544898379657,107.5,0.0019168232463378765,0.0019566286594504116,0.0020567316739107783,0.002249085837669976,0.0025823711205567785,0.0031215492449488905,0.00390130178553011,0.004733936766674905,0.004971806517833117,0.004210165524573524,0.0031872655329355454,0.0026602373694844255,0.0031398544492685474,0.0076517909548682915,0.07808875122438699,0.17687177690831282,0.05061632448147953,0.03997316741528933,0.04615099147548755,0.04671411871319593,0.03948816280231331,0.03483209983341115,0.033620336349087614,0.03377770799372879
4197.3,1428.2362427768078,107.5,0.0019588328244795135,0.001995508131906637,0.0020892263427280833,0.0022712168404178516,0.0025900054389501495,0.0031119712695688584,0.0038809206333902603,0.004732325075128723,0.005019759259539348,0.004266203743862953,0.003201446761039898,0.0026281779365391273,0.0030462661529492376,0.007347388317998825,0.07672501022822005,0.17829322346804888,0.04674809954703816,0.035140796079008114,0.040033412473618545,0.04281909863881214,0.038115104959404164,0.034255679292625026,0.03331558198271969,0.0336131417949652
4197.4,1431.1179957155339,107.6,0.0019443152537949296,0.001984202264835635,0.0020839117691944225,0.0022737186842993586,0.0025987294881711412,0.003116379308554531,0.0038515112983536935,0.004627593565989991,0.004874865588762231,0.0042217585062006594,0.0032917281668924116,0.0028134928526306565,0.0033519252267866467,0.007960279711119336,0.07040496517734506,0.179699668784672,0.049017808639248296,0.03418353297089858,0.03540999367064825,0.0374940438041014,0.03576862044352437,0.033719362465268715,0.0333169300948406,0.033670038192314365
4197.5,1433.999748654344,107.7,0.0019803108646409733,0.002023795574892048,0.002129063206888861,0.00232217648741557,0.0026378280973773822,0.0031100649122546274,0.003726170951843268,0.004315805149555014,0.004506014241851859,0.004113651808393275,0.0035294555897345085,0.003319803935616816,0.004207433972725117,0.009705355249052494,0.060691882662800054,0.17511001864757653,0.06065304445859614,0.039028118214295825,0.03485420207693194,0.03422346165203495,0.033716580013779605,0.0333989372612039,0.033630192300860846,0.03396884631130161
4197.6,1436.891460949838,107.7,0.0020005329981283883,0.002032747550338485,0.0021158740941213624,0.0022787941403170477,0.0025655391287672568,0.003037219808842169,0.0037412034054632613,0.0045623604578509495,0.004957893324602789,0.00437953725466754,0.003379192304193999,0.0028002919256967535,0.0032169501026522124,0.00744309163527919,0.06759488693532832,0.1854360887350302,0.04423420644953687,0.029541054093328443,0.030622959235754154,0.03378020676117941,0.03373421143097609,0.03259821724109,0.032705073112280054,0.03336641068773276
4197.7,1439.7723288746088,107.8,0.0020030509343273257,0.002031838780524217,0.0021072396689092647,0.002257033737189317,0.002523741474870289,0.002968118210081373,0.003645316469701434,0.004473643530667547,0.00495569934689359,0.004474754788473067,0.0034844527855432445,0.002876739663708269,0.0032662577702621113,0.007407843335917057,0.06444720533901542,0.18848451188169565,0.04376672285881861,0.028647158011914062,0.02932058978729666,0.03246894938241356,0.03295279774345696,0.032241442066582145,0.032553794517616905,0.03330512430130704
4197.8,1442.6540818133349,107.8,0.0020555748826629728,0.002083104985832184,0.0021551748707581615,0.0022977120161404405,0.002549603814954709,0.0029644007351347906,0.0035881047289154588,0.004347976934991934,0.0048244052189673195,0.004467263526505984,0.003600820498677536,0.003053013535098819,0.0035070235207469032,0.007843541353750873,0.06218086883126175,0.18838035015722618,0.04615393451069865,0.029637534794670174,0.029238128522556403,0.03167833981830419,0.032415864658736006,0.03219807309222633,0.0326984443360007,0.03343322149645394
4197.9,1445.535834752061,107.9,0.002076158117604838,0.002096445601131817,0.0021532806949074285,0.0022720796096682505,0.002491759399985861,0.0028691682241674737,0.0034669719651384346,0.004259852445956831,0.004870690004989314,0.00462350866826855,0.0037129881879743097,0.003071305671107823,0.003425986273667576,0.007507540100712121,0.06057742339436521,0.19150416444534485,0.04405145636770277,0.028325068938707725,0.02858951572785064,0.03166470291708264,0.0325284589676188,0.032131545453407656,0.03254615513116374,0.03331830649002666
4198.0,1448.4175876908712,108.0,0.0020954749375473695,0.0021096797671770803,0.00215370369793387,0.002252523273222533,0.0024447769003813923,0.0027885306708551683,0.0033558251994181935,0.004156076466409261,0.004867078022547151,0.004744152773205169,0.003831166568188031,0.0031246222966002236,0.003411541505095832,0.007331853201409208,0.05871736153567481,0.19401381420333758,0.0431358100242443,0.027824304695019283,0.028510790849946135,0.03194765251028168,0.03275046315261729,0.03213745129410079,0.03246645639880185,0.03325070654928321
4198.1,1451.3076568941726,108.1,0.0020846986556366286,0.00209752359034027,0.00213819688649359,0.0022305578539679807,0.0024116662477623304,0.002737183919435569,0.0032779152990499594,0.004054095176156224,0.004789678166648833,0.004769798275695221,0.003931886031917649,0.0032360370239940834,0.0035221332487053976,0.007419131212664907,0.05557597763034409,0.19455678671400953,0.04406497876880597,0.02852165768323233,0.02920030721475395,0.03256748691530872,0.033187847691004704,0.03242242463248041,0.032637158518676115,0.033340076753396015
4198.2,1454.197726097474,108.1,0.0021309743284283205,0.0021413780231296156,0.0021766903441352748,0.002259930264162394,0.002426654043195266,0.0027295673577722845,0.0032355344517776686,0.003968287381374143,0.004691212404092639,0.004747779605898891,0.0040004929507787635,0.003336981033222993,0.0036377043036930966,0.007572730600618837,0.05430573513168142,0.19334681098572007,0.04485722131259328,0.02910358452681968,0.029709566783000445,0.032979314922491246,0.033493515185793486,0.03264972947634896,0.03278267006893384,0.03341655354412802
4198.3,1457.0889887973533,108.2,0.002117464549387137,0.0021279204974221726,0.0021627182048675917,0.0022438217264807657,0.002405065613614487,0.0026964203873894805,0.0031813118064474453,0.0038856053815063563,0.004602638305022549,0.0047271561017130405,0.004068012934985885,0.00344132218571488,0.0037573618621056285,0.007696623764525049,0.05187132261562082,0.19239134080592962,0.046228584975017264,0.030235010586207103,0.03077835397710186,0.033782833681797624,0.03393739329620914,0.0329077625319401,0.032940917845289776,0.03350403329519175
4198.4,1459.9790580006547,108.3,0.0021083676617976482,0.0021182848405011914,0.002151376743863553,0.0022286243062824536,0.002382276724517536,0.0026599030081133836,0.003122338265799851,0.0037993328331299746,0.004515157666976986,0.004712427203668757,0.004144002899181614,0.0035529668071209875,0.003879630321654687,0.007807590673138687,0.04949983317225424,0.19209685591543482,0.04727975668862391,0.03077442393553409,0.030968520470741417,0.03373339616093484,0.033947020623032724,0.033027612114461015,0.03306327002726941,0.03358053943103869
4198.5,1462.8691272040658,108.4,0.002088298036110918,0.00210024007935697,0.0021366402597758215,0.0022170056111056142,0.002370883924863458,0.002641278222588368,0.003081333974151183,0.00371433296051015,0.0043880597602253615,0.004632190790136443,0.0042008539103173355,0.0037154414611176648,0.00411936522770628,0.008162424921957663,0.04710296039352777,0.1894992772981228,0.05050484945897827,0.03270249008202941,0.03196384892699833,0.03391335052936964,0.03396038102153955,0.03320034511055863,0.033266472637957074,0.03371588558983565
4198.6,1465.7591964073672,108.4,0.0021696184629332307,0.0021715222628519207,0.002187635296128502,0.0022381090105493325,0.002354280267130927,0.002582183997734437,0.0029842673268041485,0.0036110266710937516,0.00436100640598412,0.004741002498293336,0.004331271999766921,0.0037524653047771475,0.0040400747234791675,0.007883983445237596,0.047269395169599056,0.19149764007010434,0.047963520861895675,0.03148881844979185,0.031938839341780455,0.034842249448643225,0.034789694427337634,0.03351407458346823,0.0332812379559671,0.033661711214891386
4198.7,1468.6492656106686,108.5,0.0021795676036808153,0.002177332910979312,0.0021846948767563442,0.002221669313081047,0.0023194040383957997,0.0025238525512040746,0.0028992072171362578,0.0035075632328105152,0.004284793707801255,0.004771093450463203,0.004449741691369867,0.0038669404328839385,0.004117320014148203,0.00787208883537512,0.045569419446518634,0.19129407689041514,0.04833431812306261,0.031922402225007925,0.03259536146750765,0.03563866867599858,0.035385287576885846,0.033838215725862576,0.03342435383173226,0.03371429009316433
4198.8,1471.53933481397,108.6,0.0022007311828381106,0.0021924743015278732,0.002187588254173325,0.0022065614126944265,0.0022813029391881155,0.002458794285117533,0.002806510522555148,0.003400483271533907,0.004216605155920741,0.004824523192159445,0.00458531566835573,0.003967629328237337,0.004146572965308286,0.0077583192594948116,0.04408137003622776,0.1922194138481262,0.047935837961743694,0.03203739219503372,0.03339560820829278,0.03692119752160743,0.03630546516812447,0.0342437137065923,0.033552944581617616,0.03374297115212073
4198.9,1474.4294040172715,108.7,0.0021952268745293038,0.0021853248173305125,0.0021766910183172346,0.0021894117834845494,0.002254726698078913,0.00241859096803521,0.002747430893542559,0.003320207675816166,0.004134013353694169,0.004804994555717723,0.004662963999087458,0.004076468167867592,0.004244995553320443,0.007804292682631112,0.04244887173826741,0.19123970379547106,0.04915447648342432,0.03325779206082004,0.034905066604686015,0.03843217358592146,0.03724392796393385,0.034710224864159714,0.03376043952958686,0.03382493418772118
4199.0,1477.3206667172633,108.8,0.002185131425797673,0.002175628492188718,0.0021672478483337728,0.0021792478780403228,0.0022415608467106396,0.0023981956033334298,0.0027125730883204024,0.003261034323535715,0.004049824326524151,0.004742271201194788,0.004693443322792792,0.004178222536130252,0.004377471945893612,0.007945446281392106,0.041052615596560184,0.18941029229143796,0.05145786901971595,0.03521964182577955,0.03676264650172769,0.03972275868953761,0.037803003774984564,0.03496194016217977,0.03389198934187391,0.03389019595551223
4199.1,1480.255372835447,108.9,0.002168106217577643,0.0021559448638195974,0.002142145455553866,0.0021461731187442236,0.0021983572286125427,0.0023433237657534732,0.002646420896690208,0.0031913150035082147,0.004005014894813445,0.0047690393595041115,0.004769136879604887,0.004219328200126801,0.004350484178939151,0.0077670485790087155,0.03975058069191297,0.18976305572827204,0.050818720364492885,0.03546806593061175,0.03805298019443105,0.041450216823437504,0.03869738554666207,0.03522461508653316,0.03393501659898636,0.03388784117738205
4199.2,1483.2013022302735,109.0,0.00208677043566858,0.0020851535042953695,0.002091324558872976,0.0021215312013510073,0.002201150113406402,0.0023678288630192093,0.002675265064829658,0.0031847704961421685,0.003896354694936373,0.0045489196512086385,0.004642611909738691,0.0043373112226625194,0.00468432140288746,0.008352667216886248,0.03820707349967936,0.18249678059354726,0.05727224829592644,0.039076383173864825,0.03876889147884555,0.03976208951334474,0.037405802275747226,0.03488825547222876,0.033983764248458316,0.033977407866105154
4199.3,1486.1373199413795,109.0,0.0021404092886532135,0.0021308543316359264,0.002121276903651009,0.00212926136989256,0.0021823384305801187,0.0023210050936810314,0.002604048030547583,0.00310586157557012,0.00385562324515651,0.00460623508816022,0.0047495955698890575,0.0043668759095428005,0.0045923257910656665,0.008069869614239037,0.037897287734877445,0.18442123979992098,0.054245217158477216,0.03742593172600741,0.03831396274781017,0.04008824300926977,0.03756225503146808,0.03478983435284437,0.03385546079658828,0.033903381751362614
4199.4,1489.0832493364449,109.0,0.0021868575981373478,0.0021712648266851067,0.002149630424768466,0.002140441151161946,0.0021724953293538207,0.002287415034800184,0.0025454462455860895,0.0030267454799239044,0.0037816779887908845,0.004599426722040449,0.004830577147166162,0.004448844744431345,0.004620772885162235,0.008005050390038647,0.037375046142632234,0.18391972004706217,0.053481312262801395,0.03706516555535215,0.03823023065206838,0.040096414188375784,0.03747935613485482,0.03467600014729403,0.03378155060973101,0.0338709715489608
4199.5,1492.0192670475508,109.1,0.002169762682503962,0.002152895581124494,0.002128344724330531,0.0021142209035233503,0.002138838494250741,0.002242954769315418,0.002485889597823299,0.0029488950787223086,0.0036951297181832886,0.004553482384548292,0.0048836777677204206,0.004555921817330007,0.004722131077693184,0.008049372402457504,0.03622330592247507,0.182445208112382,0.05433097689951806,0.03722954887033772,0.03767306270343381,0.03915155091990401,0.0368893578092724,0.03445518787394191,0.03372931754146038,0.03386802356009362
4199.6,1494.9552847586651,109.1,0.002231745613616836,0.0022070589671073,0.00216710794524193,0.0021315272041740954,0.0021305701212205276,0.002206352105717397,0.0024191141713042013,0.0028542994514132117,0.0035956870017665754,0.004522494338502698,0.004979946913122385,0.0046849182859418125,0.00480417895249127,0.008057268654056043,0.03578075372342633,0.1820709609104058,0.054050825533691955,0.0367779785822795,0.03698991439081229,0.03843393526897951,0.036445204093016874,0.034243393784748,0.03364659226785084,0.0338428774895828
4199.7,1497.901214153607,109.2,0.0022294525927541472,0.002201093581311412,0.002153742944098417,0.0021075325422406145,0.0020932875156598244,0.0021531818688488085,0.002347315426760973,0.002763287538766915,0.003499914059581207,0.004480970570418394,0.005058074374277191,0.004807912015479346,0.004888681601955875,0.008039195498880172,0.034631931875426555,0.18136631031281106,0.05456671191502624,0.03667874708852612,0.036345471891730756,0.037602019030498826,0.035957219511311894,0.03406690017146585,0.03360712669091804,0.0338427640599994
4199.8,1500.8359202717907,109.2,0.0024063287938427035,0.002343965026605618,0.0022351887038113785,0.0021137210049126435,0.002024163030384914,0.0020179686626898147,0.0021626201298735764,0.0025658339205232353,0.003395284574027425,0.004684100808188937,0.005495282649383091,0.004911679329809705,0.0045959142198325476,0.007308753503532135,0.03373214134117884,0.1890354751354778,0.04799743669351726,0.03290206234333918,0.035389269491129444,0.03901568236947699,0.03684182620768709,0.03399288269218305,0.033303779494573436,0.033619097349608315
4199.9,1503.7818496666173,109.3,0.0024075704772274025,0.0023407097340054596,0.0022236727625235208,0.002091796948106473,0.0019909014527715024,0.0019723458636603393,0.002102362569322394,0.002487777736470826,0.0033046973347835786,0.0046335095563262005,0.0055780763171869715,0.005028585417161201,0.004659559334002879,0.007282520107972991,0.032716170875651616,0.1884224847009565,0.048445332806823074,0.03300023260523284,0.0351242716272116,0.03848031201976549,0.03645885483560846,0.03381438830892294,0.03324314645879162,0.03360850515143996
4200.0,1506.717867377847,109.3,0.002169452411271599,0.0021561959136639965,0.0021358432213488183,0.0021213755288500865,0.0021340364325743715,0.002204580731270679,0.002376354722758853,0.0027073857276144887,0.0032558584903104666,0.003997556727667675,0.004673773205359032,0.005038518991355688,0.005752995086347949,0.009633334377522373,0.03500213854106412,0.1617702868626678,0.06979193792441296,0.04453996811242769,0.03818499718689422,0.03592805788367174,0.03445111992644488,0.033729265999797,0.033786890131157564,0.034042257874885164
4200.1,1509.7505229798135,109.4,0.002539329648620457,0.002436010481596977,0.0022573012278974507,0.0020575364086687217,0.0018955868363647775,0.0018268448582040473,0.0019157946839748377,0.002274296485558493,0.0031273082404415665,0.004718716502426387,0.006031791300083144,0.005177511964521353,0.004470550829374401,0.006764804140442025,0.03107129109938383,0.1928191724645343,0.04542824153951518,0.03108399659416702,0.03472268202679748,0.03921846720635156,0.036271367735372324,0.033105802609524344,0.032669279674327326,0.03333660064360879
4200.2,1512.7931041209165,109.4,0.002559406641218166,0.0024527759341362917,0.0022684239059389123,0.002061303233018161,0.0018918093922632236,0.0018154314732383096,0.001894185051466648,0.0022367799717637493,0.003064724543676587,0.004639085716235777,0.00604585908433289,0.005288624451668487,0.004566285074444823,0.006828318663607184,0.030652213026770233,0.19213258030757402,0.04638952368301613,0.031675545832216205,0.034609255600614265,0.03827899548042814,0.035577297288095375,0.032832540369112206,0.03261900611827381,0.033329186223944686
4200.3,1515.8245559182617,109.4,0.002553233430028424,0.0024508970397332554,0.002272825923197726,0.0020713230453478287,0.0019042108628985282,0.0018262236898025095,0.0018985493514357143,0.002224756653140719,0.0030121604461174722,0.0045128371654256936,0.005962844262332919,0.005405761898828257,0.004740934389887004,0.007027348240947128,0.03035847954443992,0.19009614841640124,0.0483652390473358,0.03278893991730663,0.03457440306784969,0.03713139493020935,0.03483266581532534,0.032632453212305526,0.032641112190817945,0.03337617412067833
4200.4,1518.8572115202282,109.4,0.002194310772115741,0.002172781837873535,0.0021356273375834497,0.002096957381313969,0.002079473115694126,0.002115089808481082,0.0022474880138709822,0.0025385027957300654,0.003066369947446991,0.0038637430777296463,0.004716179981116533,0.005240467914125004,0.00597751275368439,0.009703586648641944,0.03321240774174057,0.1594405721823286,0.0728191778994266,0.04559090355747759,0.038014166146888434,0.03524695994474448,0.03381569614279077,0.0333647064641262,0.03365946101105761,0.034025126381744854
4200.5,1521.8997926612155,109.5,0.0021763716431485733,0.0021543531111467163,0.002115832836456739,0.002074428114640019,0.0020527293254194775,0.002082581856869709,0.002208231913800121,0.002492361989557377,0.0030161224357701283,0.003822826339573598,0.004720450359478467,0.005307307732150629,0.006034971383223931,0.00965484742612476,0.032740202066542934,0.15740675048121278,0.07336790821514175,0.04634596770902556,0.03866038898093201,0.035606410061635445,0.03395494376165669,0.03340945610302477,0.033671722758981656,0.034027730224622875
4200.6,1524.932448263182,109.5,0.002205581760076958,0.0021806391831684442,0.0021361904441396158,0.002086284921984079,0.0020541848471821032,0.0020722233750138587,0.0021846424325705385,0.002454049686612822,0.002964138495393482,0.0037712412811175375,0.004709281281836945,0.005363104200114136,0.006125515062229335,0.009746261684693936,0.032621597194457314,0.1559469636758016,0.07418353482599181,0.046915814086492945,0.03901665841621559,0.035811804105636155,0.03406814495149023,0.03347053263069801,0.03369883734615645,0.03403684290996507
4200.7,1527.9639000605273,109.5,0.002249387721135271,0.002220054839023098,0.002166913582951419,0.0021049609199387483,0.0020588515131464828,0.002062059704975014,0.002159392915499339,0.002414036073772485,0.0029132934539660973,0.0037274523770779713,0.004712513872127838,0.005426464863972758,0.006199087225536363,0.009777799160983338,0.03235777568606624,0.15522256505805745,0.07517630422482979,0.047740582790305346,0.039662273220661855,0.03624607655188773,0.03430976388900387,0.03358367742143629,0.03373897537405768,0.03404622043002107
4200.8,1530.9965556624938,109.6,0.002243927314263546,0.0022135354445572083,0.002158177433493376,0.002092917871031255,0.002042520123525806,0.002040448862092545,0.0021312550970659042,0.0023779718513383796,0.0028696460436298202,0.003685673278407258,0.004701143101719547,0.005463416900819831,0.0062478451903289255,0.00976782469241646,0.031813775374684314,0.15359414114147601,0.0765789470640746,0.04892207724981976,0.0406056275222178,0.03691425060848596,0.03471094077543248,0.033785899328436744,0.03381412721023418,0.03406377724907531
4200.9,1534.0391368035969,109.6,0.002307224999489323,0.002269676229852118,0.002200584379511983,0.0021171497397435898,0.002046991750561941,0.0020259172780738633,0.0020999502082157573,0.0023337719758140204,0.00282196276301289,0.003659484353564358,0.004733951422744074,0.0055326590924485814,0.0062671339795302644,0.00966806353642834,0.03139102873202133,0.1541411378449501,0.07635146164256496,0.04930839552978966,0.04135713378876416,0.03760626089204872,0.03511347835207248,0.03394612316541828,0.03385135201337591,0.034062816378369026
4201.0,1537.0705886010526,109.7,0.002311517381551822,0.0022727477028548085,0.0022012203350081053,0.0021143816798988913,0.0020401441026006027,0.0020144465430266185,0.0020830834077481654,0.0023103121322003593,0.0027911386032333364,0.0036256328897228945,0.004715728128338744,0.005546396211785209,0.006285704719237505,0.009621692789927078,0.03079638737779075,0.1526381507287016,0.07803068599871034,0.0509320251440038,0.0427268916835488,0.03852328326606866,0.03559569210368568,0.03415555078792,0.0339194278662309,0.03407592844980985
4201.1,1540.2031275074537,109.7,0.0023480738528774132,0.002305191592275802,0.002225881133773159,0.002128959962649587,0.0020440198587456074,0.0020082773849043802,0.002068105142603889,0.002288207628798327,0.0027657295665362985,0.0036080378587271464,0.004725320662969942,0.00557488010184381,0.006285048697219581,0.00953169137228804,0.030276970115665335,0.152226524355417,0.0791415397552566,0.05249032159200967,0.04427364115332948,0.03954736011349272,0.03605966802819009,0.03430868690593212,0.03395096000098187,0.03407554203958604
4201.2,1543.3456265129673,109.7,0.002585760733628053,0.0024941856413402967,0.0023298384818190646,0.0021352633539738785,0.001962083498757435,0.0018597579725264774,0.001880441976270924,0.0021007288263208395,0.0026643215428279804,0.0037918228771622394,0.005349793192369234,0.005934429885542717,0.005786585170152152,0.008090065332969434,0.02729805974765627,0.16822932036044236,0.06840298418308992,0.048245564148456516,0.045865697729390524,0.04246791076039522,0.03729621623920306,0.0343985675522987,0.033771062616484875,0.033942262452111044
4201.3,1546.4772874141877,109.7,0.002445513183506288,0.002388511734833125,0.002283964886572038,0.0021570064059200913,0.002043697402595897,0.0019852454393683937,0.002029575558998187,0.002244409647717697,0.0027383457953779615,0.00364750901507714,0.00487334301801473,0.005669285527867805,0.006161020893879593,0.00911105379965888,0.028815781545942006,0.15543552197227917,0.07912383767433999,0.05351261593596611,0.045800431517986656,0.04056053515237239,0.03635270607949866,0.034297184641714586,0.0338975145977122,0.03404908323508244
4201.4,1549.6098263205056,109.7,0.002492342873061058,0.0024284597486384997,0.0023117641931440225,0.0021705586967314745,0.002044151900995998,0.001975820401202175,0.002014708372250651,0.002230565269670215,0.002738259645276771,0.003687098773027782,0.00496876435923317,0.005729465783454186,0.006098251001498728,0.00888024377833723,0.028095486194308152,0.15754725375058037,0.07899289786332381,0.053524029551757175,0.0458269557457533,0.04036436605822453,0.036094378254350745,0.03409961588746075,0.033810465795177484,0.03402371006644206
4201.5,1552.751450104521,109.7,0.0025402517162109984,0.0024692548272424323,0.002340088159365202,0.00218462384856106,0.00204534556567095,0.00196770424026701,0.0020019199715794263,0.002219850494543996,0.002743311546136192,0.003735425481955325,0.0050747432382741734,0.005790394887194118,0.006030698741709199,0.008651491496050842,0.027393081445181995,0.16002213497317364,0.07872978345942992,0.05318067655267882,0.04531583049682693,0.03972290080169012,0.035548098528178494,0.03376693061349901,0.03366687567824253,0.03398851297109585
4201.6,1555.883989010922,109.7,0.0025709230646179223,0.002496918075467307,0.0023625758171830612,0.0022013220451053937,0.0020571303880113343,0.0019764086586651344,0.002010049086418493,0.0022310431688064834,0.002764004075028839,0.0037758141821482923,0.005131762189764543,0.00581336594024587,0.005997882636771441,0.008545474732303616,0.0269762563264604,0.16140881727250245,0.07913645271969601,0.05266103087290708,0.04415160204456427,0.03859034344991724,0.03482317535941158,0.03340261030918846,0.03353573341764984,0.033962005990573904
4201.7,1559.0156499120621,109.7,0.002626564938639079,0.002544499953224892,0.0023964143659081032,0.002219907924807044,0.00206275979918656,0.001973499447155291,0.0020042151983577627,0.0022304115650913572,0.0027843570824063343,0.0038468822501104135,0.005256399068946787,0.0058550048832953635,0.005892340212822355,0.0082692932343883,0.026178786760400176,0.16457658449975343,0.07774039481877926,0.05110749394953696,0.04271610203593426,0.03747062541280405,0.03406973595882786,0.03296289481556922,0.033345044057656426,0.03390965835047217
4201.8,1562.1481888184633,109.7,0.0027815910676637105,0.0026685785050068567,0.002467851469897962,0.0022340545515948857,0.002028284808291526,0.001905859217197352,0.0019217951239637176,0.0021588982021325184,0.0027782603435408857,0.004024570447589846,0.005665942024213016,0.006006047542865182,0.005546213509628087,0.007426337241479427,0.024505710376484854,0.174030354541187,0.07124498026728604,0.048026179504244405,0.04198866256340845,0.037201050542341296,0.03352622334192201,0.03237305031871019,0.03298040678553588,0.033770529903640926
4201.9,1565.2898126023986,109.6,0.002573327767525552,0.002522414395008561,0.0024289265236339115,0.0023156144385254535,0.0022162163070234718,0.0021713300252140296,0.002228797232789611,0.0024536334781393356,0.0029391042225680444,0.003773229268656988,0.004815850543476576,0.0055243440084832484,0.006157196994947147,0.009254233192844281,0.028415068586428536,0.15329976572722925,0.08660905927324211,0.054817622500894364,0.04273004650448665,0.03677620183503578,0.03392138099965459,0.03320017134129029,0.033585000971457654,0.03402653039045858
4202.0,1568.4223515087997,109.6,0.0025901507589422014,0.002541628408168796,0.002452739317918828,0.0023455257892844913,0.002252958724265821,0.0022151926630138877,0.0022800168070211844,0.0025118534444088132,0.002999899104961902,0.0038180429839477833,0.004807410826659451,0.005463388033287595,0.006098365646490429,0.009208673146399187,0.028267487419766122,0.15315213833397084,0.08670420089619478,0.05459286498488352,0.04241236429754657,0.03652563893559968,0.03377278726721872,0.03313102482389477,0.033562092676412525,0.03402305918622754
4202.1,1571.6463242133782,109.5,0.002798059430598189,0.0027127503447159098,0.002559645429995596,0.002378513978515818,0.0022201374312409523,0.0021356025117639905,0.002180475626378952,0.0024332254870192147,0.003020874106093884,0.004074279143108598,0.005293040514916703,0.005641767744835224,0.005663243512161742,0.008048969844557797,0.025691659981352602,0.1683011120306694,0.07630683165251645,0.04894024275754868,0.040605614005035394,0.035973750013192016,0.033207163961788966,0.03251195396808035,0.0331600816430994,0.03385643825708301
4202.2,1574.870296918073,109.5,0.0026152887819647216,0.0025697938646900096,0.0024871745153570487,0.0023891138401225713,0.0023082219867654134,0.002284753450319481,0.002367490723756543,0.0026216109419296375,0.003131832477967291,0.0039459437508136165,0.004848584775094956,0.005360680587579606,0.005909386086470385,0.008919487988420106,0.027546883732976857,0.15500233465663493,0.08562304307341201,0.0535327433263376,0.04181838555652779,0.036271778577087084,0.03366649458856506,0.03307712773155463,0.03353416424522091,0.034011778631328364
4202.3,1578.0937888134642,109.4,0.002663024184888622,0.002615471850547292,0.0025294373418318205,0.002427825643769835,0.0023447364046493575,0.0023217801102962928,0.002409169879212007,0.0026735231652552103,0.0031994403451979323,0.0040240635382228955,0.004897349074188849,0.0053325011043300835,0.005815873163333154,0.008755871817741968,0.02721442265017512,0.1568441284361878,0.08460465448616498,0.052655232780536444,0.041310822935633755,0.036005158219178296,0.033510537953668894,0.03298086521792169,0.033486723390175985,0.03399545590079951
4202.4,1581.307773878739,109.4,0.0027941855597591924,0.0027138485313174554,0.0025710168109002434,0.0024049881570072725,0.002265731025721236,0.0022060518858768893,0.002285850695621672,0.0025921015424284497,0.003258763295880186,0.004374773993582014,0.005445841492202656,0.00545328592103458,0.00529476683614657,0.007460853416532734,0.024016615764714516,0.1730963254105234,0.07403575837469549,0.04656631088921605,0.03896630328395987,0.03511290465313143,0.032756406945969374,0.032243119790945164,0.033017603029534145,0.03380066271672592
4202.5,1584.5317465833175,109.3,0.002907246685219694,0.0028070832002882536,0.0026305581872826623,0.002428128431585314,0.002258595579456313,0.0021806513939990045,0.0022591074586939897,0.002591273574559556,0.003336925351801275,0.004603718460029202,0.005727688377023714,0.0054583039498533985,0.005005667613741188,0.006865593478827629,0.022857383505856907,0.18057557865374566,0.0692038206847504,0.0437569570487396,0.037741479856528856,0.03462444231068493,0.03238904504519772,0.03189362125305177,0.0327943063474409,0.033702048832709795
4202.6,1587.7557192880124,109.3,0.002775424573621798,0.0027020241815354884,0.002572510322251713,0.002424307972269346,0.0023059645165647118,0.002270905820697205,0.0023826854011848105,0.002734555995334157,0.0034615699491435587,0.0046048556803925545,0.00552626659913404,0.005316187432013758,0.005084199533971006,0.007161534130157337,0.02319291727420919,0.1765601809834157,0.073115723514605,0.04490887734061426,0.03747264497741131,0.034214819714307496,0.03235906265452487,0.0320878718729761,0.03296270538695241,0.03378091093613448
4202.7,1590.979691992591,109.3,0.0028172912051532897,0.0027295264469690576,0.002575892381284305,0.002402127325310738,0.002263730186563603,0.002219739939020731,0.0023406661795418934,0.002735535621089918,0.0035749629958167213,0.004910944599864872,0.005845525872941841,0.00527206472451408,0.004708505439842333,0.006414222965211458,0.021543250643237727,0.18526886219658925,0.0671193920739715,0.041514407316145786,0.036027955092410247,0.03372680079610991,0.03203105645103841,0.03173417873369303,0.03271600560981008,0.033660384190756544
4202.8,1594.203183887982,109.2,0.002732933994406273,0.0026710448066482088,0.0025632518598291167,0.0024434809795433883,0.0023575069944569765,0.0023588150475917172,0.002514970338446416,0.002924892924644201,0.0037157813276254463,0.004848733072035865,0.0055449662185585655,0.0051309160091858414,0.004872826801780942,0.006921646469433842,0.02272998613798328,0.18086065286739406,0.07151212766054744,0.04318146280490658,0.036252964628673716,0.033687354096309206,0.03227163107217535,0.03212356371295399,0.032985398455632815,0.03377881952075648
4202.9,1597.4271565925606,109.2,0.0026423150675035155,0.0025951448301242412,0.0025145504948809083,0.002429421374886998,0.0023807105144274063,0.0024198343599837503,0.002615030309030585,0.0030642789845333434,0.003875643294477124,0.0049412197455609985,0.005463593187011792,0.004994931347065309,0.004787564863631395,0.0068895338392531225,0.02277617801126677,0.18095794304913712,0.07161776022827536,0.04285996985324953,0.035890204335506055,0.033525460568756806,0.03232004363536152,0.03224027370173395,0.03306415646092821,0.03380902845537006
4203.0,1600.6511292972555,109.1,0.002633774180123318,0.0025925255237591606,0.0025237564428538814,0.002455460545090978,0.0024279101589841376,0.002492837068181213,0.0027207104120070442,0.0032101413112160526,0.004052340359692113,0.005066937785952596,0.005414812180834583,0.004850077310319432,0.004654005877633597,0.006782120211747562,0.022832919985211104,0.1843028963783815,0.07004027252087877,0.04176875123934997,0.035331822611613266,0.03341226705494334,0.03240888205523661,0.03233300183092323,0.03309541730089894,0.03381163179418206
4203.1,1603.9413724492858,109.0,0.0025980652723833083,0.0025664454764414923,0.0025165009627102462,0.0024742480541987705,0.0024780121364953254,0.0025792194462139094,0.002849425476910222,0.0033841787382804956,0.004245381051718375,0.005167496031679837,0.005322920478338701,0.004698585270449887,0.004548411476235614,0.006745805996888984,0.02308320089383532,0.1864099492784991,0.06947726531285604,0.041247364627527636,0.03500424723804824,0.03335924582856145,0.032536008109510475,0.032474254128758866,0.03317111327319083,0.03383280472099059
4203.2,1607.2417512154714,108.9,0.0026839884047847114,0.0026339199636375337,0.0025520595146209008,0.0024733350862241425,0.00244612261810051,0.0025341128556959306,0.0028265597107504656,0.0034552965749136706,0.00452940012510177,0.005661005251877864,0.005569634607826832,0.004479629001031776,0.004013457217541439,0.005805387778494765,0.02125666420507276,0.2012953489183312,0.05943274375130477,0.035917398056603676,0.0327157508534542,0.03282882352506097,0.032382702462310335,0.03214650069320125,0.032847332552570864,0.03363012352384072
4203.3,1610.5319943676182,108.8,0.0025114909929716796,0.0024990526718829155,0.002487496058041355,0.002500289794709548,0.002573334932787419,0.0027581651153963057,0.003127647327551453,0.0037640439415212515,0.004648358162673046,0.0053409174772597245,0.00513092924931833,0.004417583762433276,0.0043484726351337355,0.0066595286555774,0.023430698085167744,0.18922172874220256,0.0694149771633409,0.040958561911871895,0.034842999724197334,0.03351401908541042,0.03291484848419157,0.032827167558876214,0.03336096025770705,0.03389551327636002
4203.4,1613.8323731336873,108.7,0.002497881183461532,0.002487542360609107,0.002481373932661981,0.0025044523739413617,0.002595204488963239,0.0028097168737313298,0.0032287083977248082,0.003941371275733406,0.004901820653758693,0.005544506477795262,0.005120113276358851,0.004261418385715016,0.004137179165496223,0.006355550134843698,0.022858042475979497,0.19538163134932726,0.06638227596177365,0.03905338122988335,0.03381149037636822,0.03317825710326062,0.032914279000613104,0.032855420377337984,0.03334878576039007,0.03387183952458241
4203.5,1617.1326155490729,108.6,0.00295942641371781,0.0028339252508078343,0.0026323701938190244,0.0024323172073092364,0.0023176903525429222,0.0023786315655008393,0.0027536850226496648,0.0037214999770615997,0.005658238013924825,0.007426328972056774,0.0056942649754223905,0.003502508932502931,0.0027624661685641608,0.004015889374031079,0.01721430339705719,0.23501573002833612,0.03832183384549008,0.023647388257726026,0.02683596983643248,0.034258673894798086,0.03529418259777259,0.03267250071901952,0.03205868225497535,0.03282681738382059
4203.6,1620.4228587011032,108.4,0.0029949578185947704,0.0028699662116380507,0.0026705865569759493,0.002478177002369308,0.0023782021609640948,0.002466832115652982,0.0028975696949910226,0.003975196780747697,0.006045534577946008,0.0075494336155282876,0.005435389416304557,0.003300135469425661,0.0026482836083204456,0.003970341667447316,0.01769483165675819,0.2391581654735554,0.03659188283902459,0.022116560814089976,0.025263094918026315,0.03374862122261681,0.035990418294435576,0.0332126459668891,0.0322710120905702,0.0328639854009663
4203.7,1623.7232374672888,108.3,0.002471628296640085,0.0024723938478675837,0.002491921064882466,0.0025599948349026595,0.0027230265918322754,0.0030526019715306505,0.003653146490256288,0.00461407418008038,0.005712913569883727,0.005949664463744314,0.004875019889173775,0.0037855434956633196,0.003644708891168614,0.0057983171564826965,0.022565096182383483,0.2111520998829283,0.058514514728774406,0.03452327741879279,0.0315563526357894,0.032869364119484074,0.033483126327996174,0.03327919239019704,0.03345019347816194,0.03383787401511142
4203.8,1627.0134806194355,108.2,0.0024272004177739734,0.002432611366522653,0.0024627201046833387,0.0025492548689473845,0.0027425709132871978,0.003122252162000078,0.00380602184248777,0.004885021057676232,0.006038957988159204,0.006066569968180149,0.004744204274322343,0.003594400483604972,0.0034529061515376136,0.005565414045767967,0.022353612089656923,0.21748042629346356,0.05511024508420422,0.03248058671339374,0.030377020742496697,0.03258548543476065,0.03367827441715712,0.03342166462834376,0.03346770906462478,0.033803597458939766
4203.9,1630.3138593855188,108.0,0.002346500856202077,0.0023855451569494814,0.002483102155314773,0.0026677912216087093,0.002980968750141604,0.0034752303282861888,0.00418514733061919,0.005015641415965214,0.005564136149269412,0.0053408697931237505,0.004565657041441105,0.0040081861799663885,0.004386770398033448,0.007590351592792747,0.02827908471124772,0.18459345904301355,0.07880928742584231,0.04608305742096412,0.03758135771402442,0.0351580789032103,0.03423263414973658,0.03387917584824516,0.03396059752975444,0.03413036963352395
4204.0,1633.6141018009043,107.9,0.0023067677343723823,0.0023497186206933376,0.0024567397491744975,0.0026593994608138383,0.0030042443336018494,0.003551460938055578,0.004339440311301356,0.005246175999230634,0.005781803652925481,0.005419617128763686,0.004511853265662551,0.0038989053493047707,0.004255813495114257,0.007431417670119624,0.028356199736610008,0.19028591314429477,0.07705048420408855,0.04505951204642519,0.03712647563617972,0.03503410665330854,0.034232458962712806,0.03388567709241738,0.03395522133284936,0.0341234064197031
4204.1,1636.9441618603837,107.8,0.0022930047984369077,0.002339804910217223,0.0024558027550205153,0.0026747129105114337,0.0030464366739022934,0.0036348240058817144,0.004475126773675207,0.005415674954677038,0.0059097028790540945,0.005450318251688839,0.004489867847161185,0.003880057742802044,0.004270362286531472,0.007552777085619939,0.029127065629074005,0.19215328227893977,0.07832707936207688,0.04582850244465761,0.037553930759556854,0.03522244509575062,0.03429570932767139,0.03391013812234917,0.03396906981715739,0.03413081347179028
4204.2,1640.2742969928538,107.7,0.0023015278423094213,0.0023520072519079937,0.0024759518931636733,0.0027077352439566047,0.0030972672124305995,0.0037049409568368392,0.004552408726425179,0.005462841466582382,0.005898266168288265,0.005434764380130781,0.004539889193676297,0.004011364811296275,0.004513676066943897,0.008091308705980738,0.030696286734006397,0.1859828130321934,0.08458256005339132,0.049461388621044246,0.03926135338188402,0.03584141523945428,0.03446904855932399,0.033988385491314124,0.03402517085992408,0.034164951497696106
4204.3,1643.6043570523277,107.5,0.002362934170470941,0.0023678269310258705,0.002381205029342029,0.0024253293148546874,0.0027516325024002004,0.004126345349585225,0.005646515546011598,0.005884338108343947,0.005801676884829283,0.005394588734947064,0.004656747046468166,0.004098047723480126,0.003903224604475743,0.004377508627705019,0.03213912295557934,0.20997917093320045,0.07529332838101842,0.04938903156532422,0.04363723552445745,0.040957433210915176,0.0390718164711831,0.03753077466430109,0.03636606592767131,0.035751224866675826
4204.4,1646.944491780119,107.4,0.002324232402538577,0.0023771263224398737,0.0025081375362049387,0.002756031047527199,0.0031792960196954483,0.0038530759351403676,0.004812178179718045,0.005843577588400866,0.006263155326154271,0.0055858953922147256,0.004481207311182747,0.0038449684917816114,0.004281992898938128,0.007799140306973178,0.031477955449994814,0.2020974332715299,0.07849625426112997,0.04530674410453122,0.03679058249716775,0.034429994084451375,0.033705407588261536,0.03359827913460514,0.033862273528653404,0.03411023533937798
4204.5,1650.2746269125892,107.3,0.0023291382091697095,0.0023828790952750666,0.002516232666058519,0.0027700685442471162,0.0032071707231350233,0.003906386024452621,0.004890292975306235,0.005905058369184671,0.00627757208799866,0.005598798949803188,0.004525785270042221,0.003923520615936832,0.004385215217345199,0.007949602359825055,0.03293105375788402,0.19878693256014196,0.08180500117184039,0.047194490140185265,0.03737977551049044,0.03445949903507094,0.03359409833014858,0.03354713601491048,0.03387093971897837,0.03412995300651126
4204.6,1653.604686972063,107.1,0.002382332669833955,0.0024382068165921954,0.0025767715631505716,0.002840425672490963,0.0032938431520711307,0.004016094180682626,0.005020184440626967,0.0060233171014514265,0.006331696732161164,0.005584357441640332,0.0044922114111897084,0.003903958436762559,0.004399813335863872,0.008098634084231515,0.03430332162714756,0.20127728462791492,0.0801060971342902,0.04565641219446285,0.036271617206268536,0.03360773548921297,0.03303659963564502,0.033266441077150724,0.03377158864047284,0.034102931736944626
4204.7,1656.9348221044168,107.0,0.002377075861980323,0.002435042677315419,0.002578707201013398,0.0028522298557645464,0.003323209811882418,0.004073429405180058,0.005110446019768441,0.006124236441802392,0.0063922305274987466,0.005588478054742128,0.004477277535848701,0.003899571068203332,0.0044262650350519175,0.008242770012503835,0.035340008961861825,0.20164736526221377,0.07905637785172333,0.044569410229402695,0.03535028288691428,0.03279106021423959,0.032459518406678045,0.03297261756338754,0.03366969344037653,0.03407468716277526
4204.8,1660.2748819842006,106.8,0.002433213308429341,0.002493725161407055,0.0026435689355411318,0.0029285843916121742,0.003418294624745546,0.004193517087287451,0.005247762784769865,0.006236090244029831,0.006422409213504124,0.005547955664910153,0.004425964840508888,0.0038686833857474873,0.004433555925961494,0.008399540912362606,0.03693378714776766,0.20337915102952014,0.07697136227450338,0.042838313575449295,0.03392059747356519,0.03151665391187786,0.031502713153294754,0.03244342284839856,0.03346700133394797,0.034005777654267356
4204.9,1663.6050171165543,106.6,0.0024465870821908826,0.0025050842900045077,0.002652996479561713,0.0029399379110203344,0.0034452515113791403,0.004278771744903892,0.005496212785214379,0.0067395488371725125,0.006905196064022879,0.005592593518443192,0.0040998382277982305,0.0033539758630622314,0.0037534902887647087,0.0073840234812997535,0.036519279958725906,0.22883565485071153,0.05702407767810844,0.030881965574419846,0.02573677036967549,0.02618640470156861,0.028392576463219115,0.030698272257497654,0.032590085527541654,0.03363838125098618
4205.0,1666.9350771760282,106.4,0.0025294455623692774,0.002595276659688721,0.0027583066018739295,0.0030674953179155792,0.0035965421379677187,0.004432463893570026,0.005571259935958122,0.0066056444649090955,0.006628613010947762,0.0054715790104069425,0.004199420120373995,0.003604994563934432,0.0041889971635888255,0.008373131949792735,0.03949588103233004,0.21539661419717407,0.06463063728629119,0.03540838108303245,0.028770113488888114,0.028168658622873093,0.029612519717518104,0.03146642216570548,0.033032738167074555,0.033855823216023304
4205.1,1670.2551374165137,106.3,0.0025374082082282776,0.0025996253778324107,0.00275708555454657,0.0030628364308305216,0.003601348766815995,0.004486115266819846,0.005755642691113357,0.00696843108263157,0.006947193002767312,0.0054767929425914045,0.0039683922318873134,0.003260230253724854,0.0037179366328408915,0.0076171967434853225,0.04086363048193924,0.2293228476936461,0.052954145340885585,0.027978467156570378,0.023041342188565586,0.02368762711475155,0.02647684355587806,0.029565869209865463,0.03206320677057367,0.03341405763331532
4205.2,1673.5851974759876,106.1,0.002642448796425,0.0027042288658015528,0.002862073545070549,0.0031709620293741705,0.0037183980333542863,0.00462132824679486,0.005913638787572755,0.007110599482908006,0.006973560760808178,0.005382002455324704,0.003840570554379738,0.0031399921168882377,0.0036094100291886345,0.007628323816601578,0.04471150670812797,0.23093554017601206,0.049491297507152095,0.025728035430755043,0.02114663272427356,0.022019163816994744,0.025182361807343685,0.02873380457182973,0.03160218881803202,0.03316545387125734
4205.3,1676.905257716473,105.9,0.0027525709263520244,0.0028185036016557387,0.0029856705790625815,0.003309819396306011,0.003876794795270446,0.0047915148133257125,0.0060475706000973645,0.007106794668032501,0.006827233901105849,0.005257943942427189,0.0038027113760432637,0.0031688423900319367,0.0037199504267737206,0.008064892178684028,0.04879091146324513,0.22729701375029532,0.050808723107379654,0.026736188663294885,0.022006622572041137,0.022759711955184687,0.025740545212903962,0.029084514159429982,0.031794385809946896,0.033264269145502866
4205.4,1680.225393255826,105.7,0.002866195345191691,0.002935129832225886,0.00310951934478883,0.003446361631449755,0.004031167289525358,0.004960469989740119,0.006194980869242175,0.007143355310989904,0.00671939690005256,0.005122758645571795,0.003715725874456885,0.0031305584997749335,0.0037371588744664476,0.008326023858390041,0.05329080576454579,0.2257781778128545,0.05106578049952552,0.027153000836363538,0.022481417421732732,0.023238826605009817,0.026107375187594848,0.029268676950372538,0.031853288113766885,0.033275927534719384
4205.5,1683.5454534961893,105.5,0.002983844767298315,0.003056414030445669,0.003239358530322044,0.00359089560213803,0.004195664715371769,0.005139560687152063,0.0063451624771476015,0.007167933478266316,0.006596205749267549,0.0049797076066568115,0.003625270717560747,0.0030903466453662326,0.0037536808031869164,0.008600440403556332,0.058439248589013136,0.2245447043622252,0.05201191361636623,0.028216474268456308,0.02363952839459379,0.024374740953120085,0.026964031756135966,0.029728188514971964,0.032040831557802615,0.033350317955147146
4205.6,1686.8655137366748,105.3,0.003106271782841564,0.0031834387544394586,0.003376806815568699,0.00374546512532779,0.004371819389903028,0.005326957646601487,0.006488353428430615,0.0071648546021254,0.00645065836423396,0.004834047985136549,0.003541126759834039,0.0030582550702263223,0.0037796820197284397,0.00889156392703305,0.06368791892229261,0.22291308890550074,0.05339821902801454,0.02952968895099236,0.02491579142056922,0.025474552974916177,0.027679082746462264,0.030067324886646332,0.032173576608577586,0.03340618984197862
4205.7,1690.185573977038,105.1,0.003239189203462109,0.0033193552420672364,0.0035198536162981842,0.0039006394280263514,0.004542310770442339,0.005503419824071214,0.006624202901773957,0.0071781472386777765,0.006345989389198312,0.004714303114338773,0.003443640825194852,0.0029686789054477864,0.00368881148131831,0.008967976825808065,0.06979966317496229,0.22173331136721686,0.054409187050722334,0.0308251135815043,0.026356756457701323,0.02676239044974244,0.028515630691046186,0.030461726483198726,0.03232109544095438,0.03345729152220467
4205.8,1693.5156340366339,104.9,0.0033867383163613714,0.003471563937969491,0.003681795838821107,0.004076179485804364,0.004728173750651085,0.005672815417902117,0.006704382120248262,0.007096061960358347,0.0061794288013432,0.004600996423715032,0.0034063787507962718,0.002986520508056478,0.003777074526545107,0.009373345532798285,0.07493661707130887,0.2184944142602167,0.05729076459711804,0.03314052379732151,0.028320119986831878,0.028234715438159808,0.029399854742286177,0.030911101135790535,0.03252611320124571,0.03354855904890694
4205.9,1696.8356942769972,104.7,0.0035458261577958655,0.0036314752214969734,0.003843892811790056,0.0042412588083880895,0.0048926645230711425,0.00581887086052166,0.006786301098959848,0.007065219967580816,0.006070362148321631,0.004494775358759308,0.0033288241103213625,0.002928604459260131,0.003733583223282752,0.009477965324732048,0.08109537366801807,0.21574121543050298,0.057821687166304904,0.03396159841097203,0.02914331634758841,0.028850383985937395,0.02970746035012538,0.03099979356445731,0.03252981659353055,0.03354490233248567
4206.0,1700.155754517477,104.5,0.003720893602331658,0.003805312858196125,0.004015419461501674,0.004408201146397676,0.005047724629384413,0.0059417785170297515,0.006838144666689481,0.007019430416569562,0.0059724121740654754,0.004408640865495576,0.0032681332082356083,0.0028835718215197235,0.0037015993616629295,0.009599132304257737,0.08782448108921646,0.21068206685666646,0.05818688970700049,0.034788824256476364,0.030029195384737795,0.02955523835033395,0.03010877169509653,0.031164400398486936,0.03257655903678449,0.033553951802915156
4206.1,1703.4261367580325,104.3,0.003920769661833937,0.004004591548766437,0.004212541993910532,0.004597909902954867,0.005214417629863241,0.006048767971363625,0.006830955892342355,0.006894235525715549,0.0058356700299494685,0.00434112573248162,0.0032615925871646682,0.0029179427444703493,0.003795445661831871,0.009990610852250881,0.09326596589276638,0.20464673430891805,0.0599481685827594,0.03640214543952469,0.03137786470948768,0.030552839414051042,0.030752772007358497,0.031547269958767984,0.032772348963388175,0.033641445055935304
4206.2,1706.6963813972186,104.2,0.004020050237413423,0.004110350240045966,0.004327787911031429,0.004717162596696592,0.005313043013963228,0.006069208624360323,0.006703357115599612,0.006657493776860938,0.005680368733308056,0.0043635283360668456,0.0034173300402049363,0.0031777674453787835,0.004242226032340612,0.011083392876023524,0.09137885256947424,0.19988238606826875,0.06565594352457517,0.03976509641022385,0.033376498787971394,0.03174589888778218,0.03156281918332038,0.03215050114934994,0.03313956382055742,0.03381758227022259
4206.3,1709.9567648102611,104.0,0.004201956185178107,0.004285142575383974,0.004490190214228106,0.004864787402295288,0.0054479106067323564,0.006198183994281235,0.006826066232181035,0.0067364985797147585,0.005662759319918761,0.004254121353563913,0.003250368800817787,0.002957623428554874,0.003914062211143253,0.010549570717151156,0.10153709604051797,0.19388368119213206,0.06155967102492955,0.038224845536734935,0.03294228412396107,0.03173060004089702,0.03154290114455257,0.03203300807266275,0.033018855123576184,0.03374605654578865
4206.4,1713.2271470509331,103.9,0.004273500442297875,0.004364032965913259,0.004580662746570493,0.004963382423288904,0.0055344387772494185,0.006224515486721077,0.006735237081598737,0.006556082548672288,0.005534051471547027,0.004258107655327298,0.003366494328792491,0.00317084319042925,0.004299357913498268,0.011510071996371036,0.09956383931415555,0.1899472590471385,0.06535694530380362,0.040297210217270236,0.034013016222899616,0.03232190416596564,0.03199554347194624,0.03241787668720239,0.03326460767064155,0.03386449071345591
4206.5,1716.4975292916051,103.8,0.004323898612887679,0.004417414625519526,0.0046403117120938486,0.005032150158786481,0.005612097943986975,0.006301340373007543,0.0067856192447762415,0.006554156252558353,0.005490683365891334,0.0042068269808041535,0.0033235709420925464,0.0031361222401902465,0.004271617407018974,0.011556335693702211,0.10245701044669364,0.1856071630903276,0.06394771045462845,0.039452476602465016,0.033403897999084046,0.0319238127487827,0.03178541379905628,0.0323272737519881,0.03323207321619768,0.03385255484617862
4206.6,1719.7677739307912,103.6,0.004863508650764061,0.004898272625311764,0.005007576344749488,0.005281458936531527,0.005696960469919854,0.006006768544224327,0.006123910919106308,0.006067511075402837,0.005655422561598624,0.00466977682140844,0.0038576247569303713,0.0035322079043517036,0.0034589661944682544,0.005885949884947509,0.15818075476309226,0.10520747419303797,0.07936949874454624,0.06853642186152964,0.06371691561623577,0.06126188125186241,0.06021649155599995,0.060044692154318104,0.06014406288099677,0.060181133379717054
4206.7,1723.0381561714632,103.5,0.004940456442882644,0.004976128478283888,0.005087167880679793,0.005354197277483762,0.00573756543310735,0.006013045942060136,0.006113485517426878,0.006044946829428739,0.005616315124356742,0.004652661855987811,0.0038845377048064883,0.0035768354271871854,0.0035111127324893906,0.006112252400801739,0.15948824111019455,0.1023477533905331,0.07736366586786288,0.06694710286921049,0.06232462588650514,0.060026236990714375,0.05906790661945734,0.05891329731912859,0.05900534736734668,0.05903851575678437
4206.8,1726.2985395844034,103.3,0.005174527433043223,0.005210520776581994,0.005313239905154938,0.005528289554965681,0.005809544081111901,0.006012824576953386,0.0060834187970531025,0.00599195342681247,0.0055346687610638625,0.0046095073359893116,0.003905930250387416,0.003622302968627341,0.0035707372350412842,0.006460433330811554,0.162410717581984,0.09979783897037971,0.0754166508366825,0.06532519079714051,0.06077444573002726,0.058503203086548064,0.05754317428402253,0.05736365037306312,0.05743318466798145,0.0574582880412619
4206.9,1729.5687842235895,103.2,0.005239692992936715,0.005275918065578076,0.005377677305876447,0.0055836495968964285,0.005843292017110202,0.0060264366470321185,0.006084356068469266,0.005980529310639401,0.005503946520550405,0.004591628799973352,0.003919016076841942,0.003649158764311978,0.0036061744042543867,0.006685030027562662,0.16412092939217496,0.09770459611847676,0.07374347230580937,0.06389944467943123,0.05942459490593702,0.05719216968940862,0.05623881232952595,0.056039551686139055,0.056088000355167464,0.05610385189489176
4207.0,1732.8391664642616,103.0,0.004938697662410691,0.00504185299316702,0.0052828141666457695,0.005690617830609017,0.006250212496330417,0.006809114762780743,0.006980076133312254,0.0063493713112466625,0.0050691980595924425,0.0038011167564545078,0.003006707412787081,0.0028848995077475894,0.004069987321036646,0.011936624191901713,0.13059400962015671,0.1551801049867854,0.055806698893983306,0.035450675669302024,0.030722627543779787,0.030104840036129725,0.03068079402429857,0.03174071260533624,0.032976998902030416,0.033756611256565594
4207.1,1736.053664869882,102.9,0.00501766588451426,0.005122872472024009,0.005365978051432651,0.00577128193571382,0.006314391362496084,0.006831510226734417,0.006941022363521804,0.0062722327814918,0.0050083167268860345,0.0037817500107970503,0.0030242835179706403,0.0029374452871887054,0.004190124626315298,0.012348296035608688,0.1321637889379031,0.15330296198862217,0.05668280805114807,0.036080727705763344,0.031067487215295547,0.030236260029716185,0.030713743047071036,0.031760546549046836,0.03299921705139093,0.03377290753021364
4207.2,1739.278149324883,102.8,0.005096682117091758,0.005201932377187811,0.005444144786691632,0.005844975125679168,0.006374495207336096,0.006861687886357341,0.006926762477735197,0.0062233065829972465,0.004956158889747826,0.003745332302617679,0.0030037585108969858,0.0029289525075480364,0.004199632295961555,0.01248132807188545,0.13549026230654282,0.15133030164045236,0.05715113002216977,0.036729823071958725,0.03163300976514334,0.03061031963357287,0.03089002786175906,0.031816447289504966,0.033009113629356386,0.0337729427538417
4207.3,1742.4926477305034,102.7,0.005856328217182284,0.005865180613544204,0.005880428983500875,0.005894171847830879,0.005891290892383003,0.005849306923697655,0.0057380706386717445,0.005516836302714098,0.0051662107957283696,0.004782785581667958,0.004511742254613781,0.004402418863125118,0.004527930941295086,0.010484732882077139,0.15117981822085255,0.10703253378308168,0.0890567739220216,0.07997217425103895,0.0756770150174655,0.07382669930565504,0.07332882608694695,0.07341313735415915,0.07351890897189847,0.07351663384967756
4207.4,1745.7071461361238,102.6,0.0059343603894856005,0.005938913234207739,0.005944381690717342,0.005942514477124644,0.005919117770188754,0.005853613986167131,0.0057174934169115935,0.005476585811157577,0.005129750550829735,0.004776653925899674,0.004534944661566931,0.004445709374838815,0.0046003587013403804,0.010991051428753423,0.15012591734807126,0.10950924530131956,0.0924213139706075,0.08360327814773974,0.07943414443449101,0.0776762124712054,0.0772478434477581,0.07736156236214216,0.07746588358023367,0.07746124805872831
4207.5,1748.9211312015148,102.5,0.005493990607440723,0.005595534726882194,0.005813686367595734,0.0061393747231786675,0.006500333083012271,0.00670814364618506,0.00648471419436361,0.005704542376360517,0.0046398456666384875,0.0037379570768831896,0.0032868739474616413,0.0035314763499975873,0.005408488823219701,0.015580184642110587,0.13135727211352966,0.1521253507439552,0.06901318083597247,0.04503775027317784,0.0371181813170181,0.03410647785137828,0.033031588675921875,0.033062794869793355,0.033610029506436295,0.03402491278540092
4207.6,1752.1456156563997,102.4,0.006097963829542871,0.0060965877859464656,0.006088519490075299,0.0060644082237114915,0.00600965978263542,0.00590308037306573,0.00571550654321068,0.005418865344049495,0.005039540744068527,0.0046921903149873025,0.004468107078705627,0.004392465328737393,0.004574539803908262,0.011382520566535433,0.1521546206050869,0.11240942149316352,0.09630343402994498,0.08813175216806456,0.08433461724305967,0.08275457676515237,0.08239900417074349,0.08252286227846727,0.08261036829137748,0.0825998421364883
4207.7,1755.36011406202,102.3,0.006168815370863826,0.006163251863011192,0.0061459462689892694,0.006107143489010015,0.00603232911316347,0.0059009340662174,0.005686570058972496,0.0053728530487092635,0.0050044675951656705,0.00468772330542048,0.00449047062420351,0.004433939128859481,0.004654027375800054,0.011944021081927731,0.14959490503451833,0.11487647013279965,0.10003066154901634,0.09243993418477252,0.08901625797010744,0.08766149639460918,0.08740499104889314,0.08753852028528177,0.08760738285985653,0.08759110062651951
4207.8,1758.5746124677567,102.2,0.005858347903447729,0.0059468638857259224,0.006125833672629734,0.006366403507679198,0.006577294242403847,0.00658372616646868,0.006193891932169156,0.005393017434787265,0.004442581077832029,0.0036815040166207893,0.003342254745396132,0.0036963890399240654,0.005804429156101702,0.016930850303865437,0.13023344391318453,0.1510214820034047,0.07666918984446705,0.05263944583794078,0.04311373579171356,0.03817069881508454,0.03545840397499609,0.034324111991521744,0.03412233993595283,0.034196119362525465
4207.9,1761.789110873377,102.1,0.006148861766793794,0.0059563024435971244,0.005752127573283951,0.005742441083596009,0.00611724947023167,0.006979593486023539,0.007936181131800406,0.007413087894428141,0.004954017701180508,0.0028298639650292177,0.001749630158284793,0.0014065942506173103,0.0018362928172864115,0.006136223222201186,0.20815483963769413,0.0947167873906607,0.03782325362864836,0.05081801244282266,0.10400512629922416,0.06144424720907468,0.03829603655116505,0.032333153480541776,0.032326266364289154,0.03342125347589556
4208.0,1765.0036092789974,102.0,0.0063904608316640325,0.006382350345627618,0.006358685191900999,0.006307784097421292,0.00621181588965309,0.006042453800554377,0.005753171457865185,0.005309468101225421,0.004805025800640813,0.004415290746454614,0.004191106937710223,0.0041106947148134175,0.004258648264422508,0.010973508361396034,0.16318047680325956,0.10959447580057169,0.09548616803817794,0.08981645560505042,0.08772490787056932,0.08696048601003625,0.08680005539942572,0.08687973812900987,0.08691940555560518,0.08690543909728922
4208.1,1768.1968051703182,102.0,0.00629671551091787,0.006283442655845797,0.0062487534583514056,0.006181106442370058,0.006064465620173027,0.005878135831009434,0.005604012669983507,0.005257176760223214,0.004913219388521425,0.004652673983879855,0.0045065873850603415,0.004493403746908954,0.004830644766861736,0.01351678612782812,0.14390058064324468,0.11964320266077064,0.1076576938570884,0.10188457323425656,0.09972339479287225,0.09903658002818502,0.09897954788369863,0.0990803681262733,0.09909321008835618,0.0990671063289189
4208.2,1771.390001061523,101.9,0.006032128728352588,0.006123502576137863,0.006302261674957067,0.006527499998407439,0.00668974393484768,0.006601180614651252,0.006090691949503578,0.005203469160068337,0.004239221210415013,0.0035160671611424795,0.0032312319128833485,0.0036463995262265778,0.005861741587193763,0.017506658017732865,0.14028955552496533,0.14091701600477843,0.07605860063619903,0.056351438404064084,0.04849512595804241,0.04256386997385528,0.037957532996993185,0.03544676892094194,0.034503098343587904,0.034304692136094474
4208.3,1774.5741650020502,101.8,0.006101782690534605,0.006190016402889707,0.00635995657068852,0.006567384615211395,0.006700809417009862,0.006577426662723521,0.006041696844623774,0.005152811082621583,0.004205601929111815,0.0035037459595787315,0.003238341176690906,0.003676647942435703,0.005946040916159128,0.017842215624912183,0.1417574787223577,0.1390069484940331,0.07571766348082311,0.05621415629243573,0.0483993613918241,0.04253719294632395,0.0379762226733707,0.03546995987138067,0.034515303560335095,0.03430883026595295
4208.4,1777.767360893371,101.8,0.005988177950449928,0.006078503405079378,0.006253585599104885,0.006471322106009311,0.006623099736175443,0.006528200320350155,0.006028210197522193,0.005172764390523515,0.004247971354946181,0.003558191744918731,0.0033026850785545657,0.0037612165252691333,0.0060913611919527315,0.018183323092264905,0.1385625381792393,0.1395704336137605,0.07608231233224397,0.055487821729838474,0.04711531000284472,0.04153805539452154,0.03750522462092544,0.035308009918389616,0.03447481585923386,0.03429800208203888
4208.5,1780.95152483387,101.7,0.0060139910439563835,0.006103974892849718,0.0062780191042221675,0.006493312852127047,0.006640201932322995,0.006537275257798266,0.006027415196482247,0.005164054121334857,0.004236235337954163,0.0035476799920847787,0.00329576875917206,0.0037608428109446993,0.006112166475443382,0.018367213274643746,0.14183086691540206,0.13632383878571575,0.07398847567975676,0.053866401594779345,0.04595453702057849,0.04090195409265603,0.037236208953628225,0.03520964122878071,0.034442185299570056,0.03428523304302777
4208.6,1784.1447207251908,101.7,0.0058226414104298385,0.00591923536998721,0.006110664829214097,0.006360005793534656,0.006561777004620228,0.006527934118405311,0.006077181472525552,0.005238587167139545,0.0043042459598214775,0.0035987119010904905,0.0033333102306048364,0.0037927653863680374,0.006151029288639157,0.018448220122321692,0.14125095800498408,0.13563610740303308,0.07308421893065335,0.05262961152364144,0.04473431441007722,0.04008917697261618,0.036856389464590404,0.035071718924909324,0.03440342213880911,0.034273562755257385
4208.7,1787.3379166163957,101.7,0.006069799060733527,0.006064745137973032,0.006048388289384053,0.006010895296764025,0.005937644161697459,0.005807910314717511,0.005595925363132198,0.005291274802606858,0.004947769031743671,0.004663036073664099,0.0044893804507566675,0.004446517403890473,0.004727836227959365,0.013594311896873401,0.15493211660053974,0.1106820714842533,0.0970017041797829,0.09092293063975725,0.08866892755406384,0.08802517167266517,0.08801125862681711,0.08814237182687973,0.08817666375437454,0.08815491827916486
4208.8,1790.522080556923,101.7,0.005940602449640575,0.005938884801693476,0.00593013885374399,0.00590541131328901,0.005851082483526801,0.005747902329296049,0.005571418269063088,0.005306054185196178,0.004988891340383446,0.004710870277418418,0.004535322909209151,0.004489894222247799,0.004768505080453226,0.013675774982138861,0.15541238772844854,0.10975797417196684,0.09576170906014228,0.08948919628705895,0.08710170148290942,0.08640127568480666,0.08637830713847636,0.08651668877651615,0.08655740839199236,0.08653666175265676
4208.9,1793.7152764481277,101.7,0.005806007723649328,0.005807280637294318,0.005805495990427655,0.005792590955137049,0.005755909811217638,0.005677572236924087,0.005534931533533233,0.005310399951533344,0.005027347764610424,0.004765002407807327,0.004593272299390344,0.004548862730194085,0.004833082222462915,0.01389551836921756,0.15626217482430307,0.10982620580131044,0.09561200655552984,0.08913580046037486,0.0865702811494143,0.08577291348554203,0.08572567002928828,0.08587025322440303,0.08591823525836739,0.08589878914382525
4209.0,1796.899440388655,101.6,0.0058086279141236164,0.005807676131620893,0.005801300438417767,0.005781726893305449,0.005737151445621483,0.005651274457313144,0.005504602325629026,0.005285703076898219,0.0050214655379473,0.004782109776201443,0.0046285996829502005,0.004598603015872704,0.0049282937785112505,0.014680529243351207,0.15639908118655232,0.11066934420359628,0.09643261802183074,0.08982993532820195,0.0871422746896275,0.08628404510984061,0.08622654013037043,0.08637471698991658,0.08642585272312865,0.08640779147428795
4209.1,1800.0921351752233,101.6,0.005708882076664691,0.005708817913186255,0.005704824082693813,0.005689950990350569,0.005653551208656351,0.005581024134245832,0.005455376562324602,0.005266583928666249,0.005035502022777167,0.004821244090718894,0.00468286090317702,0.004663307961375593,0.005025151459822975,0.015243258824307092,0.1565871629715072,0.11195100311696582,0.09770785108178538,0.09091584975115727,0.08804334915293958,0.08708385467847245,0.08700427932798455,0.08715965095289328,0.08721633768183236,0.08719900312004152
4209.2,1803.2749012676948,101.6,0.005254119446671596,0.00533681808510277,0.005506395769960186,0.005743559026495017,0.005979714510140556,0.006075819604016322,0.005863044089732936,0.005292521315116872,0.004550334400081787,0.003942108685805678,0.0037396706368922326,0.004320285132125501,0.007068916992271297,0.020951772246205244,0.13962728712442266,0.13822121607096674,0.07563694249359179,0.05155566430551588,0.041553401732348554,0.03695881152205557,0.03487003746801817,0.03415922794893775,0.03411938396286856,0.034215858520497626
4209.3,1806.4675960542631,101.6,0.005521300564660985,0.005522805330699349,0.00552296007309663,0.005516167129515409,0.005493530449577554,0.005442907935088927,0.005350758314221886,0.005209291350819315,0.005032442536587187,0.0048642883717851535,0.00475961695809805,0.004770581369143686,0.0052433066930713795,0.01674441112456728,0.15561945518623815,0.11472219081174372,0.09986953670664686,0.09234507987351234,0.08894914403960971,0.08772666755305578,0.08758534165880552,0.08775490198099951,0.0878220619725046,0.08780322957709177
4209.4,1809.65036214685,101.5,0.004959077611074292,0.0050599292536441885,0.005282676020260867,0.005631965124389687,0.0060575540626767975,0.006389616664047436,0.00632805978587092,0.005670337292675956,0.004633331682227776,0.0036876708193658908,0.0031671370982443137,0.003344133942213297,0.005245720701192918,0.017077472148606304,0.17938165287058658,0.11858552969736597,0.059788712319292885,0.04321897740499553,0.03742211359220545,0.03459745732775678,0.03320200395509827,0.03301309662829014,0.03352816252520921,0.03397222721026308
4209.5,1812.8430569334137,101.4,0.005392947762195372,0.0054416370210452125,0.00553470712873032,0.005648558797613557,0.005729272448338109,0.0056910348479075265,0.0054506559379257444,0.005004807271744291,0.004480541443655531,0.004091625083612551,0.004091482632114211,0.004940113197151165,0.008302628104761517,0.02414940131982155,0.13351686682278902,0.14075682326828326,0.08158656154711827,0.054764224724305,0.04255709947355275,0.03700974840953437,0.034723069141682356,0.034080624621575226,0.03411524859384623,0.03423349683112378
4209.6,1816.0258230260006,101.4,0.005468721640404231,0.005471689376872166,0.005474533533076326,0.00547072345504193,0.005449336170998164,0.00539508813818022,0.005291120096914105,0.0051285457402927784,0.004924226903203054,0.00472801776135835,0.004603997762837093,0.004622221564361053,0.005250989719716547,0.01857206545608532,0.1639593661355167,0.11448886491571596,0.09357103057477086,0.0831793648307988,0.07824356396100128,0.07619718228135193,0.0757492831142364,0.07591851918971296,0.07604875995629799,0.07604347535989615
4209.7,1819.218517812569,101.3,0.004999111932744732,0.005085825497239473,0.0052765608925289306,0.005571648111211817,0.005923196411580496,0.006183698773133116,0.006103235444264018,0.00551142922508651,0.004581024162186507,0.0037172651654725753,0.00324622070368536,0.0034742285002636727,0.00552964152843871,0.01835267339331426,0.18852628334297375,0.11304760623938814,0.05799409447682509,0.042072420617942564,0.03618112821522842,0.03333351828389769,0.032166686857651165,0.03236036462467795,0.03323602567932377,0.03387873917478503
4209.8,1822.4012839051559,101.2,0.005473578941183091,0.005502793026475276,0.005552640718386107,0.005598687204266653,0.005595565331014614,0.005482207214129441,0.0052124564156669235,0.004806611459577792,0.0043786646563516605,0.00411026627615058,0.004242771223380385,0.00527202358850337,0.009025980177665935,0.026307137135718417,0.13469431802246284,0.13784640611022467,0.08394365329399747,0.05722951950913105,0.04386208686918483,0.037547735333201215,0.034938429764879125,0.0341720556337475,0.03415683239179031,0.03425595045908439
4209.9,1825.5939786916088,101.1,0.005427327753172766,0.005473280182880629,0.005559630169917661,0.005661215627540308,0.005722282027253366,0.005656907850136352,0.0053849359196366815,0.004906470072607214,0.004349456142262711,0.003925185771072187,0.0038799467374899164,0.004659959829862281,0.007957878915632946,0.024915419712760036,0.15343747526597565,0.13168899741860352,0.0750416386651691,0.05197033089861802,0.04115151814667187,0.03601711974498791,0.034066251007115474,0.03373084872160581,0.03398567023345053,0.03419939652194574
4210.0,1828.7767447841957,101.0,0.005521289723934951,0.00555969876991114,0.005628221070202394,0.005699450934660134,0.005718569641865235,0.00560789820526275,0.005303632032434815,0.004820692408358062,0.004286506521519562,0.0038990838242514555,0.0038963748386248048,0.004736822368412132,0.008186271676980704,0.025796587525449898,0.1542102966801219,0.1307593661777084,0.07575398493164685,0.05294724302990436,0.04195366379778279,0.036513634119773,0.0343345415312734,0.03385796166210568,0.03403164697127073,0.034212667306943494
4210.1,1832.002903490742,100.9,0.005711576168280896,0.005720181741477094,0.005722913204207956,0.005692578659796765,0.00558999531758303,0.005375934998405278,0.0050377048433833515,0.004618499739354383,0.004224422099228561,0.004010936224491351,0.0042109532394707175,0.005371417526052356,0.00958386413780484,0.02882769358810584,0.13589717377057853,0.1363868962265768,0.08231067267215085,0.0558699224331114,0.0433799506373937,0.03749760626095678,0.03498023787837012,0.03420405191711813,0.0341584336422583,0.034242152735685615
4210.2,1835.2290621974037,100.8,0.0057883256532257335,0.005789729258211325,0.0057763301717712445,0.005720550685059218,0.005585944668654645,0.0053404329793909555,0.004981193818167463,0.004558492151278593,0.004178117959368396,0.003990486068441736,0.004227204331669026,0.005450643312239088,0.009829140469210372,0.029688047055141224,0.13656708557799896,0.13560714101187593,0.08322331566341452,0.05698680708303611,0.044205950353271226,0.03800319256478911,0.03525010298106413,0.03432447930730563,0.03419801584463059,0.034252256627554205
4210.3,1838.4539652966075,100.7,0.005853153075494764,0.005847780354667595,0.005819375580999187,0.005740336048395511,0.005577172815727711,0.005304579918955143,0.0049283966592677305,0.004504584512682772,0.00413829603121644,0.00397587856381245,0.004249190427901924,0.005538367183418189,0.010096550157613519,0.030632958277766287,0.1374318802102332,0.13459630892562865,0.0837241164281341,0.057796982545366235,0.044864941629407414,0.03843322124186269,0.03549200553454493,0.0344372702585506,0.03423646469684292,0.034262354985220164
4210.4,1841.6801240032692,100.6,0.005908165779148795,0.005896192713896603,0.0058534317151394686,0.00575267857581158,0.005563717415886127,0.005267770527687475,0.004878296381580194,0.0044556860151290035,0.0041040243186319355,0.00396623740183802,0.004275501073632146,0.005630921684313405,0.010373128170555404,0.03159571173437646,0.13813039914171316,0.13349832405969214,0.08420685156916133,0.05868880584203825,0.04562043448950163,0.03892810636142992,0.03576563191219334,0.03456145254776619,0.034277539903948974,0.03427288557973288
4210.5,1844.9062827098155,100.4,0.006120837874839367,0.006090585256422792,0.006008317235171554,0.00584821357272227,0.005588629586764765,0.005226784325053331,0.004794117685215443,0.004361609222326086,0.004032251009447374,0.00394206121788506,0.004324530184664446,0.0058075583081479065,0.010863509511602813,0.03316474315856108,0.13945137868965493,0.13240222490080805,0.0844210081555462,0.059234821998303905,0.046090738854783785,0.0392386850554369,0.03593988370689059,0.034642076463593297,0.0343042558407761,0.03427917747068741
4210.6,1848.1324414163619,100.3,0.006155244726082147,0.006117322516760351,0.006019329226855263,0.005837457214986852,0.005555291756167008,0.005177408824026936,0.004741296509097736,0.004319185339084099,0.004010694497027004,0.0039489768972064835,0.004373169109385241,0.005943278358216736,0.011267396176762704,0.0344805195347903,0.13900988295848596,0.13126185100845097,0.08485075008841518,0.05985750667816424,0.0465499869709482,0.03951593778828592,0.03608932122141651,0.03471166091071064,0.034329023829073706,0.03428641184299553
4210.7,1851.3474219762852,100.1,0.006059116285362463,0.006073492117491845,0.006092900540715803,0.006087774735287213,0.006000396839180936,0.005750275600637739,0.005278490854680225,0.004623313064089794,0.00394296791649605,0.0034422185242764572,0.003334344473569661,0.004042276624128148,0.007444854197725026,0.028436041219615026,0.21926769704870439,0.08430061008590384,0.05269114329282493,0.04812341908857061,0.046492353989222926,0.041265922639047,0.03636388473194625,0.03411865532158351,0.03377344462102714,0.033995445375621866
4210.8,1854.573580682713,100.0,0.006101109156663772,0.006106732686908046,0.006106945917299049,0.0060722642981039555,0.0059498571937540165,0.005670854574606633,0.005191667328304164,0.004556958128040468,0.003915423783292238,0.003458462561793068,0.0033999227051505253,0.004194430149965252,0.007883671618177981,0.030585613275767278,0.2191773077395892,0.0836051972501569,0.05257041637917281,0.047977219718397336,0.04622578665249038,0.04105309992389185,0.03625659741357556,0.034075489746043984,0.03375825369613765,0.033992401454520885
4210.9,1857.7997393893747,99.7,0.0065609873083324975,0.006519670065758573,0.006422169776669761,0.00624547647353751,0.005959936902478067,0.005538822213427847,0.004985395011184249,0.004362398183062734,0.0037922846843470685,0.0034269154851462006,0.0034680814577175718,0.004419752899567662,0.008613305140371109,0.03454461501402141,0.2203056682253869,0.08120978654255118,0.051677610492176014,0.047692780352503114,0.046177425826891653,0.04096949890244166,0.036137408591108394,0.03397332047088136,0.03370167042124908,0.03396953493382265
4211.0,1861.024642488694,99.5,0.006816728972496579,0.006744826365082739,0.006579395064096292,0.00630054052025795,0.00589714818733627,0.005377779160351622,0.004783962373041156,0.004194122654781025,0.003713736262823565,0.0034683806646688595,0.0036613722063629436,0.004879342756829868,0.009853986909452342,0.03906159708825023,0.20940912755173763,0.08825537918255147,0.055276011234375796,0.04728073675502106,0.04330563967130416,0.03879535574515002,0.03530872907890833,0.033848521430383506,0.03376996607710866,0.03402573713108312
4211.1,1864.305572234992,99.3,0.007169107678283281,0.007050951184761491,0.0067993425129628535,0.00641383264995399,0.005909729757732241,0.005319967805035713,0.004696483704597579,0.004110339219931199,0.0036502577010396097,0.0034288635337455984,0.0036482930565112067,0.0049249500679561355,0.01024279028934253,0.04336557021109542,0.21538781050964004,0.080773084408156,0.05154211894151478,0.04625149538345762,0.04364405120558297,0.038955372440154165,0.035047970212827795,0.03347781456811377,0.033528449058532285,0.033911517765089126
4211.2,1867.5853893030053,99.0,0.007798374007246217,0.007592792340400021,0.007179678695194199,0.006596090253193991,0.005907564234329084,0.005189066841532889,0.004511152387429763,0.003937252540973321,0.0035316837538794175,0.0033849169827759183,0.0036994091485315793,0.005157452625958849,0.011197907421474862,0.0503420433957962,0.21314973988433947,0.07815323340765445,0.050720368951608946,0.04618579375831132,0.04365583045602124,0.038719512419597396,0.0347136882110961,0.03321520206647919,0.03338823990736342,0.03386185405923525
4211.3,1870.8762554504206,98.8,0.008140323907836157,0.007881059344097444,0.007371156612785213,0.006674508096296586,0.005887198111702976,0.0051061365334000245,0.0044085033931699,0.0038509218466899566,0.0034856444605121063,0.003395194981178015,0.003791130392161474,0.0054223436067446515,0.012151968186987811,0.05656945816668221,0.20781704207749419,0.07838338310499521,0.05127596699702374,0.04616295572041743,0.04293232162313906,0.037938850666351186,0.0342128961625429,0.03296338692742881,0.03329643927409494,0.03382817055108593
4211.4,1874.1560725185361,98.6,0.008493507279174828,0.008179303377011409,0.007570272947677525,0.006758163318267335,0.005870901943393626,0.005026476929019063,0.0043077162737243,0.00376586605001794,0.0034438923399674037,0.0034201841621586916,0.003921898393454803,0.0057845273949739375,0.013370554653116408,0.06306422327175659,0.1995925885086542,0.0805044788063506,0.05300042983769684,0.04666657882425607,0.04253171729098334,0.03755476311478892,0.0341185672606985,0.033030612365520726,0.0333790531847969,0.033878196515136065
4211.5,1877.437002264834,98.3,0.009203661549924799,0.008755743933724268,0.00792896684833965,0.006894856224138713,0.00584310565656976,0.004912183575255389,0.004173345723875718,0.0036542683130331793,0.003377330195875152,0.0034102790333039724,0.003986974315470794,0.006006703878592743,0.014346293843045524,0.07269919400266373,0.19426061748685725,0.07777728718199362,0.05255034113125797,0.04726068931003328,0.04303937583963808,0.0375192534318364,0.03382802888974695,0.03275794215704909,0.033227425919526495,0.03381804329095048
4211.6,1880.7168193327316,98.1,0.009595553355099444,0.009067898612047157,0.008116362434655503,0.006962351780028553,0.0058284613374181,0.004859766200001934,0.004118420102824001,0.0036198303221219906,0.003377848042934306,0.003458936279320429,0.004110148925382286,0.006298837626494071,0.015364187137672753,0.08041227565820296,0.18721517035678975,0.07759494716374778,0.0532653585717507,0.047808099088615955,0.04303070063468917,0.037257901596297445,0.03360529590140141,0.032640754734042196,0.033188022874189094,0.033813999955065954
4211.7,1883.9966364008471,97.9,0.009926388352086753,0.009332161411173134,0.008278706965740281,0.007029485678678728,0.005831937942851712,0.004834427425725508,0.004091435464247793,0.003609343769543851,0.0033967191635361884,0.0035215816135542705,0.004246649467457547,0.006612670029102516,0.01644089432908595,0.0880864775663183,0.1793078615705296,0.07818490813880755,0.054873013493656426,0.04917722490503705,0.04357608530116862,0.03733525099549885,0.03359846769118522,0.032661232461334594,0.03321861389531691,0.03384382383000705
4211.8,1887.277566147145,97.7,0.010230975719110429,0.009584430761363396,0.008448251766665906,0.0071179317349712315,0.0058619275010183165,0.004833226536472904,0.004081995853738889,0.0036092786155555736,0.0034222706031225543,0.0035942948761803917,0.004412007109190632,0.007013152800556954,0.017782409831712045,0.09516882986546048,0.17128107935347872,0.08017000710592884,0.0571381143554759,0.05028756656777361,0.04360275838433387,0.03715186280283334,0.03355621639803137,0.032726399196784495,0.03328932448039496,0.033886989938714925
4211.9,1890.5673229771194,97.4,0.010953154330140885,0.010140978010604654,0.008768328980675293,0.007235795119623081,0.005858556751077003,0.00478162573422074,0.004029035198167437,0.00358118226174301,0.0034329973412228847,0.0036555124801885865,0.00454571869642191,0.007304965352231629,0.01887623628826959,0.10633301860437107,0.16167070074849482,0.07899604272195762,0.05925028887688727,0.053242401144205996,0.04514113728292328,0.0374182313393161,0.03338297214004051,0.03253026564927943,0.03320502444451827,0.03386212472047038
4212.0,1893.8482527233125,97.2,0.011175937575067872,0.010327407316728283,0.008903826875596947,0.007328493832434287,0.005925649451059375,0.004838679257175815,0.004087131276042866,0.0036476282967412704,0.0035146473568592523,0.0037626954142529504,0.004703682797716462,0.007608456386103632,0.01993533610827535,0.11419974317103772,0.15349295619826733,0.0796107749519231,0.06277297434738506,0.05711058028411119,0.047069559160423866,0.03799132579455991,0.03351178548605775,0.03257781610474914,0.03323346881482626,0.033892980521283915
4212.1,1897.1584793017623,96.9,0.011476807616903464,0.010623336357863881,0.009167046168405612,0.007530171946365227,0.006054686192084922,0.0049029789679896005,0.0041057358618452906,0.0036454608333763633,0.003524606509893021,0.0038406067417905048,0.004975097002211456,0.008448911718217761,0.022766881725866273,0.11650658014061561,0.14703617669614905,0.08559502269671443,0.06705870745687958,0.05773910091428831,0.04670309162573678,0.038208707837297226,0.03411229285800541,0.03314417528889431,0.03355847621076684,0.03401361849737151
4212.2,1900.459539737325,96.6,0.012188191031438356,0.011138212824061747,0.009430182518995966,0.007611409807919052,0.0060554185928033575,0.0048957779982629675,0.004126073881301384,0.0037039502021090484,0.0036181717448158777,0.0039544760723701534,0.005073865775920755,0.008459550495553332,0.022975572098640377,0.13096129059676415,0.13686180846087564,0.08129515132258423,0.07154912549369144,0.06553225310750697,0.050187971957006534,0.03844775626266439,0.0333644779611179,0.032448744376164976,0.03320048348980424,0.033901689496100444
4212.3,1903.770566768409,96.4,0.012145906213013011,0.011177285680941043,0.009562166986510415,0.007792612095870514,0.006236755954657077,0.005048716192450444,0.004243206311542982,0.0037925347370873605,0.003695869724969008,0.004057256725859286,0.0052905145439414054,0.009075369529713056,0.025160345493718435,0.1330030683847619,0.13332416111516532,0.08461109276627096,0.0746413905188226,0.06654439980041575,0.050569845474347515,0.03902847705154084,0.03400473762638745,0.03294010847708607,0.03346164494658039,0.03398738766138795
4212.4,1907.081593799417,96.1,0.012814899267362555,0.011695403966345691,0.009875610508958058,0.007941654397979662,0.006291776596683099,0.0050662419562837015,0.004257066901582322,0.003821021539276312,0.003751322612661732,0.0041550869216199935,0.005466540758457888,0.009465339408426221,0.02667387215320409,0.1419330720473762,0.12639629065051847,0.08331665835955576,0.07812590382676034,0.07086472363374627,0.05221915872840527,0.03922480560260408,0.03382257946077377,0.03276128649967319,0.03337358816888777,0.0339601637745003
4212.5,1910.392620830385,95.9,0.013064491123062936,0.011898330016293347,0.010023418773835653,0.008053131992728287,0.0063884770191137445,0.005162136974143228,0.004359085619407819,0.00393139923662751,0.0038706637218155183,0.004283549452157181,0.005608178478135815,0.009671223487358426,0.02756541238717928,0.15007543693642592,0.12004959074364596,0.08104515613625717,0.08043055792486128,0.07461996202261666,0.05347778483402314,0.03920655477156151,0.03354049408935335,0.032538087946592596,0.0332659067178907,0.03394324450982164
4212.6,1913.7036478613932,95.7,0.01328555080305873,0.012098735120514287,0.010193531075308009,0.008193928494681773,0.0065058775650152145,0.005263015571180008,0.0044499921171721035,0.004018827478998749,0.003962754621610695,0.004395300008208888,0.005779704164901292,0.010058900515458371,0.029082463768114342,0.15503615512108304,0.1162831020431166,0.0800935606359677,0.08078258875287338,0.07502609210129611,0.05350095994861578,0.0391392976318231,0.03348733806752945,0.032510549854570754,0.033256457789905665,0.033941145626473705
4212.7,1917.0146748923612,95.5,0.013565036874930802,0.01233569539295594,0.010372045153629932,0.008322573144446893,0.00660154021894215,0.005340613536973474,0.004520583350837362,0.0040913191472592165,0.004047133297046839,0.004509281257751166,0.005969555112650735,0.010501187670624315,0.030788466860450628,0.15969174464196484,0.11259262500023517,0.07855252691672092,0.08038091839513531,0.07550376791444469,0.05400877465408612,0.03942867104485024,0.033638673086798174,0.03258306797803627,0.03328261948045307,0.03394847379410616
4212.8,1920.3257019233693,95.4,0.01334978337305997,0.012215473596796917,0.010377757239181306,0.008424635585850085,0.006753709265293114,0.005508214666978669,0.004684228450653395,0.004243392000244241,0.004187052004860529,0.004641938023413501,0.006117480087093316,0.01077332273801153,0.03185919448676804,0.16264948732200885,0.11050093904239028,0.0775410434817538,0.07970411051138816,0.07551994187838218,0.0542787401995796,0.03968179999914057,0.03382530341745165,0.03269548008160163,0.03333362876011176,0.03395023214662688
4212.9,1923.6359285017459,95.2,0.01374684830525341,0.012531488898213887,0.010583165997517607,0.008538977158297108,0.006812806119282304,0.005542172721045257,0.004713229738301897,0.004281668947001869,0.004248742774876738,0.004749976282134522,0.006329238110173158,0.011302117523927352,0.033876603853978296,0.16633027524402574,0.10765128066070952,0.07601444776314195,0.07891845106056575,0.07568398423113189,0.054740619520238766,0.03996395168555271,0.033966575836009795,0.03276133814154889,0.033359833444188525,0.033958587192022605
4213.0,1926.9369889373847,95.1,0.013584905048745086,0.012459499464587291,0.010623842966823827,0.00865682050532336,0.006960022615846388,0.005686053110045782,0.0048394235942609285,0.004388593087200992,0.004343878395675493,0.004854090401086763,0.00650141502927347,0.011759055852357899,0.035610216076176426,0.1674020634181486,0.10734886953046292,0.07564407998470812,0.07696805512597016,0.07372784401076096,0.0543944996326267,0.040259828013923984,0.034308000433553594,0.03298287131992358,0.0334528478177276,0.03398414364872134
4213.1,1930.2708305653784,94.9,0.013778016752034017,0.01262432841265425,0.010750272519794348,0.008751018057382836,0.007033564051366018,0.005749198411449882,0.0048997346005149,0.0044523864423423485,0.004419456917379864,0.004958072550956482,0.006681501006699888,0.012212110378460907,0.037493540205824516,0.1711252903626478,0.10498295173665029,0.07411750616805031,0.07614413452381198,0.07360795947447178,0.05429604972351899,0.04007770247112194,0.03412719311007374,0.032852860837287466,0.03338661517117643,0.03395871990930168
4213.2,1933.6042072316964,94.7,0.013982309589821842,0.012791642566665543,0.010869001474230635,0.008831423525000593,0.0070921363769564745,0.005799429501623584,0.0049506425042768224,0.004510749671612689,0.004493915592659907,0.005066393677307169,0.006875976043870561,0.012714528664015942,0.03964567447580377,0.17510714623300497,0.10290097308355554,0.07287511589154409,0.07538611679635315,0.07280367944778085,0.0534235123196562,0.03937930511807334,0.03362697941245363,0.03254206543630978,0.03324082517427398,0.033905224599373104
4213.3,1936.9275940583796,94.6,0.014124277938576226,0.012759357146294064,0.010700287323985692,0.008659687644149195,0.007015132402295631,0.005853164046005987,0.005128361277655925,0.004779846545233956,0.004800406774765509,0.005315622289781883,0.00689594043655756,0.012162075357275362,0.03862078515937246,0.1932457044565941,0.0881800212614115,0.06540410385175495,0.08226771546307171,0.08277701095885204,0.051855128437429024,0.035080570025624286,0.029847954223292936,0.03002511010022609,0.032064291048970114,0.033453636779218636
4213.4,1940.260970724814,94.5,0.014080617291952752,0.012668672822153924,0.010586199541297017,0.008569810393280801,0.006987556951432936,0.005905016968284569,0.005262261795770036,0.004983511580249993,0.005035940678493995,0.005537513065678066,0.0070647681590972995,0.012277981352973592,0.039497750890920176,0.20011575645759044,0.08320032743440495,0.06341755834997644,0.08637352421393489,0.08458124079687597,0.048737741552982966,0.03180324219007243,0.02731154696463273,0.02826507847210755,0.031137963920792856,0.0331200067742563
4213.5,1943.5943473911739,94.4,0.013976760262573556,0.012558815438994534,0.010489773303013879,0.008510503479655337,0.006976293003932544,0.005945312020143832,0.005355314855553722,0.005127731114545892,0.005229383999240858,0.00576523003391125,0.007312712085605544,0.012666634641082355,0.04106661957299276,0.20315895838553832,0.08218654954501294,0.06351243535852795,0.08821180983405673,0.0818595143105073,0.04542001052589825,0.029427284123335787,0.02556975823750302,0.02713199706147165,0.03051608498818937,0.03291925875821914
4213.6,1946.9177342179735,94.3,0.01386039273654778,0.012422267137731625,0.01035331358970804,0.008405929327008762,0.006926783179965818,0.005962653182521563,0.005446570999437084,0.00529705975096655,0.005464409177221863,0.006035623993946088,0.007607386781942047,0.013092343641882227,0.042574707878031574,0.20508019612639727,0.0816834778034661,0.0642300816219833,0.09164337427860461,0.07992229916159625,0.042332050812495824,0.027178776124345157,0.023842873582988252,0.025844278778742936,0.029786051793063675,0.03257291213544047
4213.7,1950.2515758458062,94.2,0.013730049662715441,0.012302059351747689,0.010255704364495959,0.008339958365681292,0.006896142300672462,0.005970789561911383,0.005501195813185564,0.005411473947050402,0.005652779688061185,0.006306303919956028,0.00799334489258641,0.013799252270695159,0.04464949582330396,0.20310301502468456,0.08455507261619963,0.06630690803943133,0.09156439089271794,0.07675934200488803,0.04104010673149477,0.026629547323473442,0.023476312666093995,0.02554900664560385,0.029566588401724908,0.032477424838573375
4213.8,1953.5849525121662,94.2,0.008683708922741857,0.008640077134532314,0.00853704474106142,0.008358606152198788,0.008117075870014836,0.007865611278432133,0.007649731627736761,0.007491753015671139,0.007409817822900638,0.007425319767879662,0.007841144373414379,0.0149244793927017,0.06943597473246257,0.11280681735348137,0.11409244266041747,0.11253773786571747,0.11062661056820618,0.10907612628599087,0.10810142324440593,0.10771057998187729,0.10768181934208564,0.10773038028935385,0.10773936883462958,0.10773214472367472
4213.9,1956.9083393389658,94.2,0.011149980169830914,0.01067646947279611,0.009783942019453524,0.008649724923601042,0.007496526170196214,0.006510426518809756,0.005814535280142798,0.005499761614428408,0.005703471230925044,0.00677979989313049,0.009826895177841232,0.0189210854801541,0.05163779730821842,0.1447945980756137,0.1345641966673247,0.09382486985893908,0.07030027671997327,0.05450460595001689,0.04363040296074752,0.03739342742781535,0.034619726251621914,0.03389841151899446,0.034015233474965295,0.03419622486278305
4214.0,1960.2417160052837,94.1,0.012192252108314667,0.011188765099176788,0.009665164935404445,0.008152372438764271,0.006957619366613095,0.00618236035885672,0.005826183016715566,0.005860568558168851,0.00627291844562919,0.00717004613518287,0.009247819068496756,0.015931676099759876,0.04818655387167213,0.1909576494285408,0.09971980299627818,0.07271897396224743,0.08178201536356994,0.07029926088478468,0.04363865474336861,0.03059790261982893,0.027067815975935137,0.028278952989870265,0.031190604685087144,0.03315961690512267
4214.1,1963.5920891188077,94.1,0.008110583146902087,0.008101757320066266,0.008082524377716716,0.00805294758722575,0.008016401977408567,0.007980078245483017,0.007954138300459577,0.007950628206337369,0.007982643451366346,0.008071748800007425,0.008838857198394867,0.01881139549477075,0.07085271504264726,0.09928241019818512,0.10118510760068108,0.10149333542388331,0.10128171641800693,0.10091972871240074,0.10060280190446706,0.10042816345885414,0.10038995927457552,0.10040206802800974,0.1004082981759873,0.10040677122561671
4214.2,1966.942327916244,94.0,0.008144105456913051,0.008136173490768646,0.008119084156628174,0.008093192059261425,0.00806183030412253,0.008031861201198146,0.008012969402428625,0.00801673692383851,0.0080560215003853,0.008155813635180462,0.009055913034413129,0.020026385847820002,0.07210287247924593,0.09773024368746185,0.09957445210622382,0.0999373424721586,0.09977492920718475,0.0994404491510875,0.09913946794026295,0.09896841599628481,0.09892211315248883,0.09893212366026287,0.0989371143089744,0.09893078919902726
4214.3,1970.2825674286987,94.0,0.008102749975511104,0.00809649510850106,0.008083305843398366,0.008063875591464164,0.00804133975245261,0.008021697627985354,0.008013678004664583,0.00802804363351472,0.008076834751105696,0.008190583452049455,0.009255768361252062,0.02126160120796429,0.07249027194886806,0.09531299260347928,0.09712152709112531,0.097544906957675,0.09743289207029517,0.0971248219323632,0.0968313485273373,0.09665508903567953,0.0965920118654898,0.0965856525321473,0.09658422186068578,0.09657577423553908
4214.4,1973.632806226135,94.0,0.008448760090302196,0.008371847854437583,0.008208977992315984,0.007973700693437879,0.007713988110182723,0.0075039971222598265,0.0074296377132521815,0.007600375971339152,0.008210769383474847,0.009744516778020379,0.013690368477025244,0.024821126433651523,0.05254783837296082,0.0897716807750365,0.11023029678244842,0.11243097875557329,0.1070654724392623,0.10094348688715796,0.09644929960699167,0.09397877475684503,0.09305895586165995,0.09279310680316963,0.09256917241650364,0.09239030763246792
4214.5,1976.983179339659,93.9,0.008201732543923295,0.008196769285120333,0.00818656224699409,0.008172237332619242,0.008156949490671276,0.008146297472109862,0.008148510756088672,0.00817387537646754,0.008234239038327063,0.008371769565206973,0.009734269661344627,0.02350361493146968,0.07313158374084607,0.09192174622181355,0.09362870259505766,0.09408612825818728,0.09400412487721718,0.09371997585442952,0.09343971153776694,0.09326643957586503,0.09320123387414161,0.09319181192905478,0.09319355580998863,0.09318650456580103
4214.6,1980.3334181370954,93.9,0.00848188181821322,0.008412414712047884,0.008267924627101922,0.008063724529507313,0.007845343199459108,0.007682852537221417,0.007661165342323852,0.007893331083639325,0.008587270370509756,0.010258458449374484,0.01444755622802617,0.025791393616385962,0.052627632390616484,0.08798623058696847,0.10751903956798109,0.1094033926027481,0.10402662129780077,0.09800281506655878,0.09360807992011023,0.091160865200518,0.09018429324249608,0.08985322455587848,0.08958327795414059,0.08938140669587745
4214.7,1983.683656934648,93.8,0.008408966654139769,0.008405024583682148,0.008397203777320757,0.00838684443876667,0.008377200054398305,0.008373716061835138,0.008384258539149668,0.008418810430131178,0.00848902800482115,0.008650877226193461,0.010294137492072065,0.025412743377482366,0.07238596761885817,0.08806098709663265,0.08966494342188197,0.090145220206088,0.09010046011200129,0.08984890679867186,0.0895945227072292,0.08942921873894207,0.08936785703871,0.08936049453764285,0.0893620179777476,0.08935980066601608
4214.8,1987.0338957320844,93.7,0.008598020220182839,0.008593818285362008,0.008585498495564954,0.008574495124920119,0.008564286177729993,0.008560646620141936,0.008571835832019667,0.008608313702902482,0.008682272417752856,0.008855219868014715,0.010592173947066102,0.026050008433671328,0.07205326658993519,0.08705436031457356,0.0886682162323713,0.08916105559682952,0.08912171610400739,0.08887137161999017,0.08861628924853387,0.08844971448423174,0.08838681134142368,0.08837913853937747,0.08838090029682041,0.088378698644504
4214.9,1990.3742699625946,93.6,0.008816200689877698,0.008811763152450677,0.00880298437991024,0.008791383578014563,0.008780631142067261,0.008776781996688784,0.008788419508055985,0.008826362172929259,0.008903198375148033,0.009084529646574366,0.010887046621935731,0.02650634893238767,0.07147595183986007,0.08597843828802311,0.08759776066036633,0.08810556795767414,0.08807768346634674,0.08783434986950218,0.08758321003652414,0.08741810722391753,0.08735478040178983,0.08734694757497972,0.08734900049940399,0.08734699368506477
4215.0,1993.7245087600309,93.5,0.009346855754909336,0.009273471059131157,0.009120177598691263,0.008903439704965474,0.008673383555481777,0.008504012210711193,0.008479212052761816,0.00870721044701457,0.009392263552350809,0.011060972232716574,0.015342196212855553,0.027066065258896613,0.053716917727056286,0.08571664193770327,0.10265471775566577,0.10499734908351661,0.1009330772718824,0.09603683353737137,0.09244819579089501,0.09051879760254339,0.08985583971780502,0.0897484209250209,0.08967521596463957,0.08959035575640639
4215.1,1997.0845236409384,93.4,0.00965535464505029,0.009578403482675132,0.009417652317332133,0.009190507504068142,0.008949676920173344,0.008772167596601307,0.008744101074786303,0.008975497746836257,0.009672680571169842,0.01136090226841854,0.015636341471159075,0.02716366835966343,0.053205053795282904,0.08496314171455785,0.1023503262784862,0.10520621624028673,0.10144227008730275,0.09667992672538486,0.09315231540922823,0.09125118723909534,0.09059952153795607,0.09049684608830179,0.09042736074955894,0.09034550109946894
4215.2,2000.4345385663707,93.3,0.009982396884417632,0.009902786182650542,0.00973660854651686,0.009502016994278559,0.009253499521604425,0.009070267396117116,0.009040491236878,0.009276105966891934,0.009984889772236799,0.011687319084767089,0.015936936648058755,0.0272213688772737,0.052616642512607247,0.08418604023796604,0.10211688752059975,0.10556550590496531,0.10216068112367953,0.09755692957534597,0.09409012211018818,0.09220994077778166,0.09156497274482281,0.09146540055167056,0.09139863216924186,0.09131916135382415
4215.3,2003.7945385663568,93.2,0.010317999557621634,0.010238043313000501,0.010071444071066145,0.00983653650711755,0.009587732918197615,0.00940456460524582,0.009376431915784965,0.009616876220551743,0.010333491088499267,0.012036925892373686,0.016229786593499225,0.027229958901590346,0.051998521322675025,0.08348547217565162,0.1020901916390503,0.10627726002562284,0.10334776329990288,0.09895660579814283,0.09556386975477643,0.09370579962824718,0.09306929304100917,0.09297520995585316,0.0929127260767094,0.0928368868818201
4215.4,2007.1445534916727,93.2,0.010283513092714624,0.01027979299661252,0.010272865505199657,0.010264782988639962,0.010259830535028788,0.010264739960728157,0.010288913331271377,0.01034417197009375,0.010444972766756988,0.010658046169697415,0.012342557216175708,0.026100130410226494,0.06655682939730677,0.08239503928509932,0.0843616656309148,0.0851015518186145,0.08525384056564629,0.08511936691962642,0.08491796415686918,0.0847620039488203,0.08469231010679287,0.08467926237342295,0.08468060839029239,0.08467970880475172
4215.5,2010.5045683725775,93.1,0.012208122060160169,0.011981053361305805,0.011531020338760451,0.01091260687541706,0.01022249537270748,0.009579571614373587,0.00910984802065934,0.008956441149869413,0.009336159666287999,0.010703692662597538,0.014257456113210372,0.023750916638771557,0.051856552294931836,0.12158617906717262,0.143114989684517,0.10473571492542828,0.07285102217197792,0.05331518039292984,0.04253884307010599,0.037193746657172476,0.03494129228122307,0.03427310110337806,0.034215209175308244,0.034261548187366715
4215.6,2013.8545832978962,93.0,0.01246970371431086,0.012301085074426954,0.01195418750515673,0.011450585858456415,0.010845544739062745,0.010223254635408652,0.00969493004552332,0.0094098888591197,0.009603668440403779,0.0107488102133329,0.014045471570035759,0.02323290675066077,0.051159905085078415,0.12243772920973726,0.1447182713915604,0.1062991022447388,0.07421522254441729,0.05423670098641312,0.04305419944530417,0.03744720329362654,0.03505160923775918,0.034314156981100234,0.03422814707198541,0.03426637002958466
4215.7,2017.214598178801,92.8,0.013172988888398041,0.01302363449077573,0.012703706868822917,0.012213267174266842,0.011582147848984876,0.010876599728659822,0.010207244046047113,0.009741539111576963,0.009740935240730527,0.010696468703169185,0.013812546978641309,0.022864831437631197,0.05115135371073436,0.12485641906813469,0.14552288886373857,0.10664038039951154,0.07470221353804755,0.05461625057342028,0.043256105668503304,0.037525213882238166,0.03506992012776542,0.03431472271264178,0.03422844902388896,0.03426887065476164
4215.8,2020.5746130597058,92.6,0.013952047854745788,0.013833014855436122,0.013556474006342594,0.013090143137499306,0.012424835543571294,0.01160097556653828,0.01073434303373431,0.01002827881286978,0.009785769408126256,0.010517815573232107,0.013422180185173561,0.022312825529834688,0.05116123973795387,0.12847578277434807,0.1450908032765518,0.10539889538555665,0.07428487786984382,0.054589103268253614,0.04328061328432236,0.03751432341350712,0.0350362802317028,0.034286769650545126,0.03421713697903288,0.03426793934303846
4215.9,2023.924613059799,92.4,0.014827360540810075,0.014744970170843422,0.014515252721140556,0.01406060940238036,0.013323917103346019,0.012325652206831622,0.011211802220781391,0.010248468530076384,0.00979171130859244,0.010368299711760688,0.01317093696313099,0.022063651208173714,0.051491011393057555,0.1305390519907764,0.1441001805115905,0.10461537072854282,0.07410168032161234,0.05458427748491554,0.043283951460202384,0.037500163216188584,0.03501760858928383,0.03427403654843274,0.0342128363869502,0.03426827731820584
4216.0,2027.2846279407038,92.1,0.01648756858933828,0.016377152999381705,0.01605728497717613,0.01541317561827806,0.014371397555271899,0.01298496457622086,0.01147670004186605,0.010184570161554442,0.00948489421741965,0.009873955078593916,0.012502662255745166,0.021357161397212582,0.05261547812136072,0.1404591654226554,0.1410141576986991,0.099577555187607,0.07130704556744384,0.053262395830990246,0.04256335882862441,0.037012404685963896,0.0346768514128809,0.034076075750762776,0.03413311528521348,0.03424577139965795
4216.1,2030.6246429106968,91.9,0.016967101319103454,0.016766067503401372,0.016294898195337332,0.015507989205513542,0.014450357885990256,0.013303535081896023,0.01231787955882504,0.011707272015087864,0.011667819657131201,0.012570687468044765,0.01558732361106637,0.02528216381654273,0.0550522959120041,0.10158941232044702,0.12109496652708653,0.11652264882823793,0.1059834429161589,0.09665795842350816,0.09046036543821424,0.08736616351324576,0.0863936821497688,0.08621810054536168,0.0860349199961469,0.08585088607587842
4216.2,2033.9647027903643,91.8,0.01852693967678873,0.01863275204391683,0.018764571185537156,0.018662025238602106,0.017848165974939087,0.015889675479482175,0.012978244962525552,0.010023775366742675,0.007880142005262368,0.006969141964758177,0.007895943158062265,0.013840485678474899,0.04816656493450876,0.22427098862113165,0.08986312251366096,0.06326107611116055,0.0655221699016743,0.059734799930388105,0.0429551667163267,0.03273199326604947,0.029314755595462913,0.0298885681522937,0.03199671641427215,0.033467535331814284
4216.3,2037.3047177604765,91.6,0.019967782102249646,0.020253326354663353,0.0206559066290798,0.020699971179276622,0.019580840208652493,0.016754682949060306,0.012869565797877031,0.009337376912525404,0.007004974578841281,0.0060472370144520554,0.006868170034695614,0.012571297216627968,0.04994931741324998,0.24601175460441632,0.07088739989794936,0.051093443541391406,0.06468925111979315,0.06930666557671547,0.044897097373295995,0.030823367429158692,0.026444549274446713,0.02725229373304554,0.0303250504406494,0.03269045210115355
4216.4,2040.644777640144,91.6,0.01863547403973122,0.01978234040627137,0.021746027951794745,0.023354264812269772,0.022417644291991216,0.018015588806228847,0.012525979787378383,0.008411398251494081,0.006110226944340562,0.0053133939489248905,0.006237341807885909,0.011971429856973258,0.05109352600332131,0.25294805228197564,0.06569538465470477,0.04614252104067638,0.06049442067793046,0.07248234907665638,0.045391490362107295,0.030122665663250735,0.0252039162341442,0.025824987089452106,0.029203511729207463,0.03204302070129197
4216.5,2043.984792610137,91.5,0.018367312869315262,0.020052074802595073,0.023154920225520872,0.026040502194883422,0.024989628322501397,0.018843193549483796,0.011983602082859125,0.00742762515003649,0.005081881402232228,0.004271324872732379,0.0050347288174055526,0.010416279726181208,0.055997561565278256,0.26869702566120884,0.04828448562521998,0.034395984346744325,0.057668469507309805,0.0903683766833839,0.044996825464316006,0.02449864020149925,0.0188346185836945,0.019731185886066607,0.02452909829476174,0.029172181670457504
4216.6,2047.3248524898102,91.5,0.01912578268463587,0.01947066633315573,0.02101852506812746,0.024910833192866192,0.030219136485173673,0.025736770798485763,0.011938739144351925,0.004900367995635615,0.002443178110637452,0.0016777765720009101,0.0018294120677273277,0.004469612821112606,0.07784135754761903,0.28740920873905124,0.013571470284524642,0.009610880513534375,0.03314496500256072,0.2005620399306939,0.0163525971369914,0.004765011181247939,0.002439332573385441,0.0016812665495924135,0.0013574580108141102,0.00115635737442075
4216.7,2050.6649123695943,91.5,0.02098886451979208,0.018878036469599267,0.01826298756474576,0.024065417899567974,0.0320203796824506,0.031047496958197675,0.01846603367122183,0.0009126196087263912,1.4014619845171824e-09,4.2158221419070805e-10,7.321315576221798e-10,3.0146646181826775e-09,0.10066500114364635,0.28138408610754934,3.4871208576942093e-10,1.0863081076651704e-11,0.13212399600904493,0.14978457097324063,1.8771655247569422e-06,6.839285427165021e-10,3.251193154796964e-19,7.767908676019455e-33,3.541791200482562e-21,1.1641723325404422e-17
4216.8,2054.0049273395875,91.5,0.019239590367853967,0.018285691820032972,0.019074312733497543,0.025873404393590878,0.03339543342320356,0.02997748966363292,0.016775969052354768,0.0021629556389773505,6.312760645843017e-06,1.3124273841240426e-07,3.773149712257095e-08,1.8007958077127286e-07,0.10161731757126542,0.28024918219562095,1.8057930627997635e-07,2.2559157954751668e-07,0.12860427142666617,0.14943626737372495,2.3455858212914986e-07,1.0918590810959824e-08,3.5124255877616704e-09,2.3609295554955823e-09,2.1337507802676183e-09,1.8509240798049308e-09
4216.9,2057.3449872192605,91.5,0.01865633133800617,0.017854501721156817,0.018812359673127894,0.02590159888215274,0.03387760997789934,0.03029588025762682,0.0166869847019414,0.0021428989972941148,9.64117545662327e-07,5.835958493167588e-08,2.5275442497242875e-08,1.6100563317192153e-07,0.10402507591602723,0.276019145487085,2.943363743419706e-07,3.500955261932116e-07,0.13291303559910597,0.1459139227885318,3.7323219181234623e-07,1.6080096025281313e-08,3.933756987955819e-09,2.1094403874523424e-09,1.6822789482347209e-09,1.4832095399134704e-09
4217.0,2060.68500218937,91.5,0.01901643582384298,0.017681872457588774,0.017687087863206295,0.0239358100663121,0.032881746587629886,0.03183910414040394,0.019230947306126112,0.0008867424927067477,1.3382000335089306e-10,6.410968637200737e-11,3.703806727220752e-11,1.797091779932366e-11,0.1050559772683494,0.27357529546966214,1.5351245810012352e-06,2.699126132907405e-14,0.13752769075430626,0.1439890280685662,1.2752325095638115e-32,6.771343462982242e-37,1.9361890229021565e-38,4.505968071332779e-48,1.0570602503062003e-67,8.73150425034883e-90
4217.1,2063.9668461831475,91.5,0.016649729802811923,0.017626628381213073,0.02013648507161203,0.025199936801167225,0.031846404842355694,0.027227365566168737,0.012132123147891832,0.004818656473145296,0.002356229422953448,0.0016033056919709404,0.0017535606461884987,0.004411885816194402,0.0893043057310489,0.2693988459604369,0.013293240673093138,0.010013082150675822,0.0421904064650341,0.19896250661062576,0.013559259366593775,0.0036552241327545984,0.0017953955915229229,0.0012120845696957348,0.0009690137954372277,0.0008179451052647978
4217.2,2067.2386958129428,91.5,0.0154331776537443,0.017428572391838062,0.021648647390771932,0.026876401959086398,0.02780952763326749,0.020755301518796315,0.012251051716509764,0.007105545193876628,0.004711191612043276,0.003943735334016736,0.004715811881794993,0.010287967246760683,0.06959385035785111,0.2532553296548845,0.04095496544783627,0.029949976612311403,0.059298669181925626,0.11936012049568188,0.03674924632985114,0.015169174855148425,0.008689511017076627,0.006345620479560335,0.00545342848947183,0.005127600907196936
4217.3,2070.5205398068365,91.6,0.015178233127237907,0.016823064432544305,0.020172903028015443,0.024232772539617396,0.025217300865645394,0.02017171556707126,0.013175953383611353,0.008303618453840032,0.0057857854096516805,0.004951624132019941,0.005901563677279105,0.012136504736038082,0.06190185881825238,0.24347965221136603,0.053301093465508396,0.04053835314008928,0.06801667794272695,0.09097015424004436,0.04382064342245756,0.02536936441634936,0.020233904628560156,0.02117074691984389,0.02562313315885112,0.02980014080409542
4217.4,2073.792389436663,91.7,0.015018084295626573,0.01627800576197062,0.018762290106426036,0.02168547805725624,0.02257434314500293,0.019226569823886805,0.013714490096800773,0.009269953227810402,0.006743131153186615,0.005895168786764496,0.007029252020742351,0.013838145975351268,0.05832538209118447,0.22632424330778517,0.06995642156600981,0.05289989378230773,0.0711007555593179,0.0740244884853687,0.04474065175866415,0.02985935474030328,0.02549448886270225,0.02646787765523387,0.029816853475953448,0.032419358681388684
4217.5,2077.0642390664584,91.8,0.014848642364690384,0.015769284224266843,0.017520725769259563,0.019497594155946048,0.020119677982635042,0.017880797669689533,0.01372172816161337,0.009933479883726231,0.007592217089890076,0.006832019903513095,0.008190346874417805,0.015543157828710887,0.05687722352070013,0.20800534749571917,0.08664723324436104,0.06426623233681936,0.0705691337621821,0.06333947447722203,0.042987622527889104,0.031726595497970904,0.028221529425268455,0.02902371419834583,0.031502216635647506,0.033249849139552916
4217.6,2080.3460830602357,91.9,0.015267487385469836,0.015701996594952226,0.01640134935178458,0.016945675703869123,0.01668453409669256,0.015199324848155626,0.012883689980551314,0.01067172595880806,0.009318019262011841,0.009364016876832726,0.011948112369447473,0.021487486611101926,0.05678444998810648,0.14824274707706245,0.1301963218763384,0.09197508188628958,0.06833756658644821,0.051912064533433215,0.0413890549313455,0.03588080170673554,0.03376480550741464,0.03351935204364728,0.03390017004101235,0.034174868216141976
4217.7,2083.6179326900624,92.2,0.013692672593733267,0.014036756820535349,0.01462471561151974,0.015180639937713495,0.015227095215807064,0.014345111640632876,0.012657949604720513,0.010860494774648465,0.009710691025890618,0.009863712499373383,0.012537682883509203,0.021981484933459,0.054809418876449335,0.13845345138601522,0.13614726555598805,0.0972136118705086,0.06989286815400186,0.05188693845188119,0.04124051207708637,0.03592212326077169,0.03392119262859459,0.03366257190542935,0.03397526751785834,0.03420154694297426
4217.8,2086.899776683925,92.6,0.011979631184999383,0.012271093964475515,0.01280822174565783,0.013422405891949079,0.013767779156121929,0.013438578256529946,0.012350364602286227,0.01097021396806811,0.010027860552855074,0.010272643510392053,0.012985995813442612,0.02220729175443389,0.05248860292810636,0.12836257410138063,0.1405325204441997,0.10203481924295842,0.07146177124054524,0.05204220169922122,0.04122333564411788,0.03603296013674794,0.03410886138282193,0.03382035506868043,0.03405390901068971,0.03422856061157933
4217.9,2090.171626313752,93.1,0.01037115227098997,0.010614258208545233,0.011090660763754543,0.011711513691343049,0.012250976516396967,0.012370852196596671,0.011865122917565816,0.010967766493773245,0.010306421086374635,0.010685567448759207,0.013444544655910268,0.02238985512289217,0.05002178631290586,0.11729993604301497,0.14235266176329464,0.10702988499550319,0.07402081550224535,0.053113837750715924,0.04181457963208505,0.03649427429722069,0.03447358402497893,0.034047698266659175,0.03414790987730185,0.03425403189163433
4218.0,2093.4534703076456,93.8,0.008356914985588118,0.008611397392533733,0.009151582057557594,0.009961409813069982,0.010893299560432166,0.011587312197478026,0.011617142243914847,0.010969297851436279,0.010260388906030983,0.010414374862489032,0.012783026508267528,0.02094671297336794,0.04690376793833402,0.1140575021330411,0.14503380502924568,0.10779793109264704,0.07299007046795661,0.05184768742954223,0.04088987109921302,0.03594148029567101,0.03419260627177542,0.03393344036152498,0.03411467843368377,0.034245741929427774
4218.1,2096.652485781085,94.4,0.006964064975858843,0.007197800463630207,0.007714155704946539,0.008542004041740828,0.009614345992787333,0.010639773778998612,0.011111042421601493,0.0107749292386677,0.010125335787217108,0.010147209600405509,0.012217113635260977,0.01973690032831575,0.0442622081265387,0.11077284015503512,0.14701744382232015,0.1084379188976307,0.07216930492228826,0.05089889266875031,0.04024302884448565,0.03557622870005795,0.03401699148156136,0.03386609472500363,0.03409578118104553,0.034240613414207394
4218.2,2099.851501254594,95.0,0.005954730416661105,0.006157516286638456,0.0066161923981753485,0.007381040761316423,0.008443813815406282,0.009610350133462037,0.010410992001886442,0.010431456490949287,0.009959586280467241,0.009952531433071295,0.011807435562093859,0.018764509260158897,0.04180376564940189,0.10643693096746218,0.14764937001647457,0.10932475828914655,0.07223924455964581,0.05085059984273201,0.04028249327419612,0.035672299755998456,0.0341121882723141,0.03392471013425659,0.03411592075619166,0.03424240409386214
4218.3,2103.051282497177,95.5,0.006234156975201831,0.006291450248738468,0.0064358847650770835,0.006711694654952755,0.007156253546048808,0.007755671290077728,0.008437485540933135,0.00914411374773446,0.009917783838257586,0.010998802872735415,0.013267290427396715,0.0206450024994966,0.04567831447078237,0.0857881039222118,0.1055731605894257,0.10909351146645652,0.10541250616213936,0.10041191102788982,0.09678804237332374,0.09499050748753342,0.09448414287356195,0.09446902489256694,0.09444172994597193,0.09438069710053494
4218.4,2106.250297970686,96.0,0.003970517225132563,0.004184530422237865,0.0047088986145007086,0.005704210085989303,0.007367284790213273,0.009615209304885576,0.011241010415657454,0.010501802182973103,0.008365721403844877,0.0069314645201636665,0.007279692467115106,0.011721233806108844,0.03444281203971578,0.14318557960722633,0.1434290215000046,0.09021700958267097,0.0635425006479873,0.04550863757414424,0.033948144604237146,0.028447431963654093,0.027282116637849477,0.028906514498615976,0.03158838361022027,0.03336334831521727
4218.5,2109.4493134443114,96.5,0.0035166734218023935,0.0037016098115593516,0.0041585940592422915,0.005039153835186825,0.006557614625443584,0.00876180233892115,0.010694713005754072,0.010378966870009207,0.008287932442224652,0.006688259547836179,0.00675039953182545,0.010437213597428935,0.03046268323655388,0.14508276053372746,0.14012549741649874,0.08835927178354294,0.06785025559841164,0.0520767504105281,0.038608386299458376,0.03127491656924181,0.029007814953127434,0.029905794474557254,0.03202860649998474,0.03348879015577459
4218.6,2112.6490946867784,96.9,0.003399608318829998,0.003560376642583909,0.003951548055495852,0.004687194786658214,0.005918088081297851,0.007678810955901147,0.009380113697030271,0.00966750352182154,0.008399436316628496,0.007153540481904706,0.007303478550254748,0.010981359226707609,0.029529135194533453,0.1269747995027612,0.15106060061430482,0.09568912704123395,0.0684908377097494,0.0531516379598791,0.04286428299999351,0.036789854170576244,0.03410446012379023,0.033539592504073276,0.033845124934653276,0.034133292865249285
4218.7,2115.848110160334,97.2,0.0033702351182302755,0.0035123656452436484,0.003854669659587904,0.004487029735101661,0.0055214581637970895,0.006981634850399614,0.00846311857841877,0.008978417370070888,0.008202841840436027,0.007256367541151694,0.007495102136954463,0.011114488510694943,0.028727341696909756,0.11770190736384853,0.15397289520927732,0.09999944271519215,0.07158499640098985,0.05571092941138404,0.04515006165884143,0.03867246800617576,0.03544337844101769,0.03430913399324131,0.03414829511385311,0.03421675051115413
4218.8,2119.047891402801,97.6,0.0030595163464300582,0.003192505155398341,0.003516380616383585,0.004125747384863881,0.005151178429258697,0.006659437993233021,0.008266757868173116,0.008835161085508823,0.0078985121997665,0.006713139637481382,0.006632245305604841,0.009503503020040147,0.02512957288483659,0.12369903139132164,0.15240054859212504,0.09473926464239166,0.0734521697675031,0.062304315666227336,0.05078044325259257,0.04164723936307637,0.03662092240698899,0.034647247049717035,0.03419920618263476,0.03422254664706931
4218.9,2122.2469068764262,97.9,0.0030015807475186323,0.0031241673987640294,0.003421383792094787,0.0039759039697511555,0.0048984880325271905,0.006243522846936734,0.007695769116045945,0.008301824861756915,0.007574245208501528,0.006527201973970423,0.006440450106885284,0.009090471978861902,0.023662071157022065,0.11972400684323886,0.15598067064833668,0.0951888039657762,0.07459124326953015,0.0648400054026101,0.05323587801332385,0.0431605883564642,0.037391185272404676,0.034972801199662104,0.03430848072973424,0.03424505001112127
4219.0,2125.4459223499352,98.2,0.0038870063374649593,0.003923098158769621,0.004010320468593558,0.004169250136942649,0.004424533648957292,0.004798863558717258,0.005305344924989177,0.005952680715003281,0.006781469010621488,0.007961466423441647,0.010063209230634489,0.015161640373870383,0.03137116480267535,0.07313000770658229,0.11137413041724056,0.11895403809622486,0.11222163150024014,0.1031057633293963,0.09486516827855292,0.08786220604441769,0.08176838141933523,0.07600416398667661,0.07035105678425684,0.06621652226269877
4219.1,2128.6100494017182,98.4,0.003505843410878361,0.003571282644869057,0.003722502361124167,0.00398238178282039,0.004370506907435999,0.004886718696708303,0.005482509059310962,0.0060525077801518185,0.006528919784155271,0.007102409976285047,0.008488802897774926,0.012728903612325934,0.02740163875595968,0.08039475906949159,0.15006036865776834,0.12202247489213784,0.08600519572792108,0.06202330874602282,0.047756752256528166,0.040065710160345644,0.03635476896302169,0.034840039344274445,0.034366807690458225,0.034278693369647034
4219.2,2131.764252946275,98.6,0.0030286169876340024,0.003126099190088058,0.0033572941785827183,0.003772223710686807,0.004424735893424267,0.005315438928933432,0.006243121389002428,0.006715419646849787,0.006429930186468806,0.005871726080547743,0.005962275591463304,0.008296291338620861,0.020658428397383667,0.10562676614436868,0.17266207131185665,0.09716960872602584,0.07243173731844393,0.06251773983878428,0.05228643721488443,0.04301415608041432,0.037435578680837626,0.0350130209913541,0.03432172635740534,0.034252223433064444
4219.3,2134.9296281214542,98.8,0.0030716249325825314,0.003161220399183762,0.0033718139904063793,0.003744060509009082,0.004316604428254983,0.005076870196117024,0.005850699128369574,0.006254570244245646,0.006058376291041104,0.005644569426755359,0.005818916209311637,0.008113002482217593,0.019926690564588515,0.10019381091193193,0.17856846295709294,0.09807466999036786,0.07073617968773016,0.05984417493636458,0.050308705985033855,0.04205488220167482,0.03704756317632122,0.034875143928364084,0.03428020007282293,0.03424062932510279
4219.4,2138.083831666011,98.9,0.003179947791806724,0.003263088997899134,0.003456724346503669,0.003793423859651662,0.004298373618649781,0.004945541733770923,0.00557478287252346,0.0058781208893774394,0.005694881932232501,0.005354995437943129,0.005565075189313306,0.00776245764653259,0.019011150019242286,0.09800829637492538,0.1845734023721808,0.09677242434097141,0.06836616204523363,0.05776513193034017,0.0490259199886889,0.04138887851634165,0.0366974408239636,0.03470050036063051,0.03420924128268663,0.034218395309463516
4219.5,2141.247958717794,99.1,0.003217089488226177,0.003292535263589564,0.003467068627505864,0.0037667842550167872,0.0042080842707149894,0.004760709734720088,0.005285948847267573,0.005537194035198211,0.005393187011534113,0.00513070452585735,0.005377779514201541,0.007490283872008302,0.018113322613152804,0.09275397912869225,0.19061467693252118,0.09674566229513959,0.0664270803750729,0.05546881520760802,0.04744535614543772,0.04062743986233209,0.03637715048837217,0.03457650326847397,0.034166205774413025,0.034203011054113386
4219.6,2144.402162262236,99.2,0.0033729385923359947,0.003437764767534648,0.0035856390094179107,0.0038335766520028697,0.004185791603132821,0.004606410378033485,0.0049845561545915126,0.0051538695712382955,0.005054177569457353,0.004912454833673503,0.005266890848383139,0.007416751365953912,0.017746768925200596,0.08807109055949346,0.19517111644282772,0.09800329965400292,0.06508696011885448,0.05299602874624078,0.04535692767486641,0.03948629430443284,0.0358946659176096,0.03440962231555344,0.034123200724173235,0.03419174634265602
4219.7,2147.566289314134,99.3,0.0033941140211545704,0.0034515502298880204,0.003587406605476699,0.0038240288366834753,0.0041748358240476045,0.004614610261533565,0.00502579695188762,0.005183587760362528,0.004951141306108877,0.004566231006334199,0.004580529332776802,0.006058966015802788,0.014468721101043528,0.09309911897805685,0.20855600129745108,0.08248938188737122,0.05757514216982324,0.054784172501076873,0.050161215191103406,0.04165755216781376,0.03593979354334944,0.03381807042972048,0.03367876310061902,0.03400573459467179
4219.8,2150.7204928585757,99.4,0.0035640737264327794,0.0036055964614977623,0.0037062899920224965,0.0038842686910196037,0.0041490839992901485,0.004479273988477134,0.004783717208541268,0.0048918131318867525,0.004693812482469603,0.004371568489328542,0.004404567994575748,0.005794482377790354,0.013672669526657417,0.08909097076865767,0.21656894180536457,0.07971691097093497,0.05459642387751762,0.05234689739364392,0.048875387811518636,0.04091497560524403,0.03537717945969773,0.033394154077157664,0.03344928163094898,0.033888980992247
4219.9,2153.8846199103587,99.6,0.003645624201001717,0.003680960853223519,0.003763495404540222,0.0039032269373423323,0.0040987928044098456,0.0043226061306782994,0.004500723063843826,0.004527799007237697,0.004366492750994462,0.00418403902393829,0.004384606003602064,0.005944415489125919,0.013846104679127866,0.0801308820560265,0.22117718085448518,0.08486314638831605,0.05472498295126834,0.04787455004526204,0.04369737880743289,0.03834680542188933,0.03459910600770004,0.03329706368938278,0.033494909451019565,0.03392263967962694
4220.0,2157.0388234549155,99.8,0.0036991007397719944,0.0037222430820081968,0.00378022217016047,0.003883603458752313,0.004034617083383804,0.0042124553989456815,0.004355179346513151,0.004366231590019541,0.004201965798511882,0.004001969109336652,0.004138867428053035,0.005505883613133301,0.012632928117718285,0.07540118819922834,0.2303272055234696,0.08016236747336801,0.05144794187196617,0.04633666788565438,0.04315670534126361,0.037717132924960727,0.033783092111933206,0.03259440478428312,0.03307306358407969,0.03371929164059903
4220.1,2160.2085079816943,100.0,0.003746947327511136,0.003764309163460501,0.003808154269935983,0.00388576490040644,0.0039958468557459844,0.004116579598251276,0.004194412175907736,0.004156761063088621,0.003986248476500697,0.0038171794354731055,0.003986702774120696,0.005334319221124978,0.01210267468368751,0.06933344244606267,0.2358635994583962,0.08014565218810278,0.04993131014534943,0.04375630480354638,0.04070298872980447,0.036286411448073035,0.03306742469504447,0.032220206130411926,0.032895811776408095,0.033638617015606324
4220.2,2163.36675116437,100.2,0.003790074415458646,0.0038030882737637526,0.003835838119189966,0.0038924925506859404,0.003968402214876966,0.004040603379196702,0.004062184194296745,0.003979808616647814,0.0037973781503879128,0.003647164548041411,0.00383863966657189,0.005161563716411231,0.011586389225281137,0.063778117578004,0.24012783943046326,0.08021415728673073,0.04882164769749148,0.041842246163877043,0.038765594670981764,0.03503801991668872,0.03239188979408255,0.03186431205192929,0.03273173507891599,0.0335746482104183
4220.3,2166.5265612852427,100.4,0.003809131382413035,0.003818935796579786,0.003843336700489,0.003884078864364645,0.0039342017588722645,0.00397053116703781,0.003951910068535887,0.0038390203658476515,0.003649234504711055,0.003511779831319586,0.003714571810685338,0.005002259853942245,0.011073411295959998,0.05843062653041361,0.24424792128670333,0.08028240041765362,0.04768157240969781,0.03991940173051651,0.03679591733749073,0.033721078050022966,0.03166667344315427,0.0314882910059401,0.03256326966710414,0.03351291130222829
4220.4,2169.694683757518,100.7,0.003714612031003586,0.0037266158066800235,0.0037549830803848515,0.0038005331622469134,0.0038550760157666183,0.003894187869049996,0.0038762920236654623,0.0037631587616047306,0.003573093968182299,0.0034323562291265234,0.0036158857928191906,0.004817807271955055,0.010372081509961306,0.05167269382469814,0.24750510183932414,0.08037366680800118,0.04689166276200915,0.03873683707352976,0.03567638065493635,0.033003464304926504,0.03128300713216145,0.03129212806735731,0.032475201431212346,0.03348181816569714
4220.5,2172.8544938783907,100.9,0.00372570552875794,0.0037344814531916344,0.0037540686109264563,0.0037825356711105452,0.0038100518622837657,0.0038141397723271834,0.003762899627407989,0.003634880971743317,0.003459586809186733,0.003357131923691174,0.003582433235086316,0.004799123148352178,0.0101128216212979,0.04664723438913662,0.24538563943889827,0.08423897495602754,0.04818181655884618,0.03848615948187444,0.03486993067414644,0.03254284854344119,0.031292571910487864,0.03151136121928099,0.03267106861036261,0.033593188802551174
4220.6,2176.02261635081,101.0,0.003829684093931624,0.0038266823530353562,0.003821887391956547,0.0038146959326909643,0.003799537093777809,0.0037620282793679833,0.0036810481148901518,0.003543245384739894,0.0033755038293212837,0.0032829931458411405,0.003500045125988478,0.004648350054504437,0.009602901485086987,0.043284439516498636,0.24784436885003083,0.08264246386971509,0.04744540993998681,0.03847925703980869,0.03528190183482384,0.03293318797522099,0.03148426836751465,0.03155349852022503,0.0326575301808987,0.03357717484782894
4220.7,2179.182426471683,101.2,0.0038304171285888835,0.0038208053171490935,0.0038034487110250917,0.0037803074324502914,0.0037498070810388557,0.0037033751527678193,0.003624448406909666,0.003499158857476562,0.0033447736792984843,0.0032532250669383097,0.0034405342901147047,0.004482182899980999,0.008953365316930906,0.03879610273253153,0.2496315646648646,0.08188769596265731,0.047550111637238775,0.03939746136834828,0.0365436819339055,0.03385678236098589,0.03194468418979598,0.03172741667774938,0.032698696651997296,0.03357491983370559
4220.8,2182.3505489441022,101.3,0.0039341778456220625,0.0039123634812322965,0.0038702002547059597,0.0038115982999630603,0.003739644386269609,0.003653461929031325,0.003546430465624303,0.003413268465710909,0.003271690725410985,0.0032013582589456315,0.0033989943728382176,0.004405669048630313,0.008607379302771388,0.03579196907858534,0.24819144782090044,0.08331177793498214,0.04882984227421041,0.040835033408020964,0.037985012193227786,0.03494252637693021,0.03265126439767745,0.03215103216190298,0.032905994197999326,0.03366577475517604
4220.9,2185.510359064975,101.5,0.003925308690486981,0.003898955685794423,0.0038483045626738514,0.003779183766183914,0.0036976389816480875,0.0036064152238412836,0.0035018470226861353,0.003378668619933353,0.0032492203381200607,0.0031822344461140714,0.0033603028232831182,0.004285150158712174,0.00810461126453001,0.0321935594379108,0.2461339196591141,0.08445835545617944,0.04992245909257632,0.042279790767021964,0.03955514923624052,0.03610727608727662,0.03336135708005666,0.03254192358917712,0.03308563679699715,0.03373881439183254
4221.0,2188.6686022475355,101.6,0.004023668627333799,0.003982404471835858,0.0039042544906833492,0.0037993068217660178,0.003681974672590265,0.0035636873173859715,0.003448966975095987,0.003334267300063208,0.003223969802101577,0.003169556776696719,0.0033275069423320154,0.004151779823347203,0.007597654202143423,0.029727852663589856,0.24635434603455245,0.08277358505231229,0.05051485501806989,0.04448080851163502,0.0417631300478356,0.03739337703911647,0.033987542849706426,0.03283439402502064,0.03322546433302093,0.03379566901364874
4221.1,2191.87110127158,101.8,0.003594485536413614,0.003592160298398253,0.003587034033918817,0.0035789048672740546,0.0035681850008816105,0.003556441162709406,0.0035466328849753383,0.0035435252507765237,0.003553970012268176,0.003587415245513956,0.003657628990242024,0.003909621617166349,0.007569824039419273,0.05335668382289598,0.1258888625208041,0.1257112509600196,0.12290964289147827,0.12073447940481331,0.11958325003333019,0.11918252282668786,0.11917223174688545,0.11922512987474762,0.11923028546590649,0.1192218316957165
4221.2,2195.063733414601,101.9,0.004030094733204894,0.003991151928854237,0.0039039594081023386,0.0037647042627399164,0.003579245494148505,0.0033660854282904955,0.0031568515756689166,0.002995741590892514,0.0029434694993923202,0.0030995643477495223,0.0036837770393214823,0.005353776416119646,0.010808081060054818,0.035628512431628415,0.15082418170445644,0.14072807609864718,0.09218375427403643,0.06573019010178409,0.05048792942450822,0.041436488632346266,0.036860389141238244,0.0350393530080624,0.0344724546953572,0.034352803864072114
4221.3,2198.25636555747,102.1,0.003615888607004054,0.0036111167853301843,0.0036002433561038247,0.003582262870089449,0.003556997759573439,0.0035257414075392265,0.003491791956965399,0.0034607982123739532,0.0034409714594292188,0.0034433359049471277,0.0034828598255137884,0.0036561031336093696,0.0063140004492847615,0.04582871780126173,0.1404870830015946,0.1328492375904863,0.12567376253918286,0.12115893405338472,0.11911496440379704,0.1185491711937396,0.11861996108772342,0.11872631378687659,0.11872411107577485,0.11870576001710074
4221.4,2201.4572560585616,102.2,0.003624312741999138,0.0036191192199086356,0.003607282802357789,0.003587699280972602,0.0035601435995225835,0.003525995859780706,0.003488773333345227,0.0034543796225526965,0.003431217768652862,0.0034304512603583986,0.0034669002475395667,0.003627576459723239,0.006057668209684884,0.0426049047981489,0.1419304974264104,0.13305819362424212,0.12543000926675416,0.12067906882899851,0.11853907058755266,0.11795016164912642,0.11802741282030806,0.11814022141293766,0.1181388725614382,0.11812032275317952
4221.5,2204.6498882014675,102.3,0.0036262362247617666,0.0036209027179148396,0.003608759889419305,0.00358869919669278,0.003560512041899462,0.003525630894512092,0.003487665278180617,0.0034525936023782496,0.003428840678157972,0.0034275306946892695,0.0034633217826015856,0.0036144719336072373,0.00583043785603743,0.03948458301171466,0.1431595079736438,0.1331778608122747,0.12520725288146892,0.12026198589123961,0.11803732397387746,0.11742606319397693,0.11750771455068261,0.11762596903523873,0.11762531325905905,0.1176064780592163
4221.6,2207.8425203443367,102.4,0.003623204205822508,0.003617970301675005,0.0036060652526275763,0.0035864236894048037,0.003558924166789166,0.003525018766661493,0.003488254295546988,0.003454542228592093,0.0034321400914664834,0.0034319922077830243,0.003468512025003728,0.003612997480706497,0.0056482787438084945,0.03671656577774598,0.14411666759359193,0.1332159952108526,0.12502389312743625,0.11995019329974886,0.11765693041798059,0.11701740357483617,0.11709683179175025,0.11721881681140045,0.11721825854886672,0.11719842516457424
4221.7,2211.0351524873577,102.4,0.0038170015861755512,0.0037986339599309854,0.003757035413106286,0.003689116164087584,0.003596491949753515,0.003488060384774502,0.003380089991378029,0.0032941184844926057,0.0032562430705049134,0.003301977414526418,0.003493576858791028,0.004028683652487161,0.006592547181846464,0.03164662138070302,0.15144970588047552,0.13298711330376672,0.10772421543372494,0.09373167357772183,0.08690843183165117,0.08400294925463912,0.08325843531358505,0.08327380295244559,0.08321960128768195,0.08309620619445642
4221.8,2214.237651511517,102.4,0.003936090382977968,0.003911216826034253,0.0038553089549371437,0.0037648451765957755,0.0036425249506259376,0.0034998914447318986,0.0033567071651384715,0.003237907082962059,0.0031728914337208584,0.0032028389344666217,0.003406956465776503,0.0040357163830297025,0.0067777667385914234,0.029435940737501384,0.15836693117276796,0.13324618556244866,0.09976266577105058,0.08243940147432015,0.07382029714485243,0.0697017486083418,0.06822684491982882,0.06799092801748227,0.06791541992569052,0.06776974238358925
4221.9,2217.428670157642,102.4,0.004104451161844447,0.004050375707483555,0.003946483905262834,0.00380795341806836,0.003656090307262205,0.0035119471723870825,0.003388345370865113,0.0032867534209690286,0.003204071245648742,0.003161619721237909,0.0032609259014928014,0.0038228798296052954,0.006097092444915936,0.019251805626150788,0.2029727824385549,0.11846190823642277,0.06567165288569406,0.04990407324598337,0.041844296356172525,0.03633717935090471,0.033465311065819174,0.03285730477533236,0.033407685256807346,0.033938287698937225
4222.0,2220.621302300548,102.4,0.004159745394190161,0.004089105017191273,0.003958649669162103,0.003794387126582718,0.00362975287497784,0.0034950613679313467,0.003406669593691033,0.0033585928158008944,0.00332380469113049,0.0032866458764400715,0.003319757356343886,0.0037245809322935964,0.005626027687107018,0.017276609467946142,0.20656050069774506,0.11688805710135683,0.06536269642806147,0.051676101120366386,0.04343887656531145,0.03672852065312119,0.0331349554596002,0.032400011935868195,0.033116568965152166,0.03382227765113387
4222.1,2223.864094307519,102.4,0.004072267133540413,0.004032561595413422,0.0039533956769228365,0.0038415502317664376,0.0037090589377800917,0.0035688490786461987,0.0034312386932138523,0.003303254406308654,0.0031977755942045587,0.0031559796891470716,0.0032965031711435205,0.003957946120339089,0.006461474283677016,0.020129697662494256,0.18281642420712105,0.1351839964835738,0.07531661461059189,0.054129236019251,0.043146761144458264,0.03680804621314347,0.0338740868968727,0.033244726227928845,0.03365107355491399,0.03405526644749684
4222.2,2227.1068863143746,102.3,0.00413923613638153,0.004095318828948105,0.004008202118821479,0.003886499890937104,0.003744151694660253,0.003596520190303353,0.0034551948736977,0.003326970031777883,0.003222979958802742,0.0031819674353567315,0.003320123781101394,0.003973548308644956,0.006447808474904744,0.019872254893724704,0.17968216648174593,0.13860789078016386,0.07732555019024105,0.0554923757440501,0.04390179338047169,0.03713001271310798,0.0339953683019808,0.033285134906376565,0.03366658290622859,0.03406103768379169
4222.3,2230.348274905693,102.3,0.003735429879090386,0.0037312847801029636,0.003722123470682318,0.0037076121403825744,0.003688535792463464,0.0036674029291367065,0.0036488793413838125,0.0036399847623922415,0.0036503497938489625,0.003692905997214897,0.003786203872094494,0.004002570687476474,0.005710802943239878,0.027652638709488295,0.13011777032643204,0.13313182376084734,0.1288297918883689,0.1253002359371392,0.1232654064032126,0.12244168136534854,0.12234344701666652,0.12240750846529694,0.12240291068808415,0.12238082095697751
4222.4,2233.591066912664,102.2,0.004027391526444344,0.00400295376254608,0.003948493046585799,0.0038614485140254346,0.003745371415053668,0.0036121690059238605,0.0034820738869771727,0.0033821707788976147,0.0033472383061134725,0.0034284606390181404,0.0037231780555113674,0.004503830869187175,0.007226915698608354,0.025623585512337524,0.13404487138855065,0.14529424062896062,0.11740537652310852,0.09914276743294907,0.08869376894273535,0.08295564419284598,0.08019377161848429,0.07870780372186961,0.07739351154212136,0.07647222244623161
4222.5,2236.8239603534794,102.2,0.003773228502301453,0.003769570080882784,0.003761563940497203,0.003749050679412534,0.0037329155251267835,0.0037156117560110742,0.0037015840207716712,0.0036975231913759423,0.0037127276689937734,0.003759853546408807,0.0038573286098529396,0.004075549594913449,0.0056967020780908486,0.026073904670783597,0.1283746672641545,0.13371271879030033,0.12992870274046617,0.12668411382415226,0.1247701798826385,0.1239658258848154,0.12385535358989584,0.12391147464311074,0.1239066040350863,0.12388543724208269
4222.6,2240.066752360335,102.2,0.0037525160638344174,0.0037502411816180696,0.0037454329613247255,0.0037383166635181603,0.0037299675585529043,0.003722758988320908,0.003720770964468245,0.003730212957687199,0.0037599976883966177,0.0038226923655109925,0.003937539102341437,0.004184852645609463,0.005918824762506767,0.026147434287483954,0.12051326700681803,0.1300818232129855,0.12792509940913116,0.12551647406258004,0.12392675943228099,0.12317769683935308,0.12302694237073851,0.12305592146359101,0.12304832436834758,0.12302825481418042
4222.7,2243.309544367306,102.1,0.004096447872583462,0.004072789813665869,0.004019525722275774,0.00393281926539654,0.0038129878805947376,0.0036668884838538004,0.0035105143056671016,0.0033722470367813576,0.0032990203889826245,0.0033727497233739354,0.0037629379921216735,0.004923779126555774,0.008528810021039645,0.023701104424077725,0.11301852695177392,0.17372452774709363,0.11107933457769774,0.07487042283375595,0.05394674614002401,0.042348610155174084,0.03699485089893254,0.03498120943363259,0.03441253839302402,0.03432102335876734
4222.8,2246.5509329586243,102.1,0.0038783723511294855,0.003872113139063113,0.0038582287337061852,0.0038360925797132853,0.003806531999119996,0.0037726124413089337,0.0037404806250116852,0.003720109385219036,0.003726820557217297,0.0037847976787989566,0.003937285116046707,0.004318064419146367,0.006193064388052439,0.023981082877042405,0.1255066443969231,0.14013883210869496,0.13119563522897768,0.12364633560936772,0.11929988797106551,0.11740594078317373,0.1170770775983893,0.1171902661530865,0.11719120514135749,0.11714630799330576
4222.9,2249.79372496548,102.0,0.004049518193072571,0.004031074082483455,0.003989349255256552,0.003921386647951826,0.0038284386410304926,0.0037186368572667476,0.0036093742651813615,0.0035298287356625426,0.0035258248101816742,0.0036749570919144456,0.004136353302440127,0.005337354381927872,0.00892993153025728,0.024514190819572186,0.09761744681482347,0.153477650963318,0.12778989871697471,0.10227428535401792,0.08394325294766665,0.07020073448074768,0.05928489194326356,0.04999456426649165,0.04200868979231364,0.03764815141691025
4223.0,2253.036516972451,101.9,0.004121680843942908,0.004106870693259867,0.004072974584047138,0.004016750884026372,0.003937613861925333,0.0038399260789885206,0.0037356501887896975,0.0036475662220135517,0.003614067821171319,0.003701274673213204,0.0040413235226939735,0.004980836998575959,0.007941899861932557,0.02297350420056614,0.10933582137401326,0.15664291818589657,0.12464229386305718,0.09978490592887443,0.08339365919609505,0.07164604611320421,0.06258603945694514,0.054846710809499065,0.047789941480159595,0.04292825624808409
4223.1,2256.351995821597,101.9,0.003996871269557835,0.003995497220657259,0.003992661328286427,0.003988599203992835,0.003984147261185818,0.003981045247243228,0.003982329959606713,0.003992870104744477,0.0040201795501982095,0.004075597081437723,0.004177055585751667,0.004375661811742974,0.005539675709665561,0.02070575458428688,0.12385672405414992,0.13482791139936595,0.13140789194964225,0.12824049118035385,0.12633754052416696,0.12551533756777344,0.12538747836101366,0.12543730481300422,0.12543169854065117,0.12541094303480435
4223.2,2259.668454776621,101.8,0.00422796707953801,0.00421838748093164,0.004195019603333549,0.0041531853985893345,0.004088805005615892,0.004000845330557181,0.0038954296314716265,0.003792072231348797,0.003731967934075843,0.003792443558846388,0.004128735344886856,0.0051355499892853235,0.00827659174242007,0.022298609593061184,0.10026308640012725,0.16416011952959134,0.12395057201691606,0.09407210626984888,0.07504614094364896,0.06165600548065343,0.05155449692464461,0.043531155155581834,0.0376816198310497,0.035556451836751025
4223.3,2262.9739804534893,101.7,0.004195996231166299,0.004194282230838335,0.004190576008871087,0.004184863245543438,0.004177641301264418,0.004170293677135116,0.00416549839091243,0.004167887643354705,0.004185007932297559,0.004228679327758164,0.004317764792331533,0.004498261573327,0.00551119772037066,0.019271952628035216,0.12434357602082517,0.1357327237599926,0.13169889782394129,0.12809079362172063,0.12597966798737084,0.12510129267186607,0.12498158320308574,0.1250442280484009,0.12504127170246898,0.125020280743099
4223.4,2266.290439408397,101.6,0.004401513690978871,0.004398592629510957,0.00438899458816186,0.0043666678929067775,0.004323380840145334,0.004250585659309942,0.004144760517054518,0.0040174621806973445,0.003908329951077122,0.003900915428167802,0.004159052711473448,0.00507680312953008,0.00805637223889151,0.021243684113193988,0.09869655677404793,0.17032709766386378,0.12097624735585231,0.088474013642383,0.0690578884331669,0.055940761704838006,0.04646337349875449,0.03964913538429993,0.03600085138371256,0.03492190176569366
4223.5,2269.6059182577487,101.5,0.004496391936558035,0.004495601557068542,0.004490085426232569,0.004472883560958753,0.004434003012072377,0.004362348292594964,0.004252122679788653,0.004114360323320244,0.0039914983418434915,0.003973547207183878,0.004234772019178541,0.0051885811653399365,0.008268017934837337,0.02124511766146843,0.09315671679808792,0.17153766837955337,0.12153315221419057,0.08746260402104866,0.06725877662093148,0.053798241910638325,0.04431115998090214,0.038157186437893176,0.03546455061258586,0.03471721912217919
4223.6,2272.921397106895,101.4,0.00458467511942299,0.004588279766236071,0.004591851708429285,0.004587665750140452,0.004563202383222663,0.004502808236266748,0.004394823611438526,0.004245783453049145,0.004098014222962568,0.004046019171184948,0.004268506114362492,0.005175097721514326,0.008164007176642974,0.02078781959888042,0.09135699527351615,0.1722858530416601,0.12038919167297574,0.085797465607996,0.06578301481053873,0.05266791413099238,0.0435368771785617,0.037798147443587414,0.03536289906048705,0.0346873299201384
4223.7,2276.2378560619186,101.2,0.00479589898386689,0.004798861394132648,0.004800064784084836,0.004790067874209561,0.004754116504773287,0.004674439545670625,0.0045388071747221965,0.004356249223400998,0.004174601237574734,0.0040941677422098605,0.004296646880791817,0.005191127002267869,0.008169785790706053,0.020713147042845596,0.09029981862134316,0.17132410256546962,0.11904357440162745,0.08434122140753662,0.06456595497432506,0.051759952017802736,0.042920786199030225,0.037512918226337635,0.0352755839670776,0.03465748925070216
4223.8,2279.55333491127,101.1,0.004889648056484793,0.004898705594734624,0.004912422383599542,0.004920143501488212,0.0049034307012399475,0.004837963975982193,0.004703530956866864,0.004503957573671907,0.004288925325920747,0.004166725673377704,0.004325804770399155,0.005172086788572405,0.00806477311814538,0.02028111693343965,0.08853220658445089,0.17197106686357247,0.11797078253129578,0.08282696670866996,0.06325615593576868,0.05078385372528152,0.04228031171000214,0.03723911051008624,0.035197815709113435,0.03463408610864911
4223.9,2282.869793866178,100.9,0.005015427375125682,0.005043989360210142,0.005098966892653772,0.005167034667691013,0.005217067753055561,0.005197986032203254,0.005053545272416313,0.004762917676068992,0.004387026481281484,0.00407608423135534,0.0040540962490862205,0.004724416930907556,0.007378966649402635,0.018952193241444107,0.09293128017674877,0.18896236331463837,0.10415393838920713,0.06543565047620248,0.047631477361948955,0.039185842707811114,0.035640822660378615,0.03447413992082269,0.034266700484316855,0.03428875672608448
4224.0,2286.1852727155297,100.8,0.005085792439774688,0.005124066370840426,0.0051994758108763325,0.005297336562101748,0.005380748579692354,0.0053858910574460265,0.005239719136861051,0.0049155329445708775,0.004491157227942768,0.004143606176377589,0.004110476140005444,0.004793188824492836,0.007467631424213536,0.018901417007616987,0.09207208035983368,0.1870030698822942,0.10272360809768155,0.06372330408861693,0.046488212182159316,0.03878446463138752,0.03553583973171057,0.03443623376067458,0.03424842305563392,0.034282299805943196
4224.1,2289.5395833749376,100.7,0.005186836878910167,0.005234208193302041,0.005328789291030786,0.00545487930698608,0.0055700248460072155,0.00559792948798705,0.005449025979526098,0.005088840215488936,0.004607464752613288,0.004203731664578065,0.004126338493244121,0.0047716013426673445,0.007391475682290011,0.018647656416741282,0.090861506289619,0.18745198048214864,0.10195877180111894,0.06306313219671408,0.04611388947163083,0.03861024615213552,0.03546535273873811,0.03441138727705049,0.03424102107812772,0.034279835750430164
4224.2,2292.8944157105,100.5,0.005564194540034061,0.0055912105290884155,0.005638830506210844,0.005687513799937204,0.005699836619872537,0.005623367951790649,0.005412327615169039,0.005068915919595329,0.004675887329921909,0.004389814996614449,0.004433294478967209,0.005227228623011077,0.008126831082656966,0.019910523618451186,0.08273392141384214,0.1732179930556209,0.11318433979495969,0.07599791800740782,0.05618661128762026,0.04452439531666419,0.03820026450026901,0.03554238422889079,0.0346478412800355,0.034433220367179364
4224.3,2296.2592336847447,100.3,0.005730661690685754,0.005776825754066764,0.005864451136942006,0.005970048251060657,0.006040807593284583,0.005993340702934771,0.005745598394270012,0.005289490041748445,0.004742631906878223,0.00431162331540163,0.004238668120107247,0.0049214948905266925,0.007646604482730263,0.019166653448031527,0.08918540366412862,0.18300514623916941,0.10332213980363202,0.06448928279232678,0.04692646961940025,0.03899716444723383,0.03565187736035002,0.034503780853921084,0.034281813975538394,0.034298910639562565
4224.4,2299.6135443441526,100.1,0.005974806393421527,0.006028096765885612,0.006129590039261121,0.006252073012946238,0.006333385422205478,0.006274460701734569,0.00597917134721165,0.005443117976775136,0.0048088025765955006,0.004306221275162275,0.00418077057833256,0.004816347469349084,0.0074783123486419495,0.0190084321704509,0.09272068050849137,0.18334841568038848,0.10026410562539322,0.06222291528114675,0.04558984214814671,0.03827922962354479,0.03528044020287207,0.03432889614128686,0.03421713573692313,0.034278682035982264
4224.5,2302.978362318563,100.0,0.00614681933387688,0.006191100967376055,0.00627354792858828,0.0063686879653266195,0.006422207832131249,0.006352503531327589,0.006080560096713445,0.005595975696609912,0.0050127402544404105,0.004533638709480301,0.004380658523865879,0.004894171303083424,0.007222101444378536,0.018664229665924032,0.09577276156003894,0.16894916482787598,0.1075996999968092,0.07387701830567191,0.056863470779595617,0.046785863686703226,0.04021484016625688,0.036491733211732644,0.03501211111585595,0.03460013873919608
4224.6,2306.332672977971,99.8,0.006235162176547419,0.0063188944051955995,0.00648582648126657,0.006706284193252823,0.006895350275307108,0.006899476006726217,0.006554656005889256,0.005842433534381979,0.00497939938027933,0.004279223308778808,0.004003958741265037,0.004494423544549026,0.006927371162304971,0.018158527723811817,0.10001214768944666,0.18577796026760718,0.09402169139547588,0.057535942388810754,0.04278368349242353,0.036686513863148335,0.03439910663613822,0.03388768426651117,0.03404444939753015,0.034222824873665826
4224.7,2309.6875053135336,99.7,0.006487896750082126,0.006548516255633562,0.006664784386200203,0.006806553957824801,0.0069043126652381884,0.006849736196527413,0.006534090471831712,0.005937475451292752,0.0052109830248858405,0.004608513917131114,0.004357088224437583,0.004750671827562404,0.006826285513216,0.018017543073367632,0.10220084766212333,0.1667564494131459,0.10548888931255682,0.07261795711083054,0.05609911040417611,0.04640932738515243,0.04014457519972499,0.03653439453579656,0.03506033536202078,0.034638617011235766
4224.8,2313.0518031600213,99.7,0.006565688330236338,0.0066009640628164066,0.00668150191585868,0.006797695263988267,0.006903431386673971,0.006943366487130477,0.006865956467250708,0.006538426114203616,0.0057624803348691155,0.004874932472862254,0.004348781195266135,0.004149973215933278,0.0041794972668515685,0.008517757155863932,0.16588368835729717,0.11951807738588159,0.09854644233114411,0.08716692095264555,0.08150217739649478,0.07900179206742788,0.07837219108428357,0.07852012726956879,0.07867542974759609,0.07868167890242633
4224.9,2316.406635495584,99.6,0.006741472112711609,0.006781687208347267,0.006861688912587301,0.0069654301154316095,0.007055200977047563,0.007071791312796297,0.00692971502568073,0.006511075146397447,0.005796526431510331,0.005062085190370616,0.004545481544903624,0.004268659671535603,0.0042534532986770015,0.009088805579235875,0.15661676656542545,0.12734028414681273,0.10420516628207906,0.09070533393476182,0.0843645588745624,0.08204163260029454,0.08181653764422317,0.08214636004008664,0.08227088406090802,0.08225120939026152
4225.0,2319.7709333421185,99.7,0.0064562787727432715,0.006505113405406674,0.006635968785955053,0.00686289387314988,0.007077708630646112,0.007182038129016818,0.007145088653747829,0.006849697175266994,0.006018945058191602,0.005058763597877583,0.004559465337261179,0.004376168583118806,0.004439539534562337,0.009447148229080646,0.15398061512944763,0.12584523202676567,0.10576658830794088,0.09405187599482452,0.08826958830684241,0.0859102317872878,0.08546558829955293,0.08568869516414514,0.08582700481690124,0.08581635202429148
4225.1,2323.121470612554,99.7,0.006438237022148574,0.0064870393267757315,0.006622880269864449,0.00686755375450724,0.007094650416015145,0.007201199761645251,0.007168223370594581,0.006888734492804842,0.006128380289740876,0.005258671567052891,0.004789114822377721,0.004613018003786531,0.0046976415159962455,0.010057148707113373,0.14740655005427794,0.12853444996724195,0.11043003264286642,0.09935454813703705,0.09392371734216161,0.09181852527864588,0.09151283733160269,0.09175587251531751,0.09186755962405178,0.09184853974758046
4225.2,2326.482006284118,99.7,0.006144571541143567,0.006200681754390532,0.006410651952382243,0.006914269619294112,0.007388192010018032,0.00756798528699299,0.007556334843426876,0.007239958332387698,0.006206975874569482,0.005045734668155363,0.0045131014708587255,0.004333680708314907,0.004401577608121323,0.009363509663090566,0.15112699927977158,0.12806210157228112,0.10863256864913888,0.09712512958622303,0.09147348091199614,0.08920909201230545,0.08882204281914183,0.08905607265439179,0.08918088089388368,0.08916532897566413
4225.3,2329.8425419556993,99.7,0.0059680778232865895,0.0060218215822760695,0.006262429083374599,0.00693998132290046,0.0075746787791204535,0.007769754051605668,0.007750737158344353,0.007403413545235628,0.00624740164748379,0.005006747578790605,0.0044803105559803,0.004311495161797301,0.0043856997439433365,0.009385299533667037,0.15076368132254186,0.128293756675324,0.10926387284118655,0.0979939643066267,0.09245931557344939,0.09024462044123811,0.0898708903673238,0.0901011740423319,0.09022125785606841,0.09020403091199813
4225.4,2333.2030776272636,99.8,0.005787733371832523,0.005836320416318366,0.006068911143547265,0.006789395909597204,0.007463934509937969,0.0076486493996369975,0.00762673938701787,0.007311733492858611,0.0063741289314079375,0.005352304751290356,0.004859483598593558,0.004688337500533597,0.004789807070573676,0.010198005987623332,0.14068152048252416,0.13210464652934614,0.11512570098086704,0.10437283964655841,0.09913668880527633,0.09716204541751214,0.09691904785155177,0.09716095058059925,0.09725205348932141,0.09722791619242083
4225.5,2336.553614897599,99.8,0.005692226577715129,0.005738883455464662,0.005975946539910782,0.006757329605014087,0.007499744786500591,0.0076890037089218585,0.007664615904646215,0.007350307458127372,0.006434523331690468,0.0054357590305245266,0.0049471493806916705,0.004777549699749682,0.004887453649839154,0.010414386594090106,0.13910254989779267,0.13308486365844902,0.11671036813544712,0.10620988783034928,0.101081457763553,0.09915703719004501,0.09893223292414122,0.09917030833154444,0.09925414439621594,0.09922891966181249
4225.6,2339.914150569163,99.8,0.005662091223657209,0.005707778663572923,0.0059408250002490745,0.00672041984505028,0.007471993360521751,0.007664440820951733,0.007643409650400473,0.0073460907783366,0.006493485898478412,0.0055429232243066826,0.005059286443262831,0.004889451671393876,0.005006180959362278,0.010665090781576741,0.13764224442586626,0.13353746991747883,0.11782066679227964,0.10762227903949644,0.10263231474169153,0.10077349451090237,0.10056976819964529,0.10080364229054666,0.10088104576290878,0.10085536335862895
4225.7,2343.27487965672,99.9,0.005341930439541992,0.005381731402054856,0.0056187522831512215,0.006559592260446417,0.007527231526778538,0.007734558448572094,0.007704219072924538,0.0073984183772874915,0.006548564796882903,0.005606132673227634,0.005124376713568958,0.004956043084209413,0.005077954963410446,0.010729532329208707,0.1345954372516511,0.13446376123082887,0.11930542815157837,0.1093051566391284,0.10441894014529536,0.10261306431094715,0.10242496649355341,0.10265325079931086,0.10272426246675724,0.10269831946248575
4225.8,2346.625416927155,99.9,0.005370619625036423,0.005410721354270803,0.0056364628931704665,0.0065095594154878185,0.007425497302608237,0.007640421618300611,0.007621769381379071,0.007349146717423461,0.006595449426747752,0.005724142009431823,0.005249829820399524,0.005080386914310512,0.005209372763532933,0.01100145283464415,0.13373455489696945,0.1350421289835362,0.12040518885567443,0.11061277240765588,0.10578377015955266,0.10399383717805168,0.10381090726503751,0.10403615244976386,0.10410372884572622,0.10407756127783002
4225.9,2349.9859525987363,100.0,0.005192136453756331,0.005230474778255402,0.005448509673201629,0.00632677244453479,0.007325900669251992,0.007577413858630102,0.007569802452559693,0.007327373923475592,0.0066581376922302486,0.00583470663149411,0.005354013158289573,0.0051789248811388465,0.005306652057016325,0.011040818644366141,0.13108223964113377,0.13577364644256115,0.12162681886542671,0.11194771259149033,0.10714663496273717,0.10537110415014561,0.10519568560804543,0.10541876130745344,0.10548241847227575,0.10545579941438746
4226.0,2353.3464882703006,100.0,0.00508982781792305,0.005144689974060929,0.00539382035590511,0.006289427627420729,0.0073600934328059454,0.007724213980450232,0.007757810691966677,0.007477118942122621,0.006720593752166827,0.005732973387330586,0.005024056444292686,0.004661349431532041,0.004599566879837518,0.009037770061255343,0.14108057145158126,0.1358569410041111,0.11592041002542083,0.10347456907318119,0.09758480334071443,0.09550377672820128,0.09539064335529307,0.09569969334107255,0.09577669419103352,0.09575094595673293
4226.1,2356.6665033304557,100.0,0.005281734333775986,0.005321483788610518,0.005503847671475302,0.006151504643747401,0.006949731759439065,0.007235021312371015,0.007275270034600304,0.007125443560345126,0.006675005021824049,0.006050880794852563,0.005617560168584422,0.0054481690082831494,0.005593699212647596,0.011572831668937947,0.1278451961467224,0.13590421900946123,0.1228292044364958,0.1135888550329848,0.10894956007082997,0.1072318886158716,0.10706897683711712,0.10728565188949518,0.10734463439755786,0.10731834962988646
4226.2,2359.9765033305116,100.0,0.004901570098309529,0.00505073385987494,0.005388326470950465,0.005948948728758491,0.006716986748277736,0.007520286138011437,0.007937679107483801,0.007542082945322946,0.006473219389315647,0.005370597027493494,0.004768674817243953,0.0050811072084850605,0.007451150267141109,0.017973006361159703,0.07853353990709483,0.1862175963391354,0.11222033301340394,0.07173085873113424,0.05160287936976553,0.04141151381164865,0.03674928105477552,0.03495565068548667,0.03444558284614102,0.03436810037310119
4226.3,2363.2965183906695,100.0,0.004940869830960878,0.005076293434526334,0.005381104314832836,0.005882634538820985,0.0065627413418874484,0.0072725365483727105,0.007660922567411012,0.007360351263470478,0.006450157182100005,0.005469047528542932,0.004936097640831604,0.005303347217005452,0.007760810690179715,0.0183661711205052,0.07644921325521789,0.18260671828037844,0.11390750529319198,0.07328693497425406,0.05253798349875604,0.04186726769361056,0.03695292318939884,0.0350410005497439,0.034474246681569475,0.03437533311316785
4226.4,2366.616533450941,100.0,0.004892097158971689,0.005023297345643305,0.005319761697090462,0.00581050021950529,0.006482104232577491,0.007193855638131256,0.007596925916529251,0.007309532260006865,0.006401862095783414,0.00542669041400468,0.004907940959700045,0.005281395597102734,0.007695748607577695,0.018105194995955382,0.07809178544581113,0.18699646970383357,0.10984063757131499,0.0688765590970425,0.04941046601847117,0.040197525380833835,0.03615996563889809,0.03469012367237979,0.03434341323302029,0.03432682547669272
4226.5,2369.936548511096,100.1,0.0049096976435164,0.005017678944883872,0.005259416340971585,0.005653621212152317,0.006185055806028903,0.00675054786933491,0.0071114258770212735,0.006991690517970561,0.006379212105688837,0.005640116130412211,0.005250754650808276,0.005723366369189349,0.008319701691385066,0.018946392133386798,0.07237662342732044,0.17584071383323055,0.11621111935314957,0.07524420402245087,0.053459084267570116,0.04214233684088083,0.036998830499309424,0.03503702622597656,0.03446240603331146,0.03436139808708435
4226.6,2373.2565635713677,100.2,0.00459633557311465,0.004713582809902531,0.004982642114017289,0.0054378407540383875,0.006085226611209271,0.006828782191465517,0.007369907975065205,0.007285328428706216,0.006488617379789457,0.005471685225730093,0.004832893793367548,0.005047249185626514,0.007191417441922532,0.016980225660797002,0.0774110368311174,0.19454479058488663,0.10426651751147951,0.06378980750706482,0.04604605640717789,0.03807796820004575,0.03498746583863166,0.03415387258026844,0.03415412646807805,0.03426144367606142
4226.7,2376.566563571307,100.3,0.004547108971618709,0.004651918137318729,0.0048925109277151175,0.005299236587324128,0.005878663713478014,0.006553816279015095,0.0070795290340432025,0.007086628504902858,0.0064478757877511365,0.005551978818750919,0.0049693215721736735,0.005210729284660897,0.007386049622328488,0.017134344153080735,0.07519067695841714,0.1932691301183286,0.10557938330732942,0.0643750613269567,0.04617983778078713,0.03806395018852473,0.03495978700326704,0.034141991443374334,0.03415223433224871,0.03426172036364188
4226.8,2379.8865786315814,100.6,0.004025553359489689,0.004115330942663045,0.004340040190662399,0.0047632562811783415,0.005462616907783111,0.006473494582882536,0.007583174615300288,0.008036492323342607,0.007108923310216958,0.005449187118512653,0.004183943339224459,0.0038097653669457087,0.004983125476202244,0.012423837599530032,0.08680290331319682,0.22413495351551382,0.07404743002375566,0.04220848690257124,0.033118097628722004,0.030367910319871464,0.030184357587616714,0.031305347063374324,0.032820613150080565,0.03375264029137712
4226.9,2383.2065936917365,100.9,0.003821910158659249,0.0038797096777002335,0.004040228792185968,0.004371006442019418,0.004970479767215908,0.00594761695195764,0.007260118082786554,0.008237940162388317,0.007633249562491537,0.005746516548342869,0.0041481936645959,0.0035144655496029123,0.004338143421327209,0.010685262347988224,0.08417068636484,0.237172285090004,0.06382344765181112,0.03580318359349347,0.028897590139939953,0.027347432757326297,0.027928628354871938,0.02970828411317172,0.03193561726840825,0.033367654518336176
4227.0,2386.5266087518917,101.2,0.0036243998284444393,0.003666605818369592,0.003792480503611571,0.004067039566466096,0.004588433722982402,0.005486721397221869,0.006812177643196528,0.008073949153993041,0.007892066771316592,0.006073545914241442,0.0043328843086599,0.0035715917321390606,0.004270893365325467,0.010176267332445584,0.07713191749297159,0.24575644229429017,0.06100211856663633,0.03350728225131534,0.027033293610625547,0.025814077443302882,0.026721763200916498,0.028851690332867812,0.03145800494897039,0.03315390630570192
4227.1,2389.8267451127595,101.5,0.003382636350995209,0.0034227369754100934,0.003539953444555492,0.0037928170439156064,0.004271190396239359,0.00510141298496321,0.006367357923847151,0.007726021637502157,0.007914219209386593,0.006365895977417845,0.004638441609239053,0.003828916674480427,0.004507457576645052,0.010250156129828387,0.06811234360122415,0.2509296719440846,0.06298750008804288,0.034104130331340105,0.027244582693894785,0.025940726524663085,0.0268977418018317,0.029090224436497735,0.031666153762036874,0.03330095039182963
4227.2,2393.1168818880715,101.9,0.0030816421059388496,0.0031184628737410025,0.003224985237397086,0.0034541067211507994,0.0038892974272815226,0.0046576467598031385,0.0058836343444519865,0.007375526625375227,0.00798330686855996,0.006717816335585208,0.004957180870592967,0.004047262775844363,0.004635733378751511,0.00998911315822777,0.05873105918432059,0.25598816940028196,0.06422438240967479,0.03425364702783185,0.027158647384103823,0.025851196467214226,0.026899576406851304,0.029182366169628948,0.031776902783024,0.033389479422040166
4227.3,2396.416942493503,102.3,0.0028438404577863685,0.002874107564642364,0.0029639503817736855,0.0031613500301680836,0.00354414133491576,0.004238400298507486,0.005401808456651813,0.006987283085173578,0.008009373676392805,0.007064944135705959,0.00525313270927514,0.004208572959225326,0.004666232315226834,0.009578496932655006,0.05182878084963145,0.25858484781978036,0.06433588141426697,0.034021185937335136,0.02693825866782298,0.02569602413936811,0.026818372505818863,0.029162095647292427,0.03179104151236395,0.033418785952264066
4227.4,2399.717078854371,102.7,0.0025990048269317295,0.002633302065387064,0.0027279610673350756,0.0029248913775961377,0.0032933039428362995,0.0039444240583256145,0.005024344401319496,0.006531231701509178,0.007700001934974788,0.007167079811340876,0.005574231019078758,0.004556112046912433,0.005008439272503833,0.009744926688716413,0.04588677909832597,0.2522838289455072,0.07107038402151174,0.03745375180886549,0.0290553041166795,0.02724070224018561,0.028055834382249602,0.030119595762213902,0.03237162830045266,0.03369579428685161
4227.5,2403.017215215114,103.0,0.0024998044290453036,0.0025241896699424553,0.002596593412222876,0.0027556203288336308,0.003065905393346993,0.0036352781209049653,0.004626280627354299,0.006137012206449157,0.007598818594236078,0.007419920602243878,0.00580308319237862,0.00462455862463109,0.004905537867436183,0.00920854984090357,0.04227861562285461,0.25376028138644147,0.06855753559397029,0.03579380624603882,0.027888078033781235,0.026361848892383462,0.027396477669550015,0.029673927529196144,0.03214424518717593,0.033618932350045434
4227.6,2406.307351990426,103.3,0.0023924847852515524,0.0024143762136015906,0.002479673963604066,0.0026235301477342647,0.0029047003860338547,0.0034219375161823615,0.004329319770051912,0.005754024442430042,0.007290876522737818,0.0074418634162087645,0.006004346276972448,0.004810085976483949,0.005027532883458041,0.009121517210166817,0.03950390368959879,0.24891508708831198,0.07066960551298036,0.0367142686589226,0.028354358728387596,0.026659848059362064,0.02764002624444612,0.02988159671110624,0.03228244301469684,0.033688471870991915
4227.7,2409.607488351294,103.6,0.0022815594316348167,0.002303469387181876,0.002366889908863048,0.0025040375997211145,0.0027676684061737422,0.0032477374974036874,0.004084362200446014,0.005408886620386063,0.0069320723320029625,0.007340648751092682,0.006150515965138183,0.005007917431903381,0.005201280704012458,0.009158081601301087,0.03736988866112049,0.2411376999808834,0.07396086120366455,0.03837508840637603,0.02935332463096893,0.027395488850623498,0.028248780206194087,0.030347037371553396,0.03254855892628613,0.03379204695318078
4227.8,2412.9075489567253,103.8,0.0023603306272264833,0.0023582150327227497,0.00237329529434197,0.002438692125180686,0.0026086353414553247,0.0029745352479492674,0.003697419777154638,0.00501243052479639,0.006888556673668667,0.007816964451581048,0.006419233760698352,0.004866898784858298,0.004737160455316633,0.008078709545232505,0.03426741714031222,0.25315281460852734,0.06327443518271716,0.032268106497772224,0.025219715711379646,0.024221238803342624,0.02569007374013761,0.028440525344149765,0.03146580719918989,0.033371797893418514
4227.9,2416.207685317593,103.9,0.002301646524476288,0.0023139718580787185,0.0023556755142110663,0.0024551063642720824,0.0026578059648652186,0.003040114441235067,0.0037235535682790767,0.0048510721519509584,0.006318044747936484,0.0071267330178767735,0.006359855460257472,0.0052839401238337904,0.00540275660542862,0.00915653938358048,0.03546147995041256,0.23310944119135343,0.07599193504678498,0.039353756537273514,0.029874182203501857,0.02774094960015011,0.028520532594266665,0.030557551664255833,0.03267255037264526,0.033845900513173655
4228.0,2419.497822092905,104.1,0.0022763204414985474,0.002285024389556589,0.002318345792129472,0.0024030590430628783,0.002581950111112658,0.002926472620705689,0.003551955669346114,0.004606153064454991,0.006051573105934996,0.007023968172669487,0.006452381153678827,0.0054033741758206435,0.005471317330807905,0.009086381246160388,0.03432403779076236,0.22872329186196552,0.07712492387784654,0.04011253534811988,0.03042607141327346,0.028179865504134424,0.02885764545734083,0.03077747758330508,0.03277706279430042,0.03387942820172376
4228.1,2422.8000031902357,104.2,0.0023365496504072843,0.002336547576659361,0.0023520065898036306,0.002409189034805841,0.0025504912684821014,0.0028443788560094953,0.003403735884081437,0.004386695010660409,0.005826585857427755,0.006977297803505525,0.006575151537180281,0.005502839996118163,0.005487637736602616,0.008970274933114891,0.03370192349188429,0.22793674901597913,0.07612127440418252,0.03969867529768116,0.030239340764854274,0.02807596514149309,0.028770218047734147,0.03070312967315418,0.03272901936754786,0.03386710596897957
4228.2,2426.091841582398,104.3,0.0025665849331140945,0.0025217384917285467,0.0024534488530290714,0.0024010531803737058,0.0024193302898877296,0.0025871720758805315,0.0030362955181724442,0.004003023507770022,0.005768326330502709,0.007656461161091758,0.007110846830610061,0.005337019818802385,0.004842094524884,0.007647562271660723,0.03078793026788153,0.24563713010876242,0.06189590315510568,0.03206858956188077,0.0254929426969214,0.024678070396054904,0.026105729874301226,0.028693958601075077,0.0315541063154537,0.03339930610384173
4228.3,2429.3940226798445,104.5,0.002612527459057633,0.0025485219233144737,0.0024458505381244992,0.0023505203639335444,0.0023216043736786042,0.0024388109500131957,0.002831499675787219,0.003748040002494639,0.005565252629631637,0.0078104666901286385,0.007394525443667146,0.00535894512913687,0.004666719703413739,0.007202305986492377,0.029287748401733812,0.24781450325292803,0.05885730547166831,0.030781003012785194,0.024916199626761823,0.024376087264069875,0.02582998992822093,0.028378720681929485,0.0313017887260635,0.03326509703696811
4228.4,2432.6858610719214,104.6,0.0026502053124721828,0.002578729488142979,0.002462484476254861,0.002349771702215871,0.0023006618567103596,0.0023930683042129542,0.002749807397208967,0.0036077445505881636,0.005351275605098137,0.007664739874163531,0.007508680446830464,0.0054925693444399055,0.004749395952494555,0.0072428333330048,0.02908990316093188,0.24492763248811988,0.059047755013443885,0.031049383806680365,0.025169371241105593,0.02458845994184981,0.02598067222667234,0.028469557880176636,0.03134894239244394,0.03328673185977906
4228.5,2435.9780487944354,104.8,0.0026334675160012205,0.002555680261014871,0.002428178516016932,0.002301236109759619,0.0022355053502961172,0.002307308764437934,0.0026348477939302753,0.003451315736410516,0.005168955731779514,0.007622810316750287,0.007663008554825093,0.005562161269381115,0.004719718570760909,0.0070772773753638545,0.028210996092958084,0.2437141830766871,0.057859034489246244,0.030613235540630192,0.025011893016735384,0.024522326647791286,0.0258893707086441,0.028332805232156776,0.031230901467371504,0.03322504773268515
4228.6,2439.280229891766,104.9,0.0026620507038837,0.0025772689838168975,0.0024374891541441993,0.0022955322001975173,0.002213369798928796,0.0022661463647336484,0.002567204433527426,0.0033412450094597616,0.005003808880377631,0.007502427781180303,0.007758207508179291,0.005664888584647267,0.004774147711784359,0.007101692597621565,0.028187985846386755,0.24251092495440102,0.05705932301286986,0.030093649629812428,0.024538065951635744,0.024067274900479267,0.025487674718553857,0.028033101167583032,0.031067356121386034,0.03316904523223056
4228.7,2442.5720682839283,105.0,0.0026783104278832485,0.002589160300701149,0.002441483244815612,0.0022894882349184767,0.0021956420917140507,0.002233614410278648,0.0025120074638150846,0.0032458194295221883,0.0048445795826978656,0.0073471809674781905,0.007828294515212572,0.005785665236060118,0.004859376772160545,0.007172841804674348,0.02824866624180691,0.24093545127477206,0.057145634063676266,0.030086777518075484,0.02441570537564541,0.023862022891286583,0.02526870362022249,0.027870220709001397,0.030990816531017124,0.03315386607780832
4228.8,2445.8642560064422,105.0,0.0027224545876908097,0.002633113203251239,0.002484124324454977,0.0023290638414406248,0.002229652446905386,0.002257673903643954,0.002516154510270037,0.003202763752579705,0.004686682997163952,0.007038537547768669,0.007767116650356482,0.005987553613901341,0.005128657057335674,0.007599090064541488,0.029563431250881605,0.2363477261477273,0.058989502387932775,0.03105528974321591,0.024924588862310235,0.024136621350153594,0.02547571268440267,0.028085464640493725,0.031173164657942884,0.03326135172546885
4228.9,2449.1660888307406,105.1,0.002792669590146104,0.0026840490855754642,0.0025031144922941294,0.002312493798002738,0.0021796045262280563,0.00217633819019308,0.0024013594792247337,0.0030498402625124496,0.004519332462870667,0.007027873713569693,0.007998931497958241,0.006084509994524827,0.00510437939472057,0.007503198179877141,0.029534430088824302,0.2380826673548778,0.05730404764269357,0.030179607982353356,0.024262527351537336,0.023496562522243015,0.02481749648401153,0.027491441782918114,0.030783274544129314,0.033093894274074886
4229.0,2452.4582765532546,105.2,0.0028499094396087867,0.002724065721302002,0.0025150437806130237,0.002293941591318835,0.0021330683717975005,0.0021034030669163776,0.0022985887510194696,0.0029082649946201434,0.00434488565913659,0.0069592411922579514,0.008210204567339513,0.006215528405327702,0.0051330082988907495,0.007511073686149691,0.029971864013950522,0.23888744371387666,0.05628721045509384,0.029834624757735424,0.024095089880663882,0.02332018752612605,0.024560314608669094,0.02719505736896652,0.030556928225507183,0.03298587994170751
4229.1,2455.756306268103,105.3,0.002863899426300875,0.0027312238666087154,0.002510678273548059,0.0022766812286348858,0.002102794939623843,0.0020582821248512594,0.0022320385883488267,0.0028045958867030877,0.004180716982538274,0.006789505746544983,0.008317340141082263,0.006398270475666984,0.005276063124241491,0.007705208938884133,0.03076856443403155,0.23702841280922257,0.056977306964923924,0.030506635909156855,0.024661158944538963,0.023733410944743617,0.024811220321708346,0.02732623810782031,0.030615348942098847,0.03301150010003017
4229.2,2459.0543359829,105.3,0.0028072728301338085,0.002696416752515315,0.002509186019683637,0.0023071501231349636,0.0021563885625969646,0.002123081784426857,0.002292933759488711,0.002828005444935701,0.004064929443532715,0.006341624382600743,0.00799087848199478,0.006706943664928728,0.0058272898845764575,0.008606417571038933,0.033122556004637364,0.22840402888216435,0.06288303708871847,0.03408618698258708,0.027144244385162275,0.02564340931507222,0.026408875018808873,0.028639366908025925,0.03146727514249838,0.033393229243416735
4229.3,2462.352365697748,105.4,0.0028000129665667972,0.0026837955827425887,0.0024875450590055056,0.0022752834259018246,0.002114219594714611,0.002069461553239801,0.002223804779275087,0.0027351814723767715,0.003943231008404349,0.006249784320548798,0.008103192844006738,0.006856859850519296,0.0059273265580393406,0.008754557636960722,0.03402477410923816,0.2275161644998498,0.06263204307766378,0.034343035104404236,0.027526014703000073,0.025974397907696657,0.026606528872268883,0.02871378949620635,0.03147332605136552,0.033384978407004516
4229.4,2465.6503954126615,105.4,0.0029095904479884533,0.0027633686928710452,0.002519607697569132,0.0022591251642614697,0.002058009461399678,0.001982055993872189,0.0021101276033716654,0.002600371278808564,0.0038234527749797485,0.006321199238886847,0.008465960238029653,0.0069411372160811955,0.005814955392182557,0.008630838244186196,0.03535005881490443,0.23099306686899818,0.0592809084592012,0.032838647632357235,0.02674649834845908,0.02542548045776818,0.0260505216405881,0.028154012531952377,0.031069495527820883,0.033196315053324134
4229.5,2468.94842512751,105.4,0.002885754804436659,0.0027463106666080254,0.0025125426152197965,0.002260812653420729,0.002064987427800666,0.0019900110137088776,0.0021135391194307394,0.0025877302125084847,0.003763061010846656,0.0061573855720734975,0.008368641335234793,0.007107683062197742,0.006078300844532499,0.009132387341459327,0.0375956342213595,0.2272810511213113,0.06018450446322085,0.033417161136782746,0.027140170306952136,0.025755468171457838,0.02637852544375895,0.028459774436470218,0.0312829761739394,0.03329545035057023
4229.6,2472.246454842307,105.4,0.0028486240236100233,0.002717519988912552,0.0024973396971548004,0.002258200385986292,0.0020709957355002765,0.002000480877888713,0.0021229822457364657,0.0025861821515942166,0.003722991010970012,0.006021727247303768,0.008253315163236744,0.007246504847792617,0.006338917793417643,0.009659752247399848,0.039936404584841795,0.22304029157228886,0.061059349408317996,0.03383951203893678,0.027304541345279144,0.025839809384877486,0.026488215836829233,0.028606229986196274,0.03143691050093025,0.033335699049195436
4229.7,2475.544484557155,105.4,0.0027758987901089715,0.0026609918762957453,0.00246613189181328,0.0022525428158816385,0.0020852588203748956,0.0020275609773304604,0.002155667866879525,0.0026123045963824796,0.003706127589005294,0.005869333700663209,0.008045314774309302,0.007361281404423687,0.00666254509043243,0.010332246334628684,0.04253124541768702,0.21776712434514992,0.06251542586056467,0.03455149138178447,0.027624619956690893,0.02604107759380856,0.026725219172859343,0.028881397196542705,0.031647877058974185,0.03344914525769723
4229.8,2478.8524899984664,105.3,0.0028105530629929775,0.002694678479974939,0.0024979538685480935,0.002281808262745959,0.0021117067267783464,0.0020509577017533186,0.0021751497720475703,0.0026237238899036244,0.0036941203025699088,0.005797988660767575,0.007960335980791744,0.007441714065214309,0.006894021931864815,0.010961884693790442,0.04633172115037862,0.213130004033551,0.062224440276493716,0.03436201229893483,0.0273977056686109,0.025848131785468676,0.026621990036618404,0.028864328094339167,0.031666939403284126,0.03347131692332875
4229.9,2482.1505197133147,105.2,0.0027895499328224665,0.0026863438101972117,0.002509504716656031,0.0023139340539418568,0.002160505793905289,0.0021111012756869123,0.0022409275024510627,0.0026834738735323875,0.00370832969031655,0.005658671362558932,0.007698554775700117,0.007512114759970137,0.007295086918416124,0.011952154090574025,0.050522005351227944,0.20492703839692814,0.06394620898427807,0.035476725071302395,0.028085888021738423,0.026367689267256834,0.027103226959639456,0.02929063291190769,0.03194075096501441,0.0335937032751153
4230.0,2485.448549428228,105.2,0.0028075314921655456,0.0026953952651340603,0.002504298874778702,0.002294279732489358,0.002129794175667441,0.0020736047105693453,0.0022018045642097457,0.0026525946767409912,0.0037140655325958163,0.0057643242294985,0.00785278258685187,0.0074767021428457665,0.007174224300381642,0.012046096534092615,0.054922089450350736,0.20233495852323985,0.06127059634065524,0.03419311376968127,0.02725353730057695,0.025676321040621772,0.02646052891986035,0.02874428242127623,0.03160772340267674,0.03345516697362988
4230.1,2488.7660183428434,105.1,0.002703808548672237,0.0026233112277047116,0.0024841173607883177,0.00232988213457873,0.002213443603469643,0.002193029880506293,0.0023435431799822192,0.002792040134371926,0.003772864959408123,0.005533031355095198,0.007355938156170298,0.00752919554138045,0.007848870328596632,0.013654931547264902,0.059116330822769576,0.19072111239466283,0.06576222621630513,0.03712995380159265,0.02928742141463589,0.027332986725358117,0.027935933125437695,0.029943611887045307,0.03231234331803962,0.03373150090608719
4230.2,2492.082477297867,105.0,0.0027832544487125643,0.0026872026865334586,0.002522448816608026,0.0023408601653583487,0.002201994109217208,0.0021672444419952456,0.0023144030226672887,0.0027788060787713063,0.0038207193859334685,0.005718819515181532,0.007572514103892379,0.007461011575928864,0.0076119992537358174,0.013642828878581178,0.0656915768949932,0.18766401291319107,0.0625095525564988,0.03571785158984449,0.02854007945630937,0.026784389901747876,0.02741693010385718,0.029492717251212174,0.032029109741708466,0.03360419069395478
4230.3,2495.398936252891,104.8,0.002776354326224208,0.0026984397879929473,0.002564317899355286,0.0024160364074252727,0.002306855358170254,0.0022952766565185363,0.0024575624796141066,0.00291910602457057,0.0038963847753155476,0.005571440651910854,0.007224149444148618,0.007502815642530372,0.008206028466035525,0.015308058953460857,0.0716830972736857,0.17760093385610887,0.06561182455850119,0.03808579557851949,0.030269698066243852,0.028215322618622377,0.028664482636431128,0.03045032592369411,0.032557846088156345,0.03380056899789572
4230.4,2498.715395207799,104.7,0.0028604221051769674,0.0027640709043222035,0.002599410208595005,0.0024192350346162856,0.0022842038248365453,0.002258589765953844,0.002422479280728388,0.0029149438881246954,0.003989174624285767,0.00585386309548122,0.007504373054735219,0.0073769873006150465,0.0078039518494130156,0.015030146942455391,0.08075541122702252,0.17399938176860125,0.06260077939050833,0.037064645172831936,0.02982850137867424,0.027803500984432853,0.028110283294637953,0.02989978122503018,0.03218957195826391,0.03366064768384884
4230.5,2502.0318541628226,104.6,0.0028305169555345347,0.0027470071042052457,0.002604305036806127,0.0024490238552366214,0.002337763881223851,0.002333158608642411,0.002516407684299439,0.0030237249593556177,0.004086364818860921,0.00584584914528658,0.007350481223320494,0.007367877726007199,0.008094707291538623,0.01612597443039913,0.08719648134633634,0.16641931514422426,0.06454987256325322,0.03914685093053407,0.03147213255798374,0.028998013105011294,0.028929399008179996,0.03042397463066818,0.03244143558964117,0.03373315384754897
4230.6,2505.358263638466,104.5,0.0025471836219635906,0.0025363763440506447,0.002523079537666153,0.0025230052356046214,0.0025607539906008473,0.002672070977167917,0.0029076698098163766,0.003337941481130388,0.004044351464592056,0.005059331033760832,0.006265813137257992,0.007665345394439335,0.01062934869961448,0.022098242914036306,0.08078394229223632,0.1491300609316915,0.08094177903536942,0.050442667686509485,0.03868484392676485,0.03412845861301877,0.03285072646310475,0.033097196672436095,0.03374994812719781,0.034139240048694855
4230.7,2508.6747225934896,104.4,0.0026620692824533263,0.0026682782788466507,0.0026839775111392396,0.0027144779097418984,0.0027692020771845735,0.002866628356769301,0.003043054780525449,0.0033541179414675595,0.0038374952094215042,0.004458282120171012,0.005192473206782411,0.006429550996483266,0.011041004077343031,0.03464509128520076,0.08368637956287128,0.09259975473567875,0.09228956126740182,0.09044205012484093,0.088802630997958,0.0878106873009637,0.08743005768345417,0.08738245733799266,0.08738918574747977,0.0873752202887503
4230.8,2511.9911815484206,104.3,0.002718434706204025,0.0027247262085503213,0.0027405496406031765,0.0027710509827639463,0.0028251077824588034,0.002919753491016961,0.0030885522321541037,0.003383788967163071,0.0038419505817018237,0.004434563965457163,0.005157004212272521,0.006474991897779823,0.011717081373733437,0.03735130870960047,0.08228542428757912,0.09036355047582777,0.09054267159537244,0.0891843107569617,0.087838513463358,0.08696759967868563,0.08660522788680276,0.08654448561130224,0.08654465607584834,0.08653145034521814
4230.9,2515.3076405033285,104.1,0.0027362957589731323,0.002744297934831046,0.002764546213891653,0.0028036933353477603,0.0028725673234176654,0.002989162506409578,0.0031827424924642843,0.0034924310597453257,0.003945344938765297,0.0045316917432219285,0.005297221646433034,0.006820952187285803,0.012488514218689371,0.03899766117297076,0.08868913447527114,0.09651855636096522,0.09447651078294465,0.09096392109115066,0.08825639200457083,0.08675063503952174,0.08624439712181262,0.08623145545478912,0.08627218356786087,0.08626234853339786
4231.0,2518.6240994583522,104.0,0.0027818442974110657,0.0027900471099685316,0.0028107671172418374,0.002850743663135373,0.0029208672565322604,0.003039004435087432,0.0032337168781479035,0.0035423321350232465,0.003990106260718075,0.004570652651456776,0.005347939446497697,0.006971767049739922,0.013140307540180076,0.041260782290681836,0.0883937237346136,0.09546680428712044,0.09348928065771496,0.09010975432745026,0.0874996789638693,0.08604266450356254,0.08554845543421336,0.08553193276067958,0.08557057818042137,0.08556188761751325
4231.1,2521.9867918320683,103.8,0.0029462398168627634,0.002952985166280438,0.002969933384922959,0.003002521324686833,0.003059777824933694,0.003157457828653156,0.0033221606635383647,0.0035891703776848864,0.003982449722912647,0.004501379743364608,0.005222694971143373,0.006865330783577292,0.013967792620538468,0.04477871484734753,0.08319292833668546,0.08890234048826888,0.08877703566440209,0.08738620091450731,0.0860798838733427,0.08525055100226157,0.08491086725733483,0.08485676197661066,0.08485909179813625,0.08484734003108917
4231.2,2525.349484205676,103.7,0.003010706483248992,0.003017578963675618,0.0030348447636623804,0.003068023823788976,0.003126229644331076,0.00322519191297139,0.0033910089740091538,0.00365747763153847,0.004046791418876069,0.004560068473954896,0.005287371120427305,0.007018390230986165,0.014666393818145326,0.04685712285690616,0.08311950493085896,0.0882187067895519,0.08797745280530858,0.08655444939427838,0.08524872269425618,0.08442942847825449,0.08409678815609993,0.08404493203362681,0.08404796853852968,0.08403662766207291
4231.3,2528.7121765793995,103.5,0.003075684682637106,0.0030840364618128896,0.0031051401401833035,0.0031457304700911537,0.0032161263371741373,0.0033320683240617897,0.0035161154694580646,0.003794383268047682,0.004183119558431084,0.0046892686096771784,0.0054376921029590485,0.007330254888039399,0.01527276415075474,0.04915122090727211,0.08853803110747142,0.0930172036180671,0.09076953381772206,0.08752628420223074,0.08508665966954168,0.0837456152522273,0.08329771641949146,0.08328877294181634,0.08332859179420815,0.08332179028920053
4231.4,2532.0748689531156,103.3,0.0035316935349941235,0.0034256880920971694,0.003247960942317312,0.00305920021508799,0.0029302208654767236,0.0029357480437040076,0.0031671112519327817,0.003760160644671076,0.004888278718060611,0.006495813126044381,0.007735643454237966,0.008381796192217962,0.011177727139075626,0.027516713456550098,0.137163470055652,0.11266147499936148,0.06185238763590215,0.04361130885092419,0.03573844956218251,0.031913718118420975,0.030776676278001736,0.031525323999857975,0.03297917449368922,0.03390838309054001
4231.5,2535.4375613267234,103.2,0.003384555852223352,0.0033917638302299277,0.0034097267344371835,0.0034433601687069403,0.003499628833577414,0.00358828533081791,0.0037223491308613866,0.003917201811511563,0.0041876239069827455,0.004562227314177494,0.005231188607712296,0.00749748374453325,0.01843713364737477,0.05547659443786191,0.08153572106940393,0.08584185728908593,0.08597708126406609,0.08485237330104116,0.0836675656310648,0.08284794353067382,0.08247360116068703,0.08239566556559037,0.08239846782991561,0.08239115262784599
4231.6,2538.8002537003313,103.0,0.003549062761035307,0.0035559756374254105,0.0035732265434540835,0.003605562881284312,0.0036595858403345822,0.003744218250952977,0.0038709280541655523,0.004052604001529,0.004301433672045925,0.0046444196700602056,0.005275004704441241,0.00757988718587996,0.0192617723174932,0.05804626839674536,0.08249268727781917,0.08634342017028944,0.0864183996975675,0.08535197204995218,0.0842286061319382,0.08344747562821915,0.08309257076074042,0.08302141665679523,0.08302533619724643,0.08301859607417421
4231.7,2542.162946074163,102.8,0.003677447024923592,0.0036845274857644074,0.00370250771936329,0.0037370102682332527,0.0037962187858109216,0.0038914876502142894,0.004036616714983449,0.00424401581559669,0.004519754699118372,0.004881183693377263,0.00550846292205519,0.0076655974696875845,0.01863766452430034,0.059977037813099876,0.08860332569577163,0.09114987361678528,0.08986437412928847,0.08792099409713672,0.08635388382721215,0.08543727852586704,0.08511256505306324,0.08509373582846703,0.0851131410450211,0.0851052790142633
4231.8,2545.5256384477707,102.6,0.004088239145192226,0.003995678675557083,0.003838919299794621,0.0036705417263084286,0.003556532798019,0.003568293189612022,0.003786158354672498,0.0043067455412668125,0.005217715232878376,0.006463856666172926,0.007767338017549191,0.009481729978762404,0.014655005097493817,0.0379596002749421,0.138539429058742,0.10872800276495258,0.06628695064110632,0.047438660366399765,0.0381813308070033,0.03365862165821042,0.032174429878911025,0.03251317649427171,0.03345634474431025,0.03404913735702565
4231.9,2548.88718571052,102.5,0.004157901805457798,0.00406597216923022,0.003911885733883298,0.0037498015662879667,0.0036474638417301895,0.003678683243908981,0.003926946348642659,0.0044903412598023,0.005445222139214471,0.006693345532545751,0.007927562980749345,0.009605913769799152,0.014987039116335647,0.03955116801858316,0.14139780642037197,0.10695675080053325,0.06534416523884866,0.04676930611839008,0.03756755058359278,0.03312933863868587,0.03178008701164444,0.032279339415119776,0.03336287605731176,0.034027090997923226
4232.0,2552.2498780843516,102.3,0.0042815971308678225,0.004197820294588061,0.0040580630691529045,0.00391337822362645,0.0038287717157647343,0.0038765055262784615,0.004137404264557804,0.00470101538057304,0.005625281379283178,0.006810632889016268,0.008045446327628868,0.009928251628665216,0.01591921163325918,0.042307996837084354,0.14089861095510348,0.10618992009063523,0.06504208064941963,0.04626799411705509,0.03715499633816161,0.032949435067074324,0.03177789048851815,0.032345805729426774,0.0334133073624004,0.03404670326610691
4232.1,2555.672172636126,102.1,0.004622182857601103,0.004501255941163081,0.004301283714312979,0.004094089262719542,0.003963632938516515,0.0039959389177466964,0.004284318304125646,0.004931335376922712,0.005986284588172875,0.007243161823633441,0.00832894340744917,0.009962833972785766,0.015977694479935224,0.04444155969422751,0.148955389148508,0.10088276377880251,0.06142849278580392,0.044289403522995804,0.03583691014705666,0.0318666111214807,0.03088455058749887,0.03173725813370935,0.03313229309455932,0.03396407537922191
4232.2,2559.094467188016,102.0,0.0047567773618085556,0.004632136975708159,0.0044291533774047384,0.00422505406628301,0.0041090082320102165,0.004172644450513946,0.004515480027074345,0.005240093727057979,0.006360384096775528,0.0075675602610239924,0.008469208300947368,0.009995269321134296,0.01626406527977018,0.04679568673076796,0.15186218162261564,0.09742768579429743,0.05952181523644758,0.04334790693309687,0.03527335928089014,0.03143140224478865,0.0305264789405515,0.03148638232835873,0.0330085100425532,0.033922661224176726
4232.3,2562.5179157418074,101.8,0.0048765250210455946,0.004785734209023423,0.004639400154549513,0.004498110718490964,0.004437022522173607,0.0045373118081367654,0.004883194606911083,0.005544918152625376,0.006501279933470164,0.007534961197315783,0.008537758135001676,0.010553913104703137,0.017921861959456612,0.050889755204281094,0.1461405921534802,0.09867991835253881,0.06128632872379865,0.04454258077814819,0.0363216026572252,0.032515144305502335,0.03153478189932751,0.03221745051301819,0.033357608655218425,0.03402633510976592
4232.4,2565.9402102936974,101.6,0.005178007849243553,0.005055678443440272,0.004862066838614041,0.004679273438522024,0.004602266163804719,0.00472899999191343,0.00515896746539999,0.005963578339855912,0.007049988309061616,0.008000251636910196,0.00864903159215708,0.010326353400129155,0.017792440876690314,0.054428218146323884,0.15248088404031257,0.09332937821812072,0.05896345411046698,0.04410561190715889,0.03617477961600701,0.03211266334962828,0.03095107608982124,0.03170337315610603,0.033079808707259344,0.03392816991888934
4232.5,2569.362504845694,101.4,0.005347709776678365,0.005232545945042836,0.005055665210139553,0.004900966355133509,0.004866086296986153,0.005052537719032673,0.005558667827334753,0.006428309394985249,0.0074815823071036555,0.008231205204485831,0.008680069901357898,0.010380324804952086,0.0184575762965823,0.05894851685293723,0.15213985665409888,0.09132633901848401,0.05941052427290074,0.04538762590105105,0.03723965575370724,0.032728318828139834,0.031232089726505118,0.03179557671911878,0.033091002720789076,0.03391685138730328
4232.6,2572.7847993974683,101.2,0.005439320627577394,0.0053473335429295105,0.0052151559323262925,0.005122574942039384,0.005164775393280269,0.005442738253138442,0.006045470530745531,0.0069682613478083974,0.007923923994403751,0.008414378660862868,0.008687033368097891,0.010476733716783074,0.019279848746048385,0.06380286392489089,0.15027905777959258,0.09086902003972873,0.06111311902938623,0.04735120914441081,0.03854195185879458,0.03340743933382401,0.031551145127167154,0.03193041004385839,0.03313282185060493,0.03392018424273688
4232.7,2576.2070939493583,100.9,0.005626683553233644,0.005552492832688161,0.005457170810927611,0.005420371557633059,0.005537798631879342,0.00590888727973004,0.006604817302531189,0.007553493305108576,0.008356071292117892,0.008566633461875582,0.008700500066932973,0.010641073204419722,0.020381801539802537,0.07007023506937296,0.1474599459965532,0.09071800317479334,0.0633015200730652,0.04954421924903453,0.03977126419955359,0.03392146901336551,0.03174118669963455,0.03199827045876957,0.03315413854152696,0.03392638788355904
4232.8,2579.6293885013547,100.6,0.005799650953819298,0.005738419869608709,0.005675326204426635,0.00569705933666886,0.0059072551468080095,0.0064119311132926834,0.0072645834050387844,0.008290980026637012,0.008905277482802417,0.00871768737113226,0.008585666992091739,0.010553286862254154,0.021169809545150187,0.07804105798169998,0.14433824876823736,0.08913976329468533,0.0651274330272542,0.05180371485620841,0.04076725372660677,0.03400880821705532,0.0314931958401994,0.03174643775100712,0.033013513786166154,0.033875720857735624
4232.9,2583.0516830532447,100.3,0.005894264101511452,0.005861612781992201,0.005859634670668373,0.005978464037598623,0.006327350798239306,0.007013089821671983,0.00804772263553908,0.009098171047377519,0.009395012913440507,0.00877541893351318,0.008454591558570394,0.01053742026276484,0.022149666554491233,0.08610709046693145,0.1395447488649774,0.08829169807848825,0.06741901122249878,0.05401811340020062,0.04154102883459987,0.03400356094234108,0.03127861900362863,0.031561877383558076,0.03292358813607581,0.03384895885034547
4233.0,2586.473977605241,99.9,0.006162087823496215,0.006145640637399335,0.006185179085004091,0.0063815333583834765,0.006856068180360234,0.00771606230543142,0.00891112538523169,0.009905386407018454,0.009790935643363478,0.008761066733176996,0.008320946642007708,0.0105895323210023,0.023474868863523693,0.09620579837595676,0.1322861182942268,0.08652230505442285,0.06983145982383923,0.056484747586741976,0.04224914491858779,0.033856562759532804,0.03094143856284758,0.0312968339014415,0.03279751922341909,0.0338121233086721
4233.1,2589.9008858326856,99.6,0.006411603062797743,0.0064186249761201295,0.0065144823529360895,0.006811323803215574,0.0074430578630160105,0.008510280452104817,0.009862746076285523,0.010705556516291272,0.010087175661638928,0.008686259681207608,0.008194500378464274,0.010705048365508457,0.02500198114059067,0.1062465610255645,0.12393990396357442,0.08404012791221364,0.0721092098700885,0.05930720277207226,0.04325365161237715,0.03394825169572235,0.0307893692515289,0.031156639661541443,0.032727894129523614,0.03379473954515631
4233.2,2593.327794060246,99.2,0.006894343412957161,0.006912876456189173,0.007045488614401243,0.007418813655257456,0.008176503834588605,0.009398380024613595,0.01079862157565033,0.011339530980656529,0.01022278159375249,0.008595292134331146,0.008173118114702595,0.011060936366200577,0.02718155929485437,0.11640993619108306,0.11470029039155606,0.08113235518317309,0.07458767610636381,0.06264094959140294,0.044483111684216266,0.03414043222792907,0.030714475038087972,0.031058919130453465,0.03268773426979455,0.033770949422742016
4233.3,2596.7547022878066,98.8,0.007397475816335146,0.007448460999046343,0.007652448535078974,0.008139047624465524,0.009040227927139419,0.010366270636517304,0.011643183315308574,0.011715661950764518,0.010204687890955962,0.008567697183709793,0.00838169940349293,0.01185582737742243,0.0301799094032729,0.12252711864221463,0.10791087468278712,0.07861938401782062,0.07477061505930338,0.06423054865509426,0.04568789214463807,0.03487261218925757,0.031163215095550777,0.031308365137194066,0.03278002152967388,0.03378588456220214
4233.4,2600.181610515251,98.4,0.00801872873054734,0.008084405032451772,0.008332135659286645,0.008904217788531586,0.009928371665781574,0.011343522631431806,0.012477646242785849,0.012078069044664574,0.010177173123280427,0.008486071118245704,0.008472186092357724,0.012494025922288978,0.03333740431842659,0.129803278497165,0.0997675159946804,0.0747513261911858,0.07586610488825052,0.06766107637792457,0.04729703247926484,0.035318339486108775,0.031186756642226005,0.03122104201069424,0.03271104565673854,0.033744160323808475
4233.5,2603.6174946809842,98.0,0.008729046520691192,0.008820535951513,0.009128838236250594,0.009797188230445158,0.010922021604839436,0.012322124219119388,0.013128134409950963,0.01219611009287862,0.010052662006060337,0.00845149860193248,0.008714354379248229,0.013472119841690902,0.037375264986064756,0.133632970574571,0.09405304002325258,0.07191537563398588,0.07557373398148133,0.06923533611179275,0.04840898747422227,0.03586858171721121,0.03147916074102546,0.03136952638671799,0.03276860766041893,0.03376531377001847
4233.6,2607.0444029085447,97.6,0.009531785853873773,0.009695348049088654,0.010126855459155457,0.010918797783882472,0.012049869447618766,0.013138712322751833,0.013284419751958645,0.011907112489526377,0.009906045732144885,0.008708667297425296,0.00951340712728916,0.015429510564937042,0.04239553160904256,0.128384501170665,0.09547394464588768,0.07339973066915169,0.07232230598199187,0.06471971956255188,0.04778139832997378,0.03686770053429587,0.03270159756572872,0.03229426159718323,0.033234137427325304,0.03393538233864628
4233.7,2610.471311136105,97.2,0.010992455118462854,0.011174700667105127,0.011540449025187851,0.012030104137485951,0.012475956363092924,0.012602915370273507,0.012192757047887148,0.01136936579826959,0.010669407009091655,0.010878551279656045,0.013273536305858657,0.021291885305741425,0.04551181259546734,0.0967854333996302,0.1093681903273565,0.08909120144677408,0.07063907772732077,0.055579039251859634,0.04457464237777283,0.03815783233913404,0.035209853438797484,0.034268246759747406,0.03416878131872495,0.03423690544764514
4233.8,2613.898219363642,96.8,0.012403805900943157,0.01255307624873959,0.012829728698532356,0.013141596064340535,0.013298921004770077,0.013061863818306265,0.012329501699686335,0.011343876549360567,0.010659000600222849,0.011024182078294628,0.013764719986467092,0.0226390382291748,0.04884928524812654,0.09924040610910148,0.1067175052738292,0.08694689292237345,0.06961340796821479,0.05505587709596596,0.04422645935321499,0.037914389129588236,0.035058772460172374,0.03419273344876156,0.03414197293450943,0.03422959214747445
4233.9,2617.3251275912025,96.4,0.014222841872828015,0.014267241719514117,0.014307315237463002,0.014239708401117086,0.013917409955476223,0.013228440037084715,0.012232069287060434,0.011232792157902932,0.010721727151378119,0.011386723240171637,0.014622998297419932,0.024481815045752427,0.05213476090565715,0.0993815170803911,0.10433681744372326,0.0857498225173828,0.06888764716600748,0.05444374799714638,0.043798214450365164,0.03767577434879052,0.03494986476073169,0.03415438738859644,0.03413297483566009,0.03422790072313076
4234.0,2620.76198662238,96.0,0.016380879583982662,0.016242979390958222,0.016003851053061513,0.015634874376598735,0.014999356018209016,0.013914523236570142,0.01237919977597636,0.010763065059760019,0.009672915786887785,0.009827329191205238,0.012694495417759123,0.023758916237919397,0.06427041246012975,0.11569725267366421,0.08924068834639909,0.07413477090994174,0.07008198432767643,0.059005365163648196,0.0445272866221112,0.03591061920406799,0.03273334529236179,0.03257451375425748,0.03343066197125518,0.034029885603594386
4234.1,2624.142001415225,95.7,0.0187455547631433,0.01834097711036821,0.017518391588494078,0.016319813361111886,0.014845104150111468,0.013258993891844267,0.011790485843495442,0.010721863849659088,0.010410651086740505,0.011479424935963852,0.015545346721419117,0.027733926414342785,0.061394284292673074,0.10427960835436186,0.09771284718002521,0.0808923094025481,0.06747615802453467,0.05403379611153604,0.04313877121321577,0.036896888918651914,0.034323774446496313,0.03379326149958773,0.0339963581581899,0.034194535369848095
4234.2,2627.52201620807,95.3,0.022949865008250584,0.021596916884008634,0.019465161881882864,0.017141326015966303,0.014957644460858077,0.013014068180484947,0.011346683380896542,0.01007846237365113,0.009498650871802034,0.010232777206244072,0.01410931638230236,0.02850538730505036,0.08036717976143667,0.10844571630814447,0.07969139519736038,0.07208040113515783,0.07532907912278076,0.0630622158277938,0.044735124656072676,0.034860628211483016,0.03163712102966714,0.03184263110860377,0.03311155115460318,0.033949673863326556
4234.3,2630.9120014588343,95.0,0.025432468254220526,0.0237103084227214,0.020830359804195352,0.017619577625152056,0.014720301202080767,0.01245369397825762,0.010927886202422181,0.010203761400816354,0.010470621689750227,0.012345268214757088,0.017737565491249954,0.03258311607638475,0.06928512448988931,0.10213219704181763,0.0934407665797818,0.08005024753300564,0.06887642518359403,0.0558914756654332,0.044480255284524796,0.03764392024609968,0.03466440385256731,0.03390989977217587,0.03402194672265667,0.03420034808160551
4234.4,2634.2920162516793,94.7,0.024872696397829634,0.02410428705429527,0.02140572425020167,0.01732754358272004,0.014615701646329908,0.01342264135957389,0.012940014740843445,0.012944416364081002,0.013589261118498957,0.015514048404773507,0.020933235449740538,0.03544658205901359,0.06033717140523514,0.0796322643134453,0.0877264877449174,0.08875252190742156,0.0867402333957636,0.08354862494060118,0.08048676920663957,0.07850194750099254,0.07773608718418416,0.07765889770233883,0.07770441957642331,0.07769581434733218
4234.5,2637.6720310445244,94.4,0.03659936648751736,0.02985181901499333,0.022400953264509336,0.01695261054906212,0.013527781331998305,0.011505628245860013,0.010352571862441847,0.009754768176841025,0.009721008566033446,0.010882577948758273,0.0157184488030593,0.035543236819688184,0.10908861951373226,0.09070931944848978,0.061296410211376585,0.06891823865991907,0.09764544558089042,0.07678936675377417,0.04339868627939618,0.0292526234919913,0.02565438734374809,0.02692447784140285,0.029972671639483105,0.03211929512748874
4234.6,2641.0520458373694,94.3,0.03253425635643496,0.028985837086934158,0.02375549021713571,0.018747294789189007,0.01486233064437688,0.012235807590352333,0.010737674759892952,0.010283703367557856,0.011032392058096672,0.01371331773552258,0.02060658573419029,0.03818245548866572,0.07508692295014335,0.09901025898345729,0.09067912212161183,0.08061405040571422,0.07207130523493245,0.06005166520788105,0.04794532669472331,0.039958326481142156,0.036026267369074626,0.03459010892822566,0.034301188853539874,0.03432731551880298
4234.7,2644.4420310881337,94.2,0.03293868372391671,0.02940463905405226,0.02417556212574653,0.01914269381640483,0.015217190726969457,0.012548751698112507,0.011017069553878812,0.010544732510422922,0.011300867478690692,0.014043599331537128,0.02113517295574494,0.03919892314951955,0.07630273394844428,0.09860931172594645,0.09018508506867152,0.08110727295955307,0.07335431861132084,0.061243779729895115,0.04861739297035236,0.04025708160718223,0.03615273110000083,0.03464264361461082,0.034321560537416744,0.03433647843727603
4234.8,2647.8220458809787,94.2,0.02729080540859731,0.02643757085081639,0.02336711585160555,0.018831592123845758,0.01596014029116289,0.014754317069535837,0.0142922813259147,0.014356779072792482,0.015141664176974991,0.01741011908256506,0.023617468596209022,0.03885383735047548,0.061985810161628824,0.07951204938433298,0.08791365804886313,0.09035687133068321,0.0897024022199372,0.08730949600900226,0.08457061640100937,0.08268139414120595,0.08193877221817199,0.08186362117523946,0.08190841813914239,0.08190209133294656
4234.9,2651.202060673824,94.2,0.03066789257309336,0.0281742040018239,0.024195389890651894,0.0200012800116791,0.016421992925175512,0.013773927729261521,0.012105031320579624,0.011442003293706508,0.012012556588087754,0.014623609951606463,0.021728210335103984,0.04013684885577817,0.07754414980978797,0.09826110127566226,0.09101340161166882,0.08478683759910809,0.07849967437723179,0.06473976416451901,0.05001655346303804,0.04057840788048705,0.03612706755996097,0.03457688327586768,0.034280396511371464,0.03431025900105419
4235.0,2654.5920459245167,94.1,0.03000765928186297,0.027792355815408384,0.024171356767765717,0.020257058696925775,0.016848579785587226,0.014300384069267837,0.012707531667113536,0.01213400996777848,0.012837140332916854,0.01564128953188939,0.02290325313875657,0.04058085156684105,0.07438237479748909,0.09717951249989418,0.09458463924030494,0.0887229116002281,0.08045106438846432,0.06561092680584374,0.050873620970528596,0.041397746705990245,0.03674390224766398,0.03494166149437772,0.03444108255044107,0.03437426975689084
4235.1,2657.876448457727,94.0,0.03075522745721048,0.02831198522583889,0.02443171699977445,0.020361481171720985,0.01691096737191066,0.014389647892902143,0.012851210561577685,0.012340290710226113,0.01311868202976819,0.016052780808534586,0.023642939861124514,0.04219451504955221,0.07675007020245603,0.09700777677163168,0.09386287468788793,0.09067529803644374,0.08464362401723899,0.06867860909509842,0.052051668239269676,0.04161938259547323,0.036681502648749344,0.03486285349080083,0.034409631408333204,0.034373483588751565
4235.2,2661.160850990821,93.8,0.03266390443074556,0.029539574542985503,0.024870833253831034,0.02030199100153543,0.01668497791518774,0.01421688601880901,0.012844064104474837,0.012551924853213743,0.013587224460586274,0.016850678299332005,0.024958357146452198,0.044280377736140006,0.07827689880682348,0.09616023882822954,0.09337593398487995,0.09254928621509727,0.08815959649035873,0.07121990668878618,0.05318989427930241,0.04202532985146139,0.03680900481971572,0.03491004402322085,0.03444448172871232,0.03441023667509567
4235.3,2664.4452535240794,93.6,0.03396642407324396,0.030351171720309423,0.025148896189310013,0.02027645263901195,0.016591178392833483,0.014207149139435426,0.013005668264721177,0.012941963697187133,0.014256912301141667,0.017863831575447298,0.02638105639733972,0.04582156071147743,0.07809744956455321,0.09513042708841402,0.09369178560693332,0.09394091496885977,0.08972572665367709,0.0723650397496292,0.05394020555558664,0.04249786094486414,0.03709580119838305,0.035073958679903934,0.03453057291579396,0.034461655181402075
4235.4,2667.7396426935948,93.3,0.03677216221022647,0.032059188606707936,0.02569385482617003,0.02014555179439857,0.016240054532838145,0.013915544825541753,0.012937711161714417,0.01321521235130336,0.014978932937588117,0.019136596801760743,0.028248093163539843,0.04778486073059245,0.07793544575135458,0.09414234807208617,0.09419503170229288,0.09494012491797585,0.09027389437934785,0.07293561736899927,0.054711256627217084,0.0432181519355154,0.037628605177168144,0.03541499766463093,0.03472184394178276,0.03458100185037058
4235.5,2671.024045226689,93.1,0.03493030903297132,0.031227949687885618,0.025900477982032828,0.02094269922554373,0.01725559601188263,0.014974101002896785,0.014002619772378095,0.01432986379207185,0.01622544743759341,0.020550222047651185,0.02945131166153827,0.04689203598181277,0.07312673232371798,0.09292186511748257,0.09791313514898957,0.09595858778704826,0.08693062101988139,0.07080267962636454,0.05511675948306888,0.04448549610186103,0.03872418723065011,0.03605990034229403,0.03498444626007328,0.034662540555602944
4235.6,2674.308447759899,93.0,0.03733661292189853,0.032459505377554806,0.025959606723774446,0.02038320761461813,0.016539156293455225,0.014342235996957414,0.013553464194611783,0.014092085163531429,0.016200840369964283,0.020796907844912716,0.030413061929854424,0.04997413130164334,0.07793619669912555,0.09263912824762938,0.09351107856967547,0.09448580277649903,0.0890976302496865,0.07154869221349101,0.05371491221552719,0.04262035343116383,0.03729888116137344,0.0352487277298734,0.034649666084848395,0.03454525104765251
4235.7,2677.592850293109,93.0,0.03521643177742092,0.031260153162299166,0.025737174186139994,0.020753751771519502,0.017160248887314846,0.015019631050327593,0.01419097505143932,0.01463630020727772,0.016625123293171444,0.021125139965920678,0.03075043344097154,0.05040376603760593,0.07807641349609197,0.0918985719389629,0.09214085132209608,0.09258403991745938,0.08678611339532591,0.06940708327619753,0.05209290419727287,0.04152457336853499,0.03661097654623127,0.03485443294714509,0.034445358478493726,0.03442522637518993
4235.8,2680.8772528263194,93.0,0.03315491614105338,0.03002013427065451,0.025439306892300995,0.021081002429398706,0.01777136402798427,0.015688941367486695,0.014786599612094848,0.015079321887871045,0.016882129593196085,0.02124937376260609,0.030970217812429215,0.05115250161584415,0.07896045867233589,0.09084493076750902,0.08965018903174346,0.08983546826473128,0.0842105687685911,0.06697008990968245,0.05004252684128159,0.04005303241482602,0.03567362972340289,0.03433100568938987,0.0342001970165715,0.034301582237234916
4235.9,2684.1716419957183,93.0,0.03113165468917723,0.02876587804847776,0.02512072275416615,0.02142262030688538,0.018418851167787124,0.016379537603495167,0.015359198620406135,0.01544953068291931,0.017038751790531513,0.021289114166290157,0.03117901841962179,0.05204130727547931,0.08001726276971591,0.0896776264698625,0.08665002139802767,0.08582104063572904,0.07997717304910372,0.06341276027378077,0.04750682755633045,0.038453240471749375,0.034749576963942375,0.033861522371337514,0.03400480332955486,0.03421751689671724
4236.0,2687.455542116037,93.0,0.02857104238280629,0.027090666029840497,0.02459255745616188,0.021764205499542482,0.01918893268178133,0.017223978103657632,0.016077825925027326,0.015979027788117522,0.017421825897418117,0.021633759814607016,0.03152703910331401,0.05195703866275564,0.07890076920277186,0.0887450109904811,0.08502156269738029,0.08103038087008427,0.07300338198259096,0.05829600877974029,0.04503779616149,0.03755801479545245,0.03453134337172776,0.033858411691928915,0.03402130848856526,0.034211075651142946
4236.1,2690.6278125963545,93.0,0.02640444574985863,0.02555860680970953,0.024008047492190397,0.022026265620905205,0.01992706602383353,0.018014994885046234,0.016600500432099298,0.016074878679634638,0.017095023130556344,0.02108699932927626,0.0314576413355663,0.05407941079739457,0.08219331991800623,0.08640584864338689,0.0791184027521023,0.07582632921614324,0.07006119907545533,0.056230425865662695,0.04312854839053686,0.03601996009072619,0.03348392708774081,0.033297959711979665,0.03381906435099132,0.03416607655438595
4236.2,2693.809714543218,93.0,0.024027617934622887,0.02377261020103636,0.023169474106784625,0.02212515899778951,0.020627752932596694,0.018862027685762953,0.017255825576101367,0.01642389461213028,0.017202763684080306,0.02113058307531601,0.03173759119776326,0.054866202814308644,0.08242428414876386,0.08501452107027518,0.07646059076723448,0.07191242252315319,0.06593739088815104,0.05363436754508941,0.04197311510328524,0.03553614999542198,0.033257173752869504,0.03318792424197154,0.03377520066632321,0.03415159932755434
4236.3,2696.9819850235353,92.9,0.023078748938689365,0.023013901686989156,0.022740946477764663,0.022062010705058466,0.02083940519877001,0.019188255329263205,0.017572339427519505,0.01670411360656969,0.01751180049462579,0.02161894804977418,0.03264429743350659,0.056088903494947655,0.08221969784049063,0.0834585359637088,0.07435885480210089,0.06899782295380269,0.06282587383405495,0.05166764741365642,0.04115772218470815,0.03526698781616623,0.03317889962105983,0.03316619263279248,0.03376781766743698,0.034147286560985986
4236.4,2700.1538929667677,93.0,0.02038510617417422,0.020428136293444605,0.020445578520513288,0.020345032288239907,0.020061253678772872,0.019647694661118445,0.01936396054803505,0.019712610473522185,0.021468695391459222,0.025811986163894293,0.03444813713551417,0.04889169409852277,0.06679854235879501,0.07873356956644648,0.0786979225687,0.07047583443424492,0.05904015436679934,0.048192249424491546,0.04056248665505756,0.03646924348056955,0.03474992414670302,0.03424479556306795,0.034193402102986034,0.03422434563883647
4236.5,2703.336156312189,93.0,0.019120895964889324,0.019283303921790843,0.019546459057915657,0.01979408690118424,0.01989175091328221,0.019796217457246953,0.01970121252975949,0.02011957471050922,0.021893685079770984,0.026270156473555826,0.03495501668295366,0.04931784330074643,0.06677352676346703,0.0780900435365857,0.07775903957933161,0.0695610154000884,0.05831731484933495,0.04772593847496883,0.04031940374089607,0.036366395394439054,0.03471575348889407,0.03423658939163906,0.034191794891943426,0.03422337377045921
4236.6,2706.508064255389,93.0,0.017907478792508726,0.018163665341417435,0.01863016920040452,0.019186420708914072,0.019649187425801462,0.019881367611278344,0.019992957242725956,0.02049017034636724,0.022281179956806174,0.02668873326467336,0.03544005307476931,0.049797055559050944,0.06696030155968638,0.07783282098722287,0.07731049110894403,0.06915454599353252,0.05801785872135278,0.047537951043300525,0.0402228649990171,0.03632557183598355,0.03470158396032741,0.0342327141402015,0.03419086492546399,0.03422291888445817
4236.7,2709.6803347357063,93.0,0.01686610939011962,0.01718292268277997,0.017790139635983374,0.018579080531774414,0.01934549449700575,0.019881140717776462,0.020210684987437597,0.020814515917565706,0.02265117356847649,0.027114799661147625,0.03595676714738025,0.05033710811747617,0.06724010246447644,0.07769820354881586,0.07701379010643115,0.06892181930202625,0.05788313716138637,0.04747193887154024,0.04019689621242771,0.03631822859573789,0.0347005282041019,0.034232751950533546,0.034190662056967906,0.034222548345800276
4236.8,2712.862236682602,93.0,0.015920268742028915,0.01627531664103754,0.016980156912129035,0.017949061456485702,0.01897993006060292,0.019816628079790326,0.020398820414551197,0.021157862302208265,0.02307922855354557,0.0276098410408359,0.03649202970235305,0.050747450156929455,0.06721871275713819,0.07724086350808892,0.07643663478329982,0.06839472696859081,0.05746349974193371,0.04719666481455344,0.04005679888320449,0.03626572044950367,0.03468847557375662,0.03423260510642578,0.0341911363086438,0.03422196670520183
4236.9,2716.0345071629195,93.1,0.014936299475558818,0.015249188669300955,0.015903034495363337,0.016880953901550286,0.01808586362644929,0.01935042360169563,0.02058477674330513,0.022045250159519556,0.024497320392339986,0.02913522983555025,0.03724825468295886,0.04939987196692547,0.06323432119576053,0.07252417850852078,0.07295359115085322,0.06614431761252561,0.05599043138628167,0.046286863785468285,0.03959658374614618,0.03612897832977343,0.034698394772029136,0.03426490128635324,0.034203752176444085,0.034220282820169624
4237.0,2719.206415106003,93.1,0.012387457583610293,0.0131133423865686,0.014680260044003548,0.01708290587372238,0.019809425551858266,0.021560540719049698,0.021345470082374397,0.020188841554577914,0.020386567273183248,0.02441060763783693,0.03568441886334922,0.05687131758066626,0.0773927706177546,0.080357280557532,0.07373352304358764,0.06731939388058543,0.05992555084824921,0.050293348238355004,0.04168863515545004,0.03649532480432131,0.03431203028936032,0.03386326261984314,0.03403492430919596,0.03420201966592384
4237.1,2722.288378765836,93.1,0.012966795268501165,0.01340921536429699,0.01435899605843555,0.01582962105820899,0.017677424517707388,0.019516497237884938,0.020933891583865435,0.022099500463313968,0.024097849375040323,0.028634210454285797,0.03755020233815895,0.0515258481648959,0.06691926517239564,0.07585366925760632,0.07507139312136452,0.0678796570462074,0.05785291328406194,0.048004228073424436,0.040741671855339896,0.03665643269356332,0.03486728705107162,0.034298994674537536,0.03420923053803077,0.03422572760990175
4237.2,2725.370342425553,93.1,0.010919137320219404,0.011628973571858613,0.013221042375303835,0.01582521344124688,0.019102548641641987,0.021639974187686036,0.021874874683166803,0.020653145078579033,0.0206521162840006,0.024659898214140732,0.03637317836990725,0.05830996599856339,0.07770318609522932,0.07883187640336493,0.07229188800264802,0.06716913452282461,0.061197586020175596,0.05208124820575058,0.04311340073156868,0.037324569197357785,0.03468242622185635,0.03397943898115056,0.034053190784451084,0.03420254026069114
4237.3,2728.452306085237,93.1,0.010473330719933317,0.011136495197674446,0.012636404272181033,0.01513261169166017,0.018407487839591816,0.021248666553642433,0.022030831350863384,0.021217948187201584,0.021384216015507624,0.02540557310779572,0.03677491220283196,0.05742198376589032,0.07611318753317635,0.07880873326409824,0.07340466059311906,0.0681431490815243,0.061606351532952235,0.052350265607174075,0.04351546494993714,0.03776685407243311,0.03503819758491686,0.03418903001052755,0.0341364467610006,0.034225407315807116
4237.4,2731.53426974507,93.1,0.00988697394211973,0.010546435231187708,0.012060602578358849,0.014643885559299685,0.01815594538615963,0.021335478243788904,0.02226122401061197,0.021311610394358898,0.021301695894510284,0.025282081281088883,0.03695393095199446,0.058321119028637486,0.07659487297937767,0.07801320848352618,0.07258441893544096,0.06833810130656146,0.06280391594716257,0.05366306590880374,0.044364152546353564,0.038168014138249426,0.03517875267614823,0.03421852933923626,0.03413812995446665,0.034228265506355555
4237.5,2734.616233404787,93.1,0.009389645899980413,0.010033046999006963,0.011527340880346352,0.014127939399212919,0.01778128154695134,0.021267672175364828,0.022455070737344332,0.021532076968185192,0.021446153757343628,0.025393811679484485,0.037147848825690284,0.058599300988165966,0.07643759773303434,0.07756492044278276,0.07255253464755891,0.06904049129425308,0.06401578418932818,0.05478332361377082,0.04509264648981926,0.03856092064406089,0.035365367635849465,0.03429437235614772,0.03416359028809877,0.034238604339845255
4237.6,2737.6985701807553,93.1,0.009005550892612152,0.009632806362805868,0.011101709588160251,0.013695973063049998,0.01743395361943385,0.0211594818869257,0.02259884161067674,0.02174781527850667,0.02163146043992342,0.025565341815499503,0.0373424238973903,0.058661994111695585,0.07604859658381928,0.07721519075919425,0.07279978793239472,0.06992813119521954,0.06511665702121863,0.055574405871893336,0.04550197473402748,0.038743101594456014,0.035440283274822564,0.03432307419518486,0.03417460679526481,0.034244886986632896
4237.7,2740.780533840439,93.1,0.008659176804570415,0.00926833228636177,0.010704872323482998,0.013274381209094606,0.017062916651935014,0.021001584484312635,0.022718213899582607,0.021987698852433447,0.02186907064193626,0.025787989453968218,0.03752071868148524,0.05853639776654639,0.07549509163196502,0.07687100620097433,0.07298990060229987,0.0704945464124953,0.06567330971819448,0.05587642208715019,0.04562200542162593,0.03878985791479593,0.0354604220845127,0.034332709425350494,0.034179696530311394,0.034248402002654964
4237.8,2743.862497500156,93.1,0.008385932554006256,0.008980000226877071,0.010388567452287046,0.012932959428475905,0.016752554837099642,0.020856802810474875,0.022806699362139214,0.022184812515439016,0.022063980426603153,0.025953353644442893,0.037585335466942156,0.05820219490043215,0.07474687021787871,0.07649691758249187,0.07336053588669815,0.0714000587030958,0.06653418083134258,0.05629828235386172,0.04573332338768838,0.03879256352390405,0.03544422848499109,0.03432300947446261,0.03417801726716117,0.034250183804288875
4237.9,2746.9344675521374,93.1,0.008057721329933648,0.008643750769900569,0.010044028547644182,0.012607353224006588,0.016533950610714318,0.020860328347832104,0.02295810160101556,0.022262787439978733,0.022011618809064416,0.025835614163405705,0.0375320394261366,0.05827744548017779,0.0743924059084847,0.07576445777058886,0.07306199404644163,0.07197800592986059,0.06760358554535642,0.05705662635258999,0.04602651635689217,0.03883744941061358,0.03540869139061684,0.03428562492873555,0.03416172805400167,0.034248068237284594
4238.0,2750.0164312118545,93.1,0.007830227248638652,0.008406237504466143,0.009789291749595534,0.012343087857674288,0.0163125498696137,0.02078646263412167,0.02304408756270204,0.022365228938642484,0.022048274517745298,0.02579871651706843,0.03738274510815152,0.057824410032413,0.07352221451552901,0.07502322685889176,0.07290628215036703,0.07249577077326386,0.06849319948168689,0.05781249947283358,0.0464914019857115,0.03909126664452819,0.03553943222436953,0.034346305347967725,0.03418533662996012,0.034258087204942
4238.1,2753.049663810927,93.1,0.007502233853562151,0.008060000741209432,0.009408729905959033,0.011930777623993295,0.015938688350249166,0.020623931716920115,0.023154504448591417,0.022529653954373004,0.0221008167956383,0.025677989203766013,0.03697427025475871,0.05695733733934628,0.07242631057393491,0.0742803790072943,0.07267097222302155,0.07271324889515746,0.06910108979474978,0.05858632424766538,0.04717514589043004,0.039581219991914045,0.03584124409400401,0.034501119454652576,0.03424717696443644,0.03428240170332742
4238.2,2756.0833744102233,93.0,0.007569914262703245,0.008127738355822298,0.00947350429939656,0.01197999310404403,0.015940299248510436,0.020543006817997905,0.02303543611574395,0.02246351046708761,0.022102826081845665,0.025718583060450523,0.03694881010352587,0.0564897700975781,0.07136266723675351,0.07341058135356415,0.07251570347356529,0.07334643219899001,0.07022874149651427,0.059634271128905694,0.04787541021413537,0.03999043222972953,0.036066578505855616,0.03461156505514459,0.03428981321927956,0.03429752463070011
4238.3,2759.117085009403,93.0,0.007460008873003142,0.007992364282618443,0.009276973210311849,0.01167225126137289,0.015489072411207278,0.0200729910169434,0.02287667935345623,0.02268549662321831,0.022460260215287676,0.025940864526074987,0.03654824368487272,0.05479939258060108,0.0695460852499288,0.07294363604574966,0.07271690280446721,0.07312546747596699,0.06952323281691473,0.05927251154208169,0.0480194556913545,0.04031803094973877,0.036353126803566956,0.03478216205442006,0.03435828331198768,0.03431824721321687
4238.4,2762.150795608653,93.0,0.007148588695437109,0.007683196686796347,0.008984497953808467,0.011446194873308732,0.015438746042838505,0.02026392463081277,0.023012656545130003,0.02240066885318058,0.02181181575064254,0.025144292288512192,0.03605233289615797,0.05531592913109061,0.06976613541029135,0.07172709304853815,0.07139533041726986,0.07328050315382251,0.07130295199764543,0.061045147442791645,0.04895549434352291,0.040653197504903746,0.03642497098961176,0.03477920015354491,0.034354969839767116,0.03432597613459709
4238.5,2765.1840282077683,92.9,0.0073479254871499184,0.007888513979458127,0.00919694214376491,0.011647248621735613,0.015556662607577933,0.020173515125847172,0.022729937932797716,0.022136102906355908,0.021654845235008616,0.02507311493763784,0.0360192588712855,0.05512012947989148,0.0690972407118821,0.07081102159579224,0.07053541582005651,0.07259606069833716,0.07085707470586325,0.06077550082083787,0.0487591147280379,0.04050390822029957,0.03632393181094091,0.03472117710775633,0.034326941081730365,0.03431124727901105
4238.6,2768.217738807018,92.9,0.007215052847693538,0.007749522089353079,0.009046600594735162,0.011486583436853113,0.015405640152580048,0.020067168635189675,0.022636743137033698,0.021961457043043305,0.021365569937963905,0.024662711234551164,0.03552709882928494,0.05473709331928764,0.06856964043671848,0.06984489175189681,0.06938217066734444,0.07161514506714281,0.0703461699084144,0.06059831623857943,0.04866571130859332,0.04042022278519234,0.03625237396089705,0.03467362213903276,0.03430493123711762,0.03430356316013789
4238.7,2771.2414616778383,92.9,0.007163520908215457,0.007687221615194036,0.00895773972825723,0.01134672756965993,0.015189551767615014,0.019800633945259796,0.022434278282652396,0.021858267216475546,0.021268116910670522,0.024444833599496518,0.034992474503979666,0.0537539521620537,0.06761990280134972,0.06919954033837311,0.06874652463069068,0.07071695962236801,0.06937441788886291,0.060000059055096325,0.048449510999231594,0.040380691286142766,0.036261227690616994,0.0346836964211713,0.0343070557718093,0.03430158576843228
4238.8,2774.274694276911,93.0,0.00688174512142526,0.007384641300439092,0.008611034756556621,0.010938651430067491,0.014749156048875535,0.019470406507537678,0.022341541383286978,0.021847658520964375,0.02113651446910718,0.024057030196959973,0.03418051990683494,0.0525965093966008,0.06676425669061319,0.06867194612561878,0.06812252754916379,0.06975970505675728,0.06834594395023808,0.0593660424478755,0.04822131764174227,0.04034140409206137,0.036270666411223174,0.03469363924009156,0.03431072041250128,0.03430298869847011
4238.9,2777.308404876207,93.0,0.006899057604548596,0.007395412779600202,0.008603065523058862,0.010886096666836126,0.014605859531243907,0.019206657666893914,0.022047958035841107,0.02163531496167463,0.020961541223143445,0.023793122947120618,0.03362999246901163,0.051639523714494776,0.06590228079991829,0.06815081763125916,0.06767602481792961,0.06922487400239923,0.06789384560565109,0.059217547184998734,0.0482774835297262,0.04044283717993497,0.03634870841258337,0.034734965615886626,0.03432440035241561,0.03430495714898339
4239.0,2780.342115475457,93.1,0.006701546146779735,0.007180095492677055,0.008347058215645183,0.01056248694382704,0.014206580493695166,0.018811818430624284,0.021808446848601514,0.0215148587451219,0.020788516707309523,0.023409419334622754,0.032830359265876345,0.05042319962016313,0.06505004575453173,0.06788997959738823,0.06765482129433983,0.0692672474894789,0.06800584128921089,0.059398957036507126,0.04846207167876248,0.04058247368429376,0.03643505961542626,0.0347784874006025,0.03434122554916265,0.034311300381745416
4239.1,2783.3893601324385,93.1,0.006519425315124827,0.006979823535016226,0.008104207918046724,0.010244984537081314,0.013793137441997031,0.01836576988103903,0.02149891262991285,0.021348187696315572,0.020590659622815553,0.022998532105125955,0.03197568512152272,0.04912837419640982,0.06424388555758132,0.06780419326652191,0.0677493927232418,0.06924916752116736,0.06791695878487353,0.059406297658168024,0.04856557930181782,0.04069920575885743,0.036520182503187545,0.03482478044615013,0.0343591898799947,0.03431718461199902
4239.2,2786.4366047895364,93.1,0.006401090109511816,0.006847446552264379,0.007937590673038035,0.010013708444418007,0.013463944468142355,0.017957947560762987,0.021143022251426495,0.021100148080960415,0.02033138170739322,0.022563174776463822,0.031157756447398707,0.047958964588553456,0.06358602721597921,0.06779971527209443,0.06776134129947818,0.06888899371313023,0.0672515628966569,0.05884547722072243,0.04827854213576018,0.04059129426428102,0.03648749935171519,0.034815801697827324,0.03435523596181877,0.034313589556789065
4239.3,2789.4845549204474,93.1,0.006474797355785565,0.006891345415721979,0.007901061262317639,0.009800182395166513,0.012923455665949815,0.017056715395713413,0.020370695409055936,0.021003547820038597,0.02069819858076216,0.02288385227562947,0.030682278556283495,0.04569429794555211,0.061173076381789086,0.06767769152814607,0.06850255381543108,0.06825280329021051,0.06483475935937306,0.056435850601118775,0.046958956454015155,0.04011051023672997,0.03638459280771551,0.034819289633342985,0.03435920997715514,0.034302488815816316
4239.4,2792.5417758806593,93.0,0.006415246684184494,0.006846331147381655,0.007893074264540924,0.009866460853884975,0.01310240936781189,0.017274359437513043,0.02027243926293252,0.02033113207380668,0.01963398440324276,0.02167356893458214,0.02973898925245746,0.04609552938061713,0.06253115242056524,0.06746645786122668,0.06696637415170961,0.06706489273907104,0.06484052129314732,0.05690761089281691,0.04716660266304512,0.04004156176017486,0.03622760452082577,0.03469831045262615,0.03430455162659527,0.03428717876236376
4239.5,2795.5890205377573,93.0,0.006337301182813723,0.006753257137876536,0.007762023655949338,0.009659869482506692,0.012770169358512683,0.01681126663754749,0.019820653694652576,0.02001582699171949,0.01935957876013479,0.021256506557223387,0.02895153649463805,0.044879719686366656,0.06166034928621954,0.06716552951712451,0.06643287230369649,0.06576255211081468,0.06303938718921184,0.05543598028487069,0.04633751038550443,0.039656268666025035,0.036061862322348856,0.03462964767994486,0.03427692567084396,0.03427281158198645
4239.6,2798.6362651948552,93.0,0.006317138486149237,0.006713787020182187,0.007672475121351857,0.009465404747320357,0.012389820263697365,0.01621938532045414,0.019237279020214357,0.019704578237200482,0.01922639319112299,0.021038640082612286,0.028296264199001133,0.04343840695821719,0.060279136407119974,0.06688649910463373,0.06647526406434869,0.06518356297737876,0.06181180123820103,0.05432319659827515,0.045741180047421254,0.039439660217422484,0.03601501686535213,0.03463050804592323,0.034278472795463096,0.03426811367933005
4239.7,2801.684215325583,93.0,0.006162888005273324,0.006553980950921554,0.007501135484138443,0.009278489728131736,0.012188939348582088,0.016003777618386523,0.018953516385373556,0.01925862211623876,0.018592516705367015,0.020209345574799555,0.027313664588460816,0.042792654449474284,0.06046398291937533,0.06688906516053021,0.06595124313464658,0.06465084216049262,0.06167848834688626,0.054428668764057754,0.04580027021480346,0.039404589261244016,0.035942703936201664,0.03457152977122645,0.03424976581591874,0.034258273775506526
4239.8,2804.731459982681,93.0,0.006101456592689184,0.006480783382341697,0.00739799191001084,0.009114376639106789,0.011917464948885743,0.015597473496308025,0.01849313021894443,0.018863959693846376,0.018229264038414034,0.019741112978532364,0.026565569019017177,0.04174634170000572,0.059798463063069934,0.06697309416661865,0.06632131925233097,0.06494063212010247,0.06175738663333084,0.054344062316606156,0.04567417277700426,0.039304266731244465,0.03588022147939986,0.0345394185159258,0.03423642325103936,0.03425235391624796
4239.9,2807.788680943009,93.0,0.006070293825914577,0.006440544256250381,0.007333781724043721,0.008998693635432048,0.01170380601234961,0.015242264174652298,0.01804214599443856,0.018435243926184907,0.017825989080474267,0.019253725684809982,0.025843707167036725,0.040808807932239836,0.059309401228466056,0.06721917802160643,0.06684852010943915,0.06544034073790218,0.06203590257642707,0.054316135706548856,0.04547533721677182,0.03909403827128028,0.03572876411117504,0.034456390626306906,0.03420316087037735,0.03424059768837775
4240.0,2810.8359255999903,93.0,0.006051443907175419,0.006411408356356409,0.007277354780924563,0.008883445334147418,0.011477074417295516,0.014858628191337936,0.017566765801408996,0.018017456723314885,0.017471428461645438,0.01883673295232612,0.025187195363816924,0.0398539240296082,0.05874405808258393,0.06759186433930607,0.06762904289114158,0.066137156750974,0.062409502665760085,0.054359067884475025,0.04536449074725949,0.03897118125212685,0.0356439281209281,0.0344122617145818,0.03418598760541596,0.03423401578118148
4240.1,2813.981239574835,92.9,0.006164109825882395,0.006505881662321353,0.007321983584959646,0.008816413631034239,0.011194327201579223,0.014282644439907169,0.016882330596734923,0.017608265024776294,0.017382814630892203,0.01882261493114097,0.02486729490326604,0.0386429339446163,0.05714177216202814,0.06762085889043641,0.06884599605810761,0.06701128442471486,0.06227364701829225,0.05372922634657971,0.04486858367487673,0.03873862588666793,0.03557811827075636,0.03440976781020527,0.03419085759756903,0.034231831138531316
4240.2,2817.1365050153063,92.8,0.0061125774200004035,0.006455593338464289,0.007274133626151683,0.008771144864264143,0.011142050114555765,0.014174940295840467,0.01660677700727633,0.017091641585134137,0.01667686806337436,0.017980333337394926,0.02397573884579331,0.038259687388012234,0.05795301389961683,0.06828085440118459,0.06885107793459705,0.06719063875969092,0.06291258210527603,0.05422214908257993,0.04491777439212107,0.03853579918881993,0.035344069671036864,0.03425419056316563,0.03412524276921533,0.03421340111530019
4240.3,2820.2917704558695,92.8,0.005988219449275081,0.006313261169049093,0.007088721582477825,0.008506089621515422,0.010755653409954744,0.013670014627695608,0.01611065027776547,0.0167426182885209,0.016414664997945444,0.017630824533745815,0.023320512695255185,0.037155221835848774,0.05710918636749605,0.06854226729947428,0.0696268826187747,0.06784157481711128,0.06323670859668751,0.054289491501156355,0.04488186011684053,0.038486845255986085,0.03530934442905985,0.03423595064742263,0.03411804549517654,0.03421056162409281
4240.4,2823.447035896341,92.7,0.006091846354063028,0.0064053039470405694,0.007148623417118877,0.008492959713783256,0.01059641906928139,0.01328729228699966,0.015556001662220605,0.016233837049883335,0.016047708657046127,0.01730539454614503,0.022871151469137974,0.036492241591934066,0.05665483697792958,0.06870511635727673,0.07011559989790091,0.06842347553649487,0.06376097524722814,0.054561826754054236,0.04491561002066243,0.03842522989744048,0.035244235168879,0.03419674946686789,0.034101782414955685,0.03420433215973388
4240.5,2826.601334550555,92.7,0.006019896387354083,0.006311759427916973,0.007002592688760228,0.00824767411816755,0.010193671923155878,0.012713628710501504,0.014957886599407241,0.015835275087821482,0.01584705667837218,0.017107349696212523,0.022399623277814754,0.03541830750034252,0.05543200739473544,0.06872872875166204,0.07111086417354302,0.06947654135162407,0.06443230285558053,0.05486728177583217,0.045042389226325155,0.03849344113570231,0.035290233898584364,0.03422424348642465,0.03411247963479816,0.034205968073704365
4240.6,2829.756599991118,92.6,0.006280357041257277,0.00654614679131955,0.00716836985646657,0.008269184854731215,0.009952624682508328,0.012115226239393762,0.014154057502795645,0.015268394218878016,0.0157438712151736,0.017296581780878673,0.022495036118474948,0.0346799557953602,0.053616219127078944,0.06819841971877183,0.07235999899694519,0.0707084144781503,0.06461398283327702,0.05445204682272148,0.04469073309609227,0.03836694194846632,0.0353029905205881,0.034269104261536905,0.03413649355289651,0.03420819417432741
4240.7,2832.901913965871,92.6,0.006121200838328665,0.006381107559640509,0.006990671970071546,0.008071585092497975,0.009728547567394958,0.011856641870633016,0.013838461143517005,0.014852711232613693,0.015194382208723977,0.01659085872438806,0.021642736586076773,0.03401833136575374,0.05387803017177126,0.06867297736125552,0.07273500822823885,0.07210051156665559,0.06717051226299141,0.05663798367926103,0.04575090930006564,0.0386695390426539,0.03529957923295035,0.034207052577160404,0.03410246195962042,0.03420096438377542
4240.8,2836.057179406434,92.6,0.006193475534156406,0.0064236170491612015,0.006960322544211737,0.007902901602871737,0.009337085798751003,0.011203008042800005,0.01308551429309534,0.014368584821036742,0.015161346770386011,0.016834190360276512,0.021735062482716713,0.03307434453237861,0.05144139550605656,0.06763423540818106,0.0740748650548895,0.07336597081758679,0.06687675920513318,0.05567108243181548,0.04511738511469191,0.03846460031491192,0.03531316527603642,0.034266623849624034,0.03413378832847691,0.034204826576702464
4240.9,2839.21244484679,92.6,0.006023538813454644,0.006249750901759148,0.006778238147186188,0.007708627958922441,0.009127696655029603,0.01097327982077788,0.012813807281062493,0.014008380004318602,0.014671491589083867,0.016194834549582975,0.020959799528347495,0.03242741707528097,0.05154770900611929,0.06817518148875243,0.07480984239108046,0.07517524204237683,0.06979728162022981,0.05806903705928548,0.046266498873418306,0.03880903204300903,0.03533498060868645,0.03421942674650734,0.03410640606244125,0.03419993862177346
4241.0,2842.366743501004,92.6,0.005953052509592551,0.006167425867035185,0.006667725678751222,0.007546611962463914,0.008884922200450106,0.010630785459954878,0.012402745286521867,0.013617743901702178,0.014352836389006078,0.015894874873344414,0.02054355798486025,0.03171535419217232,0.05063024636341206,0.06790959812145006,0.0757312427440414,0.07698183503201222,0.07181875070577375,0.05940441743358036,0.04681243502876197,0.038958109234607824,0.035352362051470965,0.034210627603269095,0.034100609166659496,0.03419841507199986
4241.1,2845.690897528814,92.6,0.005872527617362427,0.006063003904061917,0.006507295186158055,0.007286722856256437,0.008477445137650046,0.010064733103090319,0.011792989167329217,0.013209002097214123,0.014284113418632732,0.016039820521294067,0.020540697983816913,0.030812952706405272,0.04835687909038163,0.0668108454763672,0.07727874931573979,0.07843309344886515,0.07119781847503126,0.05801072801503882,0.04597550726237833,0.03869281768119479,0.035352338408878164,0.03426684682294939,0.03413083085004591,0.034202406780905546
4241.2,2849.015051556512,92.5,0.005811245497296307,0.0060010630675095674,0.0064435135392961265,0.007218411645411842,0.008397172326635005,0.009951558771358985,0.011600729510868608,0.012877966542629713,0.013788853690803947,0.015399797778529751,0.019820967846716286,0.03031351421168603,0.04865515679191077,0.06760661032587406,0.07829269096913775,0.08040421634524485,0.07412384767034667,0.06015437183089014,0.046787040727929795,0.038786886540266186,0.03523247758737161,0.034158187113072724,0.03408635985370107,0.03419571219819427
4241.3,2852.347948194583,92.4,0.005962239822904499,0.006128769398874365,0.006515180000909982,0.007186401303688506,0.008200031175507676,0.009545948390663766,0.0110496025682106,0.012407441547333363,0.013617443006741024,0.015514270152495208,0.019946406554608533,0.02981276515397533,0.04703880714168791,0.06689749204000428,0.07992616932263794,0.0815772009173903,0.07278685827848046,0.058004705776869996,0.04542577358139028,0.03823046279911775,0.0350978021265513,0.03416547928720334,0.03410430997875392,0.03419748148702364
4241.4,2855.672102222281,92.4,0.005742557148192942,0.005908056154570819,0.006293625422836918,0.006967098868355986,0.007990671181563836,0.009355018392326928,0.010866581350846763,0.012174346016023976,0.013244545430230471,0.014932137572060557,0.01913324999874031,0.028951983571648608,0.046794813076923354,0.06772181635011033,0.08168262470560979,0.08402700236320743,0.07549214856381517,0.05970500340190953,0.04598648468158421,0.03823457996794626,0.03495182439986528,0.03405136799586933,0.03406070502169311,0.03419302134801146
4241.5,2858.995067765287,92.3,0.005854272762988484,0.006004279200544116,0.00635322015451345,0.006960192581656199,0.007878844017852448,0.009106801245300082,0.010502190002672348,0.011801965695202631,0.012983639891894341,0.014779563249041044,0.018930124728487995,0.028402508035862795,0.045890012581812856,0.06783406938120709,0.0835284144503435,0.08551111105761784,0.0753144672397257,0.058737779751843834,0.04521690444199511,0.03783727674590659,0.03479851934307522,0.03401231334670709,0.03405700537461809,0.03419314871879363
4241.6,2862.3291493479605,92.3,0.005578472139346188,0.005735049444793732,0.00610435389052022,0.006758543776285993,0.007767995712063753,0.00912694887067535,0.010607840349507213,0.011765400625262714,0.01252167863285598,0.013788296576035747,0.01752319526303452,0.02737074273027158,0.04727042625782293,0.07008110800284952,0.08415092186519552,0.0876095973431269,0.0823493223177672,0.06379090270724291,0.04622653208327674,0.03708974957711118,0.03371119763516499,0.033234059687099284,0.03373650592599256,0.034133910402140116
4241.7,2865.653303375655,92.3,0.005554760732825426,0.005695910261607277,0.006029727460775402,0.006622268494891179,0.007541281269643474,0.008800842031496534,0.010243504887597177,0.01150775347653836,0.012454106771653949,0.013802167168271021,0.01731726563453763,0.026311622847814155,0.0450879823817887,0.07019024597996561,0.08769252377409108,0.08987733659846371,0.08076209275573207,0.061596000104209445,0.045279129778852144,0.03690207677557283,0.03381391636118347,0.033375924271600896,0.03381309332874246,0.034157501876538474
4241.8,2868.9762689186673,92.3,0.005478515130512991,0.005610019702785085,0.005923083042834454,0.006482757511218733,0.007359474101312117,0.008581585038778384,0.010023151973009037,0.011338792789411963,0.012323225472907998,0.013590143789148442,0.01682363161328296,0.025255742419343353,0.04373153628168101,0.07082634636768115,0.09028984266665588,0.0912233180815238,0.08091963689485414,0.061361124039878076,0.04495008066798115,0.03662195854960141,0.03362369854459426,0.03327740667415834,0.03378122198072485,0.034154734096504144
4241.9,2872.310350501337,92.4,0.005241042702261108,0.005369784988946656,0.005678124774656071,0.006234202710693961,0.007116423320909578,0.00836824759656314,0.00987448611557943,0.011256047335677456,0.012212762271501112,0.013295022127654595,0.016148899470269998,0.023929218993785775,0.04202841982017824,0.07123522314464711,0.09309254511476489,0.09327823777074333,0.0824407249518231,0.062299025013598866,0.04527569883750208,0.03664605497690627,0.03353765268337934,0.0331888797645812,0.03373727176619471,0.03414521097663769
4242.0,2875.633316044349,92.4,0.005211718198337457,0.00533627289857386,0.0056331284410471956,0.006165712390359795,0.007006607546533618,0.00819689670580703,0.0096409315388557,0.011012185160100817,0.012037473818256959,0.013174908576367775,0.01590562290280104,0.023130797501389536,0.04022663818759746,0.07053944290617903,0.09578549644117847,0.09523827622348602,0.08142498570713287,0.061330189093303046,0.04543221583996653,0.03724216167923693,0.034131187592429654,0.03357383237665935,0.033887722764255834,0.03416764368667895
4242.1,2879.1224563395954,92.5,0.004893157265894409,0.005022609893155173,0.005332955830555803,0.00589545688694212,0.006796385394341958,0.008089979863299589,0.009658995259854903,0.01106467910611693,0.011900421432594848,0.012658294078169841,0.014902273465105469,0.021569640169077926,0.03871991147855962,0.07163478206642696,0.09807688076602752,0.09632621600671593,0.08411818179314438,0.06395126847138921,0.0465140258546202,0.03741417508906893,0.033966337246662384,0.03338351601805851,0.03379371404204115,0.03414566415727425
4242.2,2882.6016803911116,92.5,0.0050154637253944125,0.005131914328636134,0.005406931182150119,0.005895339157394555,0.006659141529602789,0.007737987679265127,0.00907534761186379,0.010451531338129883,0.01165338798889448,0.01297901008516822,0.015626166254243252,0.022055617851814986,0.036898659938083785,0.06535558798351236,0.09550915624947703,0.09774442602836167,0.07999107662775296,0.059530468093603454,0.045396555502418424,0.03808522884195812,0.03504854785064441,0.03417100264379318,0.03411721672447444,0.03420345428628971
4242.3,2886.0809044425123,92.5,0.004861696648911356,0.004985794611965364,0.00527951197911798,0.005803350966304238,0.006625909822249282,0.007785042441930396,0.009187235558516233,0.010517004878769418,0.01147683360123874,0.012407206830853624,0.014586791793741324,0.020545972432848957,0.035509475124170416,0.06649000918007783,0.09942951313388027,0.10056307229385936,0.08252933166858646,0.06142091652642765,0.046301824863191364,0.03836927183208634,0.035070248817923,0.034133825794136395,0.03409658204874605,0.03420182047356244
4242.4,2889.5700447377535,92.5,0.004814367656708456,0.004940426453859417,0.005238503207581772,0.0057695402535307885,0.006601817413177849,0.007768431642858749,0.009159740344012233,0.0104309745188991,0.011267486047273902,0.01201925950576639,0.01394888922632121,0.019522554443131102,0.03409910867193083,0.06587943814684102,0.10088155443193471,0.10178333933594363,0.08315491750180598,0.061792655514006395,0.04653673413977057,0.038512166005070105,0.03515137197192484,0.03417152971981328,0.03410911026760005,0.034203961865131964
4242.5,2893.049268789154,92.6,0.004622752962547709,0.004752582701476796,0.005060425332959547,0.005611792946245586,0.00648210011190572,0.007708668997610167,0.009161613028542476,0.0104251671392246,0.011113724373784037,0.011599901080588644,0.013177743579464773,0.01825957976232258,0.03237298266599099,0.06531737012216231,0.103205437363858,0.10366160701648354,0.0845189784199663,0.06282085652959335,0.04714661152272453,0.038806825180232506,0.0352692739106464,0.03420822108586901,0.03411758977444717,0.034206675498231046
4242.6,2896.5384090844004,92.6,0.004594096614714284,0.004726391898131307,0.005039863008856239,0.005600882680891278,0.006484696124279851,0.0077226670355350965,0.009163271189612222,0.010353939808368176,0.010898783325012297,0.011201907947362949,0.012549753791640063,0.01727980324021603,0.031020329913835007,0.06502313352112923,0.10574655144323145,0.10532398797246258,0.08527631966289972,0.06320768567881588,0.04732849261358351,0.03888145002115664,0.035295630012921214,0.03421622902438604,0.034120078969745594,0.034207959474672166
4242.7,2900.016353879943,92.6,0.004650268719689668,0.004777385595062558,0.00507692254855002,0.005608423014868588,0.006436206882645145,0.007582287292687003,0.00891191189845319,0.01004528731000977,0.010649141283123569,0.011063035207033915,0.012459050878289378,0.01705525647293769,0.030106926666679128,0.06230172362242526,0.10443259310881897,0.10672006496153552,0.08545441301195815,0.0625511378101185,0.046877390644889806,0.03875447121334866,0.035330913635865914,0.03427577956057033,0.034147987022353464,0.03421058977524012
4242.8,2903.505494175069,92.6,0.004534815115732434,0.004669394605026418,0.004987722178292832,0.005556287083163734,0.006448119548974618,0.007683647325993965,0.009080128993429044,0.010140673656050463,0.010467806837078817,0.010504152927116173,0.011492869023704732,0.015594602701907746,0.028407877294668555,0.06365545800200453,0.11105880308935902,0.10951159721192147,0.08763775342805497,0.06450832864073457,0.04791913517045084,0.0391128500125146,0.03537675277999656,0.03424146307707758,0.03412705479567059,0.0342101923321795
4242.9,2906.98471822647,92.6,0.0045213998467963775,0.004653349979406681,0.004964980384603133,0.005520137957535511,0.006387724759891355,0.00758427888604581,0.008931183267902635,0.009951924572378219,0.010262749071401936,0.010277448464799359,0.011184031848758028,0.01505202615246187,0.027307197632927525,0.062131105309155145,0.11273768161921971,0.11151844022691326,0.08834814119508988,0.06459260117391978,0.04788755816083086,0.03909998455424581,0.03538506378279033,0.03425322796930165,0.034132705347696086,0.03421066658661941
4243.0,2910.4738585218315,92.6,0.004489514143899043,0.004617010529297481,0.004917990773030058,0.005453631864039903,0.006289772487899408,0.007443118734205062,0.008747333492660414,0.009752019668525718,0.010078487466516338,0.010096945642423298,0.01093413104784918,0.01456048093298589,0.026171096653125364,0.06020718302869206,0.11400692606286705,0.11353835494913934,0.08947367279835902,0.06522704989189203,0.04826234481113196,0.039313087107978636,0.035493468984776455,0.034297724295688364,0.034145175567573675,0.03421261670837316
4243.1,2914.07210809625,92.6,0.004475420937117736,0.004598019775193468,0.004887421820223319,0.0054020562235433806,0.006204719591430748,0.007312852577324765,0.008574247080841566,0.009566739794327875,0.009914141213963964,0.009936806737910454,0.010700190567793026,0.014082774565045716,0.025062725119459287,0.05834983363052304,0.11556819947701996,0.11540156632212029,0.09063338992729483,0.06614857963210427,0.04886300959938887,0.03963310806008322,0.035637994252427495,0.034349405703703685,0.034157693186604124,0.03421449596652349
4243.2,2917.6815401844965,92.6,0.004469031626167542,0.004584345496898448,0.004856420678025181,0.0053394201195735135,0.006091514377211252,0.007132040101744084,0.008334272500907047,0.009330105212689914,0.009759697792813908,0.00986637427960152,0.010629844308696292,0.013845310857383976,0.024224271015173948,0.05608545108367535,0.11549873862290821,0.11745002415771226,0.09206855364298187,0.06707874891633911,0.049433981977326805,0.03995482546923205,0.035803003257411745,0.03441954929039252,0.03417814135142026,0.034217410593186635
4243.3,2921.289711466559,92.6,0.0044354235841371995,0.004543320906618035,0.004798048093566313,0.0052501733311165165,0.005954623463427969,0.006934398396854464,0.008088200502064108,0.009097624849442529,0.009616533337193181,0.00981337582532773,0.010581801081030975,0.01363340897004495,0.023405954732001667,0.05369563257679613,0.11494346201482078,0.11956614662704948,0.09340867377124093,0.06784824698479795,0.0499147367591255,0.04024329521480276,0.0359594776718053,0.03448901359833512,0.03419901641403751,0.03421972313942559
4243.4,2924.8991435548055,92.7,0.004265470775981873,0.004366451513581169,0.004605648304944389,0.005032231222595559,0.005702450815832826,0.006649767524423745,0.00780191400961165,0.008878569011690776,0.00952214017803049,0.00981634896570911,0.010581538292256151,0.013457357296248584,0.022577633507690556,0.05091029194152765,0.11301251989991512,0.12223287797310871,0.09521121554829774,0.06855310215415908,0.05020747775312407,0.040404205483101044,0.03605498719095286,0.034535658213170374,0.03421342507942707,0.0342213934822765
4243.5,2928.507314836752,92.6,0.004313475782518359,0.004407778210582806,0.004631039519961517,0.005028228077311425,0.0056503485700593005,0.006528905730258933,0.0076068616107266935,0.008650735961312557,0.009345220961222082,0.00973328144326148,0.01054519094691169,0.013343221373416828,0.022097197416772275,0.049514678748075816,0.1133061242715813,0.1247286399743234,0.09627154126139073,0.06882627093933147,0.05031410859556275,0.04047895711246476,0.03610641604087332,0.03456257224695235,0.03422263278719707,0.034223616796350616
4243.6,2932.1167469249986,92.6,0.004229198378695613,0.004317542409210439,0.0045270558044070925,0.004900468774863061,0.00548727951406721,0.006322625226169333,0.0073675000668823164,0.008424647001278398,0.009198427941865293,0.009684671936473826,0.01053753250826941,0.01325052542937602,0.02159658326767817,0.04771677564447836,0.1118679302280393,0.12715519868997846,0.09724768448374833,0.06872984026156223,0.05011794981419612,0.04039344321817887,0.0360898662079353,0.03456700465730145,0.03422692675290251,0.03422444069778464
4243.7,2935.714996499417,92.6,0.005105994682064008,0.005117091898115635,0.005145186867553132,0.005205020508302283,0.005352351092108667,0.005754453747574049,0.006562469140707423,0.007498133726219495,0.008192687144523866,0.008727085926315614,0.009474197586799587,0.01225285436150825,0.026182734620890498,0.06047111504411727,0.07635688447083815,0.07954054452818171,0.08075410830753751,0.08105022697106432,0.08088448938498811,0.0805997447625901,0.080394694285087,0.08032370740768821,0.08031197785714737,0.08030685795774214
4243.8,2939.324428587779,92.5,0.005167938495665693,0.005178883972714652,0.0052064713517659695,0.00526410741709646,0.005396532679736798,0.005731681017203004,0.00640065454549181,0.0072280423133416925,0.007908304625750309,0.008465757021181465,0.00925069792369395,0.01208168396366179,0.02588741650564391,0.05921641151971666,0.074671977625136,0.07775778519011738,0.07892571835531909,0.07920497267730588,0.07904319550995516,0.0787753831678476,0.07857939381813216,0.07851287020994278,0.07850144709761438,0.07849389064587219
4243.9,2942.932599869726,92.4,0.005170585641259725,0.005181591940714602,0.0052093187935883705,0.005266627586436162,0.005392955386814727,0.005696110611991386,0.006294046026738155,0.007061594847827644,0.007731421645123805,0.008298885975627047,0.00909246944889388,0.011888804987281952,0.025492734504498814,0.05924184587550203,0.07550738204027846,0.07869224432058672,0.0798636714581316,0.080121046505462,0.07993872694428125,0.07965902100624471,0.07946032746837882,0.07939467952723328,0.07938483482957703,0.07937765631334785
4244.0,2946.5420319579725,92.4,0.004229987108746304,0.004246511750663306,0.004313053433802719,0.004482947902450794,0.0048395617187652375,0.005508712635903674,0.006660328589022251,0.00839474687146486,0.010243963881784075,0.01083278925497606,0.010031253992788865,0.00990617930587424,0.013509738087116217,0.03405999067501911,0.1732392550031502,0.11179058863525995,0.08544052662448928,0.08124131175342042,0.05708341677214261,0.04011528008449159,0.03357789715078826,0.03241539126904687,0.03322700738457163,0.03391764043982764
4244.1,2950.1542473448094,92.4,0.005009950548976165,0.0050205827557725695,0.005047396140919059,0.005102692459716238,0.005225335950139932,0.005528329898810278,0.0061500576224735705,0.006969059389081985,0.007676718376645647,0.008247171241775852,0.00897897430974583,0.011395512985553097,0.023679144534028928,0.05871452575998268,0.07849694850897496,0.08211891012633803,0.08333841899871917,0.08355190752034028,0.08331250751695074,0.08299156492887584,0.0827813871525919,0.08271899685780189,0.08271216308445946,0.08270604193292497
4244.2,2953.766462731427,92.4,0.00501529923901243,0.005025971273630104,0.005052896997847374,0.005108299127698769,0.0052296310901616926,0.005523115544867845,0.006118373750114247,0.006905716649342124,0.007596030499074678,0.008156648043459376,0.00886479473701304,0.01116686588942345,0.023066677605401997,0.05854777242954641,0.07956226750513978,0.0833099604507269,0.08453493234774415,0.08473527840949412,0.0844812828030004,0.0841507389886046,0.08394046664898348,0.08388006114714042,0.08387396040778038,0.08386865271206245
4244.3,2957.379799139774,92.4,0.004888816698684427,0.004902960662160501,0.004938299419820372,0.005008559536644546,0.005151956006133196,0.005469929314470376,0.006082283351693901,0.00688677507694717,0.0076046791246770565,0.008187454239909315,0.008903594546974874,0.01118837977565914,0.022989070126329572,0.06158662720050189,0.0879489971482667,0.09329685931951093,0.09510875130867306,0.09539748524165027,0.09498038911449486,0.09444634740487005,0.09411779369675001,0.09401461981687499,0.09400722779685586,0.09400565777621359
4244.4,2960.992014526611,92.4,0.004232770103792943,0.004256043826901979,0.004333445671001921,0.004513283596052251,0.004869317791437422,0.005508704366885823,0.006560671085308774,0.00805963883103589,0.009581763753914707,0.01014744413951185,0.009728060996218275,0.009975526059518638,0.013876474154825775,0.03391508596461106,0.1528872341476075,0.14150402526568348,0.09440888928573907,0.06876759670235144,0.04917751765189705,0.038253146553278015,0.03390957300051687,0.033119657831024205,0.03363486840739029,0.03408680528925182
4244.5,2964.614168581781,92.5,0.004112547573380476,0.004175593533836011,0.004326654897900867,0.004598005072187474,0.005028349352578009,0.005653751837886894,0.006478759633432037,0.0074233631313545025,0.008308516529081272,0.009037705203235685,0.00996268937294834,0.01223251051064773,0.018905860536539854,0.04027156563176743,0.10488630745910264,0.1455736173985336,0.10793090280505158,0.0711799680624957,0.05012947927800841,0.040129686127780465,0.03594112088724089,0.03452451868186431,0.034232008295836884,0.034239284013884694
4244.6,2968.226383968502,92.4,0.004270891008982186,0.004331177002712383,0.004475641878447463,0.004734714329772427,0.0051438813603664445,0.005734629366138581,0.006507659389549776,0.007387296772500595,0.008214268888048213,0.008914297624160624,0.009835017707942432,0.012098917818099549,0.018751278003468968,0.040175680379441255,0.10564205828111595,0.14674772270349423,0.10841416926606752,0.07131527589271519,0.050147081664974065,0.04011879816908365,0.03592964597018279,0.03451971971964008,0.034232079486278405,0.03424129409210396
4244.7,2971.839720376849,92.4,0.004327928831375193,0.004387258784576522,0.00452932151723035,0.004783616159665033,0.005183932718962398,0.005759025690274354,0.006506402550635606,0.007349794467341152,0.008137013397030324,0.008806080800597903,0.009706497672045816,0.011944497268018493,0.01853546690400609,0.03983322722424194,0.10547315088733814,0.14789067443068518,0.1091300034157755,0.07149675568386142,0.05014401525790965,0.04008705936606301,0.035907236767375526,0.03451041373991026,0.03423074592209421,0.03424252591344413
4244.8,2975.4519357635827,92.4,0.004418431146939555,0.004476409886785541,0.004614953003077064,0.004861931386215387,0.005248336363315002,0.005798687268618595,0.006506477957208347,0.00729728418744459,0.008034983631599303,0.008681070814599668,0.009589664765169596,0.011850291387488976,0.018460844699783045,0.03974249589475998,0.1051270707803658,0.14808973437833226,0.1094609552411649,0.0715738072674608,0.05012669219518428,0.04006369527532138,0.035894488600505925,0.034506427526649765,0.03423141380596583,0.034244232185833834
4244.9,2979.0641511503036,92.4,0.0045831940324689196,0.0045924974600228055,0.0046431856969998755,0.004785464261228618,0.005093046443455932,0.0056657728039970715,0.006609376844137546,0.007912233928009604,0.00913406339680166,0.009454346064761513,0.009002776477087058,0.009294037522648303,0.01311852463824885,0.03265271488626659,0.14978412520314313,0.1522116561717261,0.09888662360192668,0.06694940744208323,0.04642298953392756,0.03642639705173796,0.03290956221883924,0.032658094253332395,0.033488104267968846,0.03406629773793578
4245.0,2982.6763665370245,92.4,0.004701497715598648,0.004702761313364536,0.004739158808634005,0.004863686879368408,0.005153829524148595,0.005712495030707646,0.006647212164977365,0.007939642608575413,0.009120365448432274,0.009342533049879923,0.008790083651376821,0.009002498427984033,0.012714191064859843,0.032165412666821484,0.15421392574736623,0.1527162020319727,0.10008928768550379,0.06718563054677895,0.045651522019350334,0.035491149944092186,0.03213585777146203,0.03217751750541094,0.033282294004575184,0.034012981981052896
4245.1,2986.2009232466917,92.3,0.004927882373039912,0.004929481955108428,0.004966280398118772,0.005089948892239957,0.005373405745248956,0.005907540626525879,0.006771631149715496,0.007906143130085317,0.008863816977751585,0.008991775991712483,0.00856337250449482,0.00898279382250084,0.012986726467234533,0.03325413189183394,0.1560764762072237,0.15553940286392748,0.10174982755622268,0.0664095706783776,0.044726736308402966,0.03495026112824157,0.03188501881794735,0.03207592496367489,0.033260802669708496,0.0340133036609823
4245.2,2989.715521374528,92.3,0.005040425534953848,0.005042457612135587,0.005080979223024858,0.00520903497568022,0.005498888092800381,0.006037541534342768,0.0068891439438705585,0.0079597992159228,0.008775478536254128,0.008755469913791794,0.008278404584503778,0.008715101907345877,0.012742505741554885,0.03326797385736553,0.1610192958734739,0.15721593587064253,0.1032408502649979,0.06572501745544058,0.04331444778384477,0.03369298435407081,0.030949690662975076,0.03150592574665647,0.033014437751063025,0.033953352219859095
4245.3,2993.241000065446,92.3,0.00543291181765444,0.005351371505689628,0.0052476907848435835,0.005214936413976646,0.005368752616427068,0.005849945856600765,0.00680749111531144,0.008229282311442545,0.009408026337418367,0.009105499170090951,0.007912966063884376,0.007716494888104992,0.010924923737940889,0.03004766376131952,0.1851755188862224,0.14001096240772523,0.10741029189094269,0.06856564592249632,0.039786676730871606,0.028645256120785025,0.025798179202365414,0.02727154756281026,0.030636155325761503,0.033109209556513926
4245.4,2996.7555981932824,92.3,0.005347326134467258,0.005332079742084803,0.005344859379333548,0.005451053438853232,0.005733895997216918,0.006287811261644964,0.0071645444827256,0.008198740016785827,0.00876918913469379,0.008324632015600488,0.007551279096438369,0.007847097561162232,0.011674300640640019,0.03232524920185832,0.18098053925408603,0.14923349147910306,0.10465692120019773,0.06444686625495928,0.03989793079289504,0.03007117242256533,0.027481641224477705,0.028745124896280734,0.03152080621503877,0.033433538771298885
4245.5,3000.2801549029496,92.3,0.00552055614117711,0.005497183838353521,0.005498878842033086,0.005598347043081324,0.005885829956105677,0.006457023476655948,0.007348142602874126,0.00833178222454667,0.008706375883030222,0.008018676175708464,0.007121925594591342,0.00736247565244421,0.01111085551681324,0.03214654247455296,0.19170772050135948,0.13936870511451438,0.1044368974979256,0.06378129158068903,0.037665103382642465,0.027577243020367345,0.025046538716647575,0.026684329781391607,0.030256894350095057,0.032913938152079845
4245.6,3003.794753030786,92.3,0.005586111008102203,0.005593286932994192,0.00565247887722098,0.005827486038302745,0.006192577070880822,0.006808936690504561,0.0076354670438513505,0.008341295410259738,0.0083100157420432,0.007455721913655968,0.006674683560488759,0.0071056831664854225,0.011144764723041939,0.033503696861999895,0.1954442199193603,0.13421579938475206,0.10292150813516826,0.06399159956706292,0.03778532933542059,0.027565063613637066,0.024972915958555948,0.026581402721357266,0.030162862799771834,0.03284791689342282
4245.7,3007.319309740538,92.3,0.005636150693456802,0.005683508035043557,0.005820226629858807,0.006097149399904063,0.006563712291867846,0.0072255534444437,0.007934600001892075,0.008276613042396951,0.007827355519464875,0.006857740739320469,0.006219001757120308,0.00686279254231678,0.011272974232298515,0.03537012961340526,0.19810911314147375,0.12932971505926916,0.09870919783486107,0.06386851505594845,0.038699508876813886,0.02845753633420833,0.025766399980286632,0.027216178288557845,0.030540345312820807,0.03298728713598842
4245.8,3010.8339078682893,92.3,0.005701755997694882,0.0057881355066220965,0.006001449208907246,0.006384070736121361,0.006958279489316267,0.007660384853836587,0.008222778359197118,0.008181686514300932,0.007354203723055439,0.006281423435454851,0.005736823970109717,0.006532108558801788,0.011260256221669864,0.037376375509264356,0.20122193520766588,0.12168628272350591,0.09498121030136832,0.06524120573150742,0.040163462123779484,0.02944256210983835,0.026489365184052167,0.027735012037478583,0.03081667361526092,0.03307047925257931
4245.9,3014.348505996126,92.3,0.00577376861550506,0.005901969702199145,0.006198726435876558,0.006698354827057846,0.007387952510625453,0.008111610773133254,0.008468448915186734,0.00801175105817066,0.0068625729281003404,0.005736912447358044,0.005285327546499425,0.006217095455650651,0.011289952859464672,0.03995360266095756,0.2040692424173847,0.11498025468081838,0.09098269843399573,0.06658077287733237,0.042071580099177906,0.030915831326211157,0.027673265644939195,0.028640624640014278,0.03133202788005839,0.033274386539982014
4246.0,3017.8739846870435,92.3,0.005865680450215155,0.006033365882135248,0.006411606860856468,0.0070269959281918405,0.007827361080549135,0.008547446474149472,0.00865586640443173,0.007793296575487686,0.006389404043137179,0.005235758317291367,0.004851399479093142,0.005872335372100177,0.011257504784408484,0.04319663835366851,0.2072849713119343,0.10728194237075583,0.08768638581011842,0.06910254572942663,0.04427248849783937,0.03219480391786563,0.02849676164468444,0.0291614278150229,0.03157579678240055,0.033355923016272576
4246.1,3021.262494684098,92.3,0.0060731834103362435,0.006278221999938847,0.006725212602417683,0.00741943438374174,0.008240765598756474,0.00880665688681591,0.008558114898218049,0.007388516102786962,0.005944480725419138,0.004916374357619835,0.004689369193197887,0.005906738857952991,0.01180623498947555,0.046351446792502846,0.20378184105613123,0.10949657097895515,0.08465148272977072,0.06738043432453839,0.04640268994153146,0.03501170515560772,0.03104529181944678,0.031069527431092737,0.032597168256358715,0.033727522406564306
4246.2,3024.6410298695932,92.3,0.006261466576610034,0.006497502339407114,0.007006483098102251,0.0077793529811033876,0.00863988053115083,0.009093820497030359,0.008548513525867727,0.007094043525708616,0.005538991887400991,0.004516169658404136,0.00431537018807757,0.0055535653518303816,0.011725842634137599,0.05129653723663337,0.20695142844757933,0.10046541431179846,0.08270818540760673,0.07264322434734051,0.049689173973555836,0.03621772214069319,0.03142230395651662,0.03113879047077299,0.03257575120111111,0.033709718455254396
4246.3,3028.0295398666476,92.3,0.006460467803063104,0.0067230615651453956,0.00728344868089005,0.008114944641671383,0.008981106230949875,0.00929006313284796,0.008462462811775375,0.006789963755047487,0.005174532411292602,0.004168569839531007,0.003985151423192292,0.005224825497899207,0.011662225547974048,0.05797568159734028,0.20756020480108794,0.09210331447089858,0.08148242076081098,0.08020550436944769,0.053407034804581095,0.03719340069799439,0.03149925607871189,0.031015040965701294,0.03246133973225561,0.03366354180098574
4246.4,3031.408075052209,92.3,0.007017422296386354,0.007243151805248555,0.0076921561106922266,0.008283801895608577,0.008765803447205093,0.008712243785234138,0.007851522052355921,0.006476739094294075,0.005192541170190924,0.004423152909336075,0.004455031612131648,0.006079606101087266,0.013540193620987637,0.05794993977730723,0.1968694199938833,0.10864270604493881,0.08298712416415047,0.06860371666534276,0.05145762347279895,0.03990427429389497,0.03477231229622844,0.03346348876044134,0.03370909640461719,0.03409362239034583
4246.5,3034.7973080037823,92.3,0.007300924361895253,0.007516842342579271,0.00793232984079952,0.008445073481492888,0.008788903644384427,0.008573618113742017,0.00761730415260944,0.006252880969480873,0.0050336045966960785,0.0043312382242295935,0.004425102152142959,0.006158860110682819,0.014147447059466835,0.06332122541102028,0.19649790309642565,0.106093891697787,0.08241614082541675,0.06977306047610247,0.052705338431820535,0.0406586845928547,0.035176219909510933,0.033658204906281616,0.0337819892582499,0.03411581274543534
4246.6,3038.1858180008367,92.3,0.007714683177336958,0.007877168666844604,0.008165575251724223,0.008464444603705722,0.008548358610669807,0.008156741877273619,0.007229606342797774,0.0060507316715868046,0.005035230289495332,0.0044975833612598964,0.004755573135258644,0.006786575578492753,0.01563541248056538,0.06633653565719297,0.19159886112005636,0.11256686841146125,0.08390288314810353,0.06717500626114613,0.05106423961872904,0.040458311055665046,0.035523339816769924,0.03401473618608826,0.033972020552967365,0.034173780200951624
4246.7,3041.564353186332,92.2,0.008218200963549936,0.008341233468861516,0.008533687695042704,0.008667938278104734,0.00853714250884546,0.00795419212539454,0.006942587748016592,0.0057900251564602925,0.004848982239010816,0.004383460325001909,0.004705597351810476,0.006856358591257763,0.01644983931585986,0.07578970112167455,0.192228194241415,0.10812576387304865,0.08356718257105349,0.06881904555651733,0.051834261506290676,0.040424511653652705,0.035249928949523834,0.03378781805666486,0.03386132849353899,0.0341442696123516
4246.8,3044.9528631833864,92.2,0.00843218016778973,0.008518977841466099,0.008634426730055775,0.008656907504112016,0.0084096156979184,0.007755404874410541,0.006746439628109797,0.005647846020948853,0.004769176800969746,0.004353516959701154,0.0047196403564274845,0.0069659141691923694,0.017210063802518258,0.08508476885674657,0.1903645330466139,0.10477779897345202,0.08306878814216007,0.06905089374618463,0.051237740116953,0.03956211925794399,0.034531486204780706,0.03333982038912619,0.03366645443154489,0.03408233860659949
4246.9,3048.3313983689477,92.2,0.00870275668768447,0.008726403875692727,0.00871431964676726,0.008564953399633743,0.008159497824850119,0.007435928819758636,0.006475155886034926,0.00549628102503065,0.004744234710299984,0.004437646386606238,0.004920323677123892,0.00739686050894782,0.01854502023530443,0.09223452138521883,0.18649424927851668,0.10514436385613017,0.08269225508982218,0.06732925714149356,0.049834406418806834,0.03880525822458789,0.034159202617407264,0.03317159003268686,0.0336101301026237,0.034053686813190064
4247.0,3051.720631320521,92.1,0.009325635407436503,0.009232081830104589,0.00899117958666596,0.008548306877447233,0.007877768169524296,0.007017726909214733,0.0060839447674056,0.005241851810199036,0.004656748132051864,0.0045090277922807545,0.005167885590682575,0.0079811043118532,0.020415347598391236,0.10222681652882956,0.1795639054079772,0.1043455628441089,0.08253488496498708,0.0665264125566844,0.04901706511841659,0.038277607467537146,0.0338589357223808,0.03302141224255829,0.03355325360426574,0.03403531676281723
4247.1,3054.9855968639768,92.2,0.009440429509429736,0.009278025095103578,0.00891464783893664,0.008336827464833042,0.0075732257281233995,0.006701598995413265,0.005837364754441485,0.005111489003580822,0.004653683160550262,0.0046348172420337865,0.005457683154534189,0.008609645797865505,0.022216432104150297,0.10822514358017546,0.1740571374233774,0.10376478718897728,0.08133422493514979,0.06515167729622318,0.048459455973898294,0.038214877980315705,0.03395230510646717,0.033117126984469836,0.0336026677433765,0.034052639077051354
4247.2,3058.251128979914,92.2,0.010070554916746178,0.009680298979615448,0.008972787367654587,0.00808978870898461,0.0071789676804904536,0.00634350170351418,0.005636882861718631,0.0050853687695446995,0.0047369174776453055,0.00471588903728093,0.005379893072947605,0.008077871098257448,0.020972035393941012,0.13316697029285204,0.15724782783925653,0.08849563876227137,0.08652158189019274,0.07851164223648918,0.05050065062642792,0.03547500786710306,0.03057082821994597,0.030612998495012055,0.03234435298529862,0.03358486131305068
4247.3,3061.516661095681,92.2,0.010662561737864593,0.010061284823032236,0.009034938613559461,0.007857201740891705,0.006761228871702768,0.005874708433341288,0.005237753334194824,0.004847454224907262,0.004716461292294983,0.0049425350251856865,0.005895141533146754,0.009080693059195902,0.02349575138210397,0.14010084755235125,0.14968102754467455,0.0863185891942801,0.08478201144991895,0.0789006168718287,0.05154524889574582,0.0361583384981763,0.031000640373341794,0.03091118210546274,0.032492619640867165,0.03363830861266133
4247.4,3064.792176322371,92.2,0.011278378573920105,0.010431154012960837,0.009064923979082602,0.007608349097529845,0.006357778851264357,0.0054353428031640805,0.0048560388515926835,0.004601251595212825,0.004675654591692107,0.0051723816846834724,0.0064790862922026425,0.01024840006019848,0.026348905905392916,0.14610061179501643,0.14285289140736568,0.08442495762854087,0.08389544490596262,0.07927753051373257,0.05197543246323153,0.03632280695846999,0.031095918084394568,0.030900645414393517,0.032524949332476294,0.03368702124707652
4247.5,3068.057708438308,92.2,0.011709806850008178,0.010669604896989275,0.00905030243392271,0.007399857747430335,0.006046112345187801,0.0050939708670991145,0.0045386533931316584,0.004360527629905817,0.004583157888629914,0.005338255134677803,0.007082247006367879,0.011694300793562479,0.03011676513953417,0.14942831264156597,0.13853882635916218,0.0843301734692052,0.08171571204354153,0.07631362321906923,0.051321103886577,0.03649147684907588,0.031299922325229004,0.031019477481594563,0.032496664601481866,0.033690097321705796
4247.6,3071.3232405541908,92.2,0.01140267306930096,0.010536337035421318,0.00908107664530316,0.0074793301854762075,0.006076254724714873,0.005030426153436086,0.004376087827706971,0.004118346593304537,0.004318406052012985,0.005215343597657527,0.007571059264112984,0.014117429883298753,0.03771495768721144,0.1362812775290392,0.14581280709230424,0.09487419298522355,0.07455686068415472,0.06011450483489114,0.046334990585300044,0.03758287643676322,0.03383528105311347,0.03313684570249953,0.033626656410201315,0.03406148505980286
4247.7,3074.5882060976464,92.2,0.011535624970753866,0.01058281057426634,0.009011980700148036,0.007324664333687731,0.005885296557781351,0.004842611120172007,0.004216824651027759,0.004008539666261055,0.0042924334036686185,0.0053570793666352,0.008107596921051624,0.015693936852884796,0.04204822293019965,0.13860440322159523,0.14446008435074392,0.09534219355558504,0.07299335696354126,0.057221250645287616,0.044156786696747115,0.036361037994727896,0.03321004707882468,0.0328492534254852,0.03352223517472132,0.03403119299689234
4247.8,3077.8537382135837,92.2,0.01146745362773421,0.010505277339385324,0.00892044793879888,0.007223151814779058,0.005782355456565491,0.004746864655787742,0.00413667012905409,0.003956897887497276,0.004299691770229887,0.005508319840595978,0.008659007524433843,0.017423477371240368,0.04674904852859642,0.13905983523347148,0.1450297583565671,0.09729728769837519,0.07153271345053266,0.054249832803338706,0.04213539933531723,0.03546580771364642,0.03294904525381949,0.03283876388261458,0.03355868422569843,0.034052532286948524
4247.9,3081.1292534402737,92.2,0.011528337459425218,0.0104976564326848,0.008829354236973614,0.007080563382481541,0.005629166023869107,0.004611642114293177,0.004035956453311526,0.003906269928462485,0.004331099227976117,0.005707368211021117,0.009265690188421263,0.019095838193055246,0.05104258081035678,0.14236531001354621,0.14397663726795518,0.09743041539896309,0.07125463213683583,0.05328114038238865,0.04107029667858562,0.03461510177104282,0.03236927386357977,0.03251460640854845,0.03342670989569196,0.034009973858160535
4248.0,3084.3947855561564,92.2,0.011867524187143633,0.010634987973739128,0.008732239489691438,0.006844828834579627,0.005361733022724575,0.004378152596694695,0.0038690273745410385,0.003830461911843944,0.004392583554874399,0.006018689024641381,0.010075465816834217,0.02082391957216135,0.05477748502183849,0.1485545822252722,0.14105279267152962,0.0961145225832457,0.07254883038123063,0.053900353672409265,0.040211913890872086,0.033107267632214304,0.03089987770754704,0.03146868699094742,0.03290814103765688,0.033816307823909396
4248.1,3087.599844057899,92.2,0.01187994653754848,0.010601058201044627,0.00864841703436661,0.006737478131295007,0.005257333108742691,0.004292641617231217,0.0038126944767028497,0.003818554004762151,0.004464350035194295,0.006284750742141939,0.010839426064334324,0.02280753352763118,0.059411144727768116,0.15076561244285144,0.1390649195834513,0.09723106808903773,0.0748862482042216,0.05551188858985913,0.04091679006506408,0.03338218117660526,0.031019848955258115,0.031528897919485016,0.03293424296087614,0.03382344686640229
4248.2,3090.8049025598107,92.1,0.011279471277825361,0.010282519238470946,0.008664565360359068,0.006966670629226294,0.005558868890371271,0.004580157888928154,0.0040498792461384206,0.003996008350139574,0.004588594372945931,0.006412591924369776,0.011323024519103093,0.02524840510257971,0.06586658376726899,0.14400692364922188,0.14102138841503573,0.10340279958731598,0.07689900548922507,0.05705937504236439,0.043847061705773314,0.036835007939253685,0.03403623116610798,0.03354372535668919,0.03387741003840807,0.03416249145832785
4248.3,3094.0099610615534,92.1,0.011191673684885857,0.010195941802957981,0.008585448827309508,0.006902422584991877,0.0055143671300233454,0.004558183741645034,0.004054818269042953,0.004040458342370912,0.004708861248138695,0.006716141425816557,0.012137928112403985,0.02744717027752318,0.07052915559386226,0.14518697112586784,0.13934400435450084,0.10433745638208886,0.07907394670464142,0.058800532094763,0.04482080203855156,0.037328026616186796,0.03428428671736013,0.03366115424615355,0.03392305905556119,0.0341793861633201
4248.4,3097.215019563296,92.1,0.011056769211141789,0.01008191646245135,0.008504585337274034,0.006855675326029173,0.005497321806520098,0.004567416034924499,0.004092419710612187,0.004119872331559246,0.004870599549325662,0.007078561557317217,0.01305472381961635,0.029807404417235814,0.07516284291151125,0.14584961569678295,0.13771917882671855,0.10496683727684854,0.08061957686976476,0.059915267860522196,0.04536256438405833,0.037568364914331395,0.03439738939278662,0.033716144196919366,0.03394653389254761,0.034189150291280855
4248.5,3100.4300623313998,92.1,0.011550025645632421,0.010332509880237414,0.00846425149994582,0.006629851685260271,0.00521297737327936,0.004308942849924063,0.003907847247185669,0.004053133185276724,0.0050099642281697205,0.00764584225809345,0.01450022456488264,0.03236172585252498,0.07938701763130734,0.15140318369205813,0.13261112770453864,0.10174229527476127,0.08184588732769386,0.06010974149904516,0.04353729026698164,0.03513607778357601,0.032330705391450755,0.03241585253055511,0.03337735867036702,0.03399907274467893
4248.6,3103.6351208331425,92.0,0.010711946940420932,0.009857605742166995,0.008444705760548076,0.006929544732630893,0.005654740108855883,0.004776410083506805,0.004349721734514886,0.0044570053399748755,0.005381681189367774,0.008025129648183603,0.015194140741523622,0.03500099037380953,0.08445476150776195,0.14563207159344266,0.1344317878115686,0.10281167321434292,0.07764297305667307,0.05748906266192795,0.044163634928283325,0.03719664631473918,0.03440207186281818,0.03381312011462986,0.034010388543295474,0.03421039283765688
4248.7,3106.8401793348853,92.0,0.011447471127459334,0.01023542515915807,0.008395174868105534,0.006609646247617553,0.005252961501110411,0.004418638942384186,0.004109779931194139,0.004406331766672283,0.005662727505888524,0.008957220480554135,0.017173544098503614,0.037286904450125884,0.08858903901821052,0.153199444258539,0.12629675561676224,0.09730763621658801,0.07781744089105742,0.05599264680626414,0.040176809357901314,0.032665703838663816,0.030635477175092626,0.03142173109804538,0.032958420573953616,0.03386363527934493
4248.8,3110.045237836797,92.0,0.010913272277655569,0.009877423013106356,0.00827076804574339,0.006675132927971392,0.005446043357296756,0.004691906883488153,0.004437289212603654,0.004788044834897211,0.006137890953391979,0.009635667246964403,0.0182616173704893,0.039511966294720174,0.09328837662987557,0.15269791777001926,0.12382102788741763,0.09504491725958185,0.07486193757765484,0.05482338166114093,0.04102975007765709,0.033900077078442725,0.03149621565604878,0.03183194169441854,0.03315346721824176,0.03403335291724779
4248.9,3113.249750280161,92.0,0.01046779693371747,0.009590380943622976,0.008193401477311702,0.006759662112767622,0.005619793472229777,0.0049167072841465945,0.004719503717943477,0.005171930513561132,0.00670252816080697,0.010478843301822098,0.019453978989592,0.041556731157897715,0.0984330082797806,0.15200869138857553,0.12112467176888032,0.09253582281576307,0.07186014626300047,0.05181777390098661,0.038384638237865414,0.03219817398892076,0.030716969801132425,0.03166893286528441,0.033152819579766186,0.033980056606229624
4249.0,3116.4548087820203,91.9,0.009612734254996796,0.00908817194497061,0.008178875887523335,0.007143470222757604,0.006229133051027156,0.005607984658657409,0.00540816668945527,0.005816350505365874,0.007282519412040831,0.01104612745044199,0.02061666358632492,0.045448216184508186,0.10165068556659008,0.14567882875844476,0.12428939730454297,0.09334507757866645,0.06913620311148164,0.05162819153270111,0.041011586532886946,0.03574360893146148,0.03381789412574809,0.033620427910131784,0.03396175490426011,0.034194672614669394
4249.1,3119.662362366855,91.8,0.009543975767107887,0.009073700115781212,0.008251086978667851,0.007304127110814732,0.006463528255172768,0.005904401560759661,0.005771199454527313,0.006277716947644734,0.00792092462290044,0.012031237192061485,0.022311744156136366,0.048773464433362515,0.10680872991119304,0.14493067281233146,0.12214685154096956,0.09222809032736938,0.06854609012745777,0.051353418640196206,0.0409412503844854,0.035775355151632826,0.03388159706491304,0.03367136174720818,0.033985755748539945,0.034201840346058
4249.2,3122.869915951754,91.7,0.009532760609856845,0.009109376676979024,0.00836394151695972,0.007499297519685431,0.006731543595702047,0.006238015908541878,0.006178767661176091,0.006795010798365412,0.008631497700078605,0.01311011021620494,0.024145842705242157,0.05241386495911301,0.11194926880143971,0.14379834515051573,0.12065203971290389,0.09233172009822586,0.06909559198539048,0.05178258445717151,0.04121840229088939,0.03596149087838151,0.034007068275977104,0.03374387355359831,0.034015585323451905,0.03421090528244339
4249.3,3126.0774695367054,91.6,0.009682461380763174,0.009267009669924373,0.008541899412310552,0.0077100156618973275,0.006986610333466629,0.006552126004552972,0.006578082215065184,0.0073290906162220195,0.009392217422870185,0.014261076840922942,0.026043988051440717,0.05648129486113699,0.1185572133377193,0.14224690259193584,0.11837032371844171,0.09313586598071216,0.07079693414625275,0.05264762400042721,0.04133121091873379,0.03576413808427905,0.033770600512835314,0.033589520731430525,0.033954729202710865,0.034197690608762966
4249.4,3129.2850231215402,91.5,0.009743889020877486,0.009376505364589713,0.008733538286540665,0.007994396418662123,0.007359196991383221,0.007009096650043245,0.007130004553626124,0.008011155183030303,0.010276328149469906,0.01549106199290597,0.028061015837096255,0.06083895948461023,0.12320892176394424,0.13959821477468504,0.11694780052188745,0.0944102345833533,0.072600043646063,0.053771004184057176,0.041876624419214366,0.036024701755010005,0.033901397149602455,0.033652984710300836,0.03397948339368742,0.03420618184778911
4249.5,3132.4925767064915,91.4,0.009835343252904747,0.009519707011350903,0.008967171506360937,0.008333416968116365,0.007801415665102603,0.0075501673419380725,0.007776940441753398,0.00879059959282529,0.01124319964254684,0.016776263332603042,0.030191111458689978,0.06556201985182888,0.1267827756595991,0.13639422207466287,0.1154906249989198,0.0958606950011144,0.07472884686689925,0.05517696938541031,0.04260834662442922,0.03639742575365633,0.03409372854640538,0.03374458310061052,0.0340135022829511,0.03421725079845513
4249.6,3135.7001302913905,91.2,0.010346098316678274,0.010028057526140851,0.00947674012540882,0.008853113618693167,0.008345285138629813,0.008138883157778538,0.008442421705231231,0.009584659800118406,0.012262551865997097,0.018269662409156097,0.033031939592222025,0.07188158121440981,0.12946606697482715,0.13276984686442686,0.1143298832561423,0.09762049471216523,0.07688648489789784,0.0564462531050686,0.04319934932535394,0.03666830426888613,0.03422329335758934,0.03380488519257259,0.034037018365401114,0.03422641943513047
4249.7,3138.9076838762253,91.0,0.010872204822913465,0.010579185005198851,0.010067157601557129,0.009483945789729692,0.00901216169103364,0.008845025146185277,0.00921133018372817,0.010481977563197235,0.013452670781774095,0.02018313131239592,0.03669902877610995,0.07744209962000857,0.12787055936327454,0.1312385328183625,0.11541241982208326,0.09817727832954283,0.07699552928179224,0.05718603069595443,0.044272106306684426,0.03764987730374271,0.03492826018019771,0.03419463983533496,0.03418815858547748,0.03427130899745645
4249.8,3142.1152374611765,90.8,0.01173374292981546,0.01138775579195475,0.010800345679287693,0.010154663441217565,0.009658706744208986,0.009517644695158388,0.009967418478708447,0.011391414048128478,0.014633936846022827,0.021983500122798566,0.040440557690328706,0.08529707498357487,0.12804327733000542,0.1267506619593302,0.11492410529807909,0.10144925914060389,0.0795540411369758,0.05770337936341311,0.04384585705395776,0.037059835502181844,0.03446585470945928,0.03393654832569555,0.034093565720382815,0.034249912071334564
4249.9,3145.3227910460755,90.6,0.012706518540948184,0.012313036509308935,0.011654033316332756,0.01094213455502301,0.010409686675800025,0.010280675500205763,0.010812204996920859,0.012432434575204012,0.016104703095332774,0.02446510866937047,0.04526455920861915,0.09112743182986731,0.12508207176143857,0.12479031931954142,0.11643879041911459,0.10291621117154193,0.07941010228957239,0.057156385702295184,0.04349379469795649,0.03690176218564124,0.03441343004417699,0.033928541062373044,0.03409714367690858,0.03425352746286705
4250.0,3148.5296742682135,90.3,0.014524066364011396,0.013932028390149658,0.012964908937743528,0.011948338279406093,0.011196859991154908,0.010978772065725178,0.011589774558496411,0.013538484556029766,0.01798754157315973,0.02802212725265279,0.05175423316722164,0.09562103491324059,0.12112551323840816,0.12361660548697505,0.11879274112819044,0.10395900381142387,0.0782580562431804,0.0558150852526734,0.042642436214872716,0.036444065495247126,0.03419795231436577,0.03384433373814609,0.03407517328136738,0.03424896391779236
4250.1,3151.8025476235516,89.9,0.01700214727393801,0.016037825289841195,0.014533391301249182,0.013034292825442413,0.011975141847784013,0.011663321700692291,0.012427364564689356,0.014878758576218993,0.02043288799370147,0.032614432553773366,0.059072623645788,0.09768211970131019,0.11673160103751216,0.1232972191108864,0.1220391090189226,0.1046049480563586,0.07599061376164692,0.05338269647372527,0.040957552900798805,0.035436555928444594,0.03366767234288493,0.033617207813923154,0.03400537420280225,0.03422947753027808
4250.2,3155.064586862988,89.5,0.020034783744575912,0.018510044782212468,0.016267420687757196,0.014178657400541752,0.012798423339381516,0.012444825558250208,0.013477266282169754,0.016649419967131887,0.023666821807723913,0.03823144004548756,0.0659094513051264,0.09671088443479813,0.11231258524627727,0.12374693941578485,0.1255263589421593,0.1049580406856624,0.07405993155740832,0.05162426391993248,0.03986862357132346,0.03483877101467912,0.033374506613872264,0.03349981838490477,0.033973387252161424,0.03422258017421572
4250.3,3158.336589307891,89.0,0.023407854927818238,0.02153788359085352,0.018749763446910307,0.016137468786464347,0.014413469218022808,0.013979588722513057,0.015284886425636595,0.019258868712740716,0.027752003254083363,0.04350119795661997,0.06808222999133004,0.09481423769717844,0.11427034444454971,0.12491574469991631,0.12026917550958863,0.09981179984222906,0.07487084773321756,0.05552544205751611,0.04388102828331429,0.03797992874490426,0.03544618592114155,0.03457834634011808,0.034357280996597565,0.03431823426486479
4250.4,3161.5995021170265,88.6,0.02600180297474008,0.024063484132543268,0.021179863484719435,0.018493989611902458,0.016771241206357205,0.016470850470374946,0.018098389080693,0.02258495338258382,0.031512896811611346,0.046773595115804714,0.0691155652068524,0.09389871143774328,0.11366386636307912,0.12324687257679308,0.11718005526440488,0.09802699517482337,0.0756533914860213,0.05756849754111698,0.0458142688507767,0.039329494895336325,0.03621909784517104,0.0349275395327111,0.03446861397851468,0.03434553011854911
4250.5,3164.871504562045,88.2,0.030980337699992585,0.028124781130795935,0.02413264527124958,0.02066275703729296,0.01859794212350605,0.01836006612177244,0.020442106389516126,0.025777038188347,0.03570274939263542,0.05131456028186484,0.07229844140852633,0.0940741172860517,0.11177691034268378,0.1211085856404542,0.11585294118207062,0.09781419945734983,0.07636504156802193,0.05873835865991081,0.046975308540339086,0.04021699219326493,0.03678939455757123,0.0352438971677659,0.03462325291370172,0.034432354707591754
4250.6,3168.1335438014817,87.9,0.03617431708379149,0.03233457404989059,0.027251015730440552,0.023088138892407833,0.0207856061937905,0.020701278494317122,0.023287364776292476,0.029366142447590664,0.03983310280334352,0.05511083952381546,0.07447027710998658,0.09389259469883846,0.11028749383051593,0.11959611462013592,0.11500594685401995,0.0976169782950327,0.0765926155209518,0.059208990911393804,0.04751479788090445,0.04068655356887718,0.037131316205370614,0.03546044655901201,0.03474592989026501,0.03451040972921751
4250.7,3171.4055462465003,87.7,0.040283440133738385,0.03607669294174996,0.030595365568672112,0.026195696603128194,0.02387017537473211,0.023974580440081338,0.02688942328046437,0.033176037072826944,0.0432984718505738,0.05757125469094368,0.07543835427572056,0.0935157406970569,0.10913023168693223,0.11797123891551022,0.11361146412876597,0.09687769921199212,0.07636828251989847,0.0592404154547083,0.04762749067116271,0.04079597420265704,0.03720879781425735,0.03550456823942719,0.03476679213984889,0.0345214157705816
4250.8,3174.668459055636,87.5,0.04756950002819748,0.04157298528716189,0.034319390552118204,0.02893240502822731,0.02633681569434601,0.026687160654927423,0.030186997871993235,0.0370744725348361,0.047314674325884126,0.06098493017458854,0.07732779159703976,0.09340901016118325,0.10792714532333822,0.11701708935667696,0.11336645675035556,0.09654770842897133,0.07557965469993642,0.058366064919802146,0.046998316381518024,0.040468737005475375,0.0371060263831465,0.03552714687902434,0.03483381880866329,0.034592205361824925
4250.9,3177.9404615006547,87.4,0.05308567856656807,0.04632360073413608,0.03833601216604425,0.032561782504482384,0.02991349154880644,0.030435722999256214,0.03410783366221545,0.04080332581814087,0.05034426834237037,0.06305465879416565,0.07815986042404428,0.0930725037956029,0.10677596918876568,0.11564373549269154,0.11243073315634984,0.09580781263614467,0.0746965292616147,0.05746325485083273,0.046264511900169634,0.039969104220174724,0.0368163207248476,0.035389210578717974,0.034783469989449894,0.034574322283816364
4251.0,3181.2124639456733,87.3,0.04600024161731332,0.044996524071548055,0.04348254908210969,0.04212330541252594,0.04152891659126601,0.0421338150789859,0.04420677554785599,0.04795888442820934,0.05366592498020636,0.06153615482628838,0.07121242553220868,0.08149452743645937,0.09024481017275686,0.09442622807087338,0.09171399989000911,0.08241167704923458,0.06941037543167237,0.05622486989902874,0.045436435504934904,0.03862468179647652,0.03560519820080716,0.03457131813189473,0.03429330401371957,0.03424330448330451
4251.1,3184.581751704149,87.2,0.05071538834741109,0.04974280811740302,0.04826694714580797,0.04691842950325615,0.046274044498099076,0.0467341418151115,0.048535977037268495,0.05186807006163604,0.056951840313336784,0.06385794314689139,0.07213541223683509,0.08069141673684473,0.08765406951015271,0.09044507902606297,0.08714091632639955,0.07803138360243903,0.06567610436587153,0.05330443710173481,0.0434256149847323,0.037580676335095875,0.03519178459706765,0.03443837147984407,0.03425906074506936,0.03423320485551841
4251.2,3187.96098238585,87.2,0.05456389699392252,0.05387800654200776,0.05281994095049558,0.05183475139126018,0.051363599414540585,0.051748471342103836,0.05322771277257884,0.05599532283189896,0.06020003830337882,0.06576606680451265,0.07218159672437743,0.07844327459567589,0.08295064024804762,0.08371976103356475,0.0794537491479294,0.07061185249147182,0.059390858186931086,0.048560638510568306,0.04046322142302784,0.03629664424697269,0.03476045462847104,0.03432019234691627,0.034232865338840374,0.03422610217397591
4251.3,3191.3412930225772,87.1,0.06340808064413264,0.06163155947680438,0.05886219927114253,0.05606843864910473,0.054029002675013926,0.05321817581198064,0.05392361739340552,0.056424840422686195,0.0610134498017994,0.0677347366848414,0.07612111479745834,0.0851281439967459,0.09269330275949497,0.09558519659720222,0.09110725170386005,0.07965431033434178,0.06509580075092797,0.05186024213301564,0.04254119495817227,0.0374778613615717,0.03527614832088621,0.034495357398570285,0.03428213751403846,0.03424492922277334
4251.4,3194.720523704179,87.1,0.07241368675450656,0.06952282962595081,0.06506950090623641,0.06052653208026442,0.05692757038350014,0.054834119628784206,0.05460211912981498,0.05661812789359778,0.06127469132954272,0.06863489664094344,0.07814978946152368,0.08872359494795737,0.0982771832720237,0.10299835723845897,0.09864989894008432,0.0849829514395105,0.06772251815807843,0.05299349101507691,0.043263089983949315,0.03799785800502357,0.03557539764961181,0.034639448548016503,0.03434704258369514,0.03428227098207787
4251.5,3198.09975438588,87.1,0.06821156911450993,0.06806136123963522,0.06778218203237724,0.06744610163675047,0.06717294212773048,0.0671022360857695,0.06735914825877747,0.06801905921142294,0.06907088635923236,0.07040020941166973,0.07181065679949407,0.07303930853822467,0.07375164288280554,0.07357865864283185,0.07220045215396778,0.06944159447206669,0.06536292232588249,0.06025397865372704,0.05448421036106288,0.04835513363341737,0.04208501108233235,0.03595646327927947,0.03433864105894544,0.034230956644579626
4251.6,3201.4789850675807,87.1,0.07207751352197793,0.07201847797642898,0.0718912324726334,0.07170511742584665,0.07149478500542382,0.07131301549251036,0.07120634335334546,0.07118623452517346,0.0712153866658564,0.07121501744393201,0.07107728697618455,0.07066876135918679,0.06983287690580471,0.06841065774246216,0.06627387114004935,0.06335666979957565,0.05968059718386266,0.05535325396431644,0.05053071832670302,0.04537918633826167,0.04008434105909564,0.035000002757329486,0.034261254469971206,0.03422497717540119
4251.7,3204.8582157491824,87.1,0.07641965695124615,0.07628667418152953,0.07596675763894811,0.07546145632200628,0.07485996058334596,0.07432048849627113,0.07399522222595592,0.07395289473629378,0.07415629667259464,0.07448596918314601,0.0747558301713701,0.0747025662292832,0.07398659494857046,0.07225136837759642,0.06922534231735092,0.06482543847298916,0.05922301169643556,0.05280184154145753,0.04603228258256783,0.039457965629288654,0.03496091748255236,0.034293158715126115,0.03422747223603351,0.0342235295284769
4251.8,3208.227503507758,87.1,0.07982278793344291,0.07972683099849812,0.07947412324992953,0.07903996476297541,0.07846235712948346,0.07782845514528573,0.0772147474178661,0.07662634605426037,0.07598505113583222,0.07515275821948655,0.07394690891022769,0.07214785581761712,0.06952629928315575,0.0659050185990425,0.06123059914718372,0.055625234630422585,0.049407972016864116,0.04309553044983762,0.03753461780097259,0.03485676866536386,0.03431037041348784,0.03422995095574742,0.03422274322491836,0.03422308055534969
4251.9,3211.6067341894586,87.2,0.08261906250488665,0.08256449133642514,0.08234893208270394,0.08190470320187383,0.08124925671340745,0.0804735290278601,0.07966248671955857,0.07881867859541959,0.07785582065215742,0.07662902145025993,0.07494728587122924,0.07258740982591066,0.06933561105879103,0.06505465382086974,0.059753614148743896,0.05363631935534367,0.04712253792585954,0.04088513291205612,0.03618850174424168,0.03460701320668513,0.03427706681630908,0.03422643679947924,0.034222377704229624,0.03422303225270074
4252.0,3214.985964871176,87.2,0.08719908469008983,0.08712473127326613,0.08676109879387574,0.08598745164570612,0.08487189529785039,0.08362771957478211,0.08243447268529444,0.08129043839388037,0.08001290713924458,0.07829886626198355,0.07575984959465894,0.0719955370846326,0.06675215959575811,0.06011826172330608,0.0526508916893255,0.04536456137623426,0.039586931235500764,0.03628041264100817,0.034872226442167496,0.03437851517938217,0.034240273628072436,0.034216122844779644,0.03421862242399939,0.03422235081818438
4252.1,3218.4812903209363,87.2,0.09026440794680438,0.09017458308182892,0.08978743459044444,0.08898705001340429,0.08783377764904321,0.0865155163783744,0.0851777764624789,0.0837939013856313,0.08217435445142672,0.08002421710879958,0.07697949447756304,0.07268784878569862,0.06696572067849463,0.05997660822918759,0.052329707474789565,0.04504995890060012,0.03941619476955898,0.036233712366971704,0.034866275017138286,0.034380023770262426,0.0342418225151454,0.0342169240889365,0.034218915058415046,0.03422240002271495
4252.2,3221.9666884330145,87.3,0.09052649457826528,0.09050427933261661,0.0903104784782,0.08983774063404469,0.08907935626434497,0.08811213357964139,0.08700308702638732,0.08573677823889542,0.08422391275700167,0.08232812512051382,0.07986986187108948,0.07664880345220516,0.07249443854131003,0.06732829001346026,0.061221234151791044,0.05443033812774139,0.04741438453268837,0.04088885283822678,0.03622729694067816,0.03464346609728162,0.03428838721509598,0.03422883016856803,0.03422280569486382,0.03422308768429334
4252.3,3225.4520865450927,87.3,0.09488484896998559,0.09487323459361163,0.09457449072365474,0.09381842162232093,0.09265158229565644,0.09127703081051448,0.08984866768045906,0.0883320211213537,0.0865295068371218,0.08413519169751026,0.0807622189420977,0.07603950428302912,0.06978956780965516,0.06221119112749397,0.05396815434199223,0.046138444300392295,0.04003401709457843,0.03651345255595815,0.0349698733715904,0.03441127972168428,0.034249365922959685,0.034218448434176485,0.034219224495013745,0.03422247288818971
4252.4,3228.9474119950805,87.4,0.0948132090523855,0.09483637380760132,0.09468645098962473,0.09422308893785614,0.09343984919253755,0.09243793673606893,0.0913037736751183,0.0900243311183284,0.08850476569195241,0.08659464930341325,0.08408584341562128,0.08074220035500257,0.07636149720321032,0.07084705529222173,0.06427420814450595,0.05693065591481267,0.04931900704846621,0.04217466481535711,0.03678471269576283,0.034776705372503776,0.03431283702806056,0.03423219699849185,0.03422315470767762,0.03422314308849005
4252.5,3232.4328101071587,87.4,0.09815675973243299,0.09825311813352021,0.0980871020510624,0.09742699803508736,0.09631647818622853,0.0949983580121307,0.09365690153906112,0.09225806418866615,0.09058936919164626,0.08831079320481665,0.08497179638277194,0.08012740016456095,0.0735473276731157,0.06542468794621299,0.05647566638314575,0.04786911682934466,0.04101705131385508,0.03694336459231253,0.03512347507797052,0.034456187099306965,0.03425957431641803,0.03422014798212069,0.03421944784667809,0.03422254000605881
4252.6,3235.928135556919,87.4,0.09972716300635527,0.0997928151263577,0.09961013900257126,0.09898011940346921,0.09794342664353936,0.09670641108055532,0.09541147225464282,0.09399793221325706,0.09223872071244381,0.08978693285067556,0.0862006518846955,0.08106312754859196,0.07418780616435745,0.06581474684979188,0.05669141832571889,0.04798956195180799,0.04109601006533776,0.03699326266109715,0.03514814042213935,0.03446604129346574,0.034262950767246794,0.03422120816835626,0.034219736438849846,0.03422258067031514
4252.7,3239.4135336691133,87.5,0.0990328255646719,0.09909723816560126,0.09901307478478275,0.09862933277488516,0.09794069052376268,0.09705323283620815,0.09604959974472171,0.09490415891604363,0.09350495396576455,0.09167424156739491,0.08916504251888055,0.08570118052463092,0.08105005006984536,0.0751038140240082,0.06795465835977131,0.05993561241628634,0.051605549765399966,0.043731856468852345,0.03754604931378439,0.03497379581440411,0.03435168798356634,0.03423801445291559,0.034223804845190865,0.03422322936857699
4252.8,3242.908859118874,87.5,0.09983584759112543,0.09986361003338246,0.09975929702454028,0.09940646056598455,0.09879033324744131,0.09797091134534258,0.09698415776055935,0.09577980427457258,0.09423706730136068,0.09218160083554959,0.08938955845852858,0.08562651715515818,0.08071150989892391,0.07458557035857062,0.06737044315861801,0.05939714905487377,0.051194429905688676,0.04348952569404756,0.03746635740239474,0.03496119253520453,0.03435100870671455,0.03423837187223054,0.034223946625286356,0.03422323571436162
4252.9,3246.394257230952,87.5,0.10041657218134296,0.1004194798549763,0.10030125693360611,0.09996846358365286,0.09939995265177784,0.09862534052724146,0.09765028774262302,0.09640880719752307,0.09477417522727159,0.09257349267428239,0.08959667128411854,0.0856344489614602,0.08053701812357048,0.07427517091062473,0.06698961572168324,0.05901297491296993,0.05086113436857004,0.04324814406323545,0.03736435959724262,0.03494624005474725,0.03435039035345741,0.03423870395524307,0.03422405197840265,0.03422324240332052
4253.0,3249.8883951789912,87.5,0.10083018517853061,0.10081425415476682,0.10068545763013559,0.10036766754884924,0.09983503763462667,0.09909477669844664,0.09813039091022034,0.09686442903239946,0.09516555602303005,0.09286158546915221,0.08975222308929783,0.08564627510772108,0.08041632948579981,0.07405462185497823,0.06671571758183704,0.05873398504129992,0.05061706999538481,0.043070841336670204,0.03729157854410999,0.034935887492945183,0.034350089178724875,0.03423898059947081,0.03422413771143537,0.034223250905351166
4253.1,3253.4246361209816,87.6,0.10080977864447925,0.10081906043807452,0.10073643039714648,0.10047927748805395,0.10001615770476467,0.0993514474828631,0.09846752064399263,0.09728521897366056,0.09566914572164839,0.09343931981083001,0.09038546604559732,0.0863087653746503,0.0810784112257251,0.07468637143483602,0.0672898435738187,0.059228746721534935,0.05101659927063063,0.04335886541098102,0.03743114764168922,0.03496796071710964,0.03435566534685722,0.03423972804476907,0.034224215863987925,0.03422326129165809
4253.2,3256.9596750175147,87.5,0.10166256303421116,0.10160883527880739,0.10144884981503934,0.10113738906886108,0.1006468626023392,0.09995587427007539,0.09901862844666402,0.09774201985760851,0.09598615220607595,0.09357568925231635,0.09031807211477526,0.0860389931210617,0.0806335274745073,0.07411831867287252,0.06666716996276768,0.05862207046485197,0.05048713816755937,0.042962710860333396,0.03725055587811282,0.03493367686079949,0.03435142819094866,0.03423953133477413,0.03422427126372867,0.034223272658792395
4253.3,3260.4947139140477,87.5,0.10211166410693688,0.10204948379605566,0.10188535843776844,0.10158425658614494,0.10112147730765321,0.10047211129223464,0.09958553165235004,0.09836438493799907,0.09666268201153753,0.09429691257662462,0.09106611915122509,0.08678828640284356,0.08135350960356963,0.07477862314491113,0.06724313733187577,0.05909842535437372,0.05085806178562635,0.04322607986776636,0.037388817484702214,0.03497279222539629,0.03435980553047484,0.03424088657434215,0.034224436324368744,0.03422330063962297
4253.4,3264.0396821790773,87.4,0.1035951386740575,0.10347604104930617,0.10324202178957326,0.1028984597171605,0.10244079026962134,0.10184432014751536,0.10105279266319454,0.09996279408303685,0.09841533678988086,0.09620682578830801,0.0931108812072592,0.08891235309410805,0.0834688278353628,0.076780136686115,0.06903086774573076,0.060596270311549565,0.052021118843967915,0.044027278988400545,0.03777148149984303,0.0350632006051943,0.034375830935164185,0.03424299485482957,0.03422464147686354,0.034223343993730164
4253.5,3267.5747210756103,87.4,0.10415379294519247,0.10402315718636011,0.10377577815843635,0.10342924784505357,0.10299087726855072,0.10244526984669937,0.1017411807510059,0.10077383696716569,0.0993753853949687,0.09732684136811184,0.09438025868083537,0.09029363160633996,0.08489898800950517,0.0781810928525046,0.07032529032004675,0.06172263766816903,0.052940396468070534,0.04471269506436339,0.03816317777745559,0.03517342020179946,0.03439894852310354,0.034246656195224656,0.03422506031415093,0.0342234076712645
4253.6,3271.1097599721434,87.3,0.10707658688087078,0.10632754945050163,0.10519038113640662,0.10405883648798818,0.10323476882488165,0.10289800839521578,0.10311862670119662,0.10379151366182561,0.10452546001725387,0.10461377641767838,0.10304472432380593,0.09864386557793435,0.0906377451452182,0.07935480009293476,0.06639133152260943,0.054056220816699564,0.04448463172966463,0.03867632211988881,0.035858693963923986,0.03470536483226586,0.03431995417667679,0.03422797105127195,0.03421934471176538,0.03422290379429282
4253.7,3274.6547282372835,87.3,0.1074861244289108,0.10674175570659337,0.10556030174954158,0.10432381451264683,0.10337718613376502,0.10296772835568734,0.10320983474420341,0.10400466692990325,0.10494961188851241,0.10531587342820424,0.1040441908340174,0.09988182510596592,0.09197079388938653,0.08059794651736782,0.06739249399616239,0.054748482550063496,0.04488502033114911,0.03886544565467656,0.03593481850531318,0.034731473232958825,0.03432714553119624,0.03422939750500595,0.03421950492839748,0.034222919166256215
4253.8,3278.1897671338165,87.2,0.10722860791198029,0.10691822516331204,0.10640073287157159,0.1058048334930725,0.10523695885854775,0.10475051048796476,0.10433111598559289,0.10387568136109214,0.10318005587392215,0.1019587749948822,0.09985882392847024,0.09648052753003888,0.09148426453410971,0.08473889959096123,0.07641293597503918,0.06698283101893261,0.057159177282670136,0.047789604129830195,0.03995085569063049,0.035651320083148294,0.03449046414896806,0.03425996117971426,0.03422646652551467,0.03422363083975399
4253.9,3281.724806030234,87.2,0.1092538684663079,0.10835649235067726,0.10687063880325665,0.10524405057526785,0.10393212631568682,0.10328752486176614,0.10348050353451776,0.10442013257733095,0.1057015922935381,0.10660187282070019,0.10604065524449793,0.10265614666755787,0.09538234242005977,0.0842778143962479,0.07084572158850823,0.05752841616895104,0.04674000872523006,0.03986536607800963,0.03639249954441921,0.0349098068250801,0.03438357610658356,0.03424306018337108,0.03422189402458138,0.03422336758907288
4254.0,3285.2610469722244,87.1,0.10840884537851922,0.1079501691194684,0.1071567377098848,0.10624157553888885,0.10543160852669592,0.10489761720659564,0.10472223116197674,0.10488279899762552,0.10525387580048402,0.1056330891720053,0.10572532030885186,0.10510477701789774,0.10328382010249969,0.09985735833744624,0.09462530541807776,0.08768464196380353,0.07942190309990414,0.07034969089869446,0.0609293902487841,0.051541012802738616,0.0426262941073271,0.0354506684665508,0.03433493574444112,0.03423361073580609
4254.1,3288.7904945210835,87.1,0.11158264643524375,0.11036904516477784,0.10835160635868639,0.1061238773326198,0.10425529538277438,0.10315795300140361,0.10304855046080992,0.1039299293208198,0.10560008407953543,0.10770070757763592,0.10964535642316382,0.11046614055201304,0.10897514567482408,0.10423264418387855,0.0959815107772844,0.08488019840440195,0.07228377562090653,0.05966060542797973,0.04827931534829687,0.03972077512452031,0.03583230431037616,0.03460840970886324,0.034296917592123166,0.03423963039260368
4254.2,3292.3199420699425,87.1,0.1216535232394508,0.11711443185688011,0.11044984373101173,0.1039519646415106,0.09901240709483082,0.09628138039213073,0.09605507648613729,0.09839090936462867,0.10305268328890914,0.10958891360399758,0.1171469957570243,0.12367105149724915,0.1258434299271522,0.12065202384456808,0.10755615504766035,0.08959053067075086,0.07139299223582962,0.056310741772400474,0.04570864643110034,0.03944549403330594,0.03630865949720553,0.03494782409413716,0.034442338393925534,0.03430471764721467
4254.3,3295.8493896188015,87.1,0.12263216620364284,0.11795166885600068,0.11109051627405449,0.10442559517452932,0.09939415724988356,0.09665431119511719,0.09647984745385274,0.09888785450365745,0.10360129863211145,0.11014109152008232,0.11763758400383417,0.12402392601079018,0.1260245652417713,0.12074093466477023,0.10773393945229079,0.08997524910189604,0.07194174695389442,0.056882083661207956,0.04617101851082129,0.03974777192260366,0.03647492093333996,0.03502501066208656,0.03447239554039849,0.03431802736494098
4254.4,3299.3699577547586,87.1,0.124686636336605,0.1193929727497567,0.11172134156871019,0.10437075215760233,0.09890143574714001,0.09597874083391673,0.09584749248393899,0.09848596700614619,0.10357074631859045,0.1105885940918382,0.11866259772059563,0.12568309286656898,0.12825738618008478,0.1233351782982809,0.1103647924198405,0.09237707532682797,0.07400345343648386,0.058555490339610175,0.047395674423839226,0.040514685631960534,0.036888422678139986,0.03521842662749205,0.03455052472632749,0.03435427172138544
4254.5,3302.8994053036176,87.0,0.1698241083974218,0.1317287940636296,0.10333618123453597,0.08949137386514804,0.08478283931352863,0.08479110767619133,0.08787239354716378,0.09468909094211277,0.10497164316685902,0.11639929246763879,0.1277503256996107,0.13853255515474885,0.1461893228629174,0.14335738217032232,0.1224373494977483,0.0922514187789029,0.0672195498899684,0.05128797917573759,0.042434537406306407,0.03798468476638909,0.03598612715038513,0.035165594627965306,0.034805808838392426,0.03465140102940181
4254.6,3306.4288528524767,87.0,0.17258516339981544,0.1324672185801367,0.10298703190635713,0.08871394799211593,0.08389509411480188,0.08404718127440428,0.0874974042552686,0.09485704059429755,0.10573877554026212,0.11753784361554291,0.12891147163422567,0.13954582144887703,0.14720418877311955,0.14453013815512233,0.12341219714409893,0.09275246914583649,0.06740656295568495,0.05134845377899601,0.042453418323409715,0.03799833318236298,0.03600033909673719,0.03518598680569335,0.03482693379308284,0.03467156386389815
4254.7,3309.9583004012384,86.9,0.17533204570705743,0.13334738055031323,0.1028436666722746,0.08821490126202128,0.08347878832980668,0.08411829331986644,0.08823579851781388,0.09605215296538078,0.10691818052961823,0.1184813750789466,0.12992782700778002,0.14048105933373578,0.1469446698284777,0.14304589422677658,0.12315718673171135,0.09478931433062122,0.07049861769854582,0.05436643398423001,0.0449261438798243,0.03982451082376822,0.037221694866269035,0.035915607188634395,0.03522781706514249,0.03492928482145358
4254.8,3313.478868537296,86.8,0.19367627490384168,0.1323109742951212,0.09641659108913155,0.08264662159736312,0.08067769222444787,0.08410953363629438,0.08981432258317161,0.0982821415274761,0.10917268278648765,0.11975535796086689,0.13002883173110713,0.14046144743743172,0.14849207215907162,0.14640827582669294,0.12472189379141164,0.09254448715878508,0.06632344350547333,0.05010923443169787,0.041366330771186295,0.03716540103528572,0.035455044946668964,0.03490982746362669,0.034740894172496393,0.034664227882971264
4254.9,3317.0083160860577,86.8,0.1923695522668181,0.1325399015642253,0.09669009045902344,0.0824598436015685,0.07993511640483639,0.08305501436908501,0.08895701360777594,0.0980306886204445,0.10970860324147473,0.12088276808452073,0.13117165221038535,0.14105247090516654,0.1484177017869716,0.1461671649454828,0.12498582439014314,0.09328151217698995,0.06714768336737259,0.050822976838846096,0.04192867428320318,0.03758354946921701,0.035742079155821775,0.035085268454247705,0.034836438431615414,0.034724194363024
4255.0,3320.5377636349167,86.7,0.2431897241646052,0.11752695665610917,0.07606414671159871,0.06898918575894239,0.07780630483284266,0.09044679252468803,0.09593295290304824,0.10057788515698811,0.10994136972839998,0.11871220164051655,0.12533124386702654,0.1345290708747338,0.15178547466503964,0.1668146029809337,0.13633927425947762,0.08252423136172254,0.048926895619320766,0.033213163710807916,0.026621393654557905,0.024701177080591195,0.025513717699544313,0.02783797870482003,0.030357537385863474,0.03174778129203075
4255.1,3323.989965830565,86.7,0.23998544588891807,0.1188711257920688,0.07691767531129183,0.06863258895633256,0.07583536086237701,0.08808767799650949,0.09556196624215817,0.10187508536340723,0.11130221840119967,0.11966430842624948,0.1270620711768572,0.1371275512304305,0.15215830497791594,0.16174512613619565,0.13327292999686344,0.08452070699118008,0.051975827778281455,0.03597086590004957,0.029115553489919777,0.027021889295941598,0.02761185771416995,0.0295369508187066,0.03152586375921649,0.0325717911793444
4255.2,3327.432203474943,86.7,0.2447976320648881,0.11615509940813212,0.07399430213697664,0.06617553285235947,0.0742779131556438,0.08803223832240792,0.09621883941493674,0.1023934157359755,0.11170371043000887,0.12005920255255935,0.12770261593546697,0.138096078651312,0.15333078437215472,0.16300588268154456,0.1333545711990293,0.0834666188589589,0.05078573360946493,0.03492132634443993,0.02815797096290513,0.026107871891273917,0.02675769386151349,0.028816880841130463,0.031000142530530402,0.03218046029952727
4255.3,3330.884405670591,86.7,0.2462814792244063,0.11388202571713968,0.07176474396060735,0.0641689232352225,0.07269802345151212,0.0873895954273704,0.09613097548857291,0.10232021594125976,0.11190104038327454,0.12075224997424114,0.128821669793575,0.13933047642341184,0.1542937635118391,0.16335604902566978,0.1324340652455735,0.08196347157965234,0.04946025117419414,0.03385306765453057,0.027236912973319677,0.025265859486738415,0.025993336216343987,0.028184240886173377,0.030545446846072966,0.03184753387005052
4255.4,3334.3366078663553,86.7,0.2461968099815443,0.1116823223625417,0.06968344797132375,0.06215174894122397,0.07084513049862536,0.08636673460292647,0.09595014818549515,0.1024046307456931,0.1123331028239263,0.12172225476445032,0.13031131001890617,0.1408660724052235,0.15491324266368794,0.16231816622795506,0.1305429900445957,0.08053666604003239,0.04853425468514714,0.03318468989644719,0.026664332646145487,0.024721662810036772,0.025471963326576204,0.02772743958407337,0.03019940433645215,0.03158469229205261
4255.5,3337.7788455106174,86.7,0.24394676066893986,0.10953236713123657,0.06780293191643152,0.06023403931820451,0.06887584027173732,0.08500585127501324,0.09551038728655471,0.10242250007914785,0.11294832782871472,0.12313333876639429,0.1322449353743096,0.14247705531680674,0.15493632759480797,0.16010628651581646,0.12801365270220041,0.07917371353257537,0.04785144929829934,0.03275529579353468,0.02630919898489823,0.024379764425422775,0.025135458752995245,0.027424616348941982,0.02996542141266559,0.031405104619562044
4255.6,3341.2302220476768,86.7,0.23964191879947205,0.1075000393633571,0.06614552140332022,0.05841478160806057,0.06675063923421976,0.08319300524733755,0.09471354669722373,0.102375936808003,0.11382565237470747,0.1250605679991371,0.13456831535655414,0.14394320828257787,0.15415241022448634,0.15683699247345978,0.12521108644004716,0.07815849169447389,0.04759459052154761,0.032691407816675046,0.026272684626074943,0.02433013684441312,0.025067375622617096,0.027350029269005167,0.02990153239162773,0.03135344587106393
4255.7,3344.682424243325,86.7,0.23251345761448586,0.10591432315947061,0.06505016562434154,0.05690732411268524,0.06447470753136512,0.08065591058870387,0.09329153491255446,0.10226771998857981,0.11515315370420699,0.12778640454378504,0.13758099843302052,0.14545116543428357,0.1524514521432001,0.1520558228997662,0.122038094330082,0.07865895800290679,0.049582595873491606,0.034741456620523636,0.027910919219622476,0.025500641393607096,0.025854663321248667,0.027865063168449278,0.030241194602566388,0.031621594321177476
4255.8,3348.124661887703,86.7,0.24720136359874714,0.09411326885221474,0.05500899391546364,0.049610173667045974,0.06184576813601734,0.08521859458814822,0.09630485873317507,0.09937193502346114,0.11279729297112501,0.13058568597204034,0.14050121173257982,0.14274174470878268,0.1491413173158238,0.15840323868064612,0.12644503469371032,0.07467759341777047,0.04446196826392033,0.030060832105215554,0.023190425481071236,0.020272985972677373,0.01992543311621941,0.02152664200714157,0.02433741482432129,0.02654977709774677
4255.9,3351.576864083351,86.8,0.21984641800120264,0.09853251921552182,0.05980933896870201,0.052284470252263626,0.06044553706168591,0.07737833362595996,0.08892475725038199,0.09714469022155957,0.1155688310596094,0.13739973846605735,0.14575595619701,0.1434514774521212,0.14650095386030562,0.15297735453234007,0.12429391579001907,0.07676176525792831,0.04731456120446704,0.032719550066042484,0.025705096257140157,0.022817438625506756,0.02261486547539045,0.02434916002061023,0.027041312795509347,0.02894362081717969
4256.0,3355.0290662791153,86.8,0.1542077354614517,0.11003128628435786,0.0796101822085128,0.06614374672677116,0.06348766685705584,0.06809665163829486,0.07832976868656641,0.09452363602452762,0.11661349968352872,0.1381613624774672,0.1520747197794687,0.15555972800112497,0.14893021853547475,0.13396996171417586,0.11105055433145845,0.08552947147408914,0.06467960907136625,0.05082596586484261,0.04273602494825831,0.03848402127069229,0.03646909458991908,0.03557029678483709,0.03512484566766012,0.03492107888253902
4256.1,3358.365066878549,86.8,0.14377936116535675,0.10581198870889665,0.07779777577665979,0.06468387467734535,0.06176257350378836,0.06609977677728116,0.07650983140942999,0.09353326045761166,0.11718097035703523,0.14062314930696906,0.15540626379749004,0.1581100726482701,0.14972545856119354,0.13336221249130423,0.1104368987764712,0.08580431746990286,0.06563424542236242,0.05198557947114128,0.04380467724727372,0.0393318027308612,0.03705719980971956,0.035919930048571413,0.03530417674583182,0.0350250558560403
4256.2,3361.700482894562,86.8,0.1441059767717743,0.1010331188247524,0.07191640982712892,0.059215848960992495,0.05714672663322347,0.06276115595146933,0.07483903003867727,0.09384332629968205,0.12023401109497069,0.1457472089332445,0.1597571629602679,0.16015518064024684,0.15032013617434417,0.13356100530659223,0.10969510634346116,0.08368487788114716,0.06280406149621129,0.04919727911691786,0.04143742120145187,0.03750487155206972,0.03579505004199924,0.03516463811725088,0.03491761945237973,0.03480280267890338
4256.3,3365.036483494168,86.9,0.08962385017791795,0.08527661153639926,0.07972795426130004,0.07565543340381056,0.07449338209536066,0.0768208380038156,0.08295479798645085,0.09316368257102502,0.1070028633833743,0.1224738617057425,0.13667527603244817,0.14641898998372896,0.14936774000782221,0.1456808198817241,0.13710049646448155,0.12612292830827418,0.11535120963912363,0.1063200170260913,0.09916048304578418,0.09324174824309937,0.08798420968164888,0.08329361233992956,0.07953640230664566,0.07757299760120241
4256.4,3368.3724840936575,86.9,0.11933780078815703,0.09008705124478343,0.0668879823519091,0.05546183381746355,0.053079390816265413,0.058021237679961375,0.07008337852277642,0.09057575325306627,0.12077816973443467,0.1518589319665759,0.1679770829631777,0.16566502380114143,0.15194969018376087,0.13285762152053124,0.10906845656841108,0.0843258388463083,0.06428913416648044,0.0508592389274816,0.04291729180026421,0.03866107425844588,0.03657843448626715,0.035600977443732924,0.035102965193026074,0.03487914842263504
4256.5,3371.717883920223,86.9,0.11118662716889716,0.08465558994701196,0.06308739984280266,0.05232579059610555,0.05020657389619197,0.05542023183171588,0.06812769346327979,0.08984774644518434,0.12211748120993049,0.15562267015204523,0.17213924114041645,0.16799211472343528,0.15197233520095568,0.13149424307094226,0.10765347605511957,0.08357069676891674,0.06409279854419782,0.050929807346465586,0.043060148452810885,0.03879279966651801,0.036665855499855536,0.03564496764454607,0.03511567556728804,0.0348802863620276
4256.6,3375.053884519829,87.0,0.09849203330203748,0.07812270578928122,0.0600101488073566,0.05031113774928895,0.04821694626884361,0.05306088109758323,0.06549683846650688,0.08761021558477834,0.12161729800869144,0.15840747863804902,0.1765083892100353,0.17075347475160266,0.15221632576371275,0.12998478042301426,0.10574788755978239,0.08222528543662187,0.06339999248520652,0.05062397502590774,0.04292140815897682,0.038700478730459495,0.036571038198343016,0.03553858022988721,0.035009557980148556,0.03478044411612749
4256.7,3378.3898851193185,87.0,0.09058351328409174,0.07280116213005995,0.056440816953685566,0.04747029205272063,0.04558188579442283,0.05049796196179633,0.06327234887592874,0.0863567433857043,0.12230500314992288,0.16179759460624046,0.18077299401303873,0.1732338111919571,0.15199254300353318,0.12785879682470788,0.10329590810353474,0.08052131092252829,0.06253268255378751,0.050273345928404385,0.04280969947850271,0.038671085780133334,0.036556340667823456,0.03551755901441416,0.034984330906146846,0.0347551377537016
4256.8,3381.7253011353946,87.0,0.08418321685374869,0.06796598170510411,0.05276971713448125,0.044330847640277636,0.042593996823381795,0.047560495430673665,0.06068943402593628,0.08492122710174398,0.12329892011189837,0.1660836785398724,0.18563503152253638,0.17555364940001145,0.15135722240562083,0.12541795165738565,0.10043008691313185,0.07812477647786706,0.06081346946231186,0.04910268014215669,0.0420195142304827,0.03814321058069392,0.036218456672799146,0.035317473107331736,0.03487375313420504,0.03468359279871463
4256.9,3385.061301734884,86.9,0.0828854142069995,0.06498656115322983,0.048990941789990576,0.040446941786944385,0.0388019281984954,0.04406935193231869,0.05817077846300032,0.0845378205276326,0.12621552772537417,0.1719579483519131,0.19048039893614097,0.17709089931403343,0.15007970160906223,0.12284153560201619,0.09781602693265996,0.0760514797995795,0.0593250007540208,0.04806303365960803,0.0412994071941728,0.03766295436049409,0.03593136296158443,0.03517962782717454,0.034830474369349766,0.0346778673843358
4257.0,3388.3973023343738,86.9,0.07633203878782907,0.06066938546864418,0.04614273797252174,0.03812464632234665,0.03645983081444273,0.041396714207307665,0.05519355957767801,0.0820284956588665,0.12584369472819307,0.1753935997551168,0.19500524196748914,0.17929749451900337,0.14979403597124633,0.12127440518466914,0.09610415629305412,0.07478857969729233,0.05855934673931732,0.04763083069203803,0.04105029841768836,0.03750731300962707,0.0358253617676779,0.03510398683865157,0.03477599583266553,0.034634406331914294
4257.1,3391.629530667878,86.9,0.06939363095164569,0.056428802449417684,0.04373915896199672,0.0363957344723524,0.03473416570811623,0.03925118446383967,0.0524132239502845,0.07903978862894458,0.12419795119544826,0.17736774438731284,0.19884483581642323,0.18161734720106656,0.15013698619511928,0.12055809668406998,0.09531325786940197,0.07443903847909925,0.05863334276380675,0.047913142558024806,0.041365077787519335,0.03775962941220258,0.03598092099035605,0.03517034212520398,0.03478558891882485,0.03462297491170894
4257.2,3394.8617590014983,86.8,0.0683899260418783,0.05424805540226974,0.040907490954702544,0.03337598603309525,0.03159795787475333,0.03597470976474724,0.04931718703687443,0.07735211849638318,0.12589131334235612,0.1830924690103243,0.20314687670415824,0.18180889226676228,0.14809526442605064,0.11828032578618292,0.09360453229864019,0.0732968198263084,0.05783436053644246,0.04730631744136211,0.04089214010647107,0.037409578612397944,0.03575396204077125,0.03505337364527739,0.03474374342793939,0.03461269512551037
4257.3,3398.0936315236977,86.8,0.0629726149115326,0.050710155640113476,0.03867917562708241,0.031636321878053805,0.029830492951748385,0.033788097680996665,0.04640058438348002,0.0739824045409295,0.12385701662212073,0.18535949232835175,0.20688690090028958,0.18307123272920559,0.1475897539094056,0.11739243280215858,0.09299790881458128,0.07308237030331276,0.05786353384592452,0.0474200026362753,0.04100236073640564,0.03748318685302642,0.03578598832220046,0.035052707801594314,0.03472617843528945,0.034590480859974994
4257.4,3401.31586677269,86.8,0.05789764446629901,0.047451712659204455,0.03675390095675172,0.03023832977816851,0.028440390059252436,0.03200502032041226,0.04382923853593267,0.07060380315000417,0.12111631150644772,0.1866084481405371,0.2104331537788442,0.1847536987575996,0.14765997849399218,0.11696733764539535,0.09271900711465843,0.07314377581433902,0.058164645810126134,0.04779320288389522,0.04133550926312058,0.03772650667695956,0.03592998341339195,0.03511483550725261,0.03473853505811917,0.03458490965973127
4257.5,3404.548095106194,86.9,0.05212517066988124,0.043664223568198775,0.0345104392218002,0.0286489267464676,0.026906162854109596,0.030058113481333266,0.04094759068390923,0.06651762541852899,0.1173887952814376,0.18801110215739342,0.2149815954578232,0.1863603918834638,0.1472054871635832,0.1161562092986175,0.09205846008716663,0.07259382458433514,0.0576420642531705,0.047292984303197234,0.04088993440099915,0.03736279414863191,0.035659305723186686,0.034931260735935686,0.03462166872067253,0.03450075879785098
4257.6,3407.7803234396983,86.9,0.04897675736313645,0.04122207681432691,0.03266865083750954,0.027072830334338473,0.025297866764774222,0.028121835851296063,0.038358480907585354,0.06326761729612577,0.11504693626352432,0.19050481935226202,0.21946705582496198,0.18765115699254886,0.14680736036362935,0.11573552715952248,0.09199971884583309,0.07271262628263976,0.05773672583147035,0.04730351847936055,0.04083918417827879,0.037289122016513916,0.03559116607639921,0.034882048979872515,0.034591469860829574,0.03448067275139126
4257.7,3411.0125517732026,87.0,0.0438238698135725,0.03779185074777919,0.030746327441296177,0.025884392891703807,0.02425311241061214,0.02674530340736666,0.036045940026744584,0.05929496905026237,0.11012116711676367,0.19006003704569568,0.22414267487056544,0.19036602268469402,0.14778399657889615,0.11634880276008042,0.09258957057008944,0.0731797779584992,0.05800855287163578,0.04741275968493694,0.04085099503751866,0.03725413635010568,0.03553995942582227,0.03483212675682415,0.03455117386150661,0.03444828305795386
4257.8,3414.244780106823,87.1,0.0419573551097981,0.03569258013049793,0.02848037177045153,0.023524422443695143,0.02172660587038589,0.023821512925019668,0.03238347155744302,0.05495569501447487,0.10816937513363843,0.19976323307798582,0.23332658420421684,0.18687757143845327,0.14194257787160333,0.11404196328299206,0.09320721014436825,0.07385622341363304,0.05737629838616719,0.045805339974576954,0.038977044068953796,0.035612796327318834,0.03438093541635642,0.03418057360975777,0.034267365910439045,0.034321457650305885
4257.9,3417.467015355815,87.2,0.03945171508348687,0.033280509873661115,0.026376530773482006,0.021705630689633403,0.01997257458470203,0.02176938549675376,0.029425550981146454,0.05023900930787704,0.10320250399666053,0.20988117513385374,0.2431591225558746,0.17914125256218244,0.1338763146292182,0.11398823394760556,0.09978018964502058,0.07887682059660833,0.057803481726106894,0.04358040187398076,0.03591259467028386,0.03264072287972005,0.0320192212501764,0.032685529822756486,0.0335456541349331,0.03398409723614519
4258.0,3420.6992436893192,87.4,0.03261941348006627,0.029170386954584706,0.024756852229980926,0.021384075988354168,0.020036911280010856,0.021549691179798908,0.027993177428146165,0.04565840217966123,0.09322818705361684,0.20254206323262736,0.2520288312086664,0.18541489493312022,0.13587749840684796,0.11314153643341184,0.0978072324940552,0.07811725087555406,0.05846376622441768,0.044777731213226,0.03714863867135658,0.033711139583120706,0.03283382688624849,0.03319642043581745,0.03380001453302469,0.03411241246349747
4258.1,3423.880249819491,87.5,0.02937424170481555,0.026750469568282528,0.02323800165097322,0.020429995134037718,0.01927071322236014,0.02060319994776732,0.026317917045439416,0.042142785891457986,0.0865191014903714,0.20018328832148413,0.2615112274342796,0.18591386118206946,0.13347212608642656,0.1119941968953497,0.09875734997187505,0.07930033378245299,0.05863412866077442,0.04427312195895491,0.03641977432700913,0.03301458299811089,0.03228141574509133,0.03284724366926277,0.033627434302731976,0.034027900985993356
4258.2,3427.061523149421,87.7,0.024910256457627806,0.023455540120445796,0.021354877242243175,0.01956104370814571,0.018874890539253876,0.02015276735162496,0.02510856518566637,0.03873383854097654,0.07810479759631775,0.19010900449345536,0.2713107056093096,0.1900355704107401,0.13301686278239158,0.11016879210904479,0.097269861962638,0.07893134769076289,0.05883804481739458,0.04455064133728162,0.036648277369128505,0.03319265041218737,0.03241644439566375,0.03293821836137796,0.033677702645242794,0.0340562467037551
4258.3,3430.2325324525104,87.8,0.022397891362913258,0.021378526335672405,0.019862744841295913,0.018544050593618883,0.01810595278366841,0.019351110749754045,0.023874185216294204,0.03623948786506669,0.07244457498888664,0.18169271874120005,0.278592982976193,0.19263457878622117,0.1320126821308191,0.10839044981382613,0.09635173378524557,0.07941072470685506,0.05978070647817002,0.04533063290413453,0.03720114071680409,0.03357070913107794,0.032672532726643264,0.033088237072157405,0.033752249142213094,0.03409476421809271
4258.4,3433.4138057824143,87.9,0.020154696111080245,0.019462944817214688,0.01841528409124736,0.017509373402623804,0.017312381546115516,0.018565657279225732,0.022749567650358356,0.03404967083975343,0.06731932178628049,0.17216673132298038,0.2844324593431028,0.1953968209077377,0.13136141219262104,0.1068444687783341,0.09551659457553521,0.08009055879678004,0.06108875924128955,0.0464931577115823,0.038067820333191935,0.0341908844112681,0.033088801596706574,0.033330231420177804,0.03386373229101427,0.03414635536080377
4258.5,3436.594811912609,87.9,0.01908834934450008,0.018441339811114062,0.017453959411780903,0.016592959428575547,0.01639970422776919,0.017587544626477148,0.02157882549298949,0.03238606748301351,0.0642527063392363,0.16623483833997027,0.2872947569579255,0.19689358129114565,0.13107561157496475,0.10636879856653508,0.09606913884796738,0.0820344917420632,0.06330373190320092,0.04824350454122772,0.03930915913356549,0.035041847523987174,0.03363510183674996,0.03363332931850677,0.03399882172254679,0.03420888683350997
4258.6,3439.7758180426877,87.9,0.0180163567020855,0.017430832870611573,0.016529919605861587,0.01574213005225883,0.015574984545279568,0.01671274398139232,0.020520997592721725,0.030843663322693962,0.06133194011044459,0.16023629939140954,0.2896340031513862,0.19873240193239322,0.13119904843565733,0.10619599861585335,0.09668012389113403,0.08384951819085189,0.06537833258297804,0.04990210031798972,0.04047843213396953,0.035840226500713716,0.03414390898740077,0.033915811091642496,0.03412674297436896,0.03426653168301932
4258.7,3442.947095387897,87.9,0.016938792310650933,0.016426909333652512,0.015635334225141188,0.0149460560182082,0.014828564054668944,0.01593329070454769,0.019566192764324617,0.029396673023203403,0.058497662862647855,0.15451760048914115,0.2923897783013354,0.20053910742019654,0.13150832619286223,0.10658539515717892,0.09809329020823408,0.08621084340402742,0.06754080049979706,0.05139886255069547,0.04143973375276169,0.03645207757456551,0.0345176095097287,0.03411823718531753,0.0342195543414826,0.03431254007465182
4258.8,3446.128101518092,87.9,0.015569820798070734,0.015201755789531056,0.01463548660861842,0.014179205717991424,0.01426237260109122,0.01553837413254348,0.019356012647696253,0.029442197932573064,0.058224359010760014,0.14453227390518017,0.26969034420283267,0.21602579791011486,0.1481825253138845,0.11414768673168861,0.09544549281898773,0.0796072750815665,0.06427589195975981,0.0517825139703427,0.043389219642315714,0.038548491445871025,0.036117641947969945,0.03505378936474748,0.034629449272588035,0.034490254070395805
4258.9,3449.309374847996,87.9,0.014451422025874659,0.014170040265772106,0.013746004550113286,0.013439169339998279,0.013633454022919395,0.01494319702607976,0.018657918028939645,0.02833548331904138,0.05585040208354309,0.13924281229415333,0.2687584839026383,0.21879888233067732,0.14998121080400784,0.11513752999233107,0.09608026787240279,0.08017777060731046,0.0648515560141718,0.05229696048530486,0.04378862239172359,0.03882554127032776,0.03628630346686294,0.03514032650660668,0.034665118339781434,0.03450582532223083
4259.0,3452.480384151085,87.8,0.01377104196982503,0.01352129204218067,0.01315220122492874,0.012909107669779953,0.013162591843262643,0.014519226780620124,0.018267143664874065,0.027949066745870263,0.05516544494770581,0.13552277638962168,0.2612975007229922,0.2222723669477241,0.15472971786840983,0.11754784998278059,0.09613916574812692,0.0792445204727867,0.06421336244396414,0.05223445204500554,0.04404424643138715,0.039141253441480145,0.03652690740142345,0.035273837807392724,0.034716200553400134,0.03452153175047578
4259.1,3455.661657480989,87.8,0.01310912170437513,0.012880418815071994,0.01254477616337944,0.012331376293827882,0.012588310861358422,0.0138898298735269,0.017462312522081275,0.026713733012728405,0.0531101472429145,0.13453225831466556,0.26932695897388986,0.219778877215476,0.14898755665304206,0.11342814827013513,0.09465878887477167,0.07962251558699154,0.06501615370823888,0.052718627358850106,0.04417737099860957,0.03909498784111499,0.03644105117205641,0.03521416262022876,0.03469406793650587,0.03451901826127211
4259.2,3458.8332343758775,87.8,0.012286905610385486,0.012113368803510815,0.011873196935307891,0.011768911428403315,0.012120731108283404,0.013478492538048562,0.017036572141195052,0.02611647694779822,0.051886397624032535,0.13168675923708928,0.26809861102385835,0.22001755486498517,0.14834837974144127,0.11206801468297074,0.09307431278097493,0.07836946911382969,0.06432540853246263,0.0524377481977897,0.04408877545158561,0.03907162820036561,0.03643202394666739,0.03520606979183239,0.034686242950479604,0.03451222047780282
4259.3,3462.004511721087,87.8,0.011469165507147328,0.011349914655381063,0.011205672230590437,0.011215053969721379,0.011672515657223062,0.013105785569421971,0.01668316564221061,0.025655755841286102,0.05092097501800778,0.1290742731226079,0.26581983865156966,0.22046065677008797,0.14825874178671677,0.11097974801923395,0.09133700943891687,0.07663461450870443,0.06308736400676741,0.051730466910411735,0.043725307200094196,0.03888811066763116,0.03633736886024011,0.035156879666760364,0.03466073154479434,0.034496115715943194
4259.4,3465.1760886158886,87.8,0.010586357330411285,0.010653143627201184,0.010841321029534329,0.011243706816182157,0.012033762469562913,0.013598164260100902,0.017067313911490963,0.0266938036997415,0.05776864675334203,0.1299798637263944,0.1889298450989334,0.19669294663347672,0.17745029024008194,0.15651095061968148,0.14081585735555663,0.12981789672962357,0.12251710316107865,0.11818002283347025,0.11606971781617924,0.11517455276735379,0.11451851035909402,0.11369272218380576,0.11286699792744882,0.11240266981992636
4259.5,3468.347365961098,87.7,0.010273572011370049,0.010340066556724446,0.010527072479095474,0.010926538917745778,0.011711203747048338,0.013269677827332493,0.016751391775396095,0.02651044469626247,0.058095263476170556,0.13035793100321072,0.18827027320304082,0.1958338674917462,0.17673265438330427,0.15582930959861963,0.14006529557074326,0.12898453216581093,0.12162300278489634,0.11724958308042523,0.11511863847502359,0.11421907764485728,0.11356955100778197,0.11275080311691232,0.11192745734064012,0.11146377168903748
4259.6,3471.5189428559866,87.7,0.009868209721404933,0.00977676894098304,0.009688059678104658,0.009770008359651266,0.01029424492996151,0.011753283139270996,0.015262739933604013,0.023968305495529356,0.04879619033249006,0.1308593529160009,0.28307573100285166,0.20961127853472503,0.1349353201775683,0.10329937486760306,0.0902962500615562,0.0790050391804649,0.06412384374311819,0.05045659540157253,0.041371435375502766,0.03655865486645082,0.03459307651694226,0.034138246073376816,0.034209527267471646,0.03429863727868248
4259.7,3474.690220201106,87.6,0.0097131294485363,0.00958827746169981,0.009441003430036085,0.009452907982225502,0.009910113389079121,0.011324547098441832,0.014865495396101238,0.02389221039078626,0.05007984838420279,0.13501868015052643,0.277859612746952,0.20853190647148728,0.13637159400949928,0.10464187782520128,0.09068161996231437,0.07831298534766905,0.06306207802763059,0.049571791546882446,0.040760475247703445,0.036161624863525255,0.03435212657169363,0.034010240225326574,0.03415182747798603,0.03427055181757251
4259.8,3477.871792139669,87.6,0.00919260419357049,0.009082651813066337,0.00895975752883263,0.008997568388003734,0.009476351500306204,0.010910314536710528,0.014499860876591265,0.023745937666435547,0.05076165218870755,0.13586807909256643,0.26837165919265205,0.2094585969386443,0.1402043916831825,0.10723904661575884,0.09122087308444041,0.07749077003914996,0.062293425111544044,0.04933322031724122,0.04086717320307946,0.03638229593257612,0.034554505862371784,0.03413929308585176,0.03421036265643567,0.034294666280309465
4259.9,3481.0430694847623,87.5,0.00915379323098154,0.00899997279488901,0.00880143028041907,0.008750517872677329,0.009143722521050453,0.010511606165327588,0.014107672308104429,0.023693096034658793,0.05245974053472623,0.14143740464796542,0.2631751958801945,0.20594803105483198,0.1399128187652881,0.10789817286510225,0.0921753345815437,0.07833508340037589,0.06273352044417077,0.049430469310902975,0.04078981554810637,0.03624966413829947,0.03443241336721144,0.034060109529028326,0.034174763012363975,0.03428139471920547
4260.0,3484.2146463796507,87.5,0.008785241748064816,0.008638684048771198,0.008451564740387519,0.008411579435645295,0.008811484679533098,0.010183661492380343,0.01381160985643326,0.023620654586941885,0.05346954476249415,0.14353082513905535,0.2552729700805977,0.20464150640707524,0.14161969508627906,0.10903382726574136,0.09206773097236799,0.07759572319912825,0.062225550040571946,0.04932318033392812,0.04089615299788521,0.0364084200090071,0.03456522582051577,0.03414245358113601,0.03421457629514323,0.034300998237045716
4260.1,3487.3782045030803,87.5,0.008356274952958091,0.008227160000743201,0.00806989933154675,0.008063645103716727,0.008493931650317447,0.009893360979516898,0.01356684871412823,0.023572546000392207,0.05428244215544307,0.14503031415828316,0.24884641977533392,0.20308097310990258,0.1427068319437241,0.10977847471290474,0.09189415196977622,0.07684670413771676,0.06148582056173695,0.04881282984182563,0.040587037473018305,0.03621960420056464,0.03445043917091044,0.03407825771557846,0.03418617176870576,0.03429012256457735
4260.2,3490.54176262651,87.5,0.007996896358997663,0.00788333396299499,0.0077531791544125156,0.007779321174136586,0.008241911669387833,0.009676014094951944,0.013416996317847058,0.023666843667507712,0.05533792491105497,0.14680450341066875,0.24341006238543714,0.20139555139167611,0.1435778757566404,0.11050916365608317,0.09181912723342037,0.07619302563790234,0.06076531946195309,0.04828282618269011,0.040239424870411225,0.03600101618940183,0.03431525130606381,0.034002620471225604,0.03414950514375963,0.03427063447639156
4260.3,3493.705320749779,87.5,0.0076734815772522506,0.007580229339537576,0.00748619430856279,0.007557029492508428,0.00806822724254649,0.009560165828849852,0.013403202403112546,0.023939519654776937,0.056473926198340144,0.1477867962283735,0.23866208377987275,0.20029223614851344,0.1445724304889363,0.11106112115019748,0.09130242548481518,0.07507181383133799,0.05979031801425281,0.047704025359841785,0.03995713328535848,0.035877525869083826,0.034265644734023784,0.033983408564616874,0.03414154751036329,0.03426559163140466
4260.4,3496.8688788732084,87.5,0.007379709028141843,0.007323757946322965,0.007296350972410227,0.007451243542336499,0.008057534138668675,0.009664482745518753,0.01368378240065788,0.024577409857018923,0.05775256985548676,0.14695341771473885,0.23268356627896972,0.20073462550845186,0.1469337965612178,0.11192175588149095,0.09008024035434188,0.07310983885844805,0.05858769473518928,0.04750344773950398,0.04033491954890366,0.03642834652352023,0.03474698385726026,0.03429235796758095,0.034288457158815185,0.034332184969606015
4260.5,3500.032436996594,87.5,0.007366369960411039,0.0072848643493946715,0.007215912311256709,0.007326404675570222,0.007898221078553754,0.009499812386350937,0.01360655263889427,0.02494416433674739,0.059745213386947674,0.15136004638070968,0.23304968860886924,0.19575073955801245,0.1427103038852786,0.1100173589420386,0.09034265492650174,0.07399734110385109,0.05865877647407045,0.04666112274016517,0.039080563860275516,0.035191124466762126,0.033779397874513534,0.033693125821358104,0.03400384566319418,0.03419988280340865
4260.6,3503.1959951199074,87.5,0.0071329856220907015,0.007110931881988873,0.007149070351711383,0.007397447480303001,0.008129978682436487,0.009927672351338885,0.014307563627534244,0.026032910143364365,0.06087284600100319,0.1483306159557438,0.22675639626941832,0.1970872378802492,0.14528571043851074,0.11055620142986125,0.08859569874733825,0.07197359478059387,0.0581651418047868,0.04764656887435869,0.04073072145168726,0.036848266985383904,0.03507244843271206,0.03448576907423791,0.03437474044077694,0.03436929943420777
4260.7,3506.359553243337,87.5,0.007241585419280162,0.007185494943364475,0.007167064723709944,0.00735292565641174,0.008034555295906933,0.009819729436315842,0.014306747056283597,0.026570958826760038,0.06323864988080778,0.15385315094777685,0.2294222146481197,0.19064215187620587,0.1384030188452308,0.1069279954144309,0.088587381587376,0.07356355316013048,0.05901199655989478,0.04720526857275009,0.03954834760735142,0.03552672723311626,0.03399182649585395,0.0338069622883965,0.03405289963966891,0.034222302009052255
4260.8,3509.5331001549325,87.4,0.007506801259832127,0.0074435455169552306,0.007417547973881742,0.007606395120855371,0.008319092927832276,0.010200437419871328,0.014952902286370619,0.027979207043200234,0.06656620183214969,0.15802728400969993,0.22796153436007968,0.1869601269138492,0.1351894388524529,0.1046825882817838,0.08740016765922486,0.07341080971681822,0.059464445847270085,0.04777705098858863,0.040022909956146185,0.03586412983998352,0.034205365751834346,0.03392199842526618,0.034103352766485164,0.03424593180970582
4260.9,3512.697148195063,87.4,0.00753205648862235,0.007488592291399293,0.007502388756484155,0.0077519838029536225,0.008555582877414,0.010589243401184611,0.015639990609142933,0.029292157203474684,0.06876014914105488,0.159522003878346,0.22685836455457903,0.18430111894249157,0.13277280633663438,0.10319790033136264,0.08696306583626144,0.07386117902989577,0.060287040652295815,0.048537514905879264,0.04059082994301552,0.03625345014716411,0.03445176640700513,0.03405730004111957,0.034163956064854326,0.034274379551091784
4261.0,3515.8607063183767,87.4,0.0075942013812285505,0.0075680478028729925,0.007619044420195325,0.007930032058661765,0.008833460159143866,0.011045465391280576,0.016454914855575774,0.030848410402609817,0.07121298671232296,0.16106729497381617,0.22605802533161523,0.1817597220374824,0.13035683796995307,0.10170817566534666,0.08656585927068249,0.07430611157728592,0.060957398528957714,0.049031117436087734,0.0408720825136689,0.0363929088114579,0.03451554780501025,0.034084002947198634,0.0341747619204708,0.03428099255304759
4261.1,3519.0397785100586,87.3,0.0077710432820199855,0.007757563537448253,0.007838973280635958,0.008206924040298061,0.009214156903534205,0.011627726934053154,0.017465846619156997,0.03277747774973082,0.07441201307157963,0.1636346400394733,0.2248023129422394,0.17863312402849482,0.12790429990194713,0.10060701714412461,0.08682591822894253,0.07547031957664997,0.062182240157538114,0.049871415119773374,0.0413563953004773,0.03665909701802648,0.034658895954352474,0.034155496390748025,0.03420502602409657,0.0342947582962952
4261.2,3522.2196212735084,87.2,0.007990283177061356,0.007990340193949282,0.008105294057011561,0.008537977501284474,0.009665962740687864,0.012316859024090625,0.018657138767682557,0.03500608503863209,0.07791569736020872,0.1662465712539849,0.22341466585696673,0.17594173988885564,0.12600641420636308,0.09991351652519086,0.08720199843223155,0.07635581743802902,0.06286185351540421,0.050152576741305514,0.04139547289416533,0.036610954746979105,0.034602988352539825,0.03411909162964549,0.03418808968667811,0.034286817236427375
4261.3,3525.3994640368423,87.2,0.007937524162418571,0.007978475484417873,0.008176582815960823,0.008738428130152897,0.010060091668263382,0.013021858554864856,0.019893325233870898,0.03699750793363439,0.07988268782261736,0.1666223189920352,0.22241682125471454,0.17416488317430834,0.12455631610221765,0.09926807351590901,0.08732416061525128,0.076814104165329,0.06313427272180192,0.050148723606626505,0.04126198095489104,0.03646443625691306,0.03449447072819029,0.034057558719854636,0.0341608829662172,0.03427401466170038
4261.4,3528.5785362285947,87.1,0.03422309704591167,0.03422309704591167,0.03422309704591167,0.03422309704591167,0.03422309704591167,0.03422309704591167,0.03422309704591167,0.03422309704591167,0.03422309704591167,0.03422309704591167,0.03422309704591167,0.03422309704591167,0.03422309704591167,0.03422309704591167,0.03422309704591167,0.03422309704591167,0.03422309704591167,0.03422309704591167,0.03422309704591167,0.03422309704591167,0.03422309704591167,0.03422309704591167,0.03422309704591167,0.03422309704591167
