fid,dist,dtm,cond_1,cond_2,cond_3,cond_4,cond_5,cond_6,cond_7,cond_8,cond_9,cond_10,cond_11,cond_12,cond_13,cond_14,cond_15,cond_16,cond_17,cond_18
4148.0,0.0,103.8,0.01200792926178935,0.010488536520545953,0.00811370767006058,0.0058949937746526635,0.004345080220210595,0.003507323195744329,0.003338782445470557,0.004065271137414681,0.007058287776409239,0.021670520740898095,0.22126328922958294,0.09685046740550905,0.05857249973048561,0.044631230634381014,0.03616621546038785,0.033657945554787676,0.033781913648297794,0.034149396421877844
4148.1,2.8188827572434962,104.2,0.01145074746595777,0.010074220440892841,0.007893783661430174,0.0058193983743255765,0.0043417392992972734,0.00352337463373308,0.003329754083199829,0.003941278273580408,0.006467755214433886,0.018693097643374228,0.2155339943355903,0.10245983946974022,0.05951577781050653,0.044696511520033455,0.0360048275210599,0.033550814730881826,0.03375014623806277,0.034149686154925425
4148.2,5.647345237221441,104.4,0.011593707764732513,0.01013904696015899,0.007872372986341641,0.005754084674763293,0.004265255790388212,0.003442790640526006,0.0032308535890066136,0.003775646265646209,0.00605770895584833,0.017081676862537813,0.21206431781415302,0.10612241760083459,0.059414658813009134,0.04450205150930531,0.03580931232081703,0.0333992229710978,0.03369386339805423,0.034146914645544535
4148.3,8.466227994576442,104.6,0.00955321098739244,0.009511275568768272,0.008542487303765108,0.005539808694925533,0.004260412758305277,0.004142021466994728,0.004121984300729126,0.004132661875194842,0.004665706576523412,0.020249338769671197,0.1807734642410115,0.11691098935025719,0.10711420406202217,0.10259725762715101,0.10038542692645569,0.09918919966440631,0.09789793815316095,0.09670659465048324
4148.4,11.29469047428768,104.7,0.010005537524973282,0.00995176498542139,0.008637280140119013,0.005255012484234038,0.004074659614511563,0.003988755763096008,0.0039761094843835275,0.003991128371118499,0.004500476169962578,0.018970193894361536,0.18162604162425114,0.11568198756854525,0.10603384783431256,0.10174742198272342,0.099901862294677,0.09924059526863897,0.09861743100185312,0.09803263467974249
4148.5,14.123152954265626,104.7,0.010910887935495767,0.010809466845740592,0.008638856702598159,0.004806937271157964,0.0038608735747059607,0.003814953603451176,0.0038105975749337514,0.0038314036992971494,0.004361262353636374,0.018499581959398194,0.18338307623053432,0.11437457913645852,0.10518351151737254,0.10108943962918662,0.09957384416562462,0.09941952848697441,0.0994101202550629,0.09932286643472878
4148.6,16.942035711620626,104.7,0.010994587229906125,0.010841633314925317,0.00821839996041653,0.004700546969974697,0.004008079986339988,0.003983717890555867,0.003984820104125543,0.00401126241781617,0.004580576386954781,0.019344006066243428,0.1713900671540756,0.12212887981086253,0.11492656000773104,0.11168176877101653,0.11050239822736743,0.11038471206358144,0.11038497126905744,0.11032329723155601
4148.7,19.77049819159857,104.7,0.011209069170198751,0.010987323584353878,0.008424882478253163,0.004799333207021683,0.003881520185126607,0.0037804636566024243,0.0037606710352379854,0.0038327126866775753,0.004498771630979615,0.01712212370411874,0.18259942068253102,0.11716708720421629,0.09083555503706603,0.0735256013207339,0.06038694297105545,0.049257572806495176,0.038920517316347714,0.034563726701150786
4148.8,22.598960671309808,104.6,0.012083454813373834,0.011700747404168632,0.007634654257971393,0.004339190669553623,0.003912730305639297,0.0039020185047948627,0.003906739975286762,0.003935935203595487,0.004490929860937909,0.018619345901931275,0.17357104145874808,0.12019943111535505,0.11252475294122839,0.10908062294880459,0.10779199167423935,0.10766210615089873,0.10768815844558932,0.10763802057806249
4148.9,25.41784342893242,104.5,0.010875671548954554,0.010006265247635496,0.008165403572616393,0.0060921890329932215,0.004560698513786614,0.0036644648921076843,0.0033202512705176085,0.0036669264343356387,0.005770701675638155,0.01879090117980624,0.16809336804979058,0.14427376277855772,0.07546366994972345,0.045779895713302175,0.035121502626054894,0.03402679559331463,0.03414082234090136,0.03422640587749061
4149.0,28.24630590864366,104.4,0.010860542396865585,0.009995194454206912,0.008163973058008655,0.006101823747345645,0.004577674858586029,0.0036860489568285265,0.0033472551873982214,0.003705349842463315,0.0058417161659220325,0.018942051124194163,0.1659497334001345,0.1459532751919469,0.0763350448558185,0.046225134186864116,0.03518175204395497,0.034040143689978195,0.0341437945332586,0.03422637035550696
4149.1,31.16692228195049,104.3,0.011041378130930646,0.010134899736175089,0.008224742673951575,0.006105914794120022,0.004567330914978868,0.0036792521965257987,0.003349851883532721,0.003725410073430487,0.005913735135478211,0.019254328997449943,0.1655561901389829,0.14636717477281244,0.07687529062345072,0.04675779734085256,0.035266638874582965,0.034049092362635154,0.03414394183445047,0.034226292285355855
4149.2,34.07788432236525,104.3,0.012415068377014159,0.012024410951375257,0.007782558462548675,0.004290605775366034,0.0038317318634350783,0.0038193217334689306,0.0038240256511921423,0.003854508732702437,0.004445609588871224,0.018285856101096006,0.17725870862333928,0.11750361374636092,0.10864211565808594,0.10428572784867855,0.10269486148613242,0.10260452715322832,0.1026761549695068,0.10263601668815692
4149.3,36.99850069567208,104.2,0.012250475243250028,0.011934188675810364,0.008021226463283862,0.0043702077293972024,0.003839210396186856,0.003824593884803116,0.0038293671665242846,0.003861062532951735,0.004490618390294224,0.019014686448908177,0.17580971945014415,0.1185561803715206,0.10976107126610991,0.10540398520492106,0.10382863155558004,0.10374609429579461,0.10381475685140976,0.10377311112926257
4149.4,39.919117068866505,104.2,0.010541751468741771,0.009637386885171597,0.007991961084077332,0.0061676238717745845,0.0046745255031007855,0.0037268713383577278,0.0033864549314002617,0.003886055652935036,0.006548757203385793,0.02063588346857507,0.15697707084166884,0.16058271737931964,0.059967314399100025,0.03829929395547315,0.03450659574450855,0.03399582141038286,0.034111685944524024,0.03421277773107555
4149.5,42.83007910903811,104.1,0.010299497164583084,0.009464500335437989,0.007924522927812977,0.006186639189606988,0.004740872601009911,0.003816286703682009,0.00349792836618826,0.004048984284244274,0.006878436446381528,0.021594196717729365,0.15292016739427092,0.16310742844120804,0.06066561372614224,0.03835156351306153,0.034539778535156475,0.0340284994802584,0.0341239010839337,0.034213297505186535
4149.6,45.75069548258729,104.0,0.01131399037264717,0.01004174808017276,0.007954456142836522,0.00589452982893969,0.0043768942927048795,0.0035031958917743013,0.003260684378759984,0.003857875626403832,0.006555409437510724,0.01969935833238354,0.16810780979650558,0.15440840960377264,0.05744580599765644,0.03867601768841896,0.03452371204101251,0.033764594893708866,0.03399006834766582,0.03419808366575822
4149.7,48.67131185578172,103.9,0.011464408409574618,0.010039566598069639,0.007821942670459379,0.005746963185298512,0.004286685089453133,0.0034909459650669934,0.0033346289254104996,0.0040400285179407296,0.006833347789037986,0.019310089554788544,0.170529690317712,0.15272773259292988,0.057432988594852054,0.03930186118661426,0.034547070852105094,0.0335341449725277,0.033870193181849265,0.03418324731107307
4149.8,51.5822738960657,103.8,0.011079674502851201,0.00979941881620289,0.007760009398997959,0.005800402621138855,0.00439172380091863,0.003619264130392886,0.0034874831611271377,0.00424473504002314,0.007163802687990871,0.019988243143666016,0.1681280668457012,0.15502066950456295,0.057151859502083166,0.03900702763300666,0.03448498393774186,0.03356586074286232,0.03389338059713077,0.034187213669126054
4149.9,54.50550840582072,103.7,0.010658439087314184,0.00953389036238716,0.00769637093723843,0.0058764105803281045,0.00453479137526878,0.003793069565787659,0.003688186821696373,0.004489890448936257,0.007481506911804478,0.020424481057928937,0.1664271384304963,0.15681828978994306,0.056649622879385686,0.03871164007475792,0.03442531053850477,0.033587401571995176,0.033910731515903514,0.03419040642043581
4150.0,57.4261247793699,103.5,0.01055334249480354,0.009500579427573768,0.0077564702811700565,0.006001343155343482,0.004693014029403564,0.003973698692325503,0.0038997605759967767,0.004754763342539611,0.0078281664952963,0.020929368516770498,0.1675121777145494,0.15606697332158528,0.05631906740097387,0.0385457000347607,0.034386623891372634,0.03360096522892714,0.033919621479904995,0.03419192939033204
4150.1,60.41297931210235,103.4,0.010143590798762406,0.009248827149376753,0.007729492714994114,0.006151094399338322,0.0049425448775923435,0.004275240553867655,0.004236322196057757,0.005108047275079197,0.00809389016556824,0.02078943677665446,0.16781312561778458,0.15651743579400804,0.055461417154096714,0.038303438236664517,0.03438636142647432,0.033639744188172074,0.033938508013228785,0.0341940344051739
4150.2,63.399833844949,103.3,0.009584489049607934,0.008901798064913136,0.007695655201035868,0.006374231234576029,0.005308071153512331,0.004696238400461143,0.004660193860059834,0.0054728503695452855,0.008267103189366914,0.020650243573584862,0.16777077560628645,0.15643418227309167,0.05616874712191134,0.03850117454586913,0.03445043647315393,0.03366898627807505,0.03394803405125786,0.03419428533796347
4150.3,66.39649865748268,103.1,0.009390441717807074,0.008835229394211634,0.007826201031449443,0.006676768522929631,0.0057113227312399735,0.005135149325797476,0.00508203032619897,0.005810011074403001,0.008424291894083273,0.02068034639762227,0.17076378434057266,0.15276037060711978,0.05729371124344848,0.03888240719583423,0.03455965771526384,0.033706748734119205,0.03395856389985415,0.03419418320718598
4150.4,69.38335319032933,103.0,0.007226013917004035,0.007210179218974951,0.0071713516959594275,0.007105070253611476,0.007016138722587879,0.006922649096428742,0.00685284711397452,0.00683875665284175,0.007479678710374664,0.02431538079504113,0.15154284012265168,0.1323881814877143,0.12692549039029621,0.12375865413912499,0.1226943225829524,0.12265655735803176,0.12265510625113149,0.1226017465821999
4150.5,72.37020772306178,102.8,0.00739258548269143,0.0073851198259209366,0.007367150176872369,0.007337352419345528,0.007299415223195582,0.007264627005567598,0.007251637814827857,0.007287848025533138,0.008194340868706506,0.02692120933339186,0.14145587944187923,0.13509766753489005,0.13206416415997113,0.130166965573127,0.12946771982723096,0.12938922150526996,0.12935134447632246,0.12929899956060328
4150.6,75.35706225590843,102.7,0.007594151333892637,0.007585411846746736,0.0075641759008523764,0.0075281351840959295,0.007479455711530701,0.007428013661764134,0.007393060839949183,0.0074041154406546345,0.00819786692458152,0.02616607695754808,0.14917496584940668,0.1333145523831105,0.1286575004613971,0.12600036156907057,0.12511207350290038,0.1250796153375058,0.12507214727679436,0.12502371302694493
4150.7,78.34391678875508,102.5,0.007876564729882001,0.007869364756179675,0.00785162043956368,0.00782103704209545,0.007779423058312067,0.0077361077074738225,0.007709284464716435,0.007726326509983832,0.008458247225633103,0.026170095215253635,0.15140971715111587,0.1324083043678639,0.12818755610152638,0.12588164521299158,0.12507972762167394,0.12502477496110995,0.12501187344736508,0.12496436085049972
4150.8,81.34058160146901,102.4,0.008374057200714737,0.008323300056307574,0.008193736684858316,0.007964237378359046,0.007648740247915792,0.007341307836436488,0.007266773619122653,0.007897680169224174,0.010856919940641986,0.02855692243842742,0.1430985341897897,0.144664739377801,0.10093264092492157,0.07069579761458251,0.04915268795839316,0.035249544640085916,0.03425674170475801,0.03422726432215809
4150.9,84.32743613431566,102.2,0.008732120399034914,0.008676711142436238,0.008533018861814238,0.008274069119749407,0.007911129481599147,0.007545569089233706,0.007419986811240966,0.008026526074345714,0.011042055351827514,0.029466922498808938,0.14573418635177765,0.14223575406012184,0.09988168528813965,0.07063558218397062,0.04940637625401884,0.03531815985637987,0.034261257670142584,0.03422738641062415
4151.0,87.31429066704811,102.0,0.00872502954448837,0.008795430125622563,0.00897118290623406,0.009215439926381715,0.009277609412528566,0.008670804103202374,0.007333935081008087,0.006262318340701244,0.007131443118462512,0.018014766584947925,0.2146049309086249,0.09005920570534628,0.07795580057826611,0.05381317807447992,0.037168275420581834,0.03389580850323314,0.03388201185480437,0.03416001574202287
4151.1,90.32470592074378,101.8,0.009057550934179115,0.009114614068080569,0.009252304021251632,0.009416792040889193,0.009351248747802363,0.008628662039258017,0.00729097391804382,0.006322860646591988,0.007406535126054516,0.019271856084839303,0.2179749201180935,0.08586422083134693,0.0762844011066016,0.053108975953052265,0.03703639342713272,0.03386354819925122,0.03387477144590183,0.03416021463542403
4151.2,93.3339749349469,101.5,0.009987428427870187,0.009927116787733005,0.00980855055818674,0.009596252600863863,0.009148645698065127,0.008272444827115564,0.007111019129536898,0.0064581338682007045,0.00798892169726859,0.021595954308460605,0.22230593215969985,0.08193629871660595,0.07350411183484212,0.05143276747991785,0.03674431061167597,0.0337809956008286,0.03385425225303228,0.034161019843517056
4151.3,96.33445822951361,101.3,0.010504566046535187,0.010281341443432113,0.00977281950805238,0.009006544242309745,0.00814505937499157,0.007473259099406145,0.007389947819434148,0.00865004178765459,0.013776650413613862,0.03556495254617229,0.15244475683159375,0.1419995510125975,0.06498443185105879,0.03917535127227993,0.034821765096411564,0.03418827998357987,0.034176234461319455,0.03421447479592068
4151.4,99.34372724371673,101.1,0.010897973150513825,0.010610746859829127,0.009978633971989812,0.009070394453311136,0.008107289428740361,0.007410600829310369,0.007386232119532353,0.00881662231806572,0.014388630573635808,0.037362498317945664,0.1539328006517436,0.14048060885870328,0.06433819018089043,0.03910862175811817,0.03480497075355715,0.0341817459585291,0.034175246580085215,0.03421475805866404
4151.5,102.3541424974124,100.9,0.011296914300196213,0.010934526869969334,0.010162180650574103,0.00910101062792886,0.008034692360832759,0.007314382442056479,0.007348093167353739,0.008948853384392316,0.01499184519346247,0.03925575732225592,0.15548097016336335,0.14008467905202063,0.06449548904898342,0.03918392098475061,0.034815544265657916,0.03418023102735176,0.0341745046763757,0.034214770935851506
4151.6,105.36341151172074,100.8,0.011429897431710525,0.011019252546260483,0.010162829884810303,0.009021109460530202,0.007915632345912652,0.007209684410711503,0.007312408249719407,0.009074620151787258,0.015559057143591563,0.04095886592940858,0.15574756482228136,0.1415666918518638,0.06565072869485378,0.03938556577040668,0.03484590342099874,0.03418417642256344,0.03417499013088663,0.03421471044171566
4151.7,108.37382676541641,100.7,0.01418856224425959,0.01280018657424965,0.010577523897455643,0.008408978812317858,0.006848452205888033,0.0060640230792678735,0.006148276598785814,0.00755929322168856,0.012695337062906199,0.03904635396125556,0.2142974205852336,0.08927584891985454,0.08343017030884264,0.04883992686892385,0.0357541583061297,0.033434298422859166,0.03379378728618117,0.034172768353315564
4151.8,111.3731600246238,100.6,0.015085946013380591,0.013300855680944516,0.010565016237080947,0.008045721690075888,0.00633982955459263,0.005555927713096253,0.005779864300224905,0.007619707342793968,0.013997167909314018,0.044271572676396656,0.20625770878182567,0.09828543162104053,0.08534922385266881,0.04975116605230654,0.036029178091609985,0.033487935564061884,0.033801111848867374,0.03417152251567696
4151.9,114.38357527842774,100.6,0.015522077863911252,0.01345628207137914,0.010394143362401414,0.007691308225620104,0.0059384157879822375,0.005184281737414494,0.00551017779343626,0.007658886336369024,0.01504949401499447,0.04811497807255533,0.19983530309416375,0.10485448693607671,0.08571596431554855,0.04976334610652835,0.036151459984812846,0.03355837377081641,0.033823548798560706,0.034172206304703134
4152.0,117.39284429263085,100.6,0.015028403136245195,0.013230174530007943,0.0104137316044332,0.007778276668281118,0.005968031037307409,0.005112961801431351,0.005344038370564234,0.007531780240410301,0.015856145743367144,0.05158579764037046,0.18903453031148063,0.12254851582235984,0.07379027539084972,0.04458844272259319,0.03582687014509298,0.03398505361860707,0.03401151239855618,0.03418892048669012
4152.1,120.40523536951362,100.6,0.015211296130849462,0.013263875383241166,0.010279036229171664,0.007557131308613738,0.0057309184225706146,0.004888402622179662,0.005144000693664038,0.007419245788745367,0.016260851148658387,0.054218347003838555,0.18682648783102393,0.12290168293079066,0.07255748933347049,0.0444238753112537,0.03584102111764571,0.03399283774435984,0.034012307400189686,0.03418870194061094
4152.2,123.42761853514894,100.7,0.01503634499805866,0.013081229924852973,0.010094908655692273,0.007384343643806573,0.005573256697177432,0.004739039239904136,0.0049907818868185965,0.007262773390699071,0.016277996982884797,0.05560225015584728,0.18631314969208954,0.121585417973568,0.07024346272696741,0.043821770764641436,0.035737520212216455,0.033976992095734945,0.034010970769489834,0.03418923384347854
4152.3,126.4400096120317,100.7,0.015453774673707685,0.013322351064972548,0.01012666855718568,0.007287563750362975,0.005421028734867403,0.004558913180520359,0.004775411260513164,0.0069904204955406534,0.016123728705618467,0.05797239674353239,0.18792570390376298,0.11789004927531808,0.06737338902954455,0.043246304919891634,0.03562427724060642,0.033932771776686785,0.03399801697268595,0.03418910805299232
4152.4,129.462392777704,100.8,0.015493701932999582,0.013343273375268624,0.010115941816123266,0.007247175892728791,0.0053562141109884396,0.004466516284333768,0.004633644921007391,0.0067346173394077355,0.015663696127895536,0.05895097326370378,0.19120891666756382,0.11350524405612908,0.06447931406725166,0.04248821661186992,0.03542456926794549,0.03386542465589767,0.03398229127835486,0.03418980059917219
4152.5,132.47519877876465,100.8,0.016016206784905597,0.013701435928161573,0.010270005315034844,0.007262730380530314,0.005298384685785172,0.004362201262959191,0.004471860351437397,0.006454284582629097,0.015204643384886637,0.060803702394228956,0.1954559576966253,0.10818375958007626,0.06202853171133752,0.04196728496393427,0.03525813114959437,0.03377961718236648,0.033955980151791895,0.03418938865878733
4152.6,135.4875898556474,100.8,0.017709900419021832,0.014547516230766267,0.010288911863458667,0.0069162470194094935,0.004887743174976759,0.003979430851456977,0.004104963848170824,0.006036565624037389,0.014672771046811972,0.06468089220047465,0.2023751788879359,0.09527724955271837,0.06547968256490572,0.04469305809693664,0.03526862411424759,0.03321242733019612,0.033701623203135266,0.03416505264905883
4152.7,138.50997302120336,100.8,0.017976226583168567,0.014780067552343361,0.010460321768438906,0.00702480225301217,0.004944696474521863,0.003991943929447076,0.004062881608778399,0.005881726794037892,0.014247232626261456,0.06613855291532214,0.20659051841207582,0.09052161470011437,0.06431281207319269,0.04492115239085832,0.03535738136278944,0.033200208991334676,0.03368495699230054,0.03416141896560699
4152.8,141.52236409808611,100.9,0.017245449599024996,0.014432684213674343,0.010477927340442391,0.007195379005929945,0.0051339590440984,0.004154008635778846,0.004182022119466919,0.0059066330543104065,0.013882555754122892,0.06523259748629585,0.2113240973782553,0.08598627328204933,0.06511623504319708,0.046000737076832734,0.03563716013381567,0.03325757620555026,0.033689830820596615,0.03415984129171258
4152.9,144.5447472637584,100.9,0.016961883299372944,0.014324699626098693,0.010541835152942358,0.007331282895656839,0.005275432290000394,0.00427944058334559,0.004287770665953066,0.005978085316911697,0.013827118692038839,0.06600645951862827,0.21439522783446752,0.08235408128945243,0.06666482510076283,0.047495674596036874,0.03599006191067386,0.033324986864485207,0.03369695171372152,0.03415697327946552
4153.0,147.55713834064116,100.9,0.016427876346346522,0.014040664529196412,0.01052831318613542,0.007459797092487022,0.005445821463542691,0.004453518073708584,0.004460579549436962,0.006148264771029261,0.013924140949740994,0.06666902167498923,0.21677716075036965,0.07915880143430869,0.06938684914996382,0.04929884437849955,0.03629530384278274,0.03336986810553884,0.03370434904927772,0.03415520163713524
4153.1,150.58847467964125,101.0,0.01558547742562932,0.013529149148571276,0.01040606661918925,0.007573315794933903,0.005653373602570621,0.004690755839005253,0.0047140742918705325,0.0064147590639400415,0.014092022458032656,0.06676956928874991,0.21949024167819348,0.07567959522386596,0.07200536613854007,0.05067853006841696,0.03635733980234146,0.033333432236449134,0.033691641235225674,0.034156735493907436
4153.2,153.609534096489,101.1,0.01469800483024154,0.012949366430613937,0.010217044387083983,0.00765008784947685,0.005857703333451809,0.004950338003063239,0.005008600340745485,0.006736732319533341,0.014321821487977678,0.06695149164777231,0.2220836082806724,0.07228599814548813,0.07418519728885223,0.05149915458179388,0.0362796048916651,0.03326727713279646,0.03367830131027268,0.0341585192675069
4153.3,156.64087043537273,101.1,0.014367433381024565,0.012706758204984386,0.010109321013973877,0.007662290292809199,0.005955604743595623,0.005114465276713096,0.005242138415467261,0.007066060248861022,0.014789234386800115,0.0688060731817164,0.22333649044701442,0.07052169822605221,0.07537955452145848,0.051628861715392015,0.03609294701794419,0.03316137028040209,0.03365382828892763,0.03415859570812385
4153.4,159.67192635702466,101.2,0.01339408741229782,0.012024153413656341,0.009823245610415905,0.007679287287282509,0.00614405517177664,0.005393278840088367,0.005577979784991659,0.007427498941028305,0.015015258209631357,0.06880057909011064,0.22524076038676674,0.06821785838041243,0.07733250573823251,0.051467556736240115,0.035829908891951305,0.03306616504916708,0.033637096683002125,0.034162504011086
4153.5,162.69326711904628,101.2,0.012968343959376578,0.011707257996355943,0.009668425149140148,0.007665704273582982,0.006229000382067924,0.005550180741532043,0.005803432365401377,0.007735155963609621,0.015443148554132494,0.07066087513230394,0.2254077704219651,0.06776283170453783,0.0781650110383312,0.05105989906068876,0.03565131451679916,0.03301255811528765,0.03362960448049695,0.034166850400467165
4153.6,165.72432304067362,101.2,0.012505709499025524,0.011363475514938735,0.009498365849618889,0.007644457336775329,0.0063074673111942125,0.00569727665210036,0.006012622642132442,0.008013254531206599,0.01583022722490996,0.07244607283034765,0.2253077159523298,0.06767418209856557,0.07842480346445249,0.05060071624084848,0.035524819583241905,0.03298340196489568,0.033628958972313765,0.034167233386877584
4153.7,168.74566380269525,101.1,0.012495058582875751,0.011330516234492995,0.009447734828459398,0.007600585158640082,0.0062941406505674915,0.005734830209989238,0.0061300197110366805,0.008266713722004096,0.016386863500224624,0.07570177350709426,0.22395548597547954,0.06820344694339034,0.07825847202844353,0.049972314095580304,0.035374869251766625,0.032946189107893036,0.03362368082211852,0.034168859636954776
4153.8,171.77671972423082,101.1,0.011942206673968014,0.010919685142499053,0.0092375406956415,0.007554618767071533,0.0063521122712737145,0.00585938426982668,0.006313077248302655,0.008523103103820344,0.016786684762488794,0.0769337415126811,0.22304844883037578,0.06890073195076578,0.0776093449728585,0.049416667088656094,0.035331264834397205,0.03298000151310079,0.03364057554569548,0.034170655431907754
4153.9,174.8080560632309,101.0,0.0118915860368516,0.010852514106924368,0.009156458596519453,0.007478730722109866,0.006303037772051976,0.005860833093519966,0.00640737794162845,0.00880260109163606,0.017478164252091713,0.07966309564969795,0.2210146040721686,0.06999537326406358,0.07658860915407395,0.04875544629905577,0.03527291823058344,0.033005953904780554,0.033654460702974294,0.03417213260066983
4154.0,177.82911548007866,100.9,0.011805963761900294,0.010754168459634486,0.0090487289589244,0.0073798477783488395,0.006234529646043108,0.005848132985556921,0.0064997192153740235,0.009110987275352273,0.018232081088427766,0.08185110685099822,0.2187307230237785,0.07114841325861092,0.07513052831155988,0.04817221043554881,0.035249669717064495,0.03304261185375841,0.033669257758711345,0.034172848444649725
4154.1,180.81454677216723,100.9,0.011489504756058243,0.010487152408659857,0.008857442661556041,0.007261762513718311,0.006179496170933214,0.005859221531112341,0.0066135703603958495,0.0094292981168856,0.018943008809833618,0.08295404327039492,0.2166008393341928,0.0724694972926089,0.07444289571996501,0.04766693102466116,0.03522778085760633,0.03308670346001016,0.033688742061240576,0.03417434191460708
4154.2,183.78999631798828,100.8,0.011689903154345047,0.010582054030730396,0.008815589301877376,0.007131740707803292,0.00602954224786055,0.005750226917274859,0.006632011714262443,0.00977460270669224,0.019990281036146425,0.08580032879024643,0.21283643000324975,0.0746281895529037,0.07452191183009767,0.04740311151218683,0.03522091207985245,0.033124237164213644,0.03370605001073841,0.034175499190127114
4154.3,186.7748413726867,100.7,0.011801299346284903,0.01061214338098785,0.008743767087645666,0.006998827666611957,0.00588800008574662,0.005646589220097087,0.0066432031860533475,0.010108953809749946,0.021066159196014133,0.08820759909720619,0.20902464976417418,0.07694420613027432,0.07444118590703828,0.046994504347489606,0.03519109835699431,0.033164940530324344,0.033727136340284056,0.03417703698000768
4154.4,189.7502909185641,100.6,0.01187103137513334,0.01061509826774931,0.008664438058256679,0.006871631858469688,0.005754796089206823,0.005544264452189305,0.006640582028574199,0.010422044131958958,0.022170668758076408,0.09020792212562619,0.20540686141252534,0.07980630844381871,0.07474388043558022,0.04642933391634804,0.03513079798645951,0.033217834535695025,0.03375607939768604,0.034180190306024705
4154.5,192.73572221065268,100.4,0.012371803789810362,0.010936064543995346,0.008754188232172855,0.006800634595733671,0.005607307377118104,0.00537822217400676,0.0065345760666667835,0.010679245814857593,0.02377019675367834,0.09388830412519385,0.20002756852466577,0.08469309107134054,0.0737933613932404,0.04576621254172064,0.03509184413975806,0.0332684566136027,0.0337809802037422,0.03418282019927083
4154.6,195.71117175647373,100.3,0.012326307587303544,0.010877313046513761,0.00867965615294329,0.006719487620475951,0.005529653583097871,0.00531637686594349,0.006530466072709973,0.010922026676401027,0.02484416231340357,0.09515092354262293,0.19693981581645553,0.08796978754272287,0.07333064888831128,0.045254179681410295,0.03504252291623344,0.033305969457676256,0.033799138816538433,0.03418544962321675
4154.7,198.6960168110559,100.1,0.012007521742083901,0.01080829516991984,0.00887377184892981,0.007015948798582797,0.005783328588334094,0.005446249018471696,0.006483005323732186,0.010816201396492059,0.0266017187225734,0.0961722143770758,0.19202902117862944,0.10036471714422583,0.06192422699450924,0.041206239119504426,0.03499190050890261,0.033797271575945156,0.03399630004383452,0.034197821695038724
4154.8,201.6714663570495,99.9,0.012337463589205434,0.011037547570348583,0.008970617089483402,0.0070196746829045515,0.005745106007258393,0.00540360105174165,0.006483761615532377,0.011041191019881118,0.02781285886848065,0.09887776102124114,0.1888428380971903,0.10226488265123701,0.061415135312479704,0.040970268962006395,0.03493780259166611,0.03379446778957931,0.034000066977217656,0.03419922139265528
4154.9,204.65689764913807,99.8,0.012215756367571048,0.010938882043313213,0.008906563026981272,0.006987272643692829,0.005738857741639038,0.00542704748408354,0.006566360360470277,0.01130254097006876,0.02856268358372594,0.09935289588390739,0.18775019055314165,0.10357555832926435,0.06108715968521545,0.04073047700739242,0.03487758761907122,0.033793842033654355,0.03400446087296292,0.034200614016766835
4155.0,207.63175899041244,99.6,0.01253702535720921,0.011166357237743316,0.009014597375030813,0.007015186358229194,0.005734447705244742,0.005426293193023525,0.006618639660235034,0.01158126479083592,0.029673510790167675,0.10148204672049373,0.1857096395160261,0.10464986897804211,0.06082029822421055,0.040576144708600104,0.03481572518661802,0.033774668934908054,0.0340028443382899,0.03420183477510251
4155.1,210.5267546726295,99.4,0.0126476926820754,0.011244776320836885,0.009055379085870419,0.007035680146574904,0.0057546112793368815,0.005466325072681764,0.006720680092639898,0.011887564294215254,0.03052487706822479,0.10260601658519528,0.18476980685419267,0.1051642004086766,0.06045556002837106,0.04039486753579291,0.03475336564048268,0.03375858344401053,0.03400199430128229,0.0342029226828766
4155.2,213.42175035484655,99.3,0.012384459095161296,0.011056337919657582,0.008968612617095972,0.007028471799056998,0.00579977145395679,0.005557725255906906,0.006887893220246011,0.012219612233013214,0.03094334122437795,0.10210936087056331,0.1852485500090285,0.10563595645480137,0.06003279921633276,0.04013102566015285,0.03467070351004008,0.03374312170959668,0.03400283853880349,0.03420428065693272
4155.3,216.3167460370636,99.1,0.012474696390750627,0.011130406417236404,0.009024428349189727,0.007076036038185519,0.005852621821616408,0.005634978522701932,0.007034742693227464,0.012570036847440407,0.03168869879265081,0.10311692168616608,0.18484671976807227,0.10637586296968492,0.060003192278568235,0.040028999388817835,0.034628132405308834,0.033734649758522584,0.03400387928270612,0.034205286806722086
4155.4,219.22172452225666,98.9,0.012609975103734603,0.011238430457368513,0.009100489806602875,0.007134833514982296,0.005913086312982591,0.005720252758337027,0.007194443006677585,0.012944095390333043,0.03244240135876553,0.10437651265696682,0.18441932074231027,0.10686913961947898,0.060035347030466965,0.03995364723146086,0.034580309317916495,0.03371729707841062,0.03400172748384631,0.0342061995441563
4155.5,222.1167202045284,98.8,0.012287416613057003,0.011013284547497958,0.009007976301585213,0.007146365428503125,0.005993703432860869,0.005862919069637487,0.007435309047349535,0.013354199475552766,0.0326616286198891,0.10380795038396304,0.18569375988175332,0.1077303371461117,0.0603175985376141,0.03989715503011459,0.03456337275773699,0.033723621413512886,0.034006334682592766,0.034206823647224265
4155.6,225.01171588674546,98.7,0.011972906839061758,0.010788387966091747,0.008909677361047223,0.0071530933509065895,0.006075555178541536,0.006016837329850914,0.007704393721129228,0.013810856841632912,0.03285480248550709,0.10335348091779449,0.18689683884362993,0.1084331565128514,0.060723251443106314,0.039860976237903266,0.034538532792040125,0.033721022033778573,0.034007954589947174,0.0342073962486832
4155.7,227.90671156896252,98.6,0.011670069736584267,0.01057408970736014,0.008823095538294952,0.007175532645081878,0.006177646567632974,0.006196158760317436,0.008006050295179265,0.014298759370057604,0.03305217437311045,0.10303983370020862,0.18811286975776972,0.10957184346796048,0.06172321972010919,0.039998415428340636,0.034560538840390134,0.033731417845619914,0.03401088281813497,0.034207415929345286
4155.8,230.80170725117958,98.5,0.011308349083037869,0.010314948319051678,0.008713984961371666,0.007196305680601114,0.006293799647198089,0.006402607368822747,0.008348493587307866,0.014819684618091132,0.03316902204564301,0.10255666164139805,0.18961304242479882,0.11005719291459998,0.06240555492871179,0.04009469685022267,0.0346040560441579,0.03375807729294335,0.0340184141977865,0.034207187856863025
4155.9,233.69613292825758,98.4,0.010988531647024605,0.010082331816050814,0.008613096659873611,0.007215535861237092,0.006408270792711268,0.006615237871845229,0.00871557140008959,0.015389532264106408,0.03333127004701588,0.1022020641661397,0.19111121091479968,0.11046116118582477,0.06304760014943753,0.040153863663273635,0.034644431690567655,0.03378835911017843,0.03402747347461764,0.03420705445285879
4156.0,236.59112861047464,98.2,0.01103691928813653,0.010124036686378856,0.008654194741053924,0.007271840058706037,0.006502016117147958,0.006787914479477,0.009066670027979468,0.016071261135631426,0.03390951205286778,0.10327640670931626,0.19185892241518598,0.11012062325294848,0.06315513068255998,0.040162770600685974,0.03466317595082062,0.03380201219605926,0.03403126571360028,0.03420685933778628
4156.1,239.4032808111083,98.1,0.010666197541944311,0.009849737189251365,0.008526915151950308,0.007281185736524104,0.006622381514512542,0.007024739756991727,0.009484059109497194,0.016685010325179436,0.03401858796943583,0.10281536263142789,0.19326313040931142,0.1091637579142033,0.06278970076443553,0.040093607158746575,0.034701381685480086,0.03383408500854448,0.03403955308255339,0.034206358249922325
4156.2,242.21505960760453,97.9,0.010694804731028497,0.009879312896259956,0.008565458090513605,0.007341653060817889,0.0067246931105270245,0.007212442895293708,0.009865420269163261,0.017401059106133075,0.034629744995678065,0.10401393468381441,0.19322353816009682,0.10863641438238777,0.06264888190031295,0.04007566308482723,0.03473025066912934,0.03385575601543295,0.034045349503037184,0.03420604370569506
4156.3,245.0268384039513,97.8,0.009686948731455662,0.009242005165083831,0.008457722979856691,0.007656134340470503,0.007262446176898078,0.007806196278045747,0.010318767967206845,0.017446462420215594,0.03570044787659535,0.10018201254001084,0.19709401506742935,0.10488540836355909,0.053563854269315,0.03830468455904546,0.03475258635296542,0.03407661784540617,0.034123978157260676,0.03420776084304862
4156.4,247.83899060473772,97.6,0.009707399967486558,0.009268548717956734,0.008499411810235,0.007724115061446217,0.007373773923357219,0.007997991360522016,0.010679298546615992,0.01811272723737929,0.036558555781517225,0.1015069747253602,0.19642265985234747,0.10397722189129995,0.05316097790337261,0.038221033220226186,0.03474952413359752,0.03408307101981259,0.03412625844576405,0.03420779764179247
4156.5,250.66076309727438,97.5,0.009401394133142942,0.009018472726861005,0.008349960364465949,0.00769097488984331,0.007456346183429949,0.00821167287241202,0.011084846081620718,0.0187396588205277,0.037019769150254636,0.10141366170972456,0.19636390116299612,0.10349065074203495,0.05294510182742814,0.03819151752727182,0.034758669758119615,0.03409057337712871,0.03412796625567038,0.03420756746728911
4156.6,253.47254189377063,97.4,0.009094160360258027,0.008763634045747743,0.00819137352501642,0.007647424956520982,0.007532284491994296,0.008428527312804893,0.011511136995296128,0.01939880525888977,0.03750086369547125,0.10126310657441719,0.19619855465510305,0.10274415785422172,0.05259635444537074,0.03814059085162826,0.03476532878497127,0.034097612011125565,0.034129532148849895,0.0342073270661781
4156.7,256.2843206901174,97.3,0.00875662616643016,0.008478946032372005,0.008005505835717165,0.007582996376786774,0.007598002522574924,0.008650893725552554,0.011964138170447598,0.020086001667320857,0.037986378141421716,0.10118728046812188,0.19617397349500265,0.10243067595823553,0.05242844691354077,0.038131249860156424,0.03477839086656383,0.03410441672526686,0.03413066029578663,0.034206989132903515
4156.8,259.0964728909038,97.1,0.008738715775113442,0.008469392951991768,0.008016217577984501,0.007629240992360774,0.007704359700997717,0.008871868468847306,0.012425318207860667,0.020927203062499573,0.03900851037558011,0.1026651945026129,0.19501363818154416,0.10266269512356947,0.05248807724944356,0.03813504632179014,0.03478668779575387,0.03411079588437498,0.03413245763598488,0.03420690844735295
4156.9,261.9082516872505,97.0,0.00842039458781184,0.008197845870068545,0.007834353878477758,0.007562774600727785,0.007770717665462378,0.009112552306168602,0.012937860054305594,0.0217067583443135,0.03960971388679801,0.10280584148016797,0.194708126081358,0.1034645602317471,0.05279268326203365,0.03821675961813927,0.034810322695926446,0.03411701427878603,0.034133069181631524,0.0342065180215164
4157.0,264.72003048371363,96.9,0.008090708233633379,0.00791210301813364,0.00763455122778789,0.0074773164418006945,0.007822944530929138,0.009353961148432812,0.013481334787707307,0.022533999630750756,0.04024022479191657,0.10300080326996221,0.19446767917030705,0.1051229275830049,0.05347024578178316,0.03837322683783432,0.03484519771675448,0.03412373595241907,0.03413331732520387,0.034206005798421264
4157.1,267.47010321002824,96.7,0.008098893596556942,0.007926666667440031,0.007665591106801919,0.007540345852897832,0.007947162204022529,0.009608015805396428,0.014023882610320311,0.023522944107151528,0.0415653759068693,0.10512947735904483,0.19317454780854257,0.10778565291260887,0.054538016905835734,0.038548504307072004,0.03485955463455913,0.03412252223246222,0.03413318265445699,0.03420617281101499
4157.2,270.2301213259193,96.6,0.007819065470912602,0.007685449971374283,0.007500444615690591,0.007478449258394755,0.008013921649155148,0.009859345290742711,0.014579704515482269,0.024385541043438222,0.04247178681741655,0.10601116114290814,0.19245677986083484,0.11035686339366607,0.055673710662594515,0.03878910068328894,0.03489148270011891,0.03412244838938732,0.03413213950266403,0.03420602645248671
4157.3,272.98013950767654,96.5,0.007594078477015976,0.0074902009479358295,0.007365590912144097,0.007429990022483792,0.00808176683491673,0.010109184062966906,0.015149662096124816,0.025290151195584983,0.04345594385484007,0.10728974414120594,0.19204525093311742,0.11236655586248669,0.056539230502805286,0.03896561125150508,0.034906320578481594,0.03411750229426169,0.03413046979060025,0.03420612456997776
4157.4,275.740157623571,96.4,0.007360102822123015,0.007285563907580071,0.007221125711428472,0.007373036574115584,0.008144760839937985,0.010361399664322882,0.01572932288764204,0.026181518422408952,0.04441494008447938,0.10861981805714009,0.19156969529916304,0.11354489356668254,0.057057560698882626,0.03908285395626544,0.03491264920009589,0.03411149735963356,0.03412877529327845,0.03420629216814474
4157.5,278.49017580532825,96.3,0.007162949600479592,0.007113702568657085,0.00710235290726347,0.0073345924840462024,0.008222460211346311,0.010631122473209912,0.016334378503533694,0.027082729537352718,0.04539531854165574,0.11007420446071083,0.19096489667131103,0.11436233429444714,0.05743761971339304,0.03917335824971859,0.03491589336085994,0.034105783849850045,0.03412730270504922,0.03420648867794325
4157.6,281.2502482681512,96.2,0.0069483661596977195,0.006925717275141298,0.006970573871356652,0.007288815313976689,0.00830189565659239,0.010914818064054602,0.016953915760650872,0.02793499206724236,0.0463053953614264,0.1114945630785557,0.1899143593818006,0.11428211030473015,0.05755036455780356,0.03923666861917107,0.03492266050554763,0.034102537107217584,0.03412612989714112,0.0342065431143465
4157.7,284.00026644991186,96.1,0.006744291244861455,0.006747094999379886,0.006846695601861351,0.007251195702664164,0.008394086879858478,0.011221619357116536,0.017597957786325447,0.028753539806950078,0.04718045072110677,0.11306524521378075,0.189138036305258,0.11351839811451082,0.05728771295589598,0.03921037016290796,0.03491007252261146,0.034095796862392974,0.034124840003008396,0.03420682563547828
4157.8,286.7602845656865,96.0,0.006578742807921483,0.006603861536944272,0.006752711139112228,0.007238155818811739,0.008509160500208161,0.011555373044320442,0.018265602531454338,0.029548537504159585,0.04805152905920905,0.11474290483106668,0.18815337414865724,0.1125042330891208,0.05693884044129642,0.03915796585221858,0.03489191253769636,0.0340883388571494,0.03412359109202517,0.03420715906163343
4157.9,289.51030274744375,95.9,0.0064121130940573215,0.006459052755909076,0.006656721213668254,0.007224280594214231,0.008628328629324507,0.011902038248586643,0.01893702492221906,0.030275370155574115,0.048845509677618505,0.1164540360835918,0.18731392641719924,0.11099964457918947,0.056325201087492616,0.03903390062955946,0.03485498007820826,0.03407649198708748,0.034121958500369955,0.034207720918474786
4158.0,292.2703208633348,95.9,0.006084966581225871,0.0061597853459021724,0.006419122083894433,0.007088953004022243,0.008655348178689803,0.012196048897521667,0.019563855923994795,0.030790242770714394,0.049155048786059044,0.11725201277492073,0.18691848807628866,0.10910239375291944,0.05557864855563695,0.03889959778783326,0.03482277661029737,0.03406728256730636,0.03412033629531811,0.03420806989359168
4158.1,295.0107770297294,95.8,0.005978342502819838,0.006068605986240884,0.006364660281529633,0.007102753268916333,0.008793066359141793,0.012562278497631973,0.020236718167379656,0.031420449221372465,0.049833980753682824,0.11908151160779613,0.18606216612520063,0.107481631345932,0.054904014833236925,0.03873529672907108,0.03478348485745181,0.0340599137094141,0.0341203226113891,0.03420862271029745
4158.2,297.7514338854007,95.7,0.0058936438412789584,0.005999188154502352,0.006331999760284045,0.007138682871231473,0.008953171152330823,0.012942243340909479,0.02087282938255811,0.03198652906524667,0.050611423442049594,0.12081574750319937,0.18448426819220193,0.10643468238068363,0.05463700083180061,0.03868802105505225,0.034768694337058974,0.03405623972590888,0.034120610104446225,0.03420904240974994
4158.3,300.50208835298884,95.5,0.006053243365432348,0.00616548721089474,0.006517773325327309,0.007368553791336521,0.009275740019922856,0.013442118481648913,0.021582577661679942,0.03270616534415229,0.05186282295790827,0.12379329027434616,0.18217201703396008,0.10587109539514028,0.054612661635773205,0.038678759335471186,0.0347656198639783,0.03405802852827594,0.03412209204175104,0.03420937343159759
4158.4,303.24254451938344,95.4,0.006001450499046731,0.00612863632497287,0.0065176283384843076,0.0074393800346989405,0.009478094466845454,0.013871130656512161,0.0222167823263382,0.033165408991288975,0.05255674978621735,0.1253765342335724,0.18067298122321337,0.10601101171219571,0.05486774724885342,0.03875750587270482,0.03478814044223714,0.034065747124894866,0.0341239231096759,0.03420931881849569
4158.5,305.9832013749383,95.3,0.006104423997275777,0.006171341437057304,0.0064531739180361475,0.007262509961921178,0.009329324647178571,0.014383704652794593,0.024508848471491627,0.03319226206818129,0.04797371446067866,0.13736117778433132,0.1718599946913099,0.11013812339132184,0.06406451348770545,0.04108683512636173,0.034766181665106415,0.03384681815535627,0.034057396268697866,0.03420974483085362
4158.6,308.73365588284685,95.2,0.006077658359654119,0.006163914304659938,0.006490958890032108,0.007385173069781937,0.009610845238944517,0.014948965650655809,0.025191997309286184,0.03332937332009412,0.048578680304744576,0.13956340088029015,0.1700080124233176,0.11108673922983726,0.06498245402744611,0.04135700408977813,0.03483526695032396,0.033867045753269424,0.034061470729322356,0.03420921544228908
4158.7,311.4743127384017,95.1,0.006045029143024047,0.0061514174202567315,0.006526134475684611,0.007510272752693295,0.009904774592493948,0.015529679609836856,0.025816668019123284,0.0334162592916465,0.049211957372647275,0.14177619941200287,0.16833743684641594,0.11220909985188235,0.06597904929873774,0.041633186814373294,0.03490170647768425,0.03388774597969404,0.0340652892127769,0.03420859211479015
4158.8,314.21496959397695,94.9,0.006263750039752508,0.0063794822703548285,0.006782630083272058,0.007832672003346353,0.01036732189729361,0.016221669841643457,0.02645722810118011,0.033725156817508484,0.05043745435058258,0.14493448528007422,0.16612317293729198,0.11299362585786546,0.06675128747141759,0.04181209895687908,0.03493402838909236,0.03390263399660997,0.034069102467288746,0.03420842138050303
4158.9,316.95542576037155,94.7,0.006544952144260372,0.00666813135045797,0.0070960070389088315,0.00820671463718063,0.010869773312330305,0.01691388561597186,0.027036610076452094,0.03410651221551499,0.05188294359555731,0.1478876861615288,0.16402437002236417,0.11423961713539439,0.06770967859538261,0.0419985113269547,0.03495385032214761,0.033911286751638806,0.034072298980460984,0.034208629515851324
4159.0,319.70608022793937,94.5,0.006840039864352434,0.006970671193098872,0.007423119335770771,0.008593644641715838,0.011378913208851461,0.017583464525750766,0.0275492217079388,0.03449780388701239,0.05337545858556788,0.1505375077390486,0.16236774315222516,0.11508547066333207,0.06818026465298241,0.0420289809085185,0.03493559292198331,0.03391035017039818,0.03407465309039168,0.03420935415465071
4159.1,322.4669677664119,94.3,0.008664149001438385,0.008671523546938646,0.008689597313835945,0.008729426991070951,0.009207919384545842,0.013636262605275907,0.026827144257476312,0.0459416300073864,0.08868072527085011,0.11307883598722608,0.11697803599875904,0.11849607975595726,0.11886095833943557,0.11854943266214966,0.1181964052070962,0.11807192243969913,0.11805067221159109,0.118034565855205
4159.2,325.23812276029355,94.1,0.009230875771480653,0.009238969741761062,0.009258718720221647,0.009299839997704227,0.00972182640467991,0.013799738153001628,0.027031655571536195,0.047853097887949954,0.09146036126292935,0.11273017035220564,0.11618255600258408,0.11764878871198399,0.11802978614154042,0.11775647592795267,0.11742771510477742,0.11730843373401266,0.11728920277131802,0.11727543716956318
4159.3,327.9990102987425,93.8,0.010148094968185032,0.01015719431062957,0.010179318464914378,0.010221101025872589,0.010508434806762949,0.013700427561757779,0.026629608169503792,0.0506364764778193,0.09532866371328533,0.11228209012803034,0.11510310801930632,0.1164316063241563,0.11679992185579763,0.11657339451125749,0.11628477090939972,0.11617695539667892,0.11615815356583144,0.11614507465586474
4159.4,330.7598978372151,93.6,0.010804452835920882,0.010814000281301557,0.010837154419311948,0.010879223985232037,0.011104065273351596,0.013823352527360146,0.02651183556790768,0.05302759476077941,0.09753744876104527,0.11143636637291059,0.11388323325584283,0.1151153951833274,0.11547701693909017,0.1152880096212868,0.11502880655264476,0.11492698318695341,0.11490720906262872,0.11489435121386031
4159.5,333.53105283098034,93.4,0.011706513581540635,0.011713513858600427,0.011730865913566747,0.011762836181808558,0.011908462367383632,0.013922579479395817,0.02590137358547264,0.0583808128209063,0.09788172439450836,0.10684240098978641,0.10841069411582975,0.10924769958786482,0.10952881771290515,0.10944932043345458,0.10929752626495662,0.10922497814120574,0.10920346647053582,0.1091913381453705
4159.6,336.2919403694529,93.3,0.011860347056634813,0.011870654269804727,0.01189555285969873,0.011939682732053248,0.012132189436141801,0.014591587485742121,0.0273328615797332,0.05666998117019953,0.09955875316472433,0.11026944907497108,0.11238129043251184,0.11352442509932781,0.1138882170260412,0.11374320281497527,0.11351542989727798,0.11341917688112221,0.11339871999017279,0.11338667409986165
4159.7,339.05309954633196,93.1,0.011522167245387535,0.011750808314512437,0.012387672811242164,0.01373906011323944,0.016340312515232512,0.021100787724247966,0.029396351784102742,0.04381948972736766,0.07366553798463517,0.12542059968065822,0.1385843970182579,0.08206405750126276,0.043916575943267575,0.035903980655921305,0.03445322348308131,0.03421113027402865,0.03420093907807078,0.034217471795367244
4159.8,341.8239838817048,92.9,0.012273462244513379,0.012504865418841632,0.013151554483187125,0.014525540223639572,0.017166404383120316,0.021977728325124447,0.030316699168293375,0.04486546137242652,0.07487496177438237,0.1256315449368758,0.13689215742916147,0.08065961684134458,0.04355677133608246,0.0358428187480733,0.03444525793044365,0.03421079733661334,0.03420115627113019,0.03421752911688929
4159.9,344.58487142017736,92.6,0.013543244046502357,0.013760381474562053,0.014379181166209098,0.01571471977963724,0.018310746261746995,0.023077461366550804,0.031405612994041744,0.04616000292952607,0.0765891845591209,0.12671645011838212,0.13575126850273928,0.07917633550753228,0.043127141150623834,0.035767546718502276,0.0344339568389294,0.03420963513290284,0.03420131331163206,0.03421764301206515
4160.0,347.356026414059,92.4,0.014489846833568984,0.014703087296049466,0.015318271891313375,0.016657786532736044,0.019272588340371086,0.02406880675807075,0.0324165972555538,0.047271551931837866,0.07779865004863275,0.1271882792004226,0.13510050732527853,0.07848024851439504,0.042913145466751186,0.03572485387589862,0.034426010653421296,0.0342083336069447,0.03420131983196905,0.034217740885356354
4160.1,350.1561871236656,92.0,0.0166508447334394,0.01679427277967053,0.01726546291993831,0.018399012852443355,0.020777173798405966,0.025365586107629328,0.03365676657985155,0.04885218181045386,0.08003234591501726,0.12912210806581056,0.1356843265651473,0.0787647910341931,0.04300567383522962,0.03573556446499506,0.03442163218531003,0.03420576207561385,0.034200968666802924,0.0342178946053717
4160.2,352.96634726150006,91.7,0.018593247010532707,0.01865803316468108,0.018974415576486825,0.019904719918468133,0.02207892041804624,0.026517167669191436,0.03477216637521165,0.050177101133468266,0.08170730133027485,0.13057007903039716,0.13679905222140248,0.07955560046530841,0.043185824997696985,0.03575671642593798,0.03441896357473137,0.03420343937830305,0.03420058060394313,0.0342180121051745
4160.3,355.7765073992281,91.4,0.02096147431897034,0.020887267575594667,0.020938125339909956,0.02153702620283316,0.023401597963595543,0.027634097337777965,0.03585027236544704,0.051475966704681096,0.08339958804875675,0.13235923569576458,0.13893638780653797,0.08108981172494305,0.04353100295483811,0.03580350808788753,0.03441888111014845,0.03420078400048769,0.03419998522770368,0.03421810959640757
4160.4,358.5766681089511,91.1,0.023817394094805707,0.023507620712881587,0.023129459815396457,0.023230932497778543,0.024673960109077724,0.028662775130513067,0.03685556668935461,0.05270645678909153,0.08502644422666993,0.1343067080847266,0.14192060373547763,0.0832988507086496,0.04403242122872476,0.03587616013507801,0.03442257300356524,0.03419829087434672,0.034199232039033294,0.03421815277739768
4160.5,361.38682824679546,90.8,0.027354847076584487,0.026626453120023222,0.025536258949196894,0.02489102960302253,0.02577905514247051,0.029512351294105524,0.03774716030344341,0.05386968660831356,0.08659850393994369,0.1363750490970512,0.14616819215760177,0.08688912528282619,0.044888808192444826,0.03599571998131406,0.03443015718293555,0.03419516191571884,0.03419819002510403,0.0342181896337727
4160.6,364.19698838451353,90.5,0.03851689213931269,0.03269695269896069,0.025960152585516445,0.02194540345514277,0.02205882435751845,0.027900039295326345,0.04122471821385273,0.059802576473376425,0.09100506065806384,0.13283858215609082,0.15586746916256064,0.1322957523402176,0.06967606247111857,0.04096506237150937,0.034733976356496075,0.03394306771953771,0.034118412175524825,0.03422302856729359
4160.7,367.0071485223579,90.3,0.04372539305739041,0.036173284896612735,0.027835165845868752,0.022983909905110567,0.02278911810614565,0.02864788145655189,0.042327330937142416,0.06161079172610804,0.09236617048358511,0.13032280590558146,0.15329739460674277,0.13505894123312795,0.07427443782426246,0.04260829829929906,0.03511542078613069,0.0339981601973596,0.034120091802052666,0.034222139497132105
4160.8,369.8073092319645,90.2,0.04740779896428194,0.03880468922692108,0.029520113232719594,0.024195295045250663,0.023865121201527784,0.029741964694064822,0.04329903863820372,0.06250500769415056,0.09268409142059733,0.12813686078473052,0.15155864241971673,0.13746591986495707,0.0772710305005373,0.04367375515114719,0.03538558787226541,0.03405056007816887,0.03412534873556902,0.03422144145418867
4160.9,372.61759391510907,90.1,0.051477674185041476,0.04162476100056246,0.031268243669982376,0.025434881968096384,0.024972756024143866,0.030889239126589287,0.04435693345235298,0.0634678075906211,0.09298096535289968,0.12616009435504583,0.1499948735275959,0.13932365262850974,0.07974202805677826,0.04462666201226316,0.03562313912765605,0.03409064391529937,0.03412833268664565,0.03422136512127905
4161.0,375.42775405282714,90.1,0.05285820080285615,0.043236861710927665,0.03295426255338775,0.027096981971304515,0.026642948875132046,0.03244181657804031,0.04512576869907629,0.06339289017528033,0.09226133656386756,0.12469271727971853,0.1495808044417964,0.14046809881687358,0.07972845004253035,0.04445972106296731,0.03559201500451935,0.0340990919801473,0.03413264062316723,0.034221081952220955
4161.1,378.26819415965167,90.0,0.0561915369055738,0.04577645973954042,0.03478750098098807,0.028590521358817216,0.028068995820694786,0.03386384862493101,0.04622447937328646,0.06407550657889892,0.0921299664423836,0.12308670166606867,0.14838606477510935,0.14108143883588276,0.08047520714530483,0.044747178039479515,0.03565763130264214,0.03410636718659978,0.034132626407520704,0.03422140835538803
4161.2,381.10847583579186,90.0,0.060562073442678006,0.04745665481317515,0.0349031314806401,0.02862182353995573,0.028924442439464067,0.03611122728556049,0.04876565416032053,0.0647804604899857,0.09188048047175333,0.1189419333507288,0.14457605300961165,0.15196468410765215,0.08289828166116034,0.044360391983885326,0.03511180434677805,0.03380797532636817,0.0340650427746704,0.034226471504817176
4161.3,383.94891594250004,90.0,0.04760326170442049,0.0460400042527963,0.04027305483391726,0.03834297027712325,0.03830878971821135,0.03842069866957235,0.04054773100182174,0.06080572100755225,0.10661485754946524,0.12007982336819649,0.12133255044473007,0.1219150752924773,0.12190596803728371,0.12154573084610912,0.12128264137382713,0.12120818988987259,0.1211811869977813,0.12115949420742293
4161.4,386.78919761864023,90.0,0.046451863997459486,0.04486442308374434,0.042351885540189024,0.040238172626973254,0.039884761978558655,0.04241099089253754,0.04919191728509713,0.06308847296287066,0.08793764576763473,0.11945192498151926,0.128825281870911,0.0906552130078427,0.047324937361615256,0.03605192205398027,0.03441293102470469,0.03420714734708992,0.03420625384264123,0.03421965300521317
4161.5,389.61963928036073,90.0,0.045888044720085286,0.04521562259058441,0.044169757361472536,0.04351237745865533,0.04412892026849463,0.04697276845266175,0.05334392301719379,0.06503622895249472,0.08281261190033598,0.10277923272294387,0.11592158532352974,0.11220767643648925,0.09049318531124731,0.06235408198408908,0.03870364970795379,0.03440290615250416,0.034223877454010565,0.03422288989783933
4161.6,392.4599209565009,90.0,0.04676279520262794,0.046406697894029666,0.04590834462200257,0.04577166130369997,0.04664037862138841,0.04939139710387826,0.05540191303717197,0.06629477617201301,0.08176772869458636,0.09751736158557253,0.10759433495604304,0.1066936733327433,0.09320535650484967,0.07254143148993293,0.051857983474137795,0.035052032650129857,0.03424174567071902,0.03422347876552479
4161.7,395.3002026326411,90.0,0.04790320701921986,0.04768978918266444,0.04743177600337713,0.047498990635786505,0.04840333337870335,0.051003109940455836,0.05685238486777088,0.06763311511202513,0.08212230548334296,0.09532123136874254,0.10282041576368874,0.10148216137757911,0.09004016525730435,0.07202591001948179,0.05301853251698551,0.03650049686257825,0.03427613360998928,0.034224235083683816
4161.8,398.14064273946565,90.0,0.04860474054191916,0.048581852578640734,0.04855079650390368,0.0485455329282362,0.048613673810836436,0.04895254911268001,0.0533165952630292,0.07428564114322281,0.09569324278020674,0.09986932641523803,0.10127995310072659,0.10222346185095825,0.1025531808688318,0.10237439480024989,0.10205411998250133,0.1018137450662367,0.10163061062623001,0.10150821319128363
4161.9,400.98092441560584,89.9,0.05036127485644408,0.05032955975146665,0.05028392445698261,0.050266374739203715,0.05033361549150916,0.05069808328218319,0.05510505459846312,0.07539077664244309,0.09534187615153833,0.09929789435177673,0.10079304522434018,0.10175582278377586,0.10197340112871858,0.10150413037241188,0.10076362807671524,0.10001956668507792,0.09924508416668809,0.09861844937182117
4162.0,403.821364522314,89.9,0.05151895178413772,0.051499138298501876,0.051478990866614935,0.05149851201152164,0.05161562477397245,0.05216325397005367,0.05753298153964045,0.07719758825258781,0.09279212047345213,0.0956887560882885,0.09684455578032582,0.09724181843141468,0.0965364717883605,0.09466876519090517,0.09201551224473245,0.0888610679685481,0.08517716330876136,0.08180520356669731
4162.1,406.6734865393289,89.9,0.052059731045921646,0.05204556675762342,0.052037118010408764,0.05207316330342315,0.05222312512179844,0.05313472304426439,0.060306194716722605,0.07958550584175338,0.09119163566926122,0.09317499036931036,0.0935235394232089,0.09249362958577625,0.08944126990792522,0.08413204991699089,0.0771191223663153,0.0690006068523866,0.06003699337593116,0.05225973107211415
4162.2,409.53560114220454,89.9,0.05276996851789064,0.052768423104840805,0.052785785985209215,0.052857364053132204,0.05304865255204972,0.05407053369514571,0.06154798921287378,0.08047433289012332,0.09107730891141887,0.09256823926166219,0.09248058373925015,0.09079294516431634,0.08678106789120096,0.08020669361472194,0.07171520644360761,0.06212953452866195,0.0519618153607447,0.043475647524827146
4162.3,412.3877231592998,89.9,0.05318469628969545,0.05319539245938765,0.053237794059255626,0.05334540770160939,0.05360705774782329,0.05508750655454778,0.06387923210751022,0.08198286538924045,0.0905662881584454,0.0917402868402127,0.09145525265647791,0.08946289483520772,0.08499693313005628,0.07781129509560016,0.06862671116942926,0.05841096271797748,0.04781714444852745,0.03915946810434086
4162.4,415.2398451763147,89.9,0.05332101353130962,0.05334328832517633,0.05340909667021032,0.053551846799561285,0.05391666388035403,0.05607738474874785,0.06635078636772893,0.08350277316652803,0.0905394559758436,0.09156919251193321,0.09123392716543102,0.08916702202170032,0.08458189784716526,0.07722460549732546,0.06784604794505965,0.057462281381393095,0.046766942254347514,0.03808056734721393
4162.5,418.0919671933296,89.9,0.05329445675956829,0.05332777281912179,0.053416732964813446,0.0536016612557694,0.054153831409683106,0.05734160894314255,0.06914818155096758,0.08469041013922249,0.09015796576999378,0.09108091560842294,0.09077139743911956,0.08878196283963866,0.08435239708205433,0.07723680791882663,0.06814337879746195,0.05802258170943961,0.04751936962761651,0.03891863113013565
4162.6,420.9540817961694,89.8,0.05419179304734734,0.05421715598400692,0.05429350121500025,0.05447057461759714,0.055099892373389796,0.05889850785982362,0.071363940241915,0.08525251448317103,0.08955654989254663,0.09031167945235169,0.08989219105328518,0.08779109828622174,0.08326683945653536,0.07608434129666528,0.06694266936774307,0.05679952427271802,0.046327698089502725,0.03777862214046459
4162.7,423.8062038131843,89.8,0.05372546671393218,0.05376002273786313,0.05385486261847669,0.05407995309111699,0.05507140598718396,0.06041928037636452,0.07410565931244431,0.08598846985057365,0.08920214934922002,0.08987253004317633,0.08947779713165903,0.08749099880726362,0.08321523566065187,0.07642724306837001,0.06775279814894485,0.05803680050164511,0.047865538194264035,0.039448219394966906
4162.8,426.6583258303155,89.8,0.05309233617136763,0.0531317106031648,0.053236613337031384,0.053513465218914626,0.05499179126339201,0.06203578192313337,0.07662653700803611,0.086847092430495,0.08939324742064632,0.09005923064066783,0.08977023925958318,0.08800383965030888,0.08410515898903448,0.07785988484844035,0.06981790324264991,0.06069346535834077,0.05095510613519059,0.04274189402004492
4162.9,429.5104478472945,89.8,0.05217974682800559,0.052221204510617535,0.052330664453557184,0.0526741493323486,0.054809607144754226,0.06372116940564619,0.07905480934774817,0.08808056565988917,0.09034288364535269,0.091199766883172,0.0913018937259506,0.09018010777557116,0.08725620577031516,0.0823298181117582,0.07583211297060384,0.06825954866589926,0.0598484828146769,0.05246304520886317
4163.0,432.3725624501701,89.8,0.05125132397074087,0.051290360759159,0.051394806697452174,0.051796624521356305,0.05474676183775508,0.06603605099555784,0.08188001878170263,0.08910551116441343,0.09117053664451899,0.09255868179664509,0.09362817203052581,0.09410004100199856,0.09365488133185979,0.09222685969567054,0.09013821368095828,0.08764061505465011,0.08470522504588854,0.08198424181075754
4163.1,435.2255258217959,89.8,0.05028425485985261,0.05032071306557704,0.05041832481018932,0.050874189658576256,0.05454870432841787,0.06762020190635003,0.08391542153223591,0.09041306739512286,0.09237066317430194,0.09390421298184377,0.09526525641721222,0.09623481159046832,0.09660310123154507,0.09640235218614435,0.09596889392925342,0.09555376094733628,0.09516268103580437,0.09486291477148237
4163.2,438.07805101886146,89.8,0.04964439106473928,0.049677035424955475,0.04976535185422412,0.05027501265007498,0.05455096262382969,0.06871375718672407,0.08503561595095299,0.09116682358045897,0.0929543678445029,0.09434773164485523,0.09558793896631702,0.09648534111857493,0.09687630249861172,0.09683865692176867,0.09665782685858175,0.096532209642699,0.09646596414184903,0.09642886411512899
4163.3,440.93101439060354,89.8,0.04853143507617054,0.04856186393269559,0.04864471967117609,0.049220657225029225,0.05420589795868273,0.06983001584087091,0.08655769616478973,0.09236951176090184,0.0940886191114676,0.09547389147746113,0.09671012488764634,0.09759590980230443,0.09798287845604389,0.09796179229632013,0.09781270013027958,0.09772095656220368,0.09768650909598747,0.0976698377576819
4163.4,443.7839777622293,89.8,0.048068330964087004,0.048678241855964595,0.0502486859353571,0.05316488012052352,0.057738446926847785,0.06416983487621386,0.07278076057525563,0.08406040026509688,0.09724644080877633,0.10760971840969531,0.10663576930359014,0.0888421498080515,0.06114688472523681,0.037834503143966684,0.03448813674511308,0.034226088169143916,0.0342178644443608,0.034222079285016756
4163.5,446.6369411338551,89.9,0.0464010985798883,0.04711736274475696,0.048917922625489066,0.05217550068542346,0.057117567078505356,0.0638226644716482,0.07252505812567121,0.08365251713733018,0.0966248629820195,0.10763047633951418,0.10980290528742928,0.09744521015133316,0.07328567405053882,0.048224368186922294,0.035233510950345624,0.034263864161761644,0.03421994013739836,0.03422245962652973
4163.6,449.48990450548087,89.9,0.04333391994249951,0.04335655654517241,0.043438832552544805,0.04485676278818895,0.05517545331524436,0.07692280432154412,0.09024002677051726,0.09275356221539409,0.09383604323831116,0.09492664223022909,0.09591676749769697,0.09662911974423341,0.09695021461431702,0.09695009541348476,0.0968413908713973,0.09677114955740795,0.0967457168978081,0.0967342428144071
4163.7,452.3528575263827,89.9,0.043846694166764406,0.04416075126375013,0.04533051686110866,0.0490807668402409,0.057246367707186836,0.06789817661792172,0.07798365360073117,0.08726406421547589,0.09577525161318681,0.1023405420606076,0.10535394262858615,0.10303893197801998,0.0943557312955761,0.08084426350351225,0.06546668468812096,0.0501401803300934,0.03613098818294728,0.034293281684619537
4163.8,455.2058208980509,89.9,0.03998588492472674,0.04000739491337627,0.040115083175761186,0.04222329811706135,0.05480266679234994,0.07777261710086923,0.09198271176630916,0.09502274809976759,0.0963801691993284,0.09776269829407996,0.09902964378253232,0.09993764707476403,0.10033639011889947,0.10032636904817321,0.10019122201793047,0.10011294525399161,0.10008951219035893,0.10007890865158263
4163.9,458.05878426979297,90.0,0.04055989995418882,0.04113823195743382,0.043065560815385415,0.047785465183388685,0.055757353204852936,0.06522745285953767,0.07513783451019736,0.08595369276727324,0.09750024942875746,0.10763717933507312,0.11314946516558795,0.11080731433029152,0.09934461216004715,0.08205742913075176,0.06353896620679,0.04647734869852431,0.034694972812993,0.03424150188390849
4164.0,460.91174764141874,90.0,0.03484358009412507,0.03486843983767141,0.035036824724415536,0.03863600048291925,0.05551596243166031,0.07891309133785687,0.09305698005405671,0.09573898513206612,0.09759451577023368,0.09974985057716683,0.10180810591216004,0.10331732013665357,0.10399431904797249,0.10399121496398984,0.10378234882476453,0.10367076679538774,0.10364965861140313,0.10364222184917095
4164.1,463.7423836123118,90.0,0.03583023367720097,0.035956089107224504,0.036546822695201556,0.040933069423611315,0.056339567574277535,0.075199569935442,0.0852401940275275,0.09095616760429114,0.09628802405956126,0.10126270957047723,0.10482435312374408,0.10562285009594209,0.10267782631187987,0.09651658646963855,0.0885802470511185,0.07963098515493139,0.0697094445097124,0.06054562825240176
4164.2,466.5732492043991,90.1,0.03349949853154905,0.034764132117193675,0.0378883599835085,0.04351210673720568,0.05184722847851655,0.062185030203502696,0.07399265502159069,0.08849792863347346,0.10729077366344084,0.12598223341012696,0.12834696906701407,0.1001044111058286,0.06020296528965248,0.038695432722254466,0.034764171636531595,0.034236844283235375,0.034209367157034556,0.034220539821908605
4164.3,469.41411174944704,90.1,0.030938096451773114,0.030955542720754688,0.031126169286490125,0.03503526798933387,0.05342960706439426,0.0782058664888794,0.09360185507776717,0.09703480569215896,0.0988341699123503,0.10083719945215426,0.10268352554066992,0.1039779528820959,0.10452195116500217,0.1044930356180256,0.10431226373594372,0.10422359309405962,0.10420765434512187,0.10420076276329714
4164.4,472.2449773413949,90.1,0.030245834301729613,0.030262417315736857,0.03040919494751395,0.0339653586735459,0.05183749051164698,0.07742276164096162,0.09409369618921176,0.09780172989161476,0.09957809815663449,0.10154895421349978,0.10336700940831331,0.10463749468099663,0.10516550843102103,0.10513148331340699,0.10495233368867779,0.1048655255528599,0.10484968713455876,0.10484257070439881
4164.5,475.075613312424,90.2,0.027545726177574104,0.027566227923745964,0.027787489573347746,0.032815312959495205,0.053270625190200704,0.07381286710445763,0.09269934097332734,0.09819608003135864,0.10115461291641965,0.10460138268366954,0.10787231302507501,0.11019074066053759,0.11114577805950307,0.11106173373487227,0.11073096859972162,0.11058695609906952,0.11057326584455056,0.11056793824866394
4164.6,477.90647890437185,90.2,0.0274335542947304,0.02744779726850924,0.027585188893718693,0.031213114177066403,0.049978214731189484,0.0762055587502418,0.09426188643305586,0.09861770667610276,0.10057287935509451,0.10273299536448832,0.10471843880819062,0.1060929587446523,0.10665595432918584,0.10661524324926798,0.10642461431911523,0.10633543190314795,0.10632099751946493,0.10631437365053027
4164.7,480.7373444963427,90.2,0.026806482555529948,0.026820274747126546,0.026937327903927867,0.03022477212836194,0.04838115456009281,0.07495976616232009,0.09447241843504986,0.09948495013650309,0.10152477952539965,0.10375587484444082,0.10580807279419735,0.10722295141916617,0.10779624352914063,0.1077496177624451,0.10755359946985707,0.10746357627720889,0.10744921604872554,0.10744231715464647
4164.8,483.5779782285473,90.3,0.024434498499642323,0.024447518353573262,0.02464400721669256,0.02940235822524093,0.04972137496312452,0.0721017722896847,0.09127939516829897,0.09971451536323556,0.10322506936418505,0.10676132886439567,0.10989489282004604,0.11195083709351052,0.11272741127864715,0.11261978062614049,0.11233960980964887,0.11222969654368316,0.11221992978782011,0.11221367643721791
4164.9,486.4088438204951,90.3,0.02411601311792424,0.024128650865503774,0.024284764590027763,0.028448436386716958,0.04801003569738226,0.07095516248420113,0.09126842924318178,0.1005489031127422,0.10415472539867342,0.10769503599625652,0.11083945149370625,0.11289998917641572,0.11367499738740179,0.11356609846915089,0.11328714213979273,0.11317835093983306,0.11316828817742251,0.1131616417225633
4165.0,489.23970941246597,90.3,0.023694540262097094,0.02370680215971541,0.023836426630343154,0.027566189948002986,0.04645947171339826,0.06970408918602701,0.0909593600274191,0.10130955140549353,0.10515381660564467,0.10880500780936572,0.11204815663041956,0.11416611186432077,0.11495879327809214,0.11484682456225165,0.11456374623888275,0.11445450425531864,0.11444429845238123,0.11443725847338578
4165.1,492.03058741056077,90.3,0.023746093853562085,0.023756183223039764,0.023834283049556853,0.026295930621683103,0.04246232386402165,0.07144754602298801,0.09451963868288332,0.1013846891123832,0.10358111619831865,0.10569196427526974,0.10761023445206815,0.10893138164860977,0.10947425015416745,0.10944495440943276,0.10927092004402632,0.10918770484775739,0.10917235801761346,0.10916485572020443
4165.2,494.821232497303,90.4,0.02218871528489047,0.02219774731245684,0.022279355609032363,0.02487911655800054,0.041612342099224875,0.07080234904643636,0.09397269071749914,0.10127811880532876,0.10365527455758199,0.10587467445707091,0.1078715578406909,0.10923947815936068,0.10980250751934958,0.10977672965727865,0.10960103281746258,0.10951731488093777,0.10950265494518097,0.10949553557988677
4165.3,497.6218752806068,90.4,0.02178199517773552,0.02179090819743219,0.02186445789639645,0.0242764131133294,0.04036403960725714,0.06933078694458894,0.09362659674509692,0.1021120342606422,0.10477295259002614,0.10714301774561451,0.10926184196877259,0.11070385947153431,0.1112897546425615,0.11125675327503295,0.11107179222995821,0.1109858903416874,0.1109712626019485,0.11096381794012913
4165.4,500.4127532786782,90.4,0.021428800283754466,0.021437611140109628,0.021504016095525106,0.023739672386422998,0.039203200346654914,0.06793267190692366,0.09317438062664964,0.1028711002900886,0.10585141097960697,0.10837653372196011,0.11061639932496262,0.11212972918737889,0.11273550372184009,0.11269356607449024,0.11249912186072726,0.11241125683045286,0.1123966954273166,0.11238891085625406
4165.5,503.2033983654405,90.4,0.021140722238942467,0.021149482279168377,0.02120916649865278,0.02326862985667781,0.03809669320228795,0.06656898979108697,0.09264704727472982,0.10361285290890848,0.10694749273244192,0.1096306230765084,0.11199032022884191,0.11357188459271174,0.11419411912331781,0.11414119765480282,0.11393695104467892,0.11384734506132857,0.11383285561980143,0.11382469056266019
4165.6,505.99427636339556,90.4,0.02092324991029032,0.020931990024026573,0.020984976218908918,0.022852363411004713,0.036971474881002234,0.06523702916725024,0.09210825023165256,0.10434948566715106,0.10805361556666875,0.11088676257843776,0.11335821263199646,0.11500201436998127,0.11563694031874805,0.11557190267713362,0.11535843333378182,0.11526780915431176,0.11525376962491189,0.11524541751994959
4165.7,508.7849214501578,90.4,0.020762941960994114,0.020771687643153357,0.02081858163742546,0.02249164790191504,0.03585445765187832,0.06391289103719697,0.09150108552673647,0.10509475817090079,0.10923419686228246,0.11223426105950873,0.11482779206039453,0.11654031662511408,0.11718998697498775,0.11711230076926589,0.11688906572508768,0.11679740618305039,0.11678383530747175,0.1167752823080724
4165.8,511.58579631353575,90.5,0.01951390127164333,0.019522533674274454,0.019577122438378634,0.02160121460235234,0.03646670027296914,0.06232711703672519,0.08756002151342511,0.10461310562003964,0.11128121328941404,0.1156954916035708,0.11933042207899973,0.12162767398978053,0.12243995171225386,0.12229057174755961,0.1219915387894907,0.12188524975308036,0.1218746009086421,0.12186546763834076
4165.9,514.3764414001616,90.5,0.019612714569222783,0.019638415592258714,0.019717875659079148,0.02111889803583107,0.03387091836066569,0.0632040659919759,0.08911312426494657,0.10089654568862788,0.10843898382067238,0.11721670653717003,0.12547369830107574,0.13094721067580867,0.13274139517869715,0.13218557162532277,0.13140368049827209,0.13115370662174647,0.1311177385209946,0.13108479091762307
4166.0,517.1670864869039,90.5,0.01959961528701635,0.019625294044654632,0.019701491625135938,0.02093367164132315,0.032769901949647844,0.062049835576095426,0.08877476638637434,0.10143744149842149,0.10925016312897455,0.1182458913195385,0.12670561520341397,0.13228863218758427,0.13408927468786402,0.13350107198455896,0.13270511577801042,0.1324568101873505,0.13242144230346073,0.13238791341432082
4166.1,519.935840719469,90.4,0.019785657860619983,0.019795012049282728,0.01983246938869943,0.02123671672147444,0.03412320243125755,0.059250548018731884,0.08339817198027077,0.1054500924416543,0.11583693775392262,0.12197264535153396,0.12696326907472338,0.1299710592035533,0.1309027088983111,0.13060683385698738,0.13021222161820065,0.1300995848501589,0.1300931870944178,0.13008245942348548
4166.2,522.7145634476282,90.4,0.019418881629779942,0.019427956681880507,0.019463075263072453,0.020779879181939763,0.03331751058968158,0.05856188424508033,0.08251050413505438,0.10517594745067746,0.1163789580529846,0.1227672372745995,0.1278832334829802,0.13094409306758695,0.13188099987949153,0.13157404367788655,0.13117448252814207,0.1310625574020845,0.1310564280564207,0.1310455475719138
4166.3,525.4833176801192,90.3,0.020865355162137937,0.02094638925259186,0.021204630033367845,0.022760461337493272,0.03280823889613387,0.0595485063225013,0.08319283522104069,0.09596244061721099,0.10770357443079392,0.1199551496583532,0.12962949595482182,0.1330706063734202,0.12862106425535735,0.11879346838472005,0.10700855708889712,0.09434301512632905,0.08065143008499552,0.0683662867900168
4166.4,528.2520719126842,90.3,0.01966919232519236,0.019678157156225125,0.019707711889737394,0.020684157904458,0.03149362531457796,0.05713026411777769,0.08120897055783663,0.10528084000077835,0.11825169803248956,0.12494593066831472,0.13010914571218854,0.1331538769447357,0.13404538025394755,0.13370740929733999,0.13330544579851425,0.13319847448032018,0.1331924338545161,0.1331809999535325
4166.5,531.0307946407273,90.2,0.020345953038612904,0.021058070958273136,0.02302926188603402,0.027200662337093843,0.03505054660356736,0.04808368770290156,0.06577559152820828,0.08708641988503231,0.11766552358586177,0.1566396076089058,0.16119812589964297,0.10257286247892483,0.05235100902100826,0.03763689241880108,0.034675937573569494,0.034216689584323653,0.03420034849778395,0.03421885664060721
4166.6,533.7987722417993,90.2,0.020072690679870907,0.020772115454980998,0.022712879480044492,0.026832618716028274,0.0346179055399426,0.047610947845375465,0.06533947807943644,0.08678221613610634,0.11786411646184862,0.15810181650712646,0.16346267709091494,0.10354048773101841,0.052438863467364795,0.03762768385703673,0.03466959772046532,0.03421536256084119,0.03420042453045019,0.03421897785610253
4166.7,536.5675264742903,90.1,0.020556679484031743,0.021211996541835292,0.023057694281431805,0.027025151673485234,0.03461468897154274,0.04745724587438989,0.06517901252495548,0.08672414763445549,0.11854311732807027,0.16075112815568918,0.16703582336949024,0.10432196334816228,0.05203362928960742,0.0374757280442351,0.03463542270743762,0.03421096228564615,0.03420055584326145,0.03421918344659974
4166.8,539.3362807067813,90.0,0.021083776144965437,0.021688837576565805,0.02342955291849698,0.0272369306733328,0.0346325227945053,0.04733371571569655,0.0650367083654049,0.08664520556867528,0.11920127701774964,0.16354721221152077,0.1710084226525939,0.10527940642616748,0.05169233518073116,0.03734436830635025,0.03460532797626715,0.03420682395145178,0.03420061284780821,0.034219380623712145
4166.9,542.1150034350142,90.0,0.020957229982558136,0.021551781680982093,0.02326733751770372,0.02702950635763619,0.03435562830732017,0.046971408228283454,0.06462776306321844,0.08635856060814032,0.11953020909858067,0.1652262322205426,0.17323691520218032,0.1059711658963619,0.05167650099567532,0.037321801853005744,0.034598671780023516,0.0342058194542389,0.03420070246064216,0.03421946686538149
4167.0,544.8837576675052,89.9,0.02150657859418334,0.022047979803926473,0.023656443050286968,0.027263807614137946,0.03441317830348028,0.04690142519305143,0.06450456532208718,0.08621574644054666,0.12003582288940809,0.16793346696966768,0.17755144602898096,0.10729411345316218,0.05152008505949741,0.037235947399958114,0.03457716250924548,0.034202592191115724,0.03420070002549433,0.03421962166982227
4167.1,547.6671369086961,89.8,0.02235186730915494,0.02281918857971792,0.024280149801484033,0.02767560822757601,0.034573002996891644,0.046844649456947024,0.06436259921660929,0.08616994021246717,0.12075127890316961,0.17055467262885693,0.18124200556321726,0.1084131863909501,0.051446640342687464,0.03718338017014132,0.03456334930384472,0.03420056361789137,0.034200780239991825,0.03421975053105195
4167.2,550.4518271967055,89.8,0.02236931905973487,0.022829387714361667,0.02427158537794915,0.027627174907030524,0.03444178049981111,0.04655889492975846,0.06391842348016759,0.08581885283185538,0.12101458278087182,0.17206948894109522,0.18306916259099237,0.10875151156254849,0.05133418950423943,0.03714765931530499,0.034556881271872515,0.03420024691254347,0.03420096082576733,0.034219790802279985
4167.3,553.2365174845912,89.7,0.02322443098903712,0.023601664795341686,0.02488410781109218,0.0280218660350057,0.034592659501548335,0.04650717722900182,0.06377286680009453,0.08572663638031244,0.1215867201741373,0.1744834632599192,0.18673033772466288,0.10987775234097953,0.05126626115826029,0.03709781232621011,0.03454380014500199,0.03419828645545874,0.03420101432540502,0.03421991027150341
4167.4,556.0198967257821,89.7,0.02321349971084535,0.023589484378057402,0.024864333091881616,0.027975684298580272,0.034472252355778055,0.046221474926079906,0.06329908310696342,0.08533204183466017,0.12176856681557137,0.17581968390075542,0.18822118246300262,0.10996179568797634,0.05109405778205968,0.03705420462225496,0.03453700939630659,0.034198158519980086,0.03420122302501228,0.034219937540606
4167.5,558.7946759962977,89.6,0.024342147116415906,0.02391319892689781,0.023990649809800226,0.026256700814708215,0.033597255715562664,0.04984603258894837,0.06968366983780427,0.08306915690933553,0.11094280624179226,0.1720858520539672,0.23094430405234562,0.14414663369745195,0.06037342526369479,0.03902011113425496,0.03470541613530535,0.03412436586208696,0.03417604986466502,0.03422109366258434
4167.6,561.5793662841917,89.6,0.024066833878592767,0.024346993009543665,0.025435847432029726,0.02828607560077774,0.03445598482186651,0.045836801041400706,0.062646912378353,0.08485111786920889,0.12249579549023452,0.17928911833631367,0.19281014797652202,0.11083742105448013,0.05081136557318894,0.03696055558661017,0.03451811627875844,0.03419620320098554,0.034201447797484186,0.03422006752060065
4167.7,564.3627455252622,89.5,0.025599043530192767,0.024932297281822908,0.02464351098525027,0.02651750758821878,0.033421021852267335,0.04910659728507291,0.06876906033037158,0.08300012263880331,0.11246729507795723,0.17533537618573053,0.2336428383968688,0.14388053220141322,0.060042778169419254,0.038943633275546126,0.03469077769411364,0.03412286498978259,0.03417624041914185,0.03422117806980519
4167.8,567.1474358132716,89.4,0.0268076464856064,0.025896707507785804,0.02524722828913745,0.026764189752496826,0.033326659831226686,0.048687357269294455,0.06843350548453761,0.0833095254854904,0.11376998266709216,0.1774872667518341,0.2346640079466766,0.14284109782638643,0.05967771127062307,0.03887576121711582,0.03467651607716381,0.0341200371076097,0.03417606831245949,0.034221319417540745
4167.9,569.932126101281,89.4,0.026719285239537927,0.025836782400888433,0.025223723247388728,0.026754971316315972,0.033253015542049874,0.04832787146633386,0.0677127267565565,0.08293894689919815,0.11433551783239221,0.17925553193234814,0.23602305408230437,0.14192549227702683,0.059176634838612296,0.03874306797166826,0.03464829036589875,0.03411652350327066,0.0341761729300253,0.03422145409307636
4168.0,572.7155053424719,89.3,0.027943475925587564,0.02680579913423974,0.025824999950686812,0.027001574127181672,0.033159176353063285,0.047879943919099194,0.06731023708044197,0.08327215998346395,0.11581812337952993,0.18165463075581256,0.23702128923362065,0.14037336429963185,0.058626887828770145,0.0386271059402808,0.034621931640761536,0.03411136423672373,0.034175867616140686,0.03422169789954904
4168.1,575.5119495132393,89.3,0.028501017154895586,0.027255717899290603,0.026119047856656818,0.02713412700715918,0.03308661728723454,0.04745022084057482,0.06667417162055705,0.08326251612274782,0.11702201111650948,0.18383706489241275,0.23742091926914696,0.13848280199956214,0.05795698442216998,0.03847251510815832,0.03458894643626643,0.034106214753397035,0.03417570004870568,0.034221900959898494
4168.2,578.3198846976887,89.3,0.029046664767718104,0.027698006292261504,0.026412377725375632,0.027271942489687073,0.03301868128534197,0.04700586280669083,0.06599082684389992,0.08323423071608771,0.11825697062090998,0.18591004782285475,0.2377952633274848,0.13682436228069528,0.05732968648253688,0.03831989941906558,0.03455609981264311,0.03410129861625247,0.034175585514104705,0.03422209181817896
4168.3,581.1261990065769,89.3,0.029730397306192858,0.02824501786306882,0.026766416361963048,0.02743289214320603,0.03294330907218515,0.04653210610163302,0.06529726381380513,0.08328054106615089,0.11967303551455999,0.1880266292231446,0.2382664155161342,0.13555261358001364,0.05680458783079671,0.03818313583446974,0.034527266243128685,0.03409761931335611,0.034175641631436125,0.03422223269520629
4168.4,583.9226431771945,89.2,0.031781340378261566,0.029794319020919134,0.02764690663505642,0.02773212075514921,0.032749271830725075,0.04591221827688487,0.06491060099169599,0.08408977739129787,0.12196284668057052,0.19017907891678304,0.23787432443726866,0.1343384029788487,0.056492425762015755,0.038116600255499226,0.034511942893569715,0.03409458671867533,0.03417543963273844,0.03422236751750798
4168.5,586.7305783616439,89.2,0.032282351303249836,0.030205213775935078,0.027930758737708197,0.02787773074959056,0.03268242244026484,0.04540829243769635,0.06408949452792599,0.08406868822313601,0.12341012921502464,0.19196885795224214,0.2382335160219709,0.1335409747262563,0.05605786094385691,0.037994198944324785,0.03448978921094797,0.03409355382241779,0.03417584272411629,0.03422237517380253
4168.6,589.5368926704172,89.2,0.03272358026972271,0.030578576858943093,0.028204112007401357,0.028031427167469616,0.03263042287406053,0.04491299737240454,0.0632540665878921,0.08400605541666935,0.12476242981785308,0.19358235680657765,0.23877410321374695,0.13293560990709483,0.05565608741176752,0.03787968968783536,0.03447108939755883,0.03409367755055502,0.0341763863467805,0.034222332294078124
4168.7,592.3333368411845,89.2,0.03326760680903895,0.031024691540236248,0.02851074867080027,0.028185415376574523,0.03255834549437693,0.0444144450512974,0.062493101534277305,0.08404483856585573,0.12612392213846477,0.19494297122525384,0.23936258889987908,0.13264711755130276,0.055344012508031955,0.037786734106318456,0.034457768211557126,0.03409486933325604,0.03417700539064782,0.034222246803904635
4168.8,595.1396511500727,89.2,0.03357658494857857,0.03130444430292644,0.02873618097537708,0.02832256702485868,0.03250948495593449,0.04395539677351673,0.06172734517376455,0.08398411795461459,0.12731072206883254,0.19617759522407857,0.23983674858709883,0.13216084785617313,0.05498012553616594,0.037685954916800164,0.03444525509654534,0.034096908786351486,0.03417777168426116,0.03422212701909248
4168.9,597.9475863345222,89.2,0.03633346199242937,0.03174434720118734,0.0271691125566725,0.026185248590618545,0.03153923305703783,0.04655872837584863,0.06397487122123283,0.08165286228893825,0.1282589459850417,0.19093500216931783,0.24321304346013836,0.15507244447642027,0.06146976655151892,0.03828121956818586,0.03410479615573485,0.03394119069308551,0.03416002765797482,0.03422809372880244
4169.0,600.7440305052895,89.2,0.03272776487369134,0.0327304441760718,0.032742013797439413,0.03277201368863822,0.03285421522314298,0.03473956423188628,0.05520820982199272,0.11554693910415122,0.1458569766736996,0.14804474577999005,0.14883631979154646,0.14925227070614408,0.1493007111854613,0.149176676102001,0.1490733454001979,0.14902479423900666,0.1489896949250617,0.14896804133357797
4169.1,603.5602158684154,89.2,0.03208644631066594,0.03208419367419672,0.0322568489685997,0.03296775858253549,0.035151142865641825,0.04186699964538148,0.05970038153814867,0.09310422773732772,0.13134850563247497,0.1579821605487309,0.16836389863326795,0.15993471674814566,0.13593659549714174,0.10660631402116517,0.07866055094780737,0.054269072102114735,0.035250182603487584,0.03426839756346185
4169.2,606.3764012315753,89.2,0.033368980979387564,0.03337156107054105,0.03338283577825281,0.03341236722545129,0.03348919028253123,0.035169589704025776,0.05465734948363646,0.11478458088475517,0.14504441361047676,0.14712378391926464,0.14785319814436584,0.14823176446570813,0.14827592798187308,0.1481626328823937,0.14806538915024026,0.14801721583408334,0.1479818493099961,0.1479602284043581
4169.3,609.19258659485,89.2,0.03365355816769681,0.033655852358855314,0.03366657217474116,0.03369544145581294,0.03376947939363851,0.03534620167985254,0.05430415452706754,0.1145960251001508,0.14566589790052625,0.14778174384017845,0.14849781839114728,0.14886571131043433,0.14890531568840343,0.14879229101589025,0.14869622943384406,0.1486482979674854,0.1486127166074191,0.1485910017109179
4169.4,612.0087719581247,89.2,0.03369725147865065,0.033698911806430636,0.0337083586757766,0.03373552021377992,0.033806283536797196,0.03532003540468318,0.054006922860030365,0.11506961628553514,0.1475962005966535,0.14982137806358878,0.1505529230916626,0.1509244009590021,0.1509576135310381,0.15083795368955538,0.15074011796638656,0.1506923065194714,0.15065640618525394,0.15063444655514235
4169.5,614.8249573213994,89.2,0.03396239258746943,0.03396361821831591,0.033972251270387284,0.033998471580271285,0.03406668610190938,0.03548954806644243,0.05371132097801918,0.11517262773885781,0.1489306823544595,0.15123426749485752,0.15195874316745872,0.1523217677586497,0.15234839085161975,0.15222642985245965,0.1521290467115783,0.15208153284369821,0.152045326454786,0.1520231989010511
4169.6,617.6411426844105,89.2,0.03908941731259171,0.03404136350952205,0.02881925310524433,0.02708992539737038,0.03114976443041778,0.04365073417758197,0.06181550788617776,0.08640103091081865,0.13884452127329094,0.19678078299220064,0.24436858477515366,0.15107207589964994,0.06077203682382736,0.0382528577030732,0.03413264800253733,0.03395536796179918,0.03416223070011119,0.03422777067730751
4169.7,620.4573280476852,89.3,0.03354908786740515,0.03355083198440547,0.033560424214098064,0.03358763261906146,0.03365540769333988,0.03501390315308286,0.05278186374920215,0.11553820146166223,0.15316522171653071,0.15584678142954925,0.15659194883889385,0.15695593262673066,0.15696654557646061,0.15683133697793883,0.15673216458407216,0.15668587267627626,0.1566493789555847,0.15662701598985754
4169.8,623.2735134109599,89.3,0.03376534911361653,0.033766892127124255,0.0337761021116307,0.03380287124405708,0.03387006824570464,0.03522479815653914,0.053066195433805814,0.11612596115869947,0.15352903174523957,0.1561533901762604,0.15688857615255558,0.15724802068126953,0.15725891722879612,0.15712557661601068,0.15702730762486003,0.15698097572167322,0.15694431943063503,0.15692189790853994
4169.9,626.0913139717024,89.3,0.03402333720218374,0.03402439184439346,0.03403269786616828,0.03405844397952353,0.034124439923528836,0.035470418370895034,0.053370163136365216,0.1167796543720673,0.15418762270070452,0.15678529829823648,0.15751574660977244,0.15787336303258256,0.15788404523476543,0.15775110251168306,0.15765318019086033,0.1576068066523496,0.15756995717765948,0.1575474442093958
4170.0,628.9074993348623,89.3,0.03430454856918002,0.03430618562376814,0.03431531787406419,0.034341694570061115,0.034413493255787304,0.036104117427383904,0.05631917436805177,0.11907993052619685,0.14884826774627155,0.15071864840137925,0.1513957199561645,0.15173976169904374,0.15177217867674994,0.15166179567166752,0.1515687264360771,0.1515206822327621,0.1514838556416665,0.1514615413584863
4170.1,631.7120135530895,89.4,0.03390996675394897,0.03391327547916674,0.033925710711956526,0.03395617393122949,0.03403660360058661,0.03592786185325566,0.05724272645891216,0.1201234603250887,0.14825233200740912,0.15001824702797031,0.15070512278539136,0.15105952624599575,0.15109885454040575,0.15099088302379418,0.15089753326909439,0.15084903849392595,0.15081219551044475,0.15078988312738606
4170.2,634.5152259959355,89.4,0.033996333305910294,0.033999681249988194,0.034012194312623444,0.0340427624453654,0.03412613456660216,0.03615846423723677,0.05835012602997476,0.12127597268698194,0.14789882204803026,0.14955275699090137,0.15023119189151427,0.1505833380617359,0.15062486144966064,0.15051940478567485,0.15042671575383604,0.15037799791353557,0.1503410403664151,0.15031869344428533
4170.3,637.3197402141626,89.4,0.03405775495784095,0.03406111727352057,0.03407362139419028,0.03410409258255895,0.034190754594479254,0.036397121276331844,0.05962684702269883,0.12257181404040081,0.1475847027768474,0.14912730713614503,0.14979657335018565,0.15014566933998194,0.15018893696793195,0.15008594652221882,0.1499939797127088,0.14994503165343323,0.1499079174346716,0.1498855143766809
4170.4,640.1341673316487,89.4,0.03413564707362068,0.03413872572912032,0.03415056356635004,0.03417992315823581,0.034268049942515644,0.03665294410310653,0.06095265928892465,0.12400387690773068,0.14760557150324377,0.14905393931772568,0.14971343542267276,0.15005771656619063,0.15010041112322825,0.14999844986375002,0.1499070425564432,0.14985802580497476,0.14982072254372242,0.14979821500887175
4170.5,642.9386815498758,89.4,0.034148550461788815,0.034151567672446856,0.034163244631161015,0.03419231010560949,0.034285580365495553,0.036915835503196416,0.06258774311523344,0.1256193993440269,0.1475051032193214,0.14885388536652314,0.149507373848419,0.14984881333550276,0.14989133786399214,0.14979018010772824,0.1496990825553051,0.14964992651225176,0.14961253505198258,0.14959000923973498
4170.6,645.743195768103,89.4,0.034215204083816175,0.03421801319233492,0.03422924751469613,0.034257783265874794,0.03435700591022343,0.037240300266254155,0.06429323858810629,0.12720640025914678,0.14747838372317656,0.1487333372681569,0.1493718970978934,0.14970429178410544,0.1497444096641079,0.1496446891297851,0.14955535466323813,0.14950721140619808,0.14947056105202108,0.14944847696562066
4170.7,648.5576228857044,89.4,0.034231486066031734,0.03423429128328453,0.034245514770293875,0.03427406495476538,0.03438141079703105,0.03756256221129802,0.06613788556576661,0.12879849338207092,0.1474649122681492,0.14863779194012777,0.1492646067878466,0.14958986904409918,0.14962795081892188,0.14952938236664995,0.1494416341385905,0.14939451062556178,0.1493586365799533,0.14933700854362203
4170.8,651.3621371038162,89.4,0.034283466549225594,0.034286130825698986,0.034297134069158325,0.03432557007758768,0.03444217118097788,0.03794320843903795,0.06810839736203776,0.130433816516013,0.1475893296630031,0.14868830642929065,0.14930088034795858,0.1496165782224333,0.14965094151120634,0.14955290395605267,0.14946677760113364,0.14942073465933944,0.14938559062932683,0.14936438983566142
4170.9,654.1666513220433,89.5,0.0326166660009786,0.032708600346636925,0.03311336863753657,0.034312010470981355,0.037658309583190025,0.046987030772121345,0.06847516870709046,0.10251416096608068,0.13730988512993605,0.16126736368609712,0.1692449690387385,0.15831497404124953,0.13266847777581398,0.10243897143281604,0.07404594962803426,0.04998850324326105,0.034949917118431935,0.034258071475514205
4171.0,656.9711655401476,89.5,0.03289561746605708,0.03297925347240866,0.0333320414196401,0.03437863023196941,0.037508692933597314,0.0472278066511094,0.07089484731723426,0.10631988541730648,0.13767137651468614,0.15702387959757388,0.16289015781957353,0.15339375388920426,0.1313759384798633,0.10454338489038509,0.07827236734250036,0.05472340456633982,0.035629107537856926,0.03429317981879764
4171.1,659.7714690951778,89.5,0.03387351786575644,0.0338778254119906,0.03389196887114745,0.033924311710692705,0.03412721734909129,0.03954862335575497,0.0767723114927116,0.13344317010702575,0.1440929825827238,0.14496223444325146,0.14553153746597577,0.14582700171439975,0.14586411934619584,0.14577732678632888,0.14569817929934334,0.14565559616800633,0.14562385269490266,0.1456046958417419
4171.2,662.5618095761255,89.5,0.03392708247432288,0.03393124960784921,0.03394507131175465,0.03397694844575126,0.034207962707736364,0.040267477459988286,0.07959035597769025,0.1345640245039548,0.14388705398174242,0.14471686807426484,0.14527589385541204,0.14556608656036268,0.1456025913803599,0.14551740180628153,0.14543965340989815,0.145397841267639,0.1453667257625823,0.14534794491290376
4171.3,665.3521500571892,89.5,0.03391990141793072,0.03392408835297617,0.03393788417003988,0.03396969285354345,0.03424130768271031,0.041092930457814474,0.08271561342046475,0.135544829618123,0.14354920775384603,0.1443439247715327,0.1448937902297373,0.14518014221555375,0.14521723541928935,0.14513418694819055,0.14505785649252828,0.1450167491244861,0.1449862600940845,0.14496785926379246
4171.4,668.1524536121397,89.5,0.03399988940241763,0.034003973056700214,0.03401749046257883,0.03404888020205323,0.03436358672968587,0.04205565619029698,0.08592102277495815,0.13650730638736763,0.1433757872580755,0.14413942871190685,0.14467869608240266,0.14496004741828367,0.1449970352994057,0.14491589579549324,0.14484097475893012,0.14480051373556613,0.14477052758226847,0.14475243740644048
4171.5,670.9427940932034,89.5,0.0340221363919886,0.0340263239406647,0.03404003919546803,0.03407193910257494,0.03445328825742376,0.043147647225484385,0.08936544185941385,0.1375026479553581,0.14335066088528406,0.14409138222904627,0.14462401439766134,0.14490248384505325,0.14493940569331004,0.14485943742773735,0.1447855282422483,0.1447456378020604,0.14471610169039809,0.14469828136308643
4171.6,673.733134574151,89.5,0.03411797506987029,0.03412216704404718,0.034135918714134864,0.03416830876244604,0.034630273119654824,0.04441443923017526,0.0929216153735292,0.13850550822952515,0.14347192713793647,0.14419165286734886,0.14471611863879996,0.14499010016520164,0.1450256590326353,0.14494621821261308,0.14487321548947815,0.14483387775348128,0.14480470670468157,0.14478710298286238
4171.7,676.5334381291813,89.5,0.03417918309070144,0.034183325682152536,0.03419698124997812,0.03422983590301901,0.034797095627899954,0.045875220251266405,0.0967131838915469,0.13942929199382165,0.1435894893814458,0.14428984459706348,0.14480577538856979,0.14507470026792355,0.14510820691191495,0.14502881240470578,0.14495658789138902,0.14491780628896425,0.1448889878689945,0.144871588151728
4171.8,679.3237786101648,89.5,0.03201574921852037,0.031956866382165376,0.03249059228952646,0.03482571084837958,0.04094209027811889,0.0538168445030462,0.07668732802527463,0.1128146410706679,0.16412622201719868,0.20204630560019743,0.16509400869877353,0.08736890096325071,0.04639894195083345,0.036454618972230665,0.0344908004071493,0.03420648976397501,0.034205545457731135,0.034220404875004135
4171.9,682.1141190912285,89.4,0.034905213646599396,0.0330493569287173,0.031189449182480993,0.03197655593670653,0.03892601007208438,0.057346858901362284,0.0872106568368782,0.11811352256744473,0.1562275539012666,0.201156771287778,0.21054231393279765,0.12085885702751073,0.057199956829329705,0.0390325498683831,0.03484276444979623,0.03417385015957626,0.03418542803158837,0.034220873656902406
4172.0,684.9144226461428,89.4,0.034716894524336586,0.032947692897490596,0.03124728820560961,0.03228643708022412,0.039726657225280036,0.05912803647825525,0.08969777147923487,0.11979116724047309,0.15652051975428213,0.20007069254577622,0.20817226855924775,0.12014417915360294,0.05733538388691139,0.039119246977846994,0.03486526449009976,0.03417630279041845,0.03418542377594035,0.03422094654373408
4172.1,687.6965980540259,89.4,0.034695369628295385,0.03297202337420669,0.031380282402927194,0.032638367441649455,0.04057208615306251,0.061010423140417484,0.0922783674735271,0.12146871551982638,0.15680085829455231,0.1992105365684318,0.20643839881741657,0.11960148002461338,0.057464658097952134,0.03919875141259828,0.03488481447518979,0.03417801789400201,0.034185415951117605,0.03422108454175824
4172.2,690.4783960337651,89.4,0.03467683006584887,0.03300220128852172,0.031525310780998614,0.03301454209655031,0.04147065534587517,0.06299519209886881,0.09489478948563991,0.12308397411116107,0.15707540981706963,0.1986197874785764,0.20522012246555446,0.1191509551537781,0.05756078749120866,0.03926236383547578,0.034899852019790505,0.034179009042462134,0.03418542504664368,0.0342212631130058
4172.3,693.2502005001784,89.4,0.03465751618144345,0.033036373572475033,0.03168245412117971,0.033415092859559084,0.04241765991436905,0.0650574369119631,0.09749240113981097,0.12462023364019356,0.15736072180135965,0.19813080249539416,0.20398119281597155,0.1185646714824799,0.05759298934749509,0.039308026881427545,0.03491097928833315,0.03417948678447552,0.03418542778473534,0.034221454017864146
4172.4,696.032375907945,89.3,0.04117284505425766,0.03464691665214606,0.028855905868979338,0.028730179955562478,0.040087465075608765,0.07738348276784936,0.11320004272229035,0.12102809584241833,0.1417028959546105,0.18164320481397436,0.23805164442283702,0.15533144978153451,0.06336558343471656,0.038958520531644586,0.034151639191144736,0.033854481075655286,0.03414177566154169,0.034236033546358006
4172.5,698.8141738876842,89.3,0.04106877408425984,0.0346389843236987,0.0289890572810478,0.029103250676290993,0.04115772712453014,0.08048691067133927,0.11556382321088789,0.12148655720167693,0.1409678989191213,0.18118479019841152,0.2379265044015227,0.15498535218991127,0.06354383666533876,0.03904857599911265,0.03417788506432521,0.033859136069337686,0.034142011401710616,0.034236272866721186
4172.6,701.5959718674568,89.3,0.04089204652838532,0.03461846655301527,0.029157508541323245,0.0295406130685237,0.04231692631357915,0.08359877791747794,0.11771510286670202,0.12196579993561511,0.14027191184756604,0.1803238608626282,0.23715431040224746,0.15540328756635455,0.06402830104398126,0.039223613185540185,0.03423620181575644,0.03387421555243945,0.0341437552585162,0.03423585954149894
4172.7,704.3781472753399,89.2,0.04324282393954979,0.03590380616197637,0.029669941057278725,0.029869470327049587,0.04330502601070306,0.08765981664357592,0.12113006996008198,0.12276822784088133,0.13941060639514036,0.17952769584560585,0.23663154003147585,0.15589833897076527,0.06467946806909403,0.03944516838726293,0.034295385350223515,0.033884621063723815,0.034144467336472244,0.03423575583985934
4172.8,707.1599452549627,89.2,0.042950790522634126,0.035881000858931505,0.02992301561997725,0.03045042885510738,0.044684515820644755,0.0908604262772158,0.12274238585412955,0.12322054609859427,0.1390125778553241,0.1786927370959295,0.23534831040079798,0.1559810841241431,0.06504706018554546,0.03959296137726545,0.034349190491609775,0.03389957041884778,0.03414621192452034,0.034235300015241325
4172.9,709.931749721376,89.2,0.04265294358751487,0.03586422886440014,0.030199501643109805,0.031077769321261942,0.04614971985545048,0.09407017072764133,0.12415888782383588,0.1237362418661311,0.1389240057125552,0.17824907614263574,0.23430162305798427,0.15531625982948735,0.06508127337874603,0.039648099187585335,0.03437348356810236,0.03390650978781639,0.034146988360683285,0.034235114636311965
4173.0,712.7139251292591,89.1,0.045139812580277515,0.03722441383229592,0.03078692538482322,0.03153170509302564,0.04742217432885994,0.09860640632520079,0.12683889147765987,0.1244861768161441,0.13873869913679068,0.178048431931699,0.23324568720280306,0.15361495576257017,0.06486874798654897,0.03963392367621566,0.034355591173208265,0.03389449755570262,0.03414467649475006,0.034235745684041884
4173.1,715.4839973304996,89.1,0.04547008136031899,0.03753443993893878,0.031163580460355347,0.03216837180858393,0.048945651460795735,0.10215683563298858,0.1282342814503611,0.1251173200604172,0.13897496535999385,0.17779183818866212,0.23170385911050434,0.1518831171360934,0.06452153748459129,0.03958024457509075,0.03433917653418399,0.03388800034296026,0.03414350046086575,0.03423601613799828
4173.2,718.2540153810035,89.1,0.045807422208532,0.03786146359952168,0.03156404695200679,0.03283522184875646,0.050506499597400056,0.10559330970754022,0.12949419574428278,0.1258262252708147,0.13928646919077747,0.17718328757023358,0.22932864980579828,0.1502687718040042,0.06428035803757956,0.03955761444486687,0.034333335853728435,0.033884189175213096,0.03414258836605141,0.03423614403021093
4173.3,721.0240875821275,89.1,0.046405365594354105,0.038329044763437674,0.032018012029142104,0.033520364537457215,0.05208763129967489,0.1090172186037319,0.1307775001355562,0.1266029870701072,0.13941582395055568,0.17609835762763584,0.22741309967034679,0.1500486543865276,0.06444348237479784,0.0396260343982352,0.03435411830697547,0.033888041615704516,0.03414274967442108,0.03423603923585044
4173.4,723.7841600449573,89.1,0.046616293605537804,0.03863225910883618,0.03247112777286569,0.03428646848175577,0.05376705377121268,0.11208303279937962,0.1317937634623713,0.1274091300984392,0.13955780497776246,0.17487326367345338,0.22580444730739221,0.15065712511045332,0.06483749806215224,0.03975107278891018,0.034397349434822845,0.03390025188648683,0.034144218951322594,0.03423562686718047
4173.5,726.5542322461978,89.1,0.04673371317824582,0.038893853571584994,0.032924561589716364,0.035090142419197425,0.05553655140569135,0.11504384962643088,0.13271288020032418,0.12816542705046846,0.1395901649287847,0.17379149913176695,0.2255056515989853,0.15209987976405526,0.06528228917778366,0.03985360490081448,0.03443352482862853,0.033913111995427986,0.03414630602855057,0.03423521037368543
4173.6,729.324304447445,89.1,0.04671672364648101,0.03908947268834201,0.03336099886481912,0.035924419629298286,0.05742208189741308,0.11791839324204718,0.13354741848247004,0.128802731837461,0.1395044687525343,0.17300598356362565,0.22657581528515156,0.15418942698726043,0.06573682394694155,0.0399135705233078,0.03445274503216175,0.033923689579708344,0.034148754797071135,0.034234958755302275
4173.7,732.0943766486855,89.0,0.04969425639930223,0.04070737758406478,0.03410101481708713,0.03657101044235998,0.059174354455720016,0.12259651314132297,0.13534988537837028,0.1293234976011237,0.13908136697460077,0.17278011621794126,0.22855085674104028,0.15513584009668474,0.06579002570390538,0.0398768790587118,0.03442796914447481,0.03391573417281716,0.034148178060856654,0.03423547605399715
4173.8,734.8544491115152,89.0,0.04939747979637719,0.04078996071423408,0.03454486747057764,0.03749496640106538,0.061255504857241024,0.12530251207249182,0.1359747011788141,0.12979975825141715,0.13910207035870695,0.1727952259799752,0.23063136080728808,0.15589452406567256,0.06558939126217823,0.039755733510398523,0.03439369675615385,0.033912681313865385,0.03414948146446858,0.03423561596181559
4173.9,737.6244671620158,89.0,0.049201041867443916,0.040968723886907595,0.03508845268330153,0.03851750548285029,0.06337058940908752,0.12771510528905713,0.13665894806317647,0.1303882702924309,0.13937859478400186,0.17298534815931457,0.23115277464686435,0.1557629912202716,0.06553682630172113,0.039748424947787644,0.034395742247928046,0.03391514015729256,0.034150323856031936,0.03423561196999575
4174.0,740.3945393632563,89.0,0.04851129257303583,0.040938734412053555,0.035637420914016595,0.03963639378904808,0.06548845364752388,0.12946586409734598,0.1372358148533816,0.13100533673949882,0.1396798218656769,0.1729239909116759,0.2302549846542736,0.1552219727218416,0.06564488767953094,0.039829580619201485,0.034427868900233013,0.03392369652572016,0.034151255327365106,0.0342354108323641
4174.1,743.1546118259696,89.0,0.04903943648645943,0.04149237401824689,0.036301145804183185,0.04065119355569011,0.06750331804188041,0.1318460414726965,0.1381257124231691,0.13149687459430356,0.13981433628948597,0.17275371870496914,0.22865523092242496,0.15439123963728874,0.06576210784170106,0.0399203937071452,0.03446218816995617,0.03393204864056368,0.034152016961369006,0.03423517790097454
4174.2,745.9146299418607,89.1,0.046232006664955076,0.04038508552531328,0.03662395989166766,0.04196855167722382,0.06963957077230504,0.13161917955535132,0.13800194639915853,0.13222188120695066,0.1404516459233624,0.1721554215643448,0.2252655151736918,0.15389993144441072,0.06628553798986248,0.0401663646456571,0.03456003769619896,0.03396021260821098,0.03415579129211377,0.03423399972618875
4174.3,748.6747024046836,89.1,0.04661287350333444,0.04086910960854313,0.03728227178445438,0.04300400832645561,0.07157190106460781,0.13347975896992412,0.13869917151428682,0.13256787268916903,0.14050322561544185,0.17181068297244584,0.22326126835286522,0.15310664410784358,0.06647568415702529,0.04028497108666637,0.034605285220963,0.033971928081897286,0.034156914979136595,0.03423363798685577
4174.4,751.434720520578,89.1,0.04697482566426115,0.04134583844251961,0.0379425240764526,0.044040911182965096,0.07345412011580023,0.13510506332908623,0.13935391633452823,0.13297736825911952,0.1406182308884839,0.17134566324077805,0.2206983606968271,0.15191284793479068,0.06656843068298923,0.040383083203889156,0.034645353924305726,0.033982258447834285,0.03415778767241066,0.034233283075008496
4174.5,754.1947929834009,89.2,0.044201762742239595,0.0400840547699771,0.038114058693404854,0.04529085343102848,0.07540685551484484,0.13434239538431733,0.13905413449910667,0.13372438031568312,0.1414195858480151,0.17105319152985213,0.21777769388368845,0.15066208320170715,0.06668858376489535,0.040510392983000784,0.03470253019059206,0.03399888265022074,0.03415899133359118,0.03423282686075429
4174.6,756.954811099292,89.2,0.044532828626940704,0.04052676205924228,0.038757086358895465,0.04633405206730863,0.07723738857215261,0.13560058722530133,0.13957482044053593,0.1342236047682694,0.1416899497442759,0.17089803114055646,0.21604612094585784,0.14907750927126437,0.06639579258045897,0.040478305694645444,0.034699445512558956,0.033997846154702485,0.03415866299009851,0.034232829476016545
4174.7,759.7148835621217,89.3,0.04189143537498041,0.03917998167707848,0.038787271834208215,0.04750531529349901,0.07908077233658521,0.13457740573093926,0.13916802996546984,0.13508145248102846,0.1425450648709309,0.1705434474435774,0.21338950154990688,0.14752147991393189,0.06617663451327226,0.040481067230629296,0.03471622323431306,0.03400442546504125,0.034159329955582324,0.034232451306052056
4174.8,762.4749016780128,89.3,0.040253103684880914,0.04063490839619393,0.04370112529862061,0.053739548695297804,0.07793098865308436,0.11532168312406256,0.1373284530411181,0.14867751766602677,0.16418428965649404,0.18108828921926962,0.16835792874450178,0.10527631644896315,0.05735144792020317,0.040025356557675064,0.03522183410997659,0.034254135810683276,0.034194184136707405,0.03422102166613451
4174.9,765.2349197939038,89.4,0.038438147603817696,0.03932934768302432,0.04322097239261923,0.05420599261518018,0.07904400388712622,0.11566266716685165,0.1371256696981373,0.14870839881862286,0.16433291985711218,0.1805348853058202,0.16694673003437369,0.1046503043133366,0.05730754536486618,0.04004595223226983,0.03523437233250157,0.03425802408825814,0.03419472856304862,0.03422097675411392
4175.0,767.9949922567336,89.4,0.03879634979592606,0.039787742150069944,0.04388915814109692,0.05519778509286918,0.08029306871802577,0.1164212113836581,0.1374825862406884,0.14917729854355696,0.1646848309798687,0.18018305290325587,0.16567488762745342,0.10378051315781257,0.05706054940633912,0.03999634322705392,0.03522682765767576,0.03425755813003274,0.03419477337514035,0.03422095793497783
4175.1,770.7568032567799,89.5,0.036996483076917844,0.03843940744278069,0.04332574923040316,0.055600154355242015,0.08131991495242476,0.11655117422149835,0.13711279555777303,0.14911990035374567,0.16482606783491047,0.1797841299773522,0.16461649587849758,0.10331988466058499,0.05703085071952619,0.04001160262473803,0.03523693676057905,0.034261648629054925,0.03419554444331959,0.03422087861174343
4175.2,773.5186142568599,89.5,0.037545471096186646,0.03906040485392877,0.0441109958469613,0.05664158518943828,0.08248852910148591,0.11714702060374796,0.137390113077922,0.14958524635803827,0.16527191938996932,0.17972401079115022,0.16376976728091433,0.10259622293407064,0.0567735588209789,0.039946309847196125,0.03522402820967882,0.03426031644253937,0.0341955424342912,0.03422084735466455
4175.3,776.2804252567898,89.6,0.0357932576701636,0.0376936279615223,0.04346471516866679,0.056952360440747175,0.08341303906419663,0.11715219135036462,0.1369700059494061,0.1495428827169543,0.16550696539877313,0.17959801527336122,0.16309148190858358,0.10228140310937552,0.05675735534931068,0.03995946319200081,0.035232633284065014,0.034263061894258644,0.03419590942825094,0.034220796134583883
4175.4,779.0422362568362,89.6,0.03636687820263591,0.03832766035602518,0.04423949959927123,0.05793663778557943,0.08443521916813386,0.11761766868629406,0.13724256172759902,0.1500686457402853,0.16606233204674292,0.17976741317617526,0.16254214852458737,0.1016438936788221,0.05648664510180726,0.0398809867534748,0.035214319827082265,0.034260368602082245,0.0341957749577965,0.03422078793033694
4175.5,781.8040472569162,89.7,0.03489996629416768,0.03715509877977865,0.04365836449504521,0.058209446258171885,0.08527054870556926,0.11763251622200328,0.13694223296058622,0.15017993829994486,0.16650053186361766,0.18006736347194824,0.1624591419639983,0.101587986280568,0.056514301819616794,0.039897129621918284,0.03522086740141029,0.03426253200668266,0.034196190655802566,0.03422078647986802
4175.6,784.5658582569625,89.8,0.033358370421827294,0.035877046292902615,0.04293717468341835,0.0583339132950883,0.08591687585346656,0.11740801372282718,0.1365955227116211,0.1504381553987356,0.16709532616789877,0.18023693554171025,0.16220411192519815,0.10203878729839506,0.057037358926125596,0.04012651431627389,0.035291917062816015,0.034277373765311585,0.03419798696892077,0.034220916335178944
4175.7,787.3276692570425,89.8,0.03394921594364909,0.03651751688692659,0.043693519956093274,0.059247068702649425,0.08679194117289575,0.11783496174060176,0.1369510193661945,0.1510631702455332,0.16781179805033122,0.1807766284606889,0.16222172762751036,0.1017283708438124,0.05686316463485518,0.040072382614461846,0.035278419798078435,0.03427519463897984,0.034197906532116434,0.03422095098057353
4175.8,790.0894802570889,89.9,0.030743377734736465,0.032586835197911466,0.03934175850076774,0.057950026031357474,0.09749003719938813,0.1271587277705368,0.13482434043659103,0.1465551041162798,0.14638769460627618,0.1614219762250914,0.2176638443137054,0.15092922552925056,0.06306468275745,0.038745419897390575,0.03385750960177495,0.03369351090024204,0.034115080133185365,0.0342433895115683
4175.9,792.8512912571352,89.9,0.031207380217355127,0.03312864757132343,0.040088072599907196,0.059059073288955155,0.09851876780823443,0.1271409188195235,0.13524384259476646,0.14725185962706436,0.1468804634722565,0.16203105396107653,0.2178013234626681,0.1495681752743712,0.06273371737914314,0.03869045778435522,0.033846652627396424,0.03369086417319559,0.03411475856670168,0.0342434849515235
4176.0,795.6131022572152,90.0,0.029160606769042828,0.03159228875751602,0.039515554763395244,0.059901423086125484,0.0993930766829598,0.12529538221822337,0.13462993768960904,0.14818616205815954,0.14821497737279063,0.16262330330916808,0.2151249212978326,0.14963876662323997,0.06389023779140142,0.039169360399976705,0.03399030293247817,0.03371654222750325,0.03411528506822448,0.03424284335222658
4176.1,798.404320629209,90.0,0.029323835246136087,0.03191392411298853,0.04020453844235009,0.061174745735849446,0.10041936521371028,0.12493632110599291,0.13483068100754733,0.14894121229250915,0.14894745002538315,0.16306335896916285,0.21394578448418028,0.14848664052894048,0.06388195218937216,0.03923723220488422,0.0340199374657363,0.03372329705019516,0.03411559555417105,0.034242618607209785
4176.2,801.185579337079,90.0,0.029502155073540065,0.0322621459162369,0.04094782101476494,0.06252610555701488,0.10139963174429313,0.1244995294047755,0.13506027298759946,0.14981753488729638,0.14969524567952278,0.1632780869948728,0.2122632670716997,0.14733953544090964,0.06391245714743164,0.039318171394498475,0.03405339912773931,0.03373071669099601,0.034115847065010266,0.034242349583545294
4176.3,803.9777111390167,90.1,0.027581396811586646,0.03074152380795069,0.0403388674471972,0.06351279285568712,0.10230280393065341,0.1225152766070982,0.13429934721019454,0.15103677281734804,0.151357023020928,0.1636555938803212,0.20838184410716978,0.1469061132799106,0.0650814424414809,0.039857883839239404,0.034225916470110154,0.03376951914184399,0.034119529798399655,0.03424101533489854
4176.4,806.7589698468868,90.1,0.027784073571994385,0.03111592016604393,0.041147976759976786,0.06501092776537248,0.10321571165099885,0.12194133504445069,0.13451087716024263,0.15210986390501663,0.15230312240112778,0.16392069740828177,0.20639115023186627,0.145446487856553,0.06504159349373945,0.03993254959106127,0.034260732253614146,0.03377693563743645,0.03411961254175191,0.03424072453090797
4176.5,809.5501882188805,90.1,0.028001298894127214,0.031506080418096355,0.041981905870564995,0.06654034983882824,0.10409083168348018,0.12138017905504678,0.13475451821609033,0.15322359976336522,0.15328946849730346,0.1642448834013672,0.2043516477265599,0.14373147449523768,0.06490138991107099,0.0399799820391899,0.03428732578185663,0.03378230889799826,0.034119342319862085,0.03424045571227763
4176.6,812.3314469267506,90.1,0.028232031672933908,0.03190945066582645,0.04283441475539502,0.06809259053576894,0.10495032690519418,0.12086198655374575,0.13497157187799363,0.15425022778310477,0.15421300202479774,0.16443168034350766,0.20202528267961303,0.14209152144767725,0.06481807928731559,0.040047133510023376,0.03432076411240165,0.033789368796392126,0.03411923241382899,0.03424013036331691
4176.7,815.1226652986284,90.1,0.028474918352248628,0.032325427380039955,0.043705049863703736,0.0696641235152719,0.10580111877019643,0.12043017730791926,0.135212470174065,0.1551868712246454,0.15506224314427616,0.16470166301955125,0.2001391991682883,0.1406411998751376,0.06473998872376614,0.040111195569685565,0.034354468147895355,0.03379763272184885,0.03411951855702745,0.03423980644685914
4176.8,817.9048407064679,90.2,0.02667002174632117,0.03076923893952217,0.04292524892362471,0.0707089847384218,0.1068609477915079,0.11885937293095714,0.1342784364495359,0.1560705835329092,0.15668243431338594,0.16517905182177767,0.19664544653061977,0.13987747398105235,0.0657673681384131,0.040647654993014266,0.03454479438933639,0.03383929274872859,0.03412315689325608,0.034239350644421324
4176.9,820.6960590784616,90.2,0.026956167025991025,0.031223894781258085,0.04384750242806057,0.07236114794111713,0.10767575936186495,0.11856882135485129,0.13453882942582018,0.15690736797482527,0.15758146678248816,0.16554117449414726,0.19489129742199032,0.1386058081626781,0.0657587634056444,0.040732858037297086,0.0345878521465519,0.03385233002585452,0.034124989400887394,0.03423916406315404
4177.0,823.4773177863317,90.2,0.027100622784555453,0.031541831356745285,0.04465843993364492,0.07396880560895217,0.10842453163112677,0.11821524878834648,0.13480970352314411,0.15782820360704755,0.1584498166974959,0.16565423902447143,0.1926985873844427,0.13723674163461302,0.0657773082305885,0.0408347346007653,0.03463551339605138,0.033865580739274516,0.03412663078998946,0.034238992351302615
4177.1,826.3200277610222,90.2,0.02733347757552806,0.03194662549874166,0.04554848674025843,0.07559814323695752,0.10912401217140448,0.11794271901920879,0.13518452011520116,0.15883189377259138,0.15931237347696436,0.16583342740586915,0.19103808508828546,0.1360891499998124,0.06574856306642181,0.04090237336270826,0.0346697819810311,0.03387565294578758,0.034127931495267674,0.03423885915899542
4177.2,829.1612422901015,90.1,0.029852190597006868,0.034605263109672865,0.048372847461133024,0.07768825804391945,0.10936618193698218,0.11887871666672184,0.13693724644965083,0.16003256532713486,0.159334685031307,0.16553331458135379,0.19065728615368505,0.13453345772167807,0.06468022376131918,0.040496863622932075,0.034545944344091375,0.03385161454582171,0.034125868985046576,0.034238679914135386
4177.3,832.0024568190657,90.1,0.030077814672118043,0.03501978540043604,0.04930067474466919,0.07930327673134169,0.10991683884602658,0.11849210054738403,0.13739163938802132,0.16139340118440057,0.1601943199937682,0.16535411424450316,0.18891226085910165,0.13378073085225065,0.06476994100381467,0.04058366679559859,0.03458199029042466,0.03386112450636351,0.03412712289872405,0.034238581025728014
4177.4,834.8451667937304,90.1,0.03061808054010728,0.03574673297460906,0.05050612676588429,0.08099727895270474,0.11037851384977036,0.11823027148055931,0.1380641875401306,0.16289795720054304,0.16084635696616936,0.164956333419445,0.18763684832885857,0.13334472133059758,0.0647848675714642,0.040608124279405126,0.03459429607854171,0.03386545481730481,0.0341279470753639,0.034238503070772655
4177.5,837.6863813228098,90.1,0.031212970679921823,0.03654671844444928,0.05181867924794292,0.08276647435794414,0.11075879603906011,0.1179460709574154,0.13873237388258783,0.16433519455351925,0.16148034914739764,0.1646513270402189,0.1863626203548314,0.13279333000684287,0.0648458100926792,0.04068000602110564,0.03462494112341928,0.03387307727625351,0.03412872742416396,0.034238409272003854
4177.6,840.5290912975003,90.0,0.03447370847025037,0.03988320328454629,0.05506058994542786,0.08462539257510907,0.11079651187141874,0.11880667014985061,0.1407741035298059,0.16597057249313926,0.16071569746531075,0.16362923479725652,0.18776466344019926,0.13185392647333852,0.06316262192006024,0.03992786298446723,0.03437960821934229,0.03381837461185667,0.03412133602200825,0.03423888453777496
4177.7,843.3703058265796,90.0,0.03496199941671089,0.04062932546813576,0.056426841869515236,0.08647312614824253,0.11104938895926333,0.11833484507530231,0.14130157444417102,0.1672936478889573,0.16142148131917097,0.1635652114413453,0.18643602818164776,0.1309590919375191,0.06316656171022005,0.04000793902731609,0.03440393740109529,0.03382456923394641,0.034124093748531044,0.03423872052505765
4177.8,846.2130158011291,90.0,0.042105328745914085,0.047124840030590816,0.05951423505346767,0.08063693574386653,0.10415294189337782,0.12295341643455449,0.1422972328542364,0.16335241151174468,0.17906438330304442,0.17683429370135018,0.14336588892119673,0.09038961140235999,0.05454251110903897,0.04005946171426002,0.03543936937378577,0.034336725894079365,0.03420874535413422,0.034221538746216446
4177.9,849.0542303302085,89.9,0.057197319439231425,0.058953513428423525,0.06635149526846859,0.08391624270801652,0.10508238891374069,0.12256636150806434,0.1376752135742098,0.1505046967004467,0.15851165236983844,0.1592719892662418,0.15171766574532994,0.13564291619945557,0.11375799657421838,0.09010140643400208,0.0673176127010471,0.04717409325153303,0.03508916351124486,0.03428319597493368
4178.0,851.896940304758,90.0,0.04428255206841895,0.04957814697192598,0.06239654211373409,0.08341752782945784,0.10555634462963334,0.123300957180901,0.14283281051250202,0.16442301945581858,0.17971198628916113,0.17597473663643318,0.14143381828300472,0.08900819152087337,0.054022237913966195,0.03992014351574142,0.0354072090381902,0.03433096871015421,0.03420822614869005,0.03422160094133952
4178.1,854.8191654844443,90.0,0.045168611971980174,0.050619024034667205,0.06369104759244033,0.08471049527127493,0.10617137000765761,0.12335473012788198,0.14294806861605017,0.1647710703341867,0.17973650299154328,0.1751083491203224,0.14022726768787455,0.08840286528744003,0.05388656991920208,0.0399132577565295,0.03541342195820618,0.034333349426437496,0.034208627189952316,0.034221667094856446
4178.2,857.7334750080641,90.0,0.046168187678779955,0.05177559754532858,0.06508452967569713,0.08602384596642038,0.10671255956435241,0.12331014876596999,0.14296298675691693,0.16503322207410218,0.1797269683359586,0.17440161032288004,0.1393633541843884,0.08801158035588773,0.053810325019794984,0.03991689198853322,0.03542077859411474,0.03433568246007035,0.03420894470207442,0.034221692449105494
4178.3,860.647784531684,90.0,0.047265152790163086,0.05302730721904678,0.0665458177183094,0.08731761238573503,0.10715786081848293,0.12317822738477348,0.14293111689288496,0.16528423473471895,0.17963859112973984,0.1734746805996819,0.13822977263785602,0.08743699622116614,0.053651876619874125,0.03989070522257183,0.03541889283174571,0.03433583823370437,0.034208933380800374,0.034221688090023884
4178.4,863.571908332168,90.0,0.048439849236478844,0.0543587950185996,0.0680686315970899,0.08859491684221231,0.10750072271979788,0.12291861624231992,0.142787929795368,0.16549423774293054,0.1796422869523733,0.17281289734327115,0.1373590789319426,0.08691961456340977,0.05346154969607507,0.039838100112158,0.035405966670305364,0.03433313629816724,0.03420852133014379,0.034221653112399324
4178.5,866.486217855902,90.0,0.0586994840790819,0.058797921606365704,0.06352742053928918,0.09372503292176038,0.13086803685305068,0.138832932736211,0.1393720918443056,0.1397897717757312,0.14017855376767793,0.14049063248768134,0.14069842911706112,0.1407823171753311,0.14076338056182527,0.14070707911197855,0.14066414099555077,0.14063861447034848,0.1406174318919897,0.14060480512184437
4178.6,869.4103416563861,90.0,0.06193819824388471,0.06580157678585696,0.07430482975945807,0.08706934827958328,0.10239487536790957,0.12020707667287252,0.14162682501246437,0.16327024511176233,0.1740497447321335,0.1618662853928954,0.12594910805833018,0.0813623394885798,0.048579422671281215,0.03704893565577109,0.03461350835206421,0.03424080557506766,0.034216857379063936,0.03422228695310719
4178.7,872.324651180006,90.0,0.06287065681814108,0.06679468058661549,0.07533536274295238,0.0879414100917836,0.10284279607863202,0.12020042158447118,0.14134052472595945,0.1628529407565489,0.17355666051723295,0.16134320892504186,0.12546173811936429,0.08097026677632078,0.04835070349001075,0.036991175216959826,0.034602715086916175,0.03423942061136312,0.0342167399215,0.034222280790038466
4178.8,875.2389607038048,90.0,0.06070495019215003,0.060855871887767414,0.06673350235007071,0.09805948259784097,0.13136711260534475,0.13823169666155122,0.13881894477917947,0.1393020779385188,0.13975154901366385,0.14011187080571205,0.140351828199107,0.1404481400467294,0.14042476936603857,0.14035958812365482,0.14031236751832118,0.140286375041207,0.14026512308380196,0.14025231562573318
4178.9,878.1630845041104,90.0,0.06444359173029623,0.06855726000811857,0.07729862952632385,0.08969523817594895,0.10373796585263662,0.12010264901456758,0.14067572947450424,0.16213137462067337,0.1732511908481723,0.16182379196509636,0.12641036697586186,0.08158784071998516,0.0484814928563569,0.03699518931922426,0.034598598796653335,0.03423772671115191,0.03421640703163632,0.034222287785250424
4179.0,881.0773940279092,90.1,0.04419039454970246,0.05374455754453549,0.0768093012914408,0.10439879062099096,0.10886540243034605,0.11172533645601475,0.13762170163333623,0.17001669897870178,0.17197781927773723,0.16378479035438331,0.1551809176170709,0.11002094020435399,0.06196176572822644,0.041361095079459315,0.035298919076007934,0.03414683425006135,0.034168542908839424,0.03422976128585879
4179.1,884.0702187804754,90.1,0.04546296942658777,0.055348292019278766,0.07876644078241737,0.10520158096348596,0.10792946939457577,0.11051370549359821,0.13689709614834372,0.17017093405209952,0.1718202605115421,0.16324227552776147,0.1551691742503384,0.11019416507320753,0.06183632644808298,0.04125269983863636,0.03525307635450482,0.03413443494683295,0.034166678461459786,0.03422961559002984
4179.2,887.0630435331175,90.1,0.05568905616637904,0.06292424517241231,0.07806560905207027,0.09606189361062425,0.10736974125965941,0.11771597366287292,0.13719707403611878,0.16203626319327114,0.17696954059103273,0.16918983449777458,0.13475312766500722,0.08624226148467226,0.053504084072065715,0.03996265710800666,0.03546289477271275,0.034346099213813756,0.03420962899385458,0.03422174554856933
4179.3,890.0558682856837,90.1,0.06407330856818357,0.06440495094494922,0.07296540939585769,0.1051011283387419,0.13002296806280397,0.13385524683564684,0.1344295266350023,0.13500279025629963,0.13554460942404076,0.13598756588579725,0.13629167143431775,0.13642676958417316,0.13641598424395343,0.136347316671951,0.1362942976290518,0.1362664881493675,0.13624524103811309,0.13623232091279694
4179.4,893.0486930383257,90.2,0.045472164529034215,0.05651473356436626,0.08253444945877812,0.10838981224674267,0.1052713369550616,0.10532435712724046,0.13217315579417566,0.1687388193087343,0.17162342766758582,0.16200446024842796,0.15401660477084067,0.11087291164996423,0.06277916978756105,0.04166450020776642,0.03537770417133727,0.03415772743554628,0.03416867785243991,0.03423016206259712
4179.5,896.0435720008948,90.2,0.0466890573836878,0.058160324289097856,0.08462045242086938,0.10882575595193046,0.10372645898181375,0.10348745660015461,0.13079735780159882,0.1683644506730816,0.17100186488852398,0.16113938896916027,0.15390139342423625,0.11101519608966989,0.06260319254873843,0.04151940806757893,0.03531233324539266,0.03413800422556562,0.03416556663428721,0.03423015693565351
4179.6,899.0363967535368,90.2,0.04737407497658917,0.05929660177187986,0.08642706263373266,0.10938534307449557,0.10222441359536345,0.10144954277269329,0.1290294916942319,0.1677041430017099,0.17054774175035803,0.16057677394816997,0.15397250786967503,0.11136184883676707,0.06263970544121102,0.04147619563162631,0.03528189718181534,0.03412650868594059,0.03416364186502357,0.034230339802100274
4179.7,902.029221506103,90.2,0.0478710274811307,0.060271854903667745,0.08818090848363767,0.10993556894346213,0.10065397375753445,0.0992646680627046,0.1270213903846417,0.16687559287768775,0.17018890261456782,0.1603253489369029,0.15457395109480904,0.11214478025741473,0.06286226271739412,0.04149202064000538,0.03526856985662856,0.03411913689473266,0.03416242819380356,0.03423061739663959
4179.8,905.022046258745,90.2,0.048186462693275374,0.06107966066830406,0.0898541915972086,0.1104487412774521,0.09902364788937602,0.0969370501471855,0.12472312869985921,0.1658513428734034,0.1700308515575232,0.1604572457797629,0.15563823316744818,0.11329297358607458,0.06326105546404931,0.0415710208039793,0.03527706443597905,0.03411820846294707,0.03416230477974313,0.03423090870588863
4179.9,908.0148710115011,90.2,0.04874215072489412,0.06212417297007878,0.0915951030387538,0.1106514594353671,0.09723117418585965,0.0945583529411699,0.12231264245845987,0.16470924742502663,0.1697990589546197,0.16055034120229217,0.15693078587200063,0.11473404902011207,0.0637093941947833,0.041640658818527125,0.03528117689756479,0.03411735249409328,0.03416228570252766,0.03423104271572903
4180.0,911.0076957640673,90.1,0.06789353641943355,0.07441834965555291,0.08569984183718918,0.09538548216564122,0.0997856017908194,0.10702131791892011,0.12484569844391842,0.15148027308487175,0.17332358869686093,0.1671736618728877,0.12389419493939437,0.07278809868914111,0.04534674489493781,0.03673949678536021,0.03458988861280333,0.03421374586328009,0.034203634283535636,0.034220285816551725
4180.1,914.0496852447409,90.2,0.050703453930942756,0.06496914067241356,0.09496043842151004,0.10977466559449836,0.09316155471212098,0.0897610885163418,0.1173992124468747,0.1623971776786726,0.16916496604350317,0.1602345747286189,0.15958546507728072,0.11832561836885847,0.06473799507741082,0.041765051943256866,0.035285939799747555,0.03411824788336989,0.03416265838785,0.03423055126660186
4180.2,917.0996852447073,90.2,0.052582424804612116,0.0672026644896224,0.09661607042327038,0.1083571155617472,0.09072941673942835,0.08736205229220335,0.11513306177612616,0.16162703683069432,0.1687420721551178,0.15947599476583024,0.1604576235763784,0.11986765691557147,0.06480721098126753,0.04160248693455474,0.03521549535545516,0.03410330137857444,0.03416096699369351,0.034229906912804524
4180.3,920.1398497138996,90.2,0.06905704092259071,0.07577808701246475,0.08665505672310998,0.09422982373590578,0.09563798042579669,0.10058140211751869,0.11729214884740154,0.14485686262691297,0.17069945186129012,0.16980312603551015,0.1281227245802603,0.07460972161434572,0.04564887520239477,0.03677128744862695,0.03459086921213822,0.03421247845558862,0.03420276505673555,0.034220020280543356
4180.4,923.1800141830919,90.2,0.07031041589379665,0.0767485914668891,0.08678554874176785,0.09316071888173721,0.09379987228859986,0.09840117562796974,0.11509227411965686,0.1434109833415934,0.17082708971541294,0.17049922304769116,0.12716080382910475,0.07282708611228011,0.04474872753494391,0.036501990355109225,0.03453566766794005,0.0342061691444403,0.03420260552444787,0.034220024289143204
4180.5,926.2220036637655,90.2,0.06440943383442821,0.06892756409737374,0.09055086317645869,0.10321238007158968,0.10534441175188086,0.10836789473732528,0.1189613765057635,0.12898256514120957,0.1323461921776283,0.13405446081182734,0.1352243281342453,0.1357951513760032,0.13582434850011513,0.13562854861877655,0.13548974943602082,0.13544793446490497,0.13542778938904868,0.13541309052338746
4180.6,929.2720036637319,90.2,0.0698055065725307,0.07387703102426256,0.08920725561247338,0.09466695081040218,0.09549672647581958,0.09946612817825111,0.11915072614940388,0.1365953269175443,0.1400423461986511,0.14143008828906362,0.1423709415002054,0.1427500540574677,0.14260079166818726,0.14228071719969254,0.14207648699976463,0.14197305289271187,0.14187974938387224,0.14181915923849697
4180.7,932.3121681329242,90.2,0.08025143901897779,0.08187559863715922,0.0847520434200613,0.08807384998514076,0.09228745815137186,0.09965335823439342,0.11199668897124646,0.12747940584961343,0.14071316568117567,0.145534843586433,0.13745631551105683,0.11547433517064379,0.08575723383441837,0.05732695893785534,0.0357822246875568,0.03427254100054515,0.03422305839578429,0.034223122409209515
4180.8,935.3523326021165,90.2,0.08138622733896234,0.08172556457164344,0.08240578069030062,0.08301885139319778,0.08396178582150804,0.09137840921292611,0.12029390130524648,0.13927833813635648,0.1417932478804743,0.1426908664975947,0.14263868369320556,0.14114108597076308,0.1378776442321443,0.13331637572876032,0.12796294208491218,0.1217413015108281,0.11452022391174002,0.10831774045951277
4180.9,938.39432208279,90.3,0.07166687660392332,0.0736434130485899,0.08215566368259312,0.08668614831222755,0.08789915793918118,0.09268091556460079,0.11421834574347395,0.13325428748136925,0.13672844558328684,0.13813362326170914,0.13906824869395895,0.1394135876028712,0.1391578028286094,0.13864275391417616,0.13818482584664432,0.13778886614646468,0.1373725314724361,0.1370823962043615
4181.0,941.4443220827565,90.3,0.0727737068353677,0.07403957532589382,0.07934972788556989,0.08232946353805798,0.08337242337023858,0.08838645420131357,0.11256559281354285,0.13487635993520997,0.13853033449967112,0.1397976524200168,0.14057779750715632,0.14074525447682373,0.1402694232290497,0.13950138467933398,0.13875704499934177,0.13801648844854322,0.13719901147212646,0.13660539609071878
4181.1,944.5019355312309,90.3,0.07243531638008961,0.07385690149037487,0.07643163718881454,0.07961425642663503,0.08384179762141912,0.09136732744744361,0.10464110469970805,0.12276919072161571,0.13979780234841976,0.146794285833968,0.1369873902957118,0.11018996460911053,0.07621422077723818,0.047040694895281385,0.03493850492964057,0.0342452336253699,0.03422181696539913,0.03422303831460961
4181.2,947.5681383946728,90.3,0.07152895741713501,0.07260519777616324,0.07469633065455349,0.07765730835935512,0.0820531353096952,0.08977995182590519,0.10287872393312462,0.12044520452734699,0.13684081839207096,0.1435350094471143,0.13403045808150876,0.10833582834839922,0.07563456909091333,0.047201994994883395,0.03497087844961672,0.03424750627830881,0.0342218464876322,0.03422301427093978
4181.3,950.6356618256576,90.3,0.07146259279127293,0.07217751782080535,0.07376149415691595,0.0764361703210116,0.08086963072646638,0.08849021759413464,0.10062592533670572,0.11612391939868855,0.13017134419031146,0.13615687502292698,0.12911182659318926,0.10859685144836306,0.08072197643166311,0.05414502834792278,0.03546166434440732,0.03426827695797678,0.03422268991366951,0.034223048618653946
4181.4,953.693275274132,90.3,0.0701038283063767,0.07040746805003485,0.07116937252683891,0.07271789105049922,0.07625350984196479,0.08543868735719788,0.10299311602484378,0.11973527952246858,0.12836318744858122,0.13108472192156723,0.1283432592045128,0.11932276208490121,0.10445889030331831,0.08631444206068235,0.06749542736243822,0.04980760974452147,0.034783376209421325,0.03423819426750942
4181.5,956.7607987052322,90.3,0.0690030122053705,0.06903281329222334,0.06910476841193793,0.06925078115335043,0.07032398986274684,0.08128248584004505,0.11091502852447294,0.12545190635087036,0.12726148523908637,0.12813870303272404,0.12872194507359958,0.1289868714957705,0.1289737652437771,0.12883518394191146,0.12871470727162715,0.12864259330060426,0.1285866147216143,0.12855289004967585
4181.6,959.8184121535912,90.3,0.06550099376990877,0.0655219349108207,0.06557355090776237,0.06567757977330653,0.06649578720584298,0.07682783498272026,0.11009179772770779,0.12899062489640342,0.13100128404864178,0.1317594412260986,0.13223908853732103,0.13243238263184912,0.1323863439358811,0.13224856195114568,0.13214514889407608,0.13208905519658584,0.1320449267666267,0.13201814410569712
4181.7,962.8846150170332,90.2,0.06250883232067948,0.06268567963960302,0.06348982839902859,0.06570006989204229,0.07049744680264577,0.0795328715062653,0.09463999528105202,0.11568774984700297,0.13591024004511312,0.1415015646960911,0.12307438765622629,0.08778528358178216,0.053596509423317874,0.03645374283049151,0.03439800628079548,0.034222077696838694,0.03421887035162413,0.034222570795957113
4181.8,965.9521384481334,90.2,0.059926790467049594,0.060051122584583456,0.06078336280215869,0.06295764861972206,0.06780182603638753,0.07697334497811158,0.09233036993582493,0.1139144714879626,0.13500929658551553,0.1415392039959859,0.1239733278712716,0.0892849049632008,0.05507387141829178,0.03670785071026664,0.03442328705952348,0.03422326876012624,0.03421881403187325,0.034222583078683165
4181.9,969.0097518966078,90.2,0.058803164464781565,0.05880928049406966,0.058834917943709084,0.058902936539427096,0.05945277041764789,0.0685547639489982,0.10323917261681752,0.12590697614778795,0.12806792205820064,0.1286637872253982,0.12901955950185387,0.12915142349213588,0.12910764892221663,0.12899762313187885,0.12891390929720514,0.12886730926170303,0.12883078338626835,0.12880870746281126
4182.0,972.0772753275926,90.2,0.056645555912766495,0.056652425917082874,0.05667991199805083,0.05675221035551357,0.05739131508652779,0.06711115122624021,0.10136866396216557,0.12217294373198563,0.12415344187984835,0.12476210187197878,0.12513897179441427,0.12529599662260754,0.12527619523973516,0.12517925716995595,0.1250965951921864,0.12504832108964078,0.12501200751916408,0.12499025309924934
4182.1,975.1252254584366,90.2,0.05258033249845807,0.052588738076347986,0.05276458997348785,0.053456381218056286,0.05608167429687618,0.0667240390818944,0.09254786293903924,0.1175958833780702,0.12807675413551547,0.13087500356161144,0.12777159501451194,0.1187112163009568,0.10465968555340043,0.08783109664590588,0.07016572668504864,0.05285150166399923,0.0372451764305651,0.03434529401125674
4182.2,978.1731755892806,90.2,0.0509007242273323,0.050901985282209634,0.050916159414110776,0.05096327927241153,0.0513603725364178,0.059497327039293585,0.09634883745811237,0.1250414333165721,0.12778008524999893,0.12831067673617075,0.1286198160400873,0.12873400214282782,0.1286991657109408,0.128605970125653,0.12853263284318522,0.1284909929038638,0.1284586828115429,0.1284392101736726
4182.3,981.2310997217386,90.3,0.04737860455382096,0.04738076425076825,0.04739469458769875,0.04743679365045946,0.04779408544626179,0.05567665025505676,0.09372780649401004,0.12539122304863076,0.12838973423397965,0.12887917587242967,0.12915985320191134,0.12926081285391994,0.1292262948423167,0.1291397347730923,0.1290721842422179,0.12903374043882948,0.12900369605364634,0.12898559345018637
4182.4,984.2790498525826,90.3,0.04412591078707106,0.04412511709028416,0.04413199730453424,0.04416156690854645,0.04441024273710818,0.05123169198667918,0.09016123472104046,0.12847103967283946,0.13230384250977834,0.13273832890501217,0.13296094675974365,0.1330168372238046,0.13295725030986916,0.13286448914511942,0.13280102134134625,0.13276669857978893,0.13273848203306682,0.13272133437168354
4182.5,987.3269999834266,90.3,0.048612896529155396,0.04217739042534063,0.03528185612866911,0.0324049246839489,0.03600227895490881,0.04948217628593423,0.07614491462746137,0.12400354424030803,0.1825431368289076,0.17270478180355456,0.13440821580933307,0.08605619562445216,0.0506061883934607,0.037317698491059224,0.034108564130037884,0.033902155936771476,0.0341316045234013,0.034224625340185375
4182.6,990.3756882258883,90.3,0.04236130769789601,0.038885989332826616,0.03451073278943211,0.03233495218267472,0.03502853037347334,0.046224605919877086,0.07179374191427212,0.11926096117270922,0.17888839181444904,0.18134398336812796,0.12926882811300577,0.07484155741036158,0.04629545077844076,0.03689580411805272,0.03444895948434341,0.03408950392914786,0.03416701020119628,0.034220164985040206
4182.7,993.4336123583954,90.4,0.03838266237103229,0.03535705656453589,0.03150409067198972,0.029605738157485427,0.03223767967163352,0.043184649596041395,0.06887492590200173,0.11667342718545642,0.1784895506087804,0.18220509283040806,0.1281453864847368,0.07338622195487268,0.04563566560151734,0.03668060541514361,0.034389147905594296,0.03407476305346302,0.034164671259533465,0.03422043104798437
4182.8,996.4815624892394,90.4,0.040882488876934214,0.03411408140277838,0.026965788484815158,0.02370903193391187,0.026573380348947562,0.04040407988830147,0.07211391496627183,0.11829124523485757,0.17877980423802195,0.17100997282560093,0.13354432694147397,0.08985653049827866,0.05143247231542886,0.03699717286746987,0.03352695898526098,0.03351625633345233,0.034034822882298164,0.03423250609738051
4182.9,999.5295126200346,90.5,0.03636798235186809,0.03072513681799874,0.024557690763365794,0.02163325065010107,0.02415871870046227,0.037049046167814806,0.06892334580948081,0.11493912710488448,0.17566960907065815,0.1726887247756722,0.13548530714372073,0.09201551697025477,0.05243317912306441,0.03732055152386629,0.033622434826180714,0.033532274684215886,0.03403373042255213,0.03423078111319524
4183.0,1002.5774627508786,90.6,0.03248740702914757,0.02773601176463953,0.02236347067781417,0.01968377210339007,0.021808731349611192,0.03357547551584675,0.06543646603067546,0.11215506147434844,0.17139406111995928,0.1734230439924901,0.13881098077491102,0.09725369836419065,0.05502462866987441,0.03814276279708942,0.03388514770098429,0.03360043986260647,0.03404047790930991,0.03422753331947642
4183.1,1005.5780626908823,90.8,0.02818825178664108,0.02452003657245044,0.020180336374826694,0.01791418287424454,0.019725522281419453,0.030183756025742272,0.060801602411617306,0.10854979837092717,0.1669999386742743,0.17351312436711394,0.14201417709284278,0.10402474635087178,0.05847330948197336,0.039195591549137314,0.034248577609517696,0.03371337177423327,0.034055510155595346,0.03422307827513843
4183.2,1008.5788792464288,91.1,0.02097277621963295,0.020031026125145852,0.01874067552602075,0.01825022648711989,0.020256493765214996,0.028201612648897322,0.05042630268168548,0.09753142905797951,0.16169928134677392,0.1859081478983094,0.1440933158737875,0.08642672855633939,0.05086928497354798,0.038243470753678406,0.03479485809857566,0.03414479748238711,0.03416327561534679,0.03421555643563675
4183.3,1011.5694811925083,91.4,0.017843542804742703,0.017217342715701075,0.016373017677518368,0.016184453610779886,0.018101655704354614,0.025260439777337957,0.04575169264419713,0.09184485914627503,0.15666514605517592,0.185907050980136,0.14726568290909853,0.08927824449560005,0.05198070159702902,0.03854443122545181,0.03487418447892294,0.034160520393695576,0.0341633283749773,0.034214380086208356
4183.4,1014.5702977480547,91.8,0.01579096380984301,0.01491065193587586,0.01370859766613922,0.013177959134489148,0.014688384817355698,0.021353016767797755,0.04266823903347126,0.08942542711915538,0.15176700974895146,0.18064090483903533,0.1487959939324337,0.10279368979377977,0.06035099107814534,0.04065828669967137,0.034958234729379034,0.034020902674871484,0.03411780459911873,0.034213550599444274
4183.5,1017.560899694153,92.1,0.013935193030213967,0.013937731376354708,0.013944786749293404,0.013959163513261071,0.01401068827279782,0.015860757443090297,0.03738181456810611,0.10636898584066973,0.12787378302647898,0.12868204956845722,0.12899643144379955,0.12910134274727045,0.12907079615736963,0.12898921920009138,0.12892698944590075,0.1288962087032597,0.12887414732346658,0.12886049629493906
4183.6,1020.5617162496777,92.5,0.011088669005609344,0.011176721010320955,0.011445313806477756,0.012094928429032991,0.013697854680710095,0.01844734859540517,0.03425054756795298,0.07380986556934932,0.12003574836640918,0.14592043319430226,0.14731943041079218,0.1321148883687359,0.10959844267319215,0.08575973479628904,0.06364081039256328,0.04460543884869057,0.03480868453928422,0.034257569823287405
4183.7,1023.552318195776,92.8,0.00994693039525812,0.009681963491825322,0.00934081185202298,0.009363012204664498,0.010563435721776987,0.014938497562467606,0.02899154499921532,0.0675972074580977,0.13620741524331018,0.18809814171413278,0.14983197167212273,0.09882012027727681,0.05853853962437567,0.040085918427335956,0.03474055265609591,0.033928122244501674,0.034096399810401905,0.03421484870248466
4183.8,1026.5531347513008,93.0,0.00900560236252821,0.008796481408870876,0.008531332416096183,0.008579856796586153,0.00965117073901435,0.013487514599948342,0.025823514167089646,0.06139282025444475,0.13045984637829802,0.19079454327359327,0.14981723264031324,0.09733166751768521,0.05783950748013108,0.0398662199196828,0.03465986318336899,0.03389483673470138,0.03408837060597496,0.03421525571401247
4183.9,1029.543736697399,93.3,0.007877146294481987,0.007750983666663654,0.007616754436236523,0.007766991688977679,0.008801691806979197,0.01222817821854239,0.022964854957383114,0.05457123470671201,0.12241649635517073,0.19295333120488964,0.14977711265258503,0.09658561806390797,0.057826629553530746,0.03991848525344053,0.03465983173932316,0.03387859266672012,0.0340813754145435,0.034214767740049716
4184.0,1032.5445532529238,93.4,0.007387128902016283,0.007276887215970057,0.0071588720835899355,0.007292168205929518,0.008212304681824429,0.011260183968915358,0.020809937990220094,0.04980028912370937,0.11609653666239307,0.19426315867387803,0.14925900146515653,0.09546427046706701,0.05764052632015083,0.03997467276463749,0.034686295957958815,0.033876228133217196,0.03407619854505003,0.03421325754208171
4184.1,1035.4645532529657,93.6,0.006788553819283636,0.00670768518560278,0.006633775532149129,0.006790270201505411,0.007649781365111988,0.01040285823021734,0.018905690873445086,0.04506052346217417,0.10840659320511871,0.1948886463255024,0.14929586898546096,0.09448914779679053,0.057437262376665174,0.04002477511954746,0.034725157423595,0.033878905273704144,0.03407098493767179,0.03421139771054469
4184.2,1038.3945532529006,93.8,0.006228391989416239,0.006172918802351129,0.006138346290260763,0.0063182364939304275,0.007131311074503802,0.009639180480607606,0.017254459599028136,0.04080305308955011,0.10048913621360854,0.19456011376927843,0.14994035503556752,0.09423433566320874,0.05755951641612633,0.04016300976083787,0.03478193739073242,0.033883986099828546,0.03406580626398945,0.034209467424017266
4184.3,1041.314570376179,93.9,0.005900237845253053,0.005850069320429501,0.005818349784183464,0.005980892908186699,0.006719423505323566,0.008996893842486893,0.015903941604096083,0.037555152280369986,0.09400039334471075,0.1930043776378606,0.15167730784191458,0.09505672119452985,0.05799170552591026,0.0403147975012717,0.034817426319256134,0.03388093514799178,0.034060513366022824,0.03420824810070288
4184.4,1044.234570376221,94.0,0.00560633674175514,0.005558657853363979,0.005525237863606332,0.005667045787802989,0.006334091623295171,0.008403913150944957,0.014693061755428125,0.034686791126707084,0.08790352869237307,0.19023820808575684,0.1545439961024399,0.09673627439737227,0.058685461198047725,0.040505275598961776,0.034853315816510244,0.033876736676930454,0.03405539310379797,0.034207223876514425
4184.5,1047.1645703761558,94.1,0.005315800861087953,0.005270279875257201,0.005235238061664782,0.005357509549187949,0.005958527777982361,0.007834745487319076,0.013554730989280856,0.03200386291891712,0.08200892464402569,0.18622360762047488,0.15784424059295182,0.09865778382592338,0.05937867828529175,0.040687688234586704,0.03489194523314918,0.033870192688941175,0.03404899161293468,0.03420635739823394
4184.6,1050.0845703761977,94.2,0.005058322180658656,0.005012471694260624,0.004970991564567944,0.005068616217665656,0.005600293504418777,0.007290363454126536,0.012476475399326416,0.029499721521381066,0.0765256575164077,0.18076048328607142,0.1619234194327757,0.10072033814648525,0.05998953078692264,0.040829953036936206,0.034919504392079304,0.03386869080729744,0.034045271753653815,0.03420542424835098
4184.7,1053.0145703761325,94.2,0.004981796499771018,0.004923048672442414,0.004850932005759854,0.004894839824488069,0.005331803236518077,0.006827879089517643,0.01152569485112892,0.02741189683825609,0.07257441455540094,0.17515589995735356,0.16464277524138213,0.10116576786180677,0.05986968605572888,0.04081417190685298,0.03492869256899763,0.03387551633842954,0.03404550419680192,0.034204576744970225
4184.8,1055.9345703761744,94.2,0.004944538286057422,0.004869834403624203,0.004762141907349955,0.00474732398795453,0.005089742971967627,0.006398245044018035,0.010627845266284837,0.025370967064275118,0.06886735980546617,0.16933697865396669,0.16693112550738076,0.1004877221822913,0.05918894278652788,0.04067222943517668,0.03493164926722219,0.03387852931463418,0.034043467604584036,0.034203969350845416
4184.9,1058.8545703762163,94.3,0.004775225386669788,0.004696421685269634,0.004575622911297606,0.004531020755200393,0.004806849897935077,0.00595513516952364,0.009723319313799588,0.02309285028907935,0.06429954026962857,0.1624643105150444,0.16948266113457255,0.09947620919533344,0.058353665882654254,0.040517959071059324,0.03494132467509861,0.033895481139513586,0.0340463995076464,0.03420291387331702
4185.0,1061.7845703761511,94.3,0.004774610660254141,0.004678189233515133,0.004519302031669934,0.0044162154474309415,0.004604779879667518,0.005592274734801874,0.008955764073450466,0.021199046395183434,0.060859790279479846,0.1567338015689352,0.17118116061653724,0.09847784766385688,0.05767264334989653,0.04041098904106243,0.03496214430241207,0.03391148373360627,0.034048400042171946,0.03420193489118841
4185.1,1064.6146410467247,94.3,0.004436487230859004,0.004400587881328397,0.004353633903472402,0.004376278551251455,0.004654683426828024,0.005634402329241108,0.008671624393588758,0.019024550059462443,0.05518023185607437,0.1486170119643631,0.17705108216333135,0.0926731058954805,0.05117725427952554,0.03843336982430127,0.03487992068151932,0.03410765881118387,0.0341229500144921,0.03420507627865711
4185.2,1067.4447117171753,94.3,0.004926319538915877,0.004746362040878273,0.0044245383716861484,0.004107677748496711,0.004043752247974979,0.0046831529574648334,0.0073941586390813665,0.018185299586109545,0.05393365337296214,0.1442556521235146,0.17995736127300166,0.09988013103955598,0.05885120254604232,0.04091683365355234,0.03505690602711079,0.03380764184210652,0.03398390472100218,0.03419261372382669
4185.3,1070.274729384922,94.4,0.004810146604861375,0.004624063937844585,0.004288293488057789,0.003947505328729658,0.003838949310366809,0.004372934474399591,0.006761843392671268,0.01637722844835208,0.04993462519435195,0.13699361688293182,0.18476621605250995,0.10104434078242876,0.059714386419252495,0.041222359181650604,0.035119134185660414,0.033802294497329174,0.033975449060119775,0.03419058773643154
4185.4,1073.1048000554956,94.5,0.005256631279605198,0.004867987111928677,0.00422029973717786,0.0035965580479766063,0.003287257431167857,0.0036670984152699024,0.005946955460179084,0.016240857552597656,0.04563136415968189,0.13019071753590805,0.1921636430303628,0.09378252909135877,0.0699149618844495,0.04448723399469261,0.03479904144993296,0.033080792651774216,0.0336909625191623,0.03417390315987769
4185.5,1075.9348177232423,94.6,0.005191382811811643,0.004794657437141131,0.004129044019953488,0.0034809419446268173,0.0031367289027811915,0.0034360116584300146,0.005442394668422485,0.014535123623056105,0.04253213974179987,0.1215192384542671,0.19958097740298072,0.09060771312267984,0.0674252733772877,0.044228648496951496,0.034757311187888454,0.03299966060955551,0.033658507949039344,0.03417117467551214
4185.6,1078.7648883936995,94.6,0.0052918085835267316,0.004856159160042112,0.004129136553640335,0.0034224813396874073,0.003025733733022573,0.003245280611154359,0.005018998702898622,0.01313652178577696,0.040254979937260925,0.11387681955056835,0.20541305989905645,0.08652248414869207,0.06344455201499727,0.04377922924718035,0.03477608322967193,0.03302454274303023,0.03364799485865403,0.034168190317949786
4185.7,1081.5949060615626,94.7,0.005239731620962542,0.004802917421145906,0.0040713599643242854,0.003353590717832517,0.0029322689042619652,0.0030876598947450332,0.004638408207036903,0.011728732405673372,0.03738179055111332,0.10545243091094855,0.2106433456544958,0.08277407560096281,0.06032280544230197,0.04366771676185304,0.03496375384621627,0.033087457722591175,0.03364571953740107,0.03416162112096366
4185.8,1084.4249767320132,94.8,0.005178231524148915,0.004745328220834452,0.004016682513761883,0.0032949513959881684,0.0028554419254744803,0.002956367654597314,0.004315191606405529,0.010516031633034635,0.03451113429556847,0.09745048519752902,0.2143802938219029,0.08010130995211528,0.058627285037638005,0.0441780681148138,0.035392123546318294,0.03325890810888424,0.033672950274728185,0.0341538115788594
4185.9,1087.2550474025868,94.8,0.005287473392701119,0.004821001547626611,0.004041905115984984,0.003274799306926228,0.0027958047983281252,0.002841317958881937,0.004046342765049952,0.009592291529843533,0.032221418167046205,0.09134837940625219,0.2164307037076347,0.07848199662618416,0.058719134394296005,0.04534329467534883,0.03591994115057715,0.03338168183745747,0.03368930355465331,0.03414531603618321
4186.0,1090.0850650703335,94.9,0.005279872749168146,0.004805734189841795,0.004013251766722107,0.003231137616673329,0.00273215546092329,0.002734171687973136,0.003799389684511478,0.008728411388631726,0.029779164852188428,0.08444326867091548,0.21903857522407577,0.07765518379975386,0.059249843738180624,0.0464590957287819,0.036307288435799535,0.03348363162754046,0.033700627070972274,0.03413952902887766
4186.1,1092.8668630500727,94.9,0.005362786359877658,0.004862187294554765,0.004029428771693488,0.0032101863244080927,0.0026791574711983184,0.00263631760742993,0.0035789807827108196,0.008001196649781947,0.027755389979049732,0.07865056793061014,0.2215766748204181,0.07757158553793246,0.0599471653764022,0.047245427959507334,0.036511098591387854,0.03351896747003865,0.0336990401896855,0.0341359642888828
4186.2,1095.659030666752,94.9,0.005485944283787294,0.004948602992117524,0.004061522353529398,0.0031944976669267254,0.0026262412732631557,0.002538504240510728,0.003368715291006443,0.007353684933313269,0.026038593755879243,0.07357200105128853,0.22301899883509607,0.07869036327117357,0.06054358621027384,0.04706362743529019,0.03632742833837833,0.03342637164451106,0.03367173140706014,0.03413620358312633
4186.3,1098.4408286464911,95.0,0.0054726724119915264,0.004929025313483328,0.004030859461636567,0.0031510352689092793,0.00256637840173546,0.002445309101302682,0.0031743937764162522,0.006744648251531233,0.024078208556272337,0.06781931263921125,0.22396654292571552,0.0800403746336303,0.06121132221099697,0.046952197078594826,0.03617801707614079,0.033346710873183846,0.03364807947290405,0.03413626623444509
4186.4,1101.2226266262637,95.1,0.005467374704710704,0.004913416009392199,0.003998877906176983,0.0031031087135701295,0.002501745777631974,0.0023497385454065993,0.002988593250445323,0.006202808717937811,0.022344447074640034,0.06267915392288645,0.22272458867729514,0.08312297462813657,0.0633959515963162,0.047145174114725866,0.03605095626993701,0.033274104428209036,0.03363103633893309,0.03413756340951023
4186.5,1104.0044246060029,95.2,0.005489897975190108,0.0049158662950127465,0.003974701479321363,0.00305834723673967,0.002438636313500049,0.0022564326591487343,0.0028137289455243296,0.005720944765135689,0.02073590513952879,0.058406708500017536,0.2196651561665387,0.0864332821975947,0.06720826216441406,0.04818502324767558,0.03613161632382405,0.0332922358735893,0.033623889332694515,0.03413569394645972
4186.6,1106.7862225856593,95.3,0.005508735984824588,0.0049156242931401,0.00394786264717444,0.003010414036078536,0.0023735754167779496,0.0021649172526848376,0.002651541640726564,0.00528791297306033,0.01921044962157705,0.05458583737361396,0.215260239475091,0.09003714332565153,0.07245709517129623,0.04997810436806079,0.03641653670515597,0.0333677604544948,0.03364391613425634,0.03413554234252668
4186.7,1109.5683979935054,95.4,0.005528508684372993,0.004917779852957538,0.003927276893554476,0.002973928662453672,0.002326159965889572,0.0020963750868664413,0.002513790331253235,0.004878145868552708,0.017679625115872316,0.05152987512355834,0.209091552658707,0.09415212569864384,0.07862012218982554,0.052227177928756946,0.036838512342760504,0.033516168378534675,0.033689893053658077,0.03413656891609231
4186.8,1112.350195973278,95.6,0.005432223931155117,0.004836462489348779,0.0038620179221383793,0.0029142727478879073,0.0022639417547569898,0.0020190521997550067,0.00238235730532357,0.004519754961997426,0.016059992232630202,0.04779200007251101,0.20189943413969466,0.09890566141353509,0.08459038685754618,0.054349237812848734,0.037194471984318425,0.033590221806707066,0.03372942589843464,0.034138258643186675
4186.9,1115.1419875127976,95.7,0.005450581894804261,0.004845593005092662,0.003856249567910748,0.0028930774273301326,0.0022278062722052923,0.0019609750747756126,0.002270475590027159,0.004194572933190271,0.014539949780058107,0.04543561808150012,0.19486484688338737,0.10303494359139186,0.08627676792620127,0.05573067212745013,0.03757355113754589,0.0337060891451689,0.03375439287933526,0.03413547718218298
4187.0,1117.923785492454,95.9,0.00538387642187236,0.004787194643323187,0.003807035679162697,0.002847916533212995,0.00217871283399474,0.00189702104582444,0.0021618762240064125,0.003895679300796303,0.0130608140398176,0.04240254572911541,0.18740188094099997,0.1079397221726028,0.08439216728351155,0.05591236690570291,0.03779913747625442,0.03379177857023267,0.03376494205188314,0.034131106381504406
4187.1,1120.6950848267106,96.0,0.004668606694635487,0.004341067127548127,0.0037297389828906263,0.0030305494565271945,0.0024617463679246594,0.0021791575282993896,0.0023692027382527215,0.0037267321388956,0.010194405693468297,0.041644943463023665,0.17482692559353705,0.1233293515256753,0.06831402160799945,0.04528167587274979,0.03665709135287205,0.03420585672707945,0.03398901609694105,0.03415845083193355
4187.2,1123.475462498856,96.2,0.004584717545973454,0.0042625450297699066,0.003659580578930961,0.0029673475594215837,0.002400311991466277,0.0021069749650865074,0.002256701884471277,0.0034631909265191775,0.009191576542475257,0.03826231882545245,0.1680958820327991,0.1274424044899553,0.06599041359330467,0.04428556273238013,0.036450039619846435,0.034172792551586714,0.03398904274834859,0.034159630292459574
4187.3,1126.2467618331125,96.3,0.0046540066862170775,0.004306664772428671,0.0036624987504170693,0.002931676126414293,0.002336810290496134,0.002020844853748045,0.0021311152107293795,0.0032159500843732367,0.008419271372957993,0.035971172201915924,0.16288545528308515,0.13025923846319787,0.06477754974903656,0.04369358983709186,0.03628453414422266,0.03412089537036669,0.03397055906411179,0.03416018283881253
4187.4,1129.018061167369,96.5,0.0046353359592961815,0.004276199775570278,0.0036138124235774428,0.0028678395389491115,0.002263358766905373,0.0019359719134089963,0.0020156156010003134,0.002992713501287399,0.007700502407842577,0.033315339224277,0.15668464558711603,0.13528390068183133,0.0639490466409911,0.043121208064627686,0.03607082834970203,0.034039813794801935,0.03395019086906023,0.034161013548312455
4187.5,1131.7984388395946,96.7,0.003209641232679534,0.003154834200406085,0.003034136362669775,0.0028618860899246134,0.002692322229243253,0.002629173230335025,0.002866216786446519,0.003924626169485278,0.008021484647258159,0.028190396241576536,0.12909479404746413,0.13378517158353775,0.057443444596086614,0.03866627115986928,0.0348861550699791,0.03419384509788593,0.03415615956612846,0.034205379420224266
4187.6,1134.5697381738512,96.9,0.0031918189369782,0.00313270890682973,0.003002210742914538,0.002814871739936347,0.0026259340356177053,0.002537667147074072,0.0027331751226013007,0.003692820212802589,0.007456548201956623,0.026324178431278503,0.1246143305560484,0.13742467221758875,0.058061699337911936,0.03874791690482638,0.034889385569653285,0.0341872836409804,0.034152932820986165,0.034204994978189504
4187.7,1137.3501158460767,97.1,0.0031737027777985665,0.0031103618986743774,0.002970333403111764,0.0027686008765217163,0.002561655329844722,0.002450601199472813,0.0026088068316892452,0.0034796615347945066,0.0069417917068448284,0.0245761692319234,0.12011242187214714,0.1412912474710049,0.05865679598831375,0.038821748585477704,0.034890897154803174,0.034179425386526394,0.034149115715410065,0.034204563098339386
4187.8,1140.1214151802174,97.3,0.0031636446188144716,0.0030957871552676434,0.00294570460102206,0.0027291194603817326,0.002504294391195678,0.0023717512794052655,0.0024961904337960856,0.003288097399585584,0.006482200244657448,0.022979237156450335,0.11572366750297214,0.14458069023204048,0.058996508189967004,0.03884713623332363,0.03488532151282058,0.03417120224455223,0.03414533601004027,0.03420415115859624
4187.9,1142.9026738880875,97.5,0.0031516366040751243,0.00307975934253551,0.002920799155527729,0.0026912698639475537,0.002451078511657274,0.0023001856821494027,0.0023955329986939415,0.0031183500874915485,0.006073953557392506,0.021498701070821826,0.1109455695435629,0.14828797723479156,0.05948497081457381,0.03891283836470926,0.034894591325456345,0.034167505703048585,0.034142115341174416,0.03420350075483002
4188.0,1145.6730890194638,97.6,0.002763175559148134,0.0027618687193004493,0.0027588413252975594,0.002754162875908206,0.0027491127639284016,0.0027471200452569683,0.0027545802143968475,0.0027898689124727,0.0036355200735549544,0.02113860550848041,0.11615739812010409,0.11367287834891791,0.1093163806292852,0.10369263065669362,0.09747145668602518,0.09062936436511533,0.08288354887213364,0.07572741418356518
4188.1,1148.5128425298362,97.7,0.0027313471628827527,0.0027298145464371526,0.0027262084046614198,0.0027204710847200573,0.0027138193007652444,0.0027097510067801717,0.002714868941096136,0.0027449253038842932,0.0034438869885843183,0.01861817607210957,0.11602736293204309,0.11217351318136165,0.10711000172225348,0.10042574561041732,0.09291710531898315,0.08466551231786623,0.07546702809313964,0.0670393944374741
4188.2,1151.3412696545658,97.8,0.0027054253810126117,0.002703668845215839,0.0026994862154257797,0.002692689263317113,0.0026844305407946693,0.002678278371668049,0.0026810400603527584,0.0027066904166100528,0.0032825177177810564,0.016395858398527682,0.1157645045868018,0.11106724259870425,0.10546964863196469,0.09791561523862058,0.08935158596413714,0.07998427860925518,0.0697058180332773,0.060404536099113865
4188.3,1154.1810231650727,97.8,0.0027392054497259533,0.0027353950395707714,0.0027260166853403977,0.0027098701324554295,0.002687746034517039,0.002664192976945069,0.0026486182811475225,0.002655863113095324,0.0030713201372513247,0.0141767978420272,0.12119421448731485,0.11480502363236302,0.10764133663139201,0.0983362221256621,0.08814585646247117,0.07735958283069198,0.06582506568444393,0.055560133707324884
4188.4,1157.010881818739,97.9,0.002724023269072532,0.002719983764990931,0.0027100061959241736,0.002692738118123309,0.0026688837196104796,0.002643049269540654,0.002624815894216981,0.0026287267981349,0.002964318287143326,0.01244559910557622,0.1196585470842201,0.11502018567804626,0.10777862241538719,0.09805312051006912,0.08726168933796967,0.0758431595128362,0.06374715586962898,0.05309214821266691
4188.5,1159.8492087907186,98.0,0.0027083969822062387,0.002704189135712966,0.0026937615954831405,0.002675626030177657,0.002650387992250411,0.0026226528294108434,0.0026020826244696977,0.0026030614780815408,0.0028738920932119515,0.01097655020161107,0.11726542027661684,0.11669976237423825,0.10998546295260435,0.10082928539356568,0.09062050011857069,0.07977074340819941,0.06815973343376001,0.05781942800336413
4188.6,1162.6790674445003,98.1,0.0027514466455343264,0.002744763599656826,0.002727029203510442,0.0026937779914706986,0.0026458244110552196,0.002593857416952387,0.0025538475739392275,0.0025400343232834517,0.0026671956978718808,0.008511606497372773,0.11977631452338548,0.12023804872694743,0.11325007079797393,0.10460876979486818,0.09559674687547876,0.08639998839714043,0.07647254617080362,0.06740542934008265
4188.7,1165.517394416496,98.2,0.0027538385121190037,0.0027465131132512564,0.002726768480728286,0.002689044002837015,0.0026339498616550204,0.0025739627599604795,0.002527064176183729,0.0025078697449337902,0.0025958454715735366,0.007484468134251408,0.11681014683987288,0.12206262228303705,0.11526571270721946,0.10711987752984743,0.09886160861375061,0.09058640354054365,0.08162004712587383,0.07336025133934236
4188.8,1168.3571479270029,98.3,0.0032523494303158852,0.0031534135200957463,0.002934860457534413,0.0026197302202629023,0.002281667343360056,0.002022396339586971,0.001961323872758628,0.002329689343857474,0.0040376790905874895,0.013026152617694324,0.07463633855589774,0.17559772296828377,0.06299253697881968,0.03923850012926153,0.03504710615080797,0.03422803269809111,0.034146909123420346,0.03419938164929591
4188.9,1171.1870065805344,98.4,0.0033541984018217383,0.003239398488249795,0.00298823828086916,0.0026314089360494593,0.002254265251021928,0.001964314973381226,0.001875422733712919,0.002198410374169992,0.0037742306636806364,0.012206592381948815,0.07325213038531407,0.17822629312662955,0.062310856647932907,0.03913205376778744,0.0350483458232766,0.03422470570049899,0.03414186892626966,0.03419820457247496
4189.0,1174.0253335526454,98.5,0.0028022080150794334,0.002792606962676587,0.002763599864816742,0.002696734535809953,0.0025898246536702496,0.0024837780815239628,0.002411300927753849,0.002376312679691923,0.0023970544770535113,0.005356671280822088,0.10785721695275433,0.12214227131226069,0.11340520489046242,0.10354913983093275,0.09402568705981686,0.08467604936853196,0.07472667318765883,0.06563975429873141
4189.1,1176.9850125892222,98.5,0.0028893694541312475,0.002878182522870523,0.002841167200537572,0.0027440900691548145,0.0025832231078278096,0.0024374828140461048,0.002350881542887502,0.0023106986410443326,0.00232054039689648,0.004939032583524457,0.10616769643763595,0.12096037263413459,0.11093154211843705,0.09972920640100912,0.08901227403343358,0.07853245011119182,0.06756621969094743,0.05770685839055282
4189.2,1179.94288344517,98.6,0.005039126468493894,0.004462822614180665,0.003485147547390193,0.0024984123184512525,0.0017631175549712164,0.001329836880891545,0.001177906747045893,0.0013861383891845163,0.0026081511183321483,0.010095823985888416,0.08035982191115885,0.18559514384297104,0.05415547134704793,0.043393230796657654,0.037801188410480656,0.03428472077730407,0.03377129976397544,0.034086350803884974
4189.3,1182.9025624818614,98.6,0.005120263255862288,0.004522602887142938,0.0035151171092177003,0.002506284672194141,0.0017597319354974764,0.0013211751294547774,0.0011647090201859372,0.0013626931539959255,0.0025446380537386664,0.009788952431023191,0.07859901739645975,0.1850221480666762,0.052898514745638024,0.04278093171644715,0.03783442501702789,0.03435548128835967,0.03378581594447625,0.03408392087132062
4189.4,1185.8604333376425,98.7,0.005060187038585675,0.004479887376152634,0.003495384562400749,0.0025018065650317845,0.0017610433122710483,0.0013228560004224532,0.0011637689903488098,0.0013535384932104378,0.0024962321706119388,0.009411420372608614,0.07540085420875167,0.18572694317108818,0.052173348105712745,0.04300662795346742,0.03825972785576571,0.03452655776495057,0.03381757802744844,0.03407893918508775
4189.5,1188.8201123742192,98.7,0.005093944870426744,0.004507759247296027,0.003513972577191739,0.0025119202088174754,0.0017652642096235042,0.0013230670269915525,0.001160068325082866,0.0013419689001763723,0.002453173827904336,0.009150337646427035,0.07386125766839668,0.1858101937212001,0.05227947782644763,0.04365743246633644,0.038776074341077243,0.0347114002208082,0.03385456398094919,0.03407483118026271
4189.6,1191.7779832301671,98.8,0.004990126253336842,0.004436616972194386,0.0034861853375243532,0.002512622347764229,0.0017763245581933133,0.001334740096168986,0.001168537726106892,0.001342578265163624,0.0024171968932799283,0.00879717185598585,0.07117939990158179,0.18682714723316743,0.05290305101149551,0.044784357570901365,0.039385716023064905,0.034901100782307216,0.03389669831418056,0.034072527558229586
4189.7,1194.7376622668585,98.8,0.004976227765108703,0.004433196817131906,0.003495229954234726,0.002527366107823872,0.001790106167185557,0.0013446775294658755,0.001173444127930331,0.0013382078036222164,0.0023759300033593667,0.008487086480326235,0.06980585266042398,0.18691920471344423,0.053393624521031254,0.04572108112704882,0.03993139720888294,0.03508169065765733,0.03393814572680435,0.034070757861213136
4189.8,1197.6955331228064,98.8,0.004967326654770365,0.004434141964185831,0.0035076914184786322,0.0025446119425117297,0.0018056226652123997,0.0013557653312325933,0.0011791374756969682,0.0013346306194744395,0.0023376703929671233,0.00820886002101837,0.0686612104058762,0.18676342659412629,0.053818503634918545,0.04593681698843162,0.04002442112529361,0.035132680741685456,0.03395669590780697,0.03407202626570967
4189.9,1200.6552121593832,98.9,0.00484063703037591,0.004346710669351574,0.0034742865630786888,0.002548426049509737,0.0018236627970484602,0.001374811457159699,0.0011939649289284128,0.0013399305735119396,0.002303054788344947,0.007857657436904909,0.06631475602342198,0.18673336735068685,0.053468026017195136,0.04561809742113303,0.03993680774951933,0.03513986371588507,0.03396720630543762,0.0340740056162748
4190.0,1203.6130830151642,98.9,0.004830147499515821,0.004345815114500696,0.003485205151774284,0.002565016419431983,0.0018394110351388656,0.0013866873108181123,0.0012008313792541262,0.0013385174567502466,0.0022726593097704808,0.007635674043503009,0.06532526704703577,0.1853995256457066,0.052913070243029804,0.04475832473930905,0.03963870726791386,0.035108498743133425,0.03397312713160933,0.0340759489625563
4190.1,1206.6765777516368,98.9,0.004817233142920769,0.004341660658246798,0.0034922606782603776,0.0025781072820657415,0.00185248007988269,0.0013966787696108665,0.0012065811762845054,0.001337132741117755,0.0022464009442942382,0.007444871851048508,0.0642612281606135,0.1840607991869917,0.0519266274196067,0.0435778218314747,0.03921134991921329,0.03504397293496065,0.033969874750432415,0.03407944936288489
4190.2,1209.7382276337494,99.0,0.00469714460283144,0.00425434783773097,0.0034525602934079662,0.0025742630270502677,0.0018648512750639216,0.0014126385852853325,0.0012208464907369854,0.0013460888327161804,0.002232488017345892,0.007237242345995987,0.061754891980256924,0.1829821370186373,0.05039357485208083,0.04219804158471112,0.03875121048019148,0.034997932254388166,0.03397688547816574,0.034084916327579706
4190.3,1212.811548313306,99.0,0.00469263072414184,0.004255003379176,0.0034598166552194773,0.0025848699078073415,0.0018750128966270934,0.001420456991135587,0.0012257455707861218,0.001346556181050074,0.0022185858005326297,0.007123743053677587,0.06045541124033726,0.18104025760942205,0.049297314613788536,0.041023052905131814,0.03827702051590408,0.03493453254688163,0.03398217120140398,0.03408969946683712
4190.4,1215.8731981954186,99.0,0.004707787904995206,0.004269962001010528,0.003473630980192801,0.0025963379544585766,0.0018835855910480494,0.0014263928069650157,0.0012293856275742243,0.0013472370676488473,0.002209853531762608,0.007045330986100956,0.05937012452867041,0.17925848938460906,0.048294777963443995,0.04008553339783724,0.03791081676739014,0.0348881093830119,0.03398549103268959,0.03409357716695169
4190.5,1218.9348480772464,99.1,0.004602698520583043,0.004191558184908474,0.003435460393008242,0.0025902111861281726,0.0018934650955309482,0.0014411351928292242,0.0012441851354038354,0.0013596632477406445,0.002209091570663039,0.0069077810672343466,0.056923039681225515,0.17866607356559783,0.047294099811488355,0.03929755265430112,0.03759567913284904,0.034847491089454896,0.03399111356684308,0.034098064553166385
4190.6,1222.008168756976,99.1,0.004607141621476127,0.0041983787293338026,0.003445340710943515,0.0026014724972748563,0.001904108748332621,0.0014502806173982807,0.0012518157311841973,0.0013655622734870733,0.002208615847789074,0.0068449714594933314,0.05583089394054294,0.17806521749767504,0.04685356484984052,0.03899975345411575,0.037521224559685026,0.034851450379726936,0.033994554425252586,0.03409837941791307
4190.7,1225.0698186389182,99.2,0.00449840294993615,0.004116943756940083,0.0034060305953940995,0.0025968978995009914,0.0019177155141779953,0.0014701108597463678,0.0012726896683290492,0.0013855371617963138,0.0022191532582603816,0.006732561374922343,0.05358986051736021,0.17840539538682065,0.046315092883868196,0.038814059205859446,0.03753154445423186,0.03487248909292051,0.03399992562299455,0.034098102822022414
4190.8,1228.1333133753908,99.2,0.004491977768221527,0.004115880322955332,0.003412880882610412,0.0026094713141223257,0.0019322458033533049,0.0014843890587259761,0.0012863651045949798,0.0013991662593617808,0.002230995314420191,0.0066944970810958,0.05237445019349576,0.17835781282439042,0.04615164043575268,0.038841876405440436,0.03762221782541574,0.03489960636535298,0.03399979558618616,0.03409567362703055
4190.9,1231.2047951024492,99.3,0.004396100731665267,0.0040427988283279455,0.003376041724444533,0.0026040433446808957,0.0019446213516786464,0.0015040650088222844,0.0013088439384960867,0.0014238744337152153,0.0022556313703854178,0.0066463322856026965,0.050467321704306733,0.17886636821615282,0.04594650080064356,0.0389351567557706,0.03774810647611111,0.03492059920020819,0.03399469921484903,0.03409240930272348
4191.0,1234.2664449845618,99.3,0.004388816752315926,0.0040406484149544935,0.003381743976345975,0.0026159094751977362,0.001959154156291822,0.0015190920936730946,0.0013241710014943653,0.0014408876921638593,0.0022763106621344754,0.006645083486005054,0.04941133008347973,0.1790432319173449,0.04622653529624439,0.03931089243131752,0.03793379384156649,0.03493415291595667,0.03398446556445329,0.03408840636471971
4191.1,1237.4163814918445,99.4,0.0042576194896572885,0.003937882398220852,0.0033253766126042526,0.0026015716026456387,0.0019702109152054783,0.001541656747672683,0.0013518371515937406,0.0014727553518761676,0.0023109446430638063,0.006603908802461293,0.04714087261263231,0.17955662946947223,0.046301433046231244,0.039751224748143625,0.038197579781230985,0.03496209166889673,0.03397505707547928,0.0340835470872546
4191.2,1240.5663179991273,99.4,0.004231827025545453,0.003920328212089628,0.0033212161885503694,0.0026092603086089418,0.001984686487172241,0.0015590488582576936,0.0013712140427277499,0.001496040647461828,0.002342981417561961,0.0066277719736074076,0.04594123778430975,0.17938879367916769,0.04671165435965791,0.04027536065518102,0.03843228995951163,0.03498058515026173,0.0339653572342297,0.03407940977484225
4191.3,1243.7146826540127,99.4,0.004199097587386273,0.0038980490445092593,0.0033159303467038006,0.002618973350265022,0.0020028865163470248,0.0015806807310039992,0.0013948690269138101,0.0015236693047837107,0.0023790468177578663,0.006645934057585305,0.044557659279598275,0.17927609578845058,0.0470713636333044,0.04092748308926268,0.03877309304011465,0.03503622369892573,0.033965226257448015,0.03407542788555389
4191.4,1246.8646191612954,99.5,0.004074621415719581,0.0038027392822253406,0.0032689492963142728,0.002616363715342134,0.0020268177929864896,0.0016156985684264323,0.001434016494472659,0.001566695188695151,0.0024258567650815395,0.006620286609899039,0.04229515840202301,0.17938843080040834,0.047554970226442554,0.041690839471805824,0.039201766772124974,0.03513542999006301,0.033980631036839175,0.03407258365075474
4191.5,1250.0145556686932,99.5,0.004062845185330234,0.0038002342336213176,0.0032812511861584712,0.002641027504416115,0.0020571257367727855,0.0016466991775891846,0.0014645785819466057,0.0015987212359405564,0.002461516157153042,0.006619111326921441,0.040962600846586664,0.17919414101840664,0.04781033461518833,0.042177648545669175,0.03943718044869504,0.03518107774441585,0.033987544747045094,0.034071485840029475
4191.6,1253.1629203234338,99.6,0.003962605068275813,0.0037258701281645853,0.0032506170780643292,0.002651424608732437,0.002092047966386115,0.0016908192137166946,0.0015103200667401645,0.0016439901161366837,0.0024984648465525335,0.006536189989171019,0.038871007076989726,0.17890379208686943,0.047689320052236125,0.042525376030450694,0.0397165571783994,0.03524486332465581,0.03399616241340807,0.03406916629717912
4191.7,1256.3128568307166,99.6,0.0039767646218957795,0.003747247094053335,0.0032831913118208703,0.0026923228301330574,0.0021347183914693126,0.0017304448950673547,0.0015455440113459288,0.0016749094076739775,0.0025189750892368593,0.006471797719418224,0.03765370965603077,0.1788171432285792,0.047175574622290814,0.04224828381972759,0.039727826715688,0.03527052332716942,0.034004050076735584,0.034069201150233375
4191.8,1259.4627933379993,99.7,0.0038989683656858363,0.003692471875547998,0.0032681036938774083,0.002715252325415797,0.002180046518389881,0.0017825281406785584,0.001595636286243138,0.001718264632285452,0.002539672973322142,0.00633795166733512,0.03581394739386011,0.17875434239458005,0.046485467722637466,0.041599024621025764,0.03949591630103354,0.035231350719295444,0.03400033071481326,0.034070905365144524
4191.9,1262.6111579928847,99.7,0.003924685805625861,0.0037245151987436325,0.0033100129049966377,0.0027642454178041093,0.0022294002863541638,0.0018267859024560405,0.0016323086128331012,0.0017451464763155013,0.002544570254073455,0.006235813291905897,0.03490265201827252,0.1791573034782143,0.04572152160323266,0.04090213602998292,0.03914548619550557,0.0351315517800976,0.033976585508695686,0.034071762884449366
4192.0,1265.7610945001675,99.8,0.003836879075564832,0.003658649495917895,0.003283743059035969,0.002778813471361888,0.002271166771665251,0.0018796001609300062,0.0016857146935083283,0.0017934039144488797,0.0025734854393141054,0.006127421119606677,0.03307259940837491,0.1791666652895707,0.045329995025560586,0.04048737923844605,0.038860471406599546,0.03502338686311161,0.033947015072520154,0.034071734137448406
4192.1,1268.9537892867359,99.9,0.0037996593257520334,0.0036327312408215864,0.0032787236639582147,0.0027961262207316854,0.00230410475256701,0.0019195487584859538,0.0017271092702470466,0.0018337341358880483,0.0026058274825735642,0.00607740512550881,0.03187161040758909,0.1792781485570984,0.04509505430704594,0.04047914158716548,0.03881253373894906,0.034945105198747925,0.033910746396183404,0.03406766510550721
4192.2,1272.1464840731887,100.0,0.0037458457507005016,0.0035894135422232494,0.003255740215026997,0.002796696769164938,0.002323743331853399,0.001951102179508736,0.0017659226959477574,0.001879299395580905,0.0026582485113222716,0.006081761236311003,0.030543344357786353,0.17898175661987975,0.04532799106208466,0.040673604739759034,0.03870647957157422,0.0348346815050695,0.03387164885337892,0.034065510924796476
4192.3,1275.3292501657756,100.1,0.0037019897116339863,0.0035519999459239044,0.003231527060323497,0.0027892758190325513,0.0023319186212908943,0.001971495052870731,0.001796648054843893,0.001922414239765655,0.0027203156743177285,0.006137240824914923,0.02956575563135618,0.1783876192152768,0.04597536740022425,0.04150322655457842,0.038918081284965385,0.03478478322472777,0.0338366640582483,0.03405993130420179
4192.4,1278.5219449524548,100.3,0.0035526986076281283,0.003421009877324914,0.0031374092229154824,0.002740858691568653,0.0023246866011581335,0.0019941113173970264,0.0018400680774679709,0.0019846244526491095,0.002803454570647463,0.006174778267996633,0.02789007637873252,0.17726729412418732,0.04718552998759052,0.04263373011666656,0.03916344959938275,0.03476034795476344,0.033818021442890485,0.034056756528846946
4192.5,1281.7146397389076,100.4,0.003509086655967218,0.0033814600061298898,0.003106733708245241,0.002722948071674107,0.0023207407761350438,0.0020035710562771414,0.001863231069152664,0.0020260951972809046,0.0028757857267567724,0.006270310773649768,0.027089254428009836,0.17596081161704263,0.04876315307966624,0.044718889953047306,0.039730208973432525,0.03480185985613107,0.033811518474951695,0.03405192968773284
4192.6,1284.8974058314946,100.6,0.00336316148724055,0.003252343972633224,0.0030119990737746505,0.0026721619618348155,0.002311303789466466,0.002025649008001012,0.0019082246366469886,0.002091351598397067,0.0029606801812268107,0.006298944827973589,0.025727769257950974,0.17435695702710238,0.05046283576134368,0.046753309052256796,0.04008666072851095,0.034800853016469874,0.033802239959632586,0.034050409550573445
4192.7,1288.0889258455863,100.7,0.0026005557377394217,0.0025888159862476855,0.002560566398683464,0.002514417060107477,0.002458687403136723,0.0024188953378811284,0.0024467439197550962,0.0026498497559288487,0.003367165118522465,0.006639279212743628,0.030243885775240762,0.10682060185287534,0.10036842191734906,0.07508254069440408,0.05205090850118557,0.03532455106285711,0.03424914232144553,0.03422230881909212
4192.8,1291.2716919380578,100.9,0.0025479089271128424,0.0025382304194964205,0.002515219614868167,0.0024783799493294863,0.0024359042309519668,0.0024118684159777594,0.0024564660396305025,0.0026776290037102924,0.0034172628853108675,0.006678666582892303,0.02935134598126802,0.10452798429033547,0.10048686566260222,0.07565167205176816,0.052420084307812705,0.03534026589836739,0.03424931660667398,0.03422213466297262
4192.9,1294.4643867246261,101.1,0.0025020530609063773,0.002494136605519156,0.0024755935550710506,0.0024467118297453075,0.0024156851584316375,0.0024055407776996966,0.0024651852243825507,0.0027027231865057668,0.0034611129652000754,0.006700338627360662,0.028505015578712427,0.10251838025741711,0.10037928240588125,0.07595098251259573,0.05263871042901679,0.0353428141370977,0.03424903849204053,0.034221973926477765
4193.0,1297.6570815111945,101.3,0.002470303583505705,0.002463686700043902,0.002448448224937847,0.0024254913750402824,0.0024031182017958297,0.0024037515508995217,0.002475411729592716,0.002726458684766459,0.0034996086102160435,0.006707578937443915,0.02767659383025403,0.10051176732569103,0.09976605985234722,0.0756220953066544,0.05245361570110375,0.035305039086686654,0.03424720456822537,0.03422182676037031
4193.1,1300.8186317638247,101.5,0.002441954891754007,0.0024364516079522897,0.002424041240953216,0.0024061571847370086,0.0023912266688079814,0.002401209819945063,0.0024833879498626977,0.0027457963250774016,0.0035287357290864673,0.0066875096223865905,0.02681831858720695,0.09888068100273574,0.0993348157404593,0.07530880917128169,0.052238704109765735,0.03526616846541399,0.034245434797876464,0.03422173912775889
4193.2,1303.9801820164182,101.7,0.00242400611071414,0.0024193150650240725,0.002408970088140741,0.002394803181185834,0.0023853676401780657,0.002402339072900214,0.0024924483832710503,0.0027632080393492366,0.0035510376399074165,0.00664924339004664,0.02594995191406453,0.09721699070315369,0.0987927280005631,0.07488919359064412,0.05196740169242979,0.03522632493816831,0.03424381672465283,0.034221654104556104
4193.3,1307.1417322690484,101.9,0.0024168039944690353,0.0024126629238368463,0.002403708261025456,0.0023920239656796804,0.0023862172192012474,0.002407703672587035,0.0025026594759839206,0.0027775404829006207,0.0035623948520530843,0.006582474285153745,0.025122204173344532,0.09627486548974495,0.0984250524048795,0.07437065068891477,0.05159338384003076,0.03518213805744435,0.03424197597323633,0.034221630478813235
4193.4,1310.3032825217579,102.1,0.002418318307248697,0.002414618412079748,0.0024067626329961,0.0023970006987534187,0.0023939201578025765,0.0024186235130729205,0.0025166463448383887,0.002792967590065154,0.003569635970861011,0.006501748790076766,0.02435527259825468,0.09593870431967995,0.09816419448701506,0.0737009888505189,0.051060299655335144,0.03512909313002384,0.034239615553037304,0.03422166863347133
4193.5,1313.47479635587,102.3,0.0024258069056747934,0.002422581847057688,0.002415885100003185,0.002408092891861883,0.0024076817515999026,0.0024352704440079777,0.00253545241363231,0.002810973371475413,0.0035732678329551074,0.006397879692677097,0.023553705229641307,0.09617570238976177,0.09819982101551669,0.07316004010719224,0.05059128957075542,0.03508437557493302,0.03423742757754132,0.03422174336310368
4193.6,1316.6363466084636,102.5,0.002516611979607227,0.002505015064553386,0.0024777696134577277,0.0024348579724493267,0.002386586326239508,0.002363183030816154,0.002431309736364102,0.002740320410546947,0.0037119081323420556,0.00706129205660766,0.023313206809194117,0.11205603857576371,0.06298455035336141,0.03915404614180114,0.03504297351912802,0.03426799338890582,0.0341633152154726,0.03419631163519978
4193.7,1319.7978968610937,102.8,0.0024773888120619004,0.0024690673748519317,0.002449602241356718,0.002419365124502824,0.002387232911737199,0.0023795951434748912,0.002456978471589375,0.0027589658578680283,0.0036811114119843506,0.006822262591802007,0.02221157738881269,0.1138541610200378,0.06416056012509334,0.039227036267681974,0.035033120961158265,0.03425632903615357,0.03415885765520691,0.03419616544672214
4193.8,1322.9594471138032,103.0,0.0024796823334709535,0.002473529839644666,0.0024591757977535608,0.002437163538984726,0.002415229784990111,0.0024167806040321575,0.0024974026510737293,0.00278854764145973,0.0036643785235305998,0.006630894204369115,0.021303596266768306,0.11574305940917384,0.06516034380790758,0.03928890041421673,0.035025256276172895,0.034246312377106,0.03415476394998274,0.034195945955471756
4193.9,1326.1209973664334,103.2,0.0024681150437801213,0.0024648821246687582,0.0024575318112823956,0.0024471118471642837,0.00244025991832915,0.0024566718957008786,0.002545217090873378,0.0028264733519657945,0.0036488286214364897,0.006411256951223067,0.02020851074194134,0.11778765473364781,0.0663474860619318,0.03938467521041363,0.03503187021023311,0.03423950706331393,0.03415005370604091,0.034195190101307386
4194.0,1329.2825476191429,103.4,0.0024435755164864147,0.0024437740328945717,0.002444779083724311,0.002448559921525345,0.0024608965791414923,0.0024975167831335346,0.0025993051774915355,0.002873937237470929,0.0036432963372666693,0.0062046749894710635,0.019123463120718543,0.11922435238501182,0.06767358722226044,0.03946404070958646,0.03503432675646806,0.0342353616426861,0.03414727852899286,0.03419473647910978
4194.1,1332.3777858974813,103.6,0.002538160400233389,0.0025409912700169296,0.002548659602797353,0.0025640126875107207,0.002590618391221732,0.0026319940656728273,0.0026902351468383215,0.0027674087007399507,0.002921417626966084,0.004241450436690148,0.02071390826170297,0.10546877213587352,0.08659191458877076,0.07608354893857985,0.06513784067943851,0.05393202131174556,0.04293796815514707,0.03457594710749046
4194.2,1335.463041154285,103.8,0.002406617294453775,0.0024132303791894387,0.002430027562118708,0.0024611946438524474,0.002511672864064201,0.002589736829254088,0.0027190772518890668,0.002979418486742961,0.0036457609884574796,0.005856727068540858,0.01725264129950309,0.11873615521580115,0.07138462666427482,0.03971771434913814,0.0350680355120203,0.0342463328640422,0.03414825863711988,0.03419387872823985
4194.3,1338.5582794327938,104.0,0.002547243563262937,0.002551144017363182,0.0025616048544614763,0.002582307931856175,0.002617714510168583,0.002671868591693527,0.0027460377619217607,0.0028393626682074523,0.003001746019481061,0.004206685983882456,0.018448001910132326,0.10585579369691128,0.08874721266881049,0.07772128895975369,0.06613297669586424,0.054305414575185056,0.042817018114396005,0.03453970344349793
4194.4,1341.6441342575617,104.2,0.0023999465607784354,0.0024095707284750457,0.0024337117073082006,0.0024775078076377873,0.0025454239705199186,0.002642162302500561,0.0027834401805597116,0.003038487079603972,0.0036722564592173513,0.005788709855316191,0.016626031249488568,0.10839310014592501,0.08000748857267743,0.04014061428213873,0.03502846771481032,0.03425386266852661,0.03416234492226783,0.034197922614679195
4194.5,1344.7393725359543,104.4,0.0023862649696302163,0.002399479174895686,0.00243244047502755,0.0024915492614423036,0.0025806216140252,0.002698853033476491,0.002848421968484562,0.003078549431144948,0.0036306251995992223,0.005537130284981694,0.015578373609118618,0.10824447057919676,0.0841999361536873,0.04037233953845423,0.03505102647972776,0.03426089450114683,0.034162626298581356,0.03419746471415552
4194.6,1347.8246277928743,104.6,0.0024047628900023136,0.002415613434565187,0.0024436904373483235,0.002496726752318246,0.00258265042056555,0.002708469733390377,0.002884566439530043,0.003151502899763692,0.003678079804445823,0.005229826158183638,0.01424065825646951,0.09797241416140796,0.10527728314767702,0.06784601152302946,0.04197564681874323,0.03456782492072884,0.03421229776507548,0.034219952921323044
4194.7,1350.9198660712127,104.7,0.0026318745694645794,0.002636015893843844,0.002647323572863927,0.0026704225413708878,0.0027114842767389127,0.0027758917419103937,0.002863445992049097,0.0029686535766024406,0.0031124721048837738,0.003881122535806818,0.014473704252395466,0.1023835475405578,0.08415423662822392,0.07447680346485856,0.06391410336461117,0.05282330450699358,0.04193919710747377,0.03447952363075327
4194.8,1354.0051213280708,104.8,0.0026593747656221624,0.0026638038375144443,0.002675912945179097,0.0027007125505390797,0.002744858961906017,0.002813727546562766,0.0029058211612748206,0.003013484283160306,0.0031516406172363235,0.0038263145346010036,0.013477685864970253,0.10436830014787983,0.08420922296087491,0.07434810038497823,0.06379323875402283,0.052763943209695095,0.04194630284918333,0.03448126696375571
4194.9,1357.1003596065254,104.9,0.0026771119450742994,0.0026818492943176406,0.002694842587269134,0.002721627977019973,0.0027696280328760752,0.002844405803251909,0.0029428542294966382,0.0030546499363088763,0.003189697838863351,0.0037855220222867917,0.012586370512695209,0.10565988416618159,0.08408900251816166,0.07407368140012671,0.06350654190643373,0.052532251549463164,0.04179622071290585,0.034478855485212054
4195.0,1360.1862144312934,105.0,0.0026032536230349546,0.002610048944081159,0.0026299485764966824,0.0026766443686273163,0.002772547612720464,0.0029259883809756833,0.0031014881092378743,0.0032558051459506644,0.003387073867884185,0.0037063436936503056,0.009426080794433266,0.11836623655817935,0.08248735293785003,0.0712955902842836,0.061133123283091784,0.05089537612219218,0.04095281511703266,0.034460287373280704
4195.1,1363.1999496552585,105.2,0.0025698076204764145,0.002576998249716184,0.002598620062694782,0.002652540157137771,0.0027707218548583506,0.0029618854578202483,0.003166694607328568,0.003328661659388942,0.003452319448551042,0.003700636359850266,0.00858071994241693,0.11910926100832218,0.0822226060086737,0.07070525972728393,0.06041249647994688,0.05019988418914647,0.040389230693450386,0.03443979570809451
4195.2,1366.2036973144523,105.4,0.0024102439141685627,0.00243152233555564,0.0024867854898437914,0.0025911523654720673,0.0027545504619245877,0.0029656379923292298,0.0031815638087229047,0.0033618474047478744,0.003599881724838719,0.004458742006247806,0.010481713547463668,0.09908108128625784,0.10933880839569185,0.06413294043748453,0.038966069716996635,0.034379769950568496,0.03418657828046418,0.034219311652656514
4195.3,1369.2169513694503,105.5,0.0026468588085703727,0.0026533710021937997,0.0026719848857096723,0.002714195823646784,0.002799349255651644,0.0029358914167667374,0.003095299631242182,0.0032422729794061135,0.00337586533106692,0.0037283753257398027,0.009634808813120925,0.10840260024748773,0.0835191975088637,0.07252072350312874,0.06136744441015839,0.050250329052306364,0.03969968649674165,0.034408022074129664
4195.4,1372.220699028644,105.6,0.0026697784026211992,0.002676479258742887,0.002695672488068143,0.002739383929821473,0.002827435981873227,0.002966581864946133,0.0031255724747349923,0.003269522052876671,0.003397710010693095,0.0037211449362080954,0.009316143837297442,0.10782997226925034,0.08375368308834621,0.07271515567137408,0.0614474269705848,0.05027789228419514,0.039721402594365025,0.03440985372172938
4195.5,1375.2244466877912,105.8,0.002637634036357939,0.002644504982531747,0.002664445234128764,0.002711745573475662,0.0028120445706610307,0.002971538384590273,0.0031452556744212177,0.0032939975597029306,0.0034213451139070176,0.0037187878617490925,0.008959404635994355,0.10554074797734421,0.08396682253388753,0.07290169170563292,0.06135963681719754,0.04998031277317304,0.03930524124978964,0.03439557252519413
4195.6,1378.2381819117563,105.9,0.002400471246459378,0.0024298915601057777,0.00250480040791395,0.0026425815124139734,0.0028508764763049885,0.0031024667773331613,0.0033134503296969754,0.0034048685936562914,0.0035253069567227893,0.0044136658615040085,0.010340643612926205,0.08740504181991748,0.12106585340110362,0.05998681079384342,0.03584478887339054,0.03412609437089021,0.03414733032289962,0.03421680398522792
4195.7,1381.2419295709035,106.0,0.0023731346383200295,0.002402242336564836,0.0024811697596348915,0.0026386088876933435,0.002892314036592629,0.0032039826740937662,0.00346170289879361,0.0035530628854704553,0.0035401001260411467,0.003917980003597995,0.008146643143467075,0.0964902303713036,0.11199199279683693,0.06405169986430823,0.040435278126814266,0.03439205429534302,0.03416746048970441,0.034220458795544174
4195.8,1384.2556647948686,106.1,0.002372785402939785,0.0024027076897226527,0.0024841802768715052,0.002647638593946731,0.0029120810853577018,0.0032357998167897276,0.0034981310349459006,0.0035787406562037857,0.0035399771216903133,0.0038824174426872146,0.007952899360106411,0.09468356033804685,0.11343041778913629,0.06443753824200503,0.04056727499515435,0.034395092813419244,0.03416590100423262,0.03422035199436741
4195.9,1387.2594124540624,106.2,0.0023723303437848055,0.0024030030695197553,0.0024868814491121375,0.0026562354038810734,0.0029316429197768193,0.003268346807773082,0.0035368131259664974,0.0036082442275578593,0.003544614252526444,0.0038532092593709702,0.007769660646035947,0.09270733230356436,0.11494346946873094,0.06511067825256267,0.041026386105437504,0.034420681904218174,0.03416710164658013,0.034220319787613585
4196.0,1390.273147677865,106.3,0.002395888008253865,0.002429490197721043,0.0025158208534916526,0.002676824655104499,0.0029240035192316235,0.0032242410042344137,0.00346390689970938,0.00351983843455917,0.003536075225891938,0.004254549195622131,0.009532497528994738,0.08000405058691548,0.12787780277073832,0.06172357314425283,0.03600080550988247,0.03413862990287302,0.03414594363569335,0.03421586602941392
4196.1,1393.1986903626455,106.4,0.0026657653615482827,0.0026732459824303696,0.002695695938155805,0.002754934033375429,0.00289345672041496,0.003104023129499098,0.003299179147643436,0.0034437002552164236,0.003554479793304666,0.003754906513396936,0.0076784708926864445,0.0961183695563748,0.08852677323714038,0.07804077294373715,0.0658608281075125,0.05371800453252344,0.042297822905148934,0.03451392287116905
4196.2,1396.1348443095806,106.6,0.0025500703321820963,0.002557310051595221,0.0025800648521131777,0.0026532785845841005,0.002860596848806159,0.0031674906155908073,0.003394876489737787,0.0035325262968325687,0.0036275225502434187,0.0037768903474087808,0.007084199027192931,0.09415072103757582,0.09152201342072597,0.08069860220820753,0.06786753466202655,0.05509704680734183,0.043140469894086285,0.03455766617563618
4196.3,1399.0603869941876,106.7,0.0025129848414193637,0.0025200259617060975,0.0025427044396635423,0.0026241525200261634,0.0028730983050498427,0.003227381462858126,0.003457529932117496,0.003583580487767309,0.003665530561398326,0.003786075820013585,0.006748215818760184,0.0925486658925477,0.09379858215775468,0.08279582745837841,0.06954876362135518,0.056331152582608526,0.04394142324572493,0.03462027821784665
4196.4,1401.996540941183,106.8,0.0022545072382535304,0.0022933681652004922,0.0023955620628223063,0.002593655563981876,0.002914698684372919,0.003329943610847111,0.003678145802211987,0.0037307062906595007,0.0035982954799437476,0.0040681777383971135,0.00849056523100494,0.07065318308601076,0.14069704274079303,0.06665924038081139,0.03675423584355428,0.03425073897440086,0.03415848389705748,0.034212192865380325
4196.5,1404.9320647444438,106.9,0.002226421731339175,0.0022668703866439875,0.002373838940738277,0.0025831629854480395,0.0029266690780723244,0.0033757943917674125,0.0037501686973010957,0.003784638611538766,0.0035889230680996352,0.003973800710212153,0.008147033192550139,0.0691420555959087,0.14382106351474547,0.06744231955315422,0.03697492019637229,0.03428019933155545,0.03415944461497206,0.034210770352760794
4196.6,1407.8582397221921,107.0,0.0020180823383313274,0.0020704852465108425,0.002210805248898463,0.002493692704067433,0.0029876151370890553,0.003690016518801896,0.004238937191706105,0.003965803383603812,0.0032656161802875395,0.0033309697846345913,0.006904112985338094,0.07141524106305362,0.1561851070180216,0.04421856571011456,0.035452066437020084,0.034285735012598746,0.034090975853158345,0.034176792190941954
4196.7,1410.7937635255691,107.1,0.002005823771286871,0.0020581174165606505,0.0021984302537536218,0.00248226996878316,0.0029809075944827765,0.0036984715978628244,0.004275617140060107,0.004013784498849249,0.0032919388896226484,0.003327315216247634,0.006808931784409841,0.06887851492298314,0.15886099237674947,0.04442955680078868,0.03557715550980067,0.03435658213954888,0.0341084317025146,0.03417568488575927
4196.8,1413.7193062102335,107.2,0.0021414635898255557,0.0021836676057027057,0.0022979169971174733,0.002530277442456847,0.0029306874076749853,0.0034760731028436347,0.003932214460171409,0.003934020349338539,0.0036108422752921306,0.0038520636344020953,0.007524164521713152,0.06458617263300857,0.1494907602616118,0.07000284102941146,0.038444164813423345,0.03441964498765299,0.03417630318791056,0.03420903266603579
4196.9,1416.6554601571686,107.3,0.0020956795637560636,0.0021386883838449347,0.002255977736993685,0.002497675324376906,0.0029224289433000556,0.003513803962788731,0.004015462074334936,0.004005544257114467,0.0036088860457543417,0.0037622157986315855,0.007207962881603665,0.06327423392505727,0.15052904981019308,0.06791186049538137,0.03806699512945813,0.03442012754590891,0.03417801923370516,0.034207738133681616
4197.0,1419.5909839604294,107.3,0.0019744485706593372,0.002026308465768767,0.002167066093939277,0.0024569459581631832,0.0029813124456987412,0.0037732907361427313,0.004466526882771237,0.004188655873122762,0.0032996026969704393,0.0031687496290159433,0.0062220392483552985,0.06528812375555461,0.15861062828329986,0.042725709939384716,0.03550990470560724,0.03450420067412486,0.03414381684055977,0.03417092197954189
4197.1,1422.4727368992396,107.4,0.0020067556797533515,0.0020563011438551717,0.0021898083189124447,0.002461224393278462,0.0029427162993750852,0.0036571090578582893,0.004310731794892939,0.004197979570063902,0.0034679741430908143,0.003342452684757807,0.006416208668278318,0.060683324107130635,0.1574614732126016,0.04241480845390858,0.035106734851203754,0.034370200955116045,0.03415160453645972,0.03418472570508599
4197.2,1425.3544898379657,107.5,0.0019888263708447633,0.0020376779108738185,0.0021695431129310568,0.002438348348817459,0.0029176754595342247,0.003636808486472839,0.004314138850065164,0.004230882245912289,0.003499729966959183,0.0033552507633740443,0.006366707539757868,0.05865373504039704,0.15588437779976794,0.041245544044853255,0.034776282370172065,0.034298439818069584,0.034147797905037365,0.03418878750345236
4197.3,1428.2362427768078,107.5,0.0019710198565497912,0.0020207819880610637,0.002156178584395451,0.0024357624143435523,0.002944359364009883,0.0037263674560170817,0.004457711754799761,0.0042615708549142775,0.0033830253026645406,0.0032164524900949332,0.006142892748209648,0.06015223302492335,0.15288434030368594,0.039029287733943326,0.03424153342287278,0.03420278218794069,0.03412689714267249,0.034188224908404605
4197.4,1431.1179957155339,107.6,0.0019632428943662777,0.0020120890426220065,0.0021449967181276486,0.0024193706622913525,0.0029185882904799757,0.003689304976568005,0.004426947086641682,0.004273465731604458,0.003421995903041188,0.003255511090141241,0.006157869525256383,0.058050223617957655,0.15221767572406167,0.03843913041489739,0.03393039586828395,0.034099805295755216,0.034117030277952806,0.03419403953274068
4197.5,1433.999748654344,107.7,0.0018808948845767956,0.00188634175887305,0.0019112942270397913,0.0021305635302095918,0.0031713524608133485,0.004287518465467743,0.0043346699009310695,0.0041256222832990715,0.0036060847185411123,0.0031217300826917637,0.0025682114979153044,0.0747209710063238,0.11934025142530902,0.06814653784380487,0.05061887908197129,0.04167052888855979,0.03465282346609163,0.034240514491257514
4197.6,1436.891460949838,107.7,0.0019440696811443827,0.0019498732528582994,0.0019754103284961395,0.0021771661548596645,0.0031178401804498263,0.004219823072688802,0.004313410379834729,0.0041290417938426895,0.003648999441678065,0.0031760612475410363,0.0026163432609888283,0.07429798461681639,0.1192862922375841,0.06728198313736482,0.04954406091827723,0.041016586376628895,0.03457520394196827,0.034238282184947656
4197.7,1439.7723288746088,107.8,0.002057758729935289,0.0020981631495537506,0.0022086517695248382,0.0024374284735966,0.002849920020532777,0.0034696745403551615,0.004083224724255064,0.00417076199069754,0.0037132253312501208,0.003739707769406838,0.006740222053438092,0.052956355528916935,0.1493444499325461,0.04390918077113271,0.03424671861356518,0.03401150220707975,0.03412843794186451,0.03421153657584158
4197.8,1442.6540818133349,107.8,0.002006889597978184,0.0020480760461045883,0.002161687990277581,0.002398948164727297,0.0028382486399104413,0.0035500656279442923,0.004347416380949403,0.004396209678141486,0.0035515616145714345,0.0032687184751368547,0.005927376372756718,0.055169944558707176,0.15397868837926282,0.03639471024670429,0.03289612080924564,0.03375810296592717,0.034043067187769616,0.03419921994993642
4197.9,1445.535834752061,107.9,0.002131135983507507,0.0021365187910340772,0.0021544515917517773,0.002265159661663364,0.002842143467308247,0.0037153969890206745,0.003963739019753607,0.003980859703543445,0.0038933412811893143,0.0037919995077576028,0.0044948956350369055,0.06778625836002891,0.1120918414781271,0.07839403917363946,0.05789154015528177,0.044709515245497766,0.03460797781664547,0.034237154890466984
4198.0,1448.4175876908712,108.0,0.002013966958179096,0.0020492162271650563,0.0021473526787241697,0.002353935227676856,0.0027398679521799326,0.003379541692897216,0.004166652562577912,0.004428235466767528,0.0037648942955418444,0.0033976459275550505,0.005800426713010211,0.0518907310841576,0.15622130028411416,0.036722184642456926,0.033108993110989304,0.03382781290488933,0.0340690308197912,0.0342031466164438
4198.1,1451.3076568941726,108.1,0.0020061150489684523,0.002039824492191155,0.0021335246578075514,0.0023302002239797732,0.0026963219558128943,0.0033027358654738404,0.004064348879089292,0.004385901251447853,0.0038394847484514525,0.0035376097460510913,0.006015336962033149,0.04931483402409753,0.15726400623210535,0.03709523404073305,0.03326838495763977,0.03388212453983412,0.034085560622316734,0.03420373283145942
4198.2,1454.197726097474,108.1,0.002040348110986272,0.0020708193937863813,0.002156843401237655,0.0023400782596961402,0.002686472167164318,0.0032732222499457326,0.004042601412709584,0.004414423452129277,0.003860955022866187,0.0034856947563393407,0.005821379225811194,0.04949174422639583,0.15690630369340475,0.03640237944291854,0.03308976465261904,0.03386459459725523,0.034075788849981574,0.0342006335673367
4198.3,1457.0889887973533,108.2,0.0020355867523539654,0.0020655799310086084,0.002149599677758937,0.0023269010837597046,0.0026582616297303285,0.0032124641433570293,0.003937541325956587,0.0043324639628173215,0.003912088880878332,0.0036486781287508947,0.006124911545774143,0.04702893696616801,0.15729407963613873,0.037014712121508815,0.03333886677570406,0.03393316907208941,0.034095111161799224,0.03420134727849202
4198.4,1459.9790580006547,108.3,0.0020311386398685575,0.0020598941431906777,0.002140318838921364,0.002309575712543198,0.002624792312043275,0.0031510394642976667,0.0038486520896030413,0.00427815603614379,0.003962822798153204,0.0037716988807773555,0.0063151671160442836,0.045127068020382896,0.15758045641166885,0.03726152409881495,0.03341681435538299,0.033954696388652464,0.034106547993506826,0.03420334084279181
4198.5,1462.8691272040658,108.4,0.0020999990586362976,0.002127825961063851,0.0022026171579494092,0.002352079974831514,0.002612050245518519,0.003011128393317194,0.003509159974689313,0.003906383298104239,0.004051297508507794,0.004551653408667539,0.008192548560724024,0.0391081805464753,0.15056614448299208,0.04019542302322825,0.03431415790516637,0.03411815936303519,0.03415099865891485,0.03420488538837062
4198.6,1465.7591964073672,108.4,0.0021370201417690673,0.0021626118344328787,0.0022316223620794692,0.0023698423174626456,0.002610712352380575,0.0029823692170485735,0.003455612300122239,0.0038626316857692977,0.004062629045104543,0.004616875202621513,0.008302194554861425,0.038995006550935594,0.1499205258634722,0.040261636693659654,0.03435320333820241,0.03413711430308198,0.03415675455033942,0.034204870049479134
4198.7,1468.6492656106686,108.5,0.002124682290997127,0.0021484845323835396,0.0022130584663026666,0.0023432932268192086,0.0025723840256048586,0.002931545585907696,0.0034040892210715134,0.003842345460964455,0.004093321311718306,0.004670010497251363,0.008318471483472185,0.03834923196449008,0.14945920805785612,0.04026589968913457,0.03438694497047863,0.03415680851825989,0.034161931653672116,0.034204549579816154
4198.8,1471.53933481397,108.6,0.002113328830280178,0.0021353420949732083,0.0021955548404178076,0.0023181349544456648,0.0025363495383418228,0.0028847583608860783,0.0033585049974224203,0.00382723958625338,0.004122244780259365,0.004705937733650767,0.008287688334785305,0.0378000981784865,0.1497720070316078,0.04023895232209562,0.034415636229725634,0.03417885328564916,0.03416696861914628,0.03420390411151825
4198.9,1474.4294040172715,108.7,0.0020987439759074743,0.0021192873472203905,0.0021758588632767467,0.002291916614613253,0.002500536465035936,0.0028386029262329484,0.003311206117852927,0.0038065137490040347,0.004148483203828641,0.004737830506984618,0.008233843257119306,0.03722615641299008,0.14936028027960047,0.0403289376382408,0.034486601732581404,0.03421161837330943,0.034174458533696966,0.03420312716909568
4199.0,1477.3206667172633,108.8,0.0020930804824769965,0.0021124280959740295,0.0021658890722039206,0.00227595303130258,0.0024746446430997195,0.0027989865090453205,0.003260208615069958,0.0037658190667718447,0.004153848873919902,0.004794380020035595,0.008308381413831535,0.03657493951124599,0.1487517107527698,0.04055581463113533,0.034586026056437506,0.034241841849922794,0.03417970002930034,0.034202072518069455
4199.1,1480.255372835447,108.9,0.0020640708542606057,0.0020829699885313276,0.002135148930346564,0.002242513794476394,0.002436396524208167,0.0027538237536181283,0.003209936644084698,0.0037257911445087314,0.004152715320168584,0.0048423168079916624,0.008379792563377996,0.03586155221834703,0.14725924815002314,0.04072336199609909,0.03466181954314561,0.034261574918969244,0.03418308352994236,0.034201388293301396
4199.2,1483.2013022302735,109.0,0.0020669713552399463,0.002084759533690711,0.002133220922320512,0.0022313323557957452,0.002405190999042709,0.002684902377848083,0.0030868718865744303,0.0035766852971159157,0.004109967035402481,0.005075683066382061,0.009035803869589324,0.034991175806522536,0.13745631904295336,0.041450748149455104,0.03481847577861145,0.03426941067913117,0.03418827447106632,0.034203217850800424
4199.3,1486.1373199413795,109.0,0.00206767176602457,0.002084755974843475,0.002131669138297074,0.0022274971393755737,0.0023990717868245387,0.0026783321406150936,0.0030843925901591473,0.0035808064086275903,0.004104859289175419,0.005023510995898142,0.0088966153459295,0.03499809095645782,0.13935530791471246,0.04110620913380189,0.03477735231548325,0.034263132925137434,0.034182235018535775,0.03420128902967354
4199.4,1489.0832493364449,109.0,0.002089710770623072,0.002105178680023669,0.0021478577779336966,0.0022354260615930766,0.0023929127657586835,0.002651069889070242,0.0030328623750634108,0.0035209922447697454,0.004084278881417677,0.00508971975602727,0.009080299797107921,0.034845247831702654,0.13629365899833268,0.041144333390988386,0.03479795035966039,0.034261356195485385,0.03418147978674151,0.03420124835584896
4199.5,1492.0192670475508,109.1,0.0020898292595271594,0.0021035126386915993,0.00214109095532006,0.0022177830198539922,0.0023551216205216887,0.0025806093617773977,0.002921840286316932,0.003395075158568197,0.004044294507076419,0.0052896378319177585,0.009684636082340284,0.03457369895733981,0.1251375386884983,0.04139124375976311,0.03485755776806379,0.034260219410524,0.0341860501907387,0.03420333501176418
4199.6,1494.9552847586651,109.1,0.002112104438987076,0.002123962549650484,0.002156935773954063,0.0022251469199648277,0.002349176552183954,0.0025567573891488423,0.0028798333497684087,0.003348055808397048,0.004024817432079021,0.005331559119065739,0.009804590709883496,0.03457084786282761,0.12343997456535646,0.04132303630336047,0.03484632442495086,0.03425462737480552,0.03418488349380364,0.03420346351205247
4199.7,1497.901214153607,109.2,0.002088746440055472,0.002099555999719528,0.0021299084474500148,0.002193407532542022,0.0023104178788586997,0.0025096065084368973,0.0028270207416098677,0.003302260962520048,0.004010704960292958,0.005369232404668904,0.00988348872198474,0.03434086210434997,0.121285550947133,0.04123350599152632,0.03483757202508241,0.03425041763268023,0.03418455012545318,0.034203713916181135
4199.8,1500.8359202717907,109.2,0.002107360524646508,0.0021164779512214656,0.0021426074694474227,0.002198469062489687,0.002303787140796009,0.002487628403306263,0.002789554074316985,0.0032594168114688273,0.003988506943933601,0.005396274640588805,0.009965949318971889,0.03431208497894045,0.12046280122374418,0.041216978452470014,0.03483229288402336,0.034246382953234775,0.034183673476331916,0.034203820819425926
4199.9,1503.7818496666173,109.3,0.0020846927609514338,0.002093053291102444,0.002117322573672693,0.002169924527808077,0.0022705684314305048,0.002449142575557297,0.002748079420470759,0.0032237081234214857,0.003974836244408452,0.005415390050302901,0.009995715636736187,0.034110587055594235,0.11921910771670341,0.041158791905857146,0.034829685791446865,0.03424483448663347,0.034183152463169574,0.03420376477742096
4200.0,1506.717867377847,109.3,0.002103621553227537,0.002110618348382701,0.0021314982085092527,0.0021780135597275216,0.0022694080594729293,0.002435815554758139,0.0027219240504337376,0.003190969782021094,0.0039541952423741466,0.005431564277412181,0.01006014351295432,0.0341352277044,0.11902037820545003,0.041180464568685106,0.03482871230871823,0.03424045000070011,0.034181516738424296,0.03420371171097101
4200.1,1509.7505229798135,109.4,0.002062500043025927,0.0020695040221953525,0.002090391261026087,0.0021369273699333594,0.0022284794482356736,0.0023956829431422003,0.0026847185708608104,0.0031621067341321882,0.003942832666218792,0.005442419532486849,0.010066716293092838,0.033852286499016976,0.11766157725271233,0.04113791229536814,0.03483319640734428,0.03423966169967789,0.03418063773422226,0.034203496371430296
4200.2,1512.7931041209165,109.4,0.0020688198543788038,0.0020749682372424457,0.00209368436641758,0.002136220862012313,0.002221495564021719,0.0023800897927085144,0.0026595252438520976,0.0031316515105797795,0.00392398918067691,0.005466081206428742,0.010163715006510234,0.033835803220453646,0.11621132852313916,0.041130734486510084,0.03483873494372222,0.03423796112618984,0.03417981113968808,0.03420341715431786
4200.3,1515.8245559182617,109.4,0.0020775111528046762,0.0020827162255137198,0.0020990838269439845,0.0021374058072643983,0.002216292314586166,0.0023664951622329607,0.0026370112560674262,0.0031043885979412447,0.0039058316901071314,0.005478691906477141,0.010218223379958709,0.033814459416550424,0.11557005548456359,0.04113005819927773,0.034840958288740426,0.03423586281213239,0.03417865701102243,0.0342032735260806
4200.4,1518.8572115202282,109.4,0.0020854976913777298,0.002089720331363061,0.002103652650151622,0.0021376358783647105,0.0022100138038338747,0.0023517748216664515,0.0026134237453559208,0.003076081456606138,0.003886314799068592,0.005488707084949759,0.010263466720162612,0.03376196812626384,0.11496383438255593,0.04113165517947138,0.03484354986422841,0.03423394093138649,0.03417757496681924,0.03420313737517357
4200.5,1521.8997926612155,109.5,0.00206168221249728,0.002064384786701178,0.0020751348569763746,0.002104903183015423,0.0021740738138255515,0.0023177913875643556,0.0025930173182545334,0.0030852096851101134,0.003919661816037161,0.005445043955921997,0.009873454621346544,0.03312191245145486,0.12304976040416397,0.041063231635207115,0.03482265824063252,0.0342261662843386,0.03416987042043337,0.0342010545747788
4200.6,1524.932448263182,109.5,0.002079660160994252,0.002080853317371294,0.002087939069306525,0.0021113692417184015,0.0021713720717286026,0.0023036237029543335,0.0025671201719245375,0.003053177780755469,0.003899272300809859,0.005460066231196072,0.009916803608288388,0.033067609056412144,0.12268971802030924,0.04107878039294938,0.03483440171278201,0.034230576727159616,0.034170535752356575,0.03420082072972054
4200.7,1527.9639000605273,109.5,0.0021056404522395602,0.0021051931865196777,0.0021082877039974015,0.002124800222883521,0.002174752028205088,0.002294240392650004,0.0025439796084410133,0.0030207087516795866,0.0038753424799803514,0.0054755258418633474,0.009977204283848254,0.032994868817794204,0.1222169337456022,0.041149742242421836,0.03486452932760411,0.034240995477452546,0.03417271848561392,0.03420052199311116
4200.8,1530.9965556624938,109.6,0.002092613601356293,0.0020956321587872907,0.0021049934965136465,0.002127565014971855,0.0021793193730579277,0.0023029933449333012,0.00259677461650386,0.0031438720934175834,0.0038179706393668476,0.004618850351169155,0.007298155548938392,0.04485736063591827,0.10514091789183179,0.08179084807392895,0.064172046017391,0.04901509494262921,0.036047398395302126,0.03427052948922811
4200.9,1534.0391368035969,109.6,0.002117422610511808,0.002116850165921759,0.002119016589826663,0.0021323899466391687,0.0021745394594625965,0.002278011072780178,0.0024997306484900307,0.002938757801527362,0.003779486727102359,0.005495842647401063,0.010355316108542277,0.03313646190242385,0.11159019338205521,0.041300508098347476,0.03494608364676963,0.0342723857877137,0.03418555437634949,0.03420186231582417
4201.0,1537.0705886010526,109.7,0.0021156379487857046,0.0021146086742110724,0.002115651018058497,0.002127049321831408,0.002166282401879035,0.002265963002489228,0.0024833651207456977,0.0029185806822443904,0.0037581912575373935,0.005475093835295724,0.010303455117428601,0.03287489518831572,0.1111533865895803,0.04139637014112445,0.03498532082622893,0.034286328453471876,0.03418823782277139,0.034201370473405796
4201.1,1540.2031275074537,109.7,0.0021346707174326406,0.002132625187372289,0.002131267010620888,0.0021386902941449523,0.0021725312356158325,0.0022660020133840296,0.0024773872898067708,0.0029080741164972416,0.0037447450764179872,0.0054498981044780945,0.01020723332473714,0.03263394883534718,0.1123873420161068,0.04156975839476005,0.035030972072113836,0.034300556428553154,0.03418968938060399,0.03420052972136167
4201.2,1543.3456265129673,109.7,0.0021542808571074477,0.002151380924966359,0.0021480243133711967,0.0021521905207021676,0.0021817504100130553,0.00227051366385341,0.0024776761478360904,0.002905496126992694,0.0037397927387582035,0.005432091050270535,0.01012260993230196,0.03243015276227252,0.11361714505062341,0.04170643298768698,0.03505950926115276,0.03430782965382127,0.03418998658532118,0.03420000754010729
4201.3,1546.4772874141877,109.7,0.002174218681869096,0.002170378101880685,0.002164918283103908,0.0021659025980209448,0.0021917906913409483,0.0022775505801281137,0.0024839443265090863,0.0029143029135756523,0.0037503195288507473,0.005418250136556079,0.009989049393728633,0.032162798241927894,0.11596413082583756,0.04185514818328901,0.03508386211391677,0.034311610491516494,0.03418825299820172,0.03419923077910811
4201.4,1549.6098263205056,109.7,0.00321060479024921,0.002919603973964271,0.0024266132032402265,0.0019299933437617453,0.0015874008542863193,0.0014885847155615471,0.0017886413660333014,0.003091114129723647,0.006561844173702383,0.005303831663938022,0.004992327965028714,0.02790869242597043,0.16747492027972744,0.032020243766352624,0.03475272920215242,0.03521413533958297,0.03390848429149765,0.03399708899499196
4201.5,1552.751450104521,109.7,0.0032628422024047745,0.002958322429745969,0.00244628263805196,0.0019351531082957517,0.0015850881179393643,0.0014834196788426931,0.0017842278414116474,0.0031031444956175934,0.006665948786165669,0.0053028803990292075,0.00495827119376885,0.027286663964224564,0.16928073132096305,0.0319091755342559,0.03434320412454877,0.03483810762101617,0.033770958663657286,0.03398539540910345
4201.6,1555.883989010922,109.7,0.003313196363815034,0.0029963420969102623,0.002467110636079658,0.0019430899670606345,0.0015866824260860595,0.0014833467256505774,0.001787270342293709,0.003127731166123062,0.006773021844844682,0.0052886965917759545,0.004921588523057633,0.0267654441178874,0.1710455919559973,0.03153667065723857,0.033588944756285495,0.03433684448758401,0.03362131699391275,0.03398010004530451
4201.7,1559.0156499120621,109.7,0.0033588637106036637,0.00303250978030046,0.0024900326989558044,0.001956062698345856,0.0015949687930010047,0.0014914773539083386,0.0018014872211449178,0.0031682379252878515,0.006865863236762707,0.0052559693022078595,0.0048742218898496165,0.02619023304438059,0.17249389096227316,0.03095553371794438,0.03270919576870843,0.03381257720987037,0.03346923765281047,0.03397572685980411
4201.8,1562.1481888184633,109.7,0.003394891670847934,0.0030635818023713427,0.002514308921208479,0.0019749638921205594,0.0016118219211890016,0.0015107783636295474,0.0018316396978774986,0.003233025533130983,0.006939429249432567,0.005191326562351998,0.004816102894346994,0.025770865816330393,0.17391629244045057,0.03060810768206717,0.03226536270835287,0.0335361593878811,0.03338101554950834,0.033972939038567136
4201.9,1565.2898126023986,109.6,0.003508334415251568,0.0031578489806928646,0.002581141777581387,0.0020202852395836165,0.001646279924505778,0.0015442371192673197,0.0018769067829230146,0.003316544340010551,0.00699239531740151,0.005106420121105693,0.0047910289981906405,0.02594752790659655,0.17481508442525256,0.03009926661162091,0.031731688576035796,0.033299184917708016,0.03332315938484232,0.0339695854019086
4202.0,1568.4223515087997,109.6,0.0035325074676714843,0.003182792004358732,0.002607133580521947,0.002047147754196284,0.0016750889326763595,0.0015793121805377083,0.0019303540751901705,0.0034160026015610107,0.007021620893440022,0.00500916022652751,0.004737154542941438,0.02560115197464154,0.1754197737526938,0.029693521491451557,0.031366256145542754,0.03311138953590958,0.033265284774806184,0.03396691735141531
4202.1,1571.6463242133782,109.5,0.003117369755275252,0.0029375000811272555,0.002605645633946282,0.0022338932085351117,0.0019580529091117213,0.0019020355330484854,0.0022508804753186827,0.003465623621478824,0.005807785832888574,0.0054792814708766804,0.005740857425931698,0.025430497008796564,0.17025537917277983,0.0346167152078754,0.03318098144097355,0.03371539056937967,0.03382827480130539,0.034132338471555786
4202.2,1574.870296918073,109.5,0.0035458325032498472,0.003203931795433719,0.002639947614088021,0.0020903885644310348,0.0017286391184631444,0.0016509814996846788,0.002047518238658567,0.0036444396508932115,0.007078750347030221,0.0047922236298519475,0.004585833694928388,0.02481359726863326,0.17679478576963012,0.028812973894232114,0.030816813590975635,0.03299122515422734,0.0332541118427938,0.033970629025220085
4202.3,1578.0937888134642,109.4,0.0031286243127337313,0.0029539866475034884,0.002632327992842435,0.002273355419022283,0.002012349852929545,0.001978146866354132,0.002369447947059,0.0036597104045374565,0.005908164010934855,0.0052876927355787725,0.005543736004393265,0.02466169880009841,0.17167657603304276,0.03408589435656922,0.03285110537029939,0.03361565667563064,0.033810539969127376,0.034134845478355984
4202.4,1581.307773878739,109.4,0.0030706957933996533,0.0029084821116591645,0.0026091683756063865,0.002274845289359357,0.002035771215063154,0.0020223147375787605,0.0024410523407686394,0.003768131141113778,0.005940735007206825,0.005193725676893961,0.005471067789396035,0.024078136871199057,0.17245287402491027,0.033927979889599474,0.0326813072927198,0.0335695953322427,0.03381083613634916,0.034138191226981446
4202.5,1584.5317465833175,109.3,0.0031002992421118136,0.0029378898540485627,0.0026388087601586165,0.0023062965235364683,0.002071770875374703,0.002068897188499069,0.002512271848879772,0.0038840200669289144,0.005998691884403827,0.005114551346925881,0.005395318865722959,0.023850615135396235,0.1736714081021325,0.03368288996654814,0.032457840162218,0.03350103665559687,0.03380623815753607,0.03414254237926586
4202.6,1587.7557192880124,109.3,0.0030403640525578594,0.0028893471905922443,0.0026111643605058825,0.0023027343907437133,0.00209103678438574,0.0021122772545383115,0.002592062457859596,0.004021437682454938,0.006059610134647382,0.005010577808225413,0.0052828215375060866,0.023271871187785707,0.17482663568730464,0.03335085319850731,0.032186536496025396,0.03341453835668837,0.0337953186120199,0.034145985397161606
4202.7,1590.979691992591,109.3,0.002972231814039173,0.0028345920516873097,0.002580961985362411,0.0023008734146938406,0.0021160524643808686,0.0021652329946561903,0.002685245621803002,0.0041694837305681805,0.006095171415638193,0.004907738887192687,0.005188928354662801,0.02274286760081742,0.1759072609052698,0.03310219037553588,0.03197253010003725,0.03336792573883372,0.03380183798225455,0.034151156219072255
4202.8,1594.203183887982,109.2,0.0029957311767534953,0.002858278325827016,0.0026061517080676203,0.0023302263685646206,0.0021543368525416685,0.0022227052253109814,0.002786381806831105,0.004347671033772253,0.0061471935152935305,0.0047669361244438565,0.005040479249353734,0.02286093247474298,0.17764187578295745,0.032555735756467974,0.03166353814119397,0.03330144878463111,0.03379434064321416,0.03415260012480081
4202.9,1597.4271565925606,109.2,0.002894998868888928,0.0027789926111768805,0.002564762333459161,0.002330476010197344,0.002193492882097405,0.002304571445582454,0.0029322717562875644,0.004547901933473643,0.006070270380633339,0.004613362318377961,0.00504987540295773,0.022595225036437995,0.1786164323408006,0.03190136739638395,0.03138646075471132,0.03326612616259092,0.03380692802120931,0.03416127243928069
4203.0,1600.6511292972555,109.1,0.002495484511078068,0.002484346346668298,0.002471016166359917,0.0024815586488290756,0.002568286614048391,0.002820108974798659,0.003362128225987566,0.004230289571877316,0.004900951925513141,0.004910516374183404,0.0065113582399380174,0.025044704878445876,0.16519708575209793,0.038789074768050116,0.033878001872304005,0.03396007513751824,0.034083076560817625,0.034197148914896565
4203.1,1603.9413724492858,109.0,0.0028204359607433118,0.002729736394813896,0.00256414872576265,0.002391569727090066,0.00232402846096113,0.0025259609718706957,0.0032967445272524707,0.005003629278215251,0.005877497153068714,0.004257693708739128,0.004812491648924042,0.023286872275151825,0.18134963479195743,0.03113711071444919,0.030951442395342296,0.03323914591749917,0.033840106000426834,0.03416955750614863
4203.2,1607.2417512154714,108.9,0.002766091664760453,0.002689495096269692,0.002551662784385153,0.0024154236624579517,0.002390306341698943,0.0026486801945029737,0.003505468389179996,0.0052458817609642655,0.00575900092547005,0.004077024748544779,0.004660348352362406,0.023602169892026383,0.18266828489543688,0.030874937767461173,0.030779464264019042,0.033227859474767266,0.03385742163670497,0.034174345040144834
4203.3,1610.5319943676182,108.8,0.002633568132735654,0.002589829045506426,0.0025165309485666197,0.002463275641788104,0.0025244294721140357,0.0028633656592864536,0.003766186194018476,0.005336651516984891,0.005521784871631769,0.004025073876104258,0.004643825799209661,0.023628859829462282,0.18307339051616767,0.0327382650369892,0.03139243260891162,0.03344267781290351,0.03396410071278884,0.034193756753255596
4203.4,1613.8323731336873,108.7,0.0026083706323641693,0.002568979229346529,0.002506298629843923,0.002471841305776087,0.00256437827653187,0.0029609982963376114,0.003973209365233644,0.005626484301887546,0.005467321141223262,0.0038316030972591077,0.004450320771481854,0.023711969273859438,0.18531900070621948,0.032029008404853856,0.030977398211718285,0.03338421815605357,0.03396904018624251,0.03419788547520316
4203.5,1617.1326155490729,108.6,0.0025935811395608305,0.002555414496642838,0.0024971296331277185,0.002473655420071858,0.002591042021570775,0.0030456963740163956,0.0041901140259937375,0.005971366007345715,0.00541091207298128,0.003601804965428253,0.004180561845883743,0.023995059404676326,0.18796449829675566,0.031059964666170985,0.030464212368410657,0.03331657707182076,0.03397141426080901,0.03419925012482732
4203.6,1620.4228587011032,108.4,0.002533744070072355,0.0025199933125909526,0.0025126991326691645,0.0025622997001054325,0.0027685760525331653,0.0033185805870712703,0.004489885411618354,0.005917868926369504,0.005143273158337023,0.003650669412047805,0.0044790820134448005,0.024507429751709706,0.187408339340979,0.032715663162315785,0.031161171223115076,0.03349787868859293,0.03403405456634722,0.03420861099287537
4203.7,1623.7232374672888,108.3,0.002510876899857729,0.0024979436342809063,0.002495465249757825,0.0025596256617018195,0.002800293508448983,0.0034287508162220417,0.004768593183098716,0.006270406159957146,0.004978394265807697,0.003447887986236232,0.0043919949452982665,0.024734048505830414,0.19017873827679158,0.03123496472948627,0.029693221511808202,0.033311824111144174,0.034015352544899326,0.034203674418541226
4203.8,1627.0134806194355,108.2,0.0024553847764753,0.0024494864801238303,0.0024629474466847014,0.0025545114928687833,0.002844079671406856,0.0035725493637555257,0.005087237493304456,0.006545636971690357,0.004847724306728412,0.0031610668087096927,0.003938697462670438,0.025822520265231304,0.1917394568023246,0.030312069117923685,0.02937424635356494,0.033322551998915706,0.03403689077054625,0.03420758908873478
4203.9,1630.3138593855188,108.0,0.0026772284657480957,0.00266187919402165,0.0026283668904532203,0.002590523529474986,0.0025667021643174886,0.0028368144835043056,0.00630834023901187,0.007443370077831598,0.004731246227552999,0.002023858553851948,0.001736138305580737,0.03428544281274693,0.18437455680284104,0.035867374709988284,0.02599625158916654,0.028101607619500254,0.03331177141088517,0.0341848032424544
4204.0,1633.6141018009043,107.9,0.0023874840114458916,0.0023972943277813592,0.0024480352871683454,0.002607176380477289,0.0030155699480358617,0.003960448185764681,0.005753118129585864,0.006789509902062035,0.004462435054711283,0.002853248956360671,0.0037474843440958895,0.028219278969365057,0.19523683145138512,0.02851475089641923,0.02857933019900023,0.03323516720970487,0.03403505594197602,0.034205771625847016
4204.1,1636.9441618603837,107.8,0.0027162987126770686,0.0026372781590439276,0.002517035427761346,0.0024591556289442033,0.002655503659196865,0.0035308119899561856,0.006118588153478883,0.008680849769236887,0.0038547317700035615,0.0017968813647455853,0.002257546119575898,0.032491892757555936,0.20306587806047627,0.0166466539871577,0.021373728765990037,0.032320218294659524,0.033898768615160675,0.03410241420084094
4204.2,1640.2742969928538,107.7,0.0026074848776439126,0.0025559672150050144,0.002488219085732784,0.002498190062879746,0.002774636864436154,0.003761097222995097,0.006425381048650008,0.008423791198856981,0.003840746534014757,0.0018717181408185934,0.002398615500694059,0.032961503615251214,0.2053116141047629,0.017179694688508104,0.020484953739957523,0.032110918634509746,0.033865499001129236,0.03411894383417692
4204.3,1643.6043570523277,107.5,0.004984283843802199,0.0037640931176084694,0.0017562124654665308,0.001464446600987144,0.001470047793945387,0.0019236538526695647,0.01009403022144018,0.010480105677595008,0.0012282024037863393,0.0007229769714631404,0.00088306179252471,0.04432328006355531,0.18846522067046811,0.03464175894380324,0.020468917609828045,0.01910748324702792,0.01868251853894831,0.01841735165051406
4204.4,1646.944491780119,107.4,0.004671924095315749,0.0038269274953275103,0.0019237268464177525,0.0015249702551235979,0.001524747805226948,0.0019261082108583518,0.010011443384649162,0.010968104165090056,0.001133860024622557,0.0006622058076921459,0.0008348829864804257,0.044308110810708824,0.19739992334038178,0.024303230496391635,0.014201385212178699,0.01345579206579646,0.013480824778309886,0.013360636806287986
4204.5,1650.2746269125892,107.3,0.00495991816843302,0.003703709537369058,0.0017043868754632243,0.0014308143854165375,0.0014396382289341516,0.0019961593002855126,0.011551751745749973,0.009375382908444814,0.001339226988312762,0.000904921155414266,0.0011035403011643568,0.046352817277797734,0.18818649836316,0.03928417830358844,0.021840832271202173,0.019474709477021693,0.018681307650190247,0.018337849796328173
4204.6,1653.604686972063,107.1,0.00487667390423261,0.0031192181699718526,0.0018563592690771953,0.001764265951475192,0.0017772344280708717,0.0026745640896581008,0.011471285598111928,0.008503337682882686,0.0015852247951966382,0.0010361111245633108,0.001187193144028885,0.048630758146224126,0.18839897754502205,0.033338017753747326,0.017896354441163727,0.015474213778852336,0.014633598124605811,0.014272571031317335
4204.7,1656.9348221044168,107.0,0.00468845353879986,0.004013225721641567,0.002040160659954587,0.0014605179044423085,0.001434623270492611,0.0018099865792259267,0.012582027620560456,0.00963554974211348,0.0007560618420204225,0.00047373757416474706,0.0006168788788924206,0.05087632973676238,0.19530722706096662,0.020779711887349443,0.010402194245902828,0.009148917906741763,0.008757147372989526,0.008590708004410344
4204.8,1660.2748819842006,106.8,0.0034319605592545432,0.0031815904366993874,0.002528735166673886,0.002334477835912713,0.0023180630961727954,0.003060558941981869,0.010747155792616732,0.008852636520881347,0.001485703686160784,0.0009792955401288909,0.0011718490189342179,0.052478564406322724,0.1895373384504506,0.02519429481540558,0.012471347846376555,0.010458288726192021,0.009729190620326249,0.009413469155508421
4204.9,1663.6050171165543,106.6,0.0040077097328717086,0.003421873652265219,0.0023351993794389118,0.002122833229702494,0.002116903986489429,0.003060400431118065,0.012179399095150156,0.008054107675002203,0.0012894995834858076,0.0008968512504697562,0.0011156849037868644,0.056291639150421194,0.18630719482578342,0.023177532948068024,0.011266011106620477,0.009265915902519729,0.008517242487310376,0.008194495250545667
4205.0,1666.9350771760282,106.4,0.014352578040888238,6.247914158106433e-05,2.46718496942177e-05,2.4817253258295703e-05,2.534969896112705e-05,9.467816214382439e-05,0.026121953354479928,0.0002721264827820892,3.90568910270272e-05,3.7516011787231325e-05,6.487493013055475e-05,0.06523775004069263,0.1951257701301755,0.0016390037087065197,0.0006311271880764673,0.0005067606087193851,0.0004719680544092769,0.00043553038692370754
4205.1,1670.2551374165137,106.3,0.005468653225803506,0.0040968128097884846,0.0024951962203240605,0.0015128648516801698,0.0012992405996899306,0.002673680509170623,0.01380074918571298,0.010475823800299813,6.480052370765863e-06,1.0676669111287047e-07,1.0471357736834833e-07,0.06756308770079236,0.1906520776100832,4.920878495235899e-07,0.00047244643733254524,0.042363387648138594,4.679861551901506e-07,5.294000828437757e-08
4205.2,1673.5851974759876,106.1,0.005778914978565198,0.004270989856277129,0.0025057271186228534,0.0014955922591629596,0.0013111451246048142,0.0027161907197901856,0.014937085066721907,0.009440188057052393,4.306938475051672e-06,9.625846335740764e-08,1.1202905324454076e-07,0.07231096293615993,0.18527526413725842,5.477558622167572e-07,0.0012808448038107408,0.04333031287422177,5.151010879375609e-07,6.010710669438959e-08
4205.3,1676.905257716473,105.9,0.006240920844180245,0.004463582948819652,0.0024987773781559824,0.0013978922626497986,0.0012217227059889014,0.0028394862196957893,0.016235135137242465,0.008241645102192765,1.219605602642127e-06,6.422575634954806e-08,1.4666110599817507e-07,0.07719477047099163,0.18079809579477152,1.96931995452167e-06,0.0027495606460249474,0.043438069343878914,2.0053479642347167e-06,2.432558746769937e-07
4205.4,1680.225393255826,105.7,0.010594861907685339,0.005252659460332265,0.00034841603225993023,0.00015353675015553425,0.00016289825023471313,0.0006789725408895207,0.026622539633870082,0.0005798597875755971,2.37440087675223e-06,3.808113593150493e-07,1.303110119551917e-06,0.08490757023601114,0.17268518527133714,6.382156625163011e-05,0.00995060144472292,0.043877652950400824,0.00014446309940345276,2.6773606186575795e-05
4205.5,1683.5454534961893,105.5,0.014386297459538585,0.0008381932740614289,0.0004823861015611502,0.00048696225792360426,0.0005317892911914321,0.002417221870043296,0.023768581185594325,0.0007712711663774722,0.00012571645216801012,0.00012045134975417843,0.00021411128174016268,0.08127565434840175,0.18012935165292404,0.007726432493609506,0.003608384566490005,0.0029561813588205154,0.002721803867864629,0.002602267526858353
4205.6,1686.8655137366748,105.3,0.0034879372135455593,0.0034585778201519373,0.003409039315760833,0.0033881890923668093,0.003531102769533851,0.006340439450695057,0.010102796604891343,0.0067228086261078126,0.001219068044325266,0.0009127366652186061,0.0011473481995558337,0.08626540504921983,0.15696278672147307,0.033869372727117826,0.02036471871134093,0.017279830948648708,0.01583158707356731,0.015277683217300657
4205.7,1690.185573977038,105.1,0.003241862910500164,0.003280269579560208,0.0034212380007639467,0.0038078518631971003,0.004800291407436352,0.006874848676258638,0.008311558417232147,0.005543964190670424,0.00257655907054325,0.0017891352412201696,0.002877590726496234,0.07991044090539771,0.17244626907602903,0.027668645785654117,0.018745748948488496,0.021866651560657674,0.03249109446517392,0.034017796916492836
4205.8,1693.5156340366339,104.9,0.0037759051629260012,0.0037497336988937544,0.0037044634198568757,0.0036764251187163407,0.0037861488569195176,0.006764445531070219,0.010270906959242748,0.00637623353904364,0.0009067543446755452,0.0006862447125121089,0.0009050088005375191,0.09837006004165764,0.14814551053160463,0.04083181026085064,0.027864149309890427,0.024177548009178138,0.022316258495026782,0.02191139356751525
4205.9,1696.8356942769972,104.7,0.003477917295225249,0.003549680827008461,0.0037677393533758503,0.004296850994606836,0.005431724729523828,0.007018157493243536,0.007435091299716813,0.005200994349763687,0.0028801486266085536,0.0021799935134050267,0.0035538889000776078,0.0866458295459632,0.16508873013305594,0.03694417809304216,0.028851272563580263,0.03159780408530628,0.033738806012649177,0.03417282756642815
4206.0,1700.155754517477,104.5,0.003655380435324749,0.003728598796982362,0.0039504207383144006,0.004481341859224922,0.005583409846114226,0.00704653483766013,0.007330327852749685,0.005102399634916555,0.0028648560549547997,0.0021902052312661015,0.00361529076763309,0.0909146887110776,0.1612587851988196,0.03820465118309527,0.030713200995769244,0.032759427795811966,0.033823353248735956,0.0341774730122744
4206.1,1703.4261367580325,104.3,0.0042515610184584015,0.0042285649557772115,0.004195608731182763,0.004188806418685918,0.00444601736122598,0.007335249381262258,0.009168628179193039,0.006207398564231135,0.001031771485508774,0.0007764996667735272,0.001021882429258888,0.112431713209989,0.13311315531977252,0.050819498807711465,0.03567455699492192,0.03269696495533729,0.03245828635308849,0.034111865305253036
4206.2,1706.6963813972186,104.2,0.003925143444994552,0.003994713705631394,0.0042097350726537286,0.00471945318093283,0.005756248589723978,0.007149062673176928,0.0073227295768540515,0.004933850974370867,0.0027415808483252082,0.0021115556693933656,0.003689838420504915,0.09730161822494288,0.1557581384634362,0.037835491638931885,0.03220041605118667,0.03328470664099077,0.033834339093258316,0.03416900089796278
4206.3,1709.9567648102611,104.0,0.0059862306712247185,0.005309254200568438,0.0037445803527229415,0.003414133128333564,0.003467798257175506,0.0068162435984153525,0.013576918224217834,0.003684687965031335,0.0005624273401493284,0.00048436891288213555,0.0007018422216182007,0.12028614515309145,0.12634106861997402,0.04779632727833657,0.03634672301864448,0.03307090686196399,0.032341595458143364,0.034063813567412636
4206.4,1713.2271470509331,103.9,0.006116152095466395,0.005401204336420012,0.003764977497375366,0.003424793040975398,0.003476720883567205,0.0067423226356010104,0.014103197534202748,0.00325286483263964,0.0005499744308176096,0.0004853710063261861,0.0007192886595807698,0.1224829842091306,0.12277465665721171,0.04739470956810383,0.036143434794288144,0.03356763580334608,0.032987427283612286,0.034115599435030126
4206.5,1716.4975292916051,103.8,0.004435347631662494,0.004421077205497984,0.0044542569787365946,0.004693852246599349,0.005614471377442983,0.007469740010659658,0.008314929688450044,0.0050711958870582954,0.001835291647799619,0.0013062411270009413,0.0018365558417514562,0.11482532697840363,0.13390989200039538,0.0373682435145457,0.03302385317209383,0.03343493137313918,0.0337679924223382,0.034139110577969006
4206.6,1719.7677739307912,103.6,0.0048373357505281135,0.0046921637357115395,0.004545438329828927,0.004666155722692239,0.005490883983688263,0.007658490077871104,0.009010831672190139,0.004291566445307832,0.0017764204430897582,0.0012573174273982197,0.002485664418356888,0.11514302329380803,0.1367933920434773,0.027751781491617947,0.030063742302661692,0.03298857874246153,0.03326952965930272,0.033966274682160714
4206.7,1723.0381561714632,103.5,0.00438147018324072,0.004470910155541474,0.004738218615808094,0.00532509795060062,0.006374275585317482,0.007538533828868541,0.006975142018333233,0.004363425952334124,0.002545007574493942,0.002120241426447339,0.004434625318418599,0.10909617521401203,0.13418608849510175,0.03586210671953401,0.032636345171974696,0.033435709648798426,0.033848846771453424,0.03416621126279186
4206.8,1726.2985395844034,103.3,0.004556835446199654,0.0046508427026148,0.004927633374990705,0.005522725024364622,0.006545300641821851,0.007563699123604348,0.00680713802080156,0.004261248162424599,0.00253547088600514,0.0021538928268820144,0.004574254256710093,0.1129085571070002,0.1283958809684904,0.03591818984131147,0.032648107251685626,0.033407041434261646,0.033846182122302594,0.034168002854769786
4206.9,1729.5687842235895,103.2,0.004590477200896331,0.004666698252212069,0.004916204070236039,0.005501049887614399,0.006599009287171747,0.00784087043777782,0.007054665237086423,0.004125865098595745,0.0022839570588194997,0.0018554694912443547,0.0039416811395900225,0.11837563017242893,0.12190202838905141,0.0341642831673818,0.032071825889693,0.03318801292859549,0.03372736679925712,0.03414593988090943
4207.0,1732.8391664642616,103.0,0.004771660383628001,0.004865760064154638,0.005147190406475991,0.005754685411819487,0.006782843564133872,0.007711115631687968,0.006696245788401131,0.0040615429820635,0.002390580006168492,0.002040464264589641,0.004439134062579308,0.12077895498620186,0.11833218283665696,0.03528565979976401,0.03245390628186964,0.033260432866607834,0.03377712177695615,0.03415972235354749
4207.1,1736.053664869882,102.9,0.004834799196077866,0.004935339422951775,0.00522891734433516,0.005847453017868115,0.006858114113661644,0.007689226163045555,0.006588471510463475,0.004023286708053561,0.0024087175893926214,0.002089256915848203,0.004593130250427663,0.12240635514618198,0.11682797672614266,0.035668485501841644,0.03258640153492042,0.033266662364062186,0.03377882506986054,0.03416125265355066
4207.2,1739.278149324883,102.8,0.004910721596852563,0.005014482603214723,0.005313491996027693,0.005933222772346029,0.006917549109818534,0.007658792709382068,0.006490809123598041,0.0039830687503816095,0.002415470478437161,0.002121479872744274,0.004706045075692772,0.12412498987294557,0.11619058164371969,0.03619791204506759,0.03286188647810885,0.03333088785637558,0.03378427340077762,0.03415839718771954
4207.3,1742.4926477305034,102.7,0.0049986462702362585,0.005092269188841589,0.005373504178605682,0.0059757424431940405,0.006960671339725109,0.007726764342889656,0.006508937267716988,0.003913750801223486,0.002326084308410557,0.002016803870822655,0.004485597094769421,0.12757431952832865,0.11490563436273808,0.0364524847988849,0.033213815587717826,0.033391514234424324,0.033737765669370104,0.03413738453218396
4207.4,1745.7071461361238,102.6,0.005084011638588739,0.00518571531603708,0.005479700228167153,0.006084410870086137,0.007017034344067856,0.00762631151875848,0.006337714232229488,0.003876579434968609,0.0023700507262572005,0.002105182137568375,0.004740100374598116,0.12836608661216994,0.11611329549450132,0.03758842695507437,0.0337363899839345,0.033567662769135156,0.033786708561923236,0.034138852501093726
4207.5,1748.9211312015148,102.5,0.0051975317200369416,0.005305187799202272,0.005606667549876189,0.006203101804107802,0.007065707760845299,0.00750856082720175,0.0061615807938767385,0.0038358505553608866,0.0024136143700062766,0.002197925069702228,0.0050122603320959325,0.1289941254291422,0.11720197816752692,0.03885449440579921,0.03431765122270561,0.0337609143174893,0.03383548347066365,0.03413860463693262
4207.6,1752.1456156563997,102.4,0.005859447815788974,0.005891165824503403,0.0059871169632522685,0.006162603345700318,0.006340749048106737,0.00642096436029005,0.006186596791590722,0.004411588729902057,0.0030032072358949715,0.0027458919538665247,0.003338905660630917,0.14300198831559088,0.08665918447911293,0.06814727132697612,0.05684657739369196,0.04679510522524849,0.03794037401370673,0.03437746262287379
4207.7,1755.36011406202,102.3,0.0056241594287921816,0.005544450441655264,0.00553719124360166,0.0058657250039393346,0.006857011720363282,0.008256950534427772,0.007047568704480682,0.0034808269178247917,0.0016886362916278589,0.001286500728299978,0.002858086147713711,0.1421762545723409,0.10809697455725069,0.03896115351057951,0.03901944640278799,0.03486024894595586,0.03360449841658933,0.033972321144360905
4207.8,1758.5746124677567,102.2,0.005924340651803577,0.005999070960212567,0.0061699775198869366,0.0064079173726477555,0.006557488956618223,0.006315130092327045,0.005376564418866543,0.004100968452619318,0.0033171109731152627,0.0033633527581147823,0.007083837330720822,0.12214389067695212,0.11610652062565709,0.06698336354053114,0.04667867474313383,0.034947093546126504,0.03420750709511141,0.03421734799665476
4207.9,1761.789110873377,102.1,0.005914860449459738,0.006015481932254231,0.0062378816886782,0.006539467470301297,0.006704692834244243,0.006305344309084496,0.005157487877271104,0.0038745838382293336,0.0031970239202666977,0.003716087749658273,0.009143056246331912,0.11429277796859268,0.1309976261562207,0.04722818868165564,0.035743864670771196,0.034366975447510786,0.03415979401244017,0.03419327281874675
4208.0,1765.0036092789974,102.0,0.00601421911728627,0.006111076041008773,0.006321518395344516,0.006596170879902331,0.006718405645930434,0.006286286597052139,0.005146231325293487,0.003853121665820368,0.003101036079441847,0.0034886996592029917,0.00871318676865161,0.11661430496452402,0.12623302527693772,0.04379496213837374,0.035686624259687445,0.034446259202407174,0.03416871585220552,0.034185203873102296
4208.1,1768.1968051703182,102.0,0.006280207595871136,0.006278026549763137,0.006268206555479933,0.006238864615848876,0.006164587058070379,0.005952316640420553,0.005274598381405416,0.004331544005518376,0.003908344416030755,0.0037928711720560675,0.005415885117742346,0.13491006499602506,0.09287368885600648,0.08335081541769122,0.07548509097643477,0.06663601213644733,0.05708530483644406,0.04854826944155607
4208.2,1771.390001061523,101.9,0.00634706445489742,0.006342164280786688,0.0063256096785181655,0.006283979918551849,0.006186956633784664,0.0059132194430312045,0.005169303600489412,0.004329217702920463,0.003982302320744968,0.0038814296502385527,0.0057448695230587704,0.13463739944959432,0.09293860549722034,0.08383953055432183,0.07634977118942149,0.06788357024822954,0.058643241946742884,0.05032359119454737
4208.3,1774.5741650020502,101.8,0.006021569239392524,0.00612878857075462,0.006361658871719961,0.006664735808441149,0.006795018227228938,0.006310225491300368,0.005078987691223435,0.0037369425154218264,0.002982528719899569,0.003370519724659297,0.008593100963033225,0.12345038153223101,0.1173297460571803,0.043701224583553855,0.03607429960293885,0.0346088640631864,0.0341907936185576,0.034176451733784696
4208.4,1777.767360893371,101.8,0.006321579018604102,0.006328108186909367,0.006337625978018573,0.006335100509658081,0.006268780606456095,0.005946589130914394,0.005128939535956276,0.004271058242687346,0.003795798907292933,0.003526724534200525,0.0042688541064407545,0.14278521222631427,0.08779593237841977,0.07860279505689403,0.07239430780598463,0.06511207586866936,0.057062584356283544,0.04975426241655765
4208.5,1780.95152483387,101.7,0.006304342309778653,0.00629760226680264,0.006276340692121663,0.0062255289954646275,0.0061100731637829435,0.005806153919145619,0.005122503898668875,0.004441250810284814,0.004149813955725774,0.004056557182458693,0.006255798015175867,0.13517614646012055,0.08823494172115218,0.07819652275641137,0.06957503001930505,0.059997018507632054,0.049763180151632204,0.04078075735625138
4208.6,1784.1447207251908,101.7,0.0061715204435716245,0.006166477727398407,0.006149449394040518,0.006106726172463885,0.006008615024719706,0.005761827186463376,0.005188010020844897,0.00453502550995442,0.004218437065203875,0.004111660743348681,0.006234948618879454,0.1354618933626802,0.08660608147283312,0.07624687590771445,0.06748718273360353,0.05785526111256744,0.04762507692648917,0.038689453921566815
4208.7,1787.3379166163957,101.7,0.006050607836313858,0.006047982872455802,0.006036973156477341,0.006005476795092749,0.005928594385704559,0.005736129859695642,0.005251168347322998,0.00459677249872417,0.0042419439406376465,0.004121811701459155,0.006121009328596227,0.13710436885126487,0.08475034271486281,0.07403981058366507,0.06528078877426534,0.05577622493603635,0.04574664640960529,0.03700870136104522
4208.8,1790.522080556923,101.7,0.005928582466041837,0.005927211069676743,0.005919358624185357,0.005893712939002162,0.005827310324657638,0.005663154362003384,0.005263774583453321,0.004691694404492776,0.004341594349001378,0.00421297984931474,0.006215528976261985,0.1370483127836481,0.08390497188093524,0.07293744481343921,0.06408637219377929,0.054620910414600495,0.044695497584104654,0.0360697032831699
4208.9,1793.7152764481277,101.7,0.0058019801635145205,0.005802047626180827,0.005797909821023374,0.005779257450090468,0.0057251959970013415,0.005589223297383162,0.005265562729658926,0.004774545087093967,0.0044364004613120555,0.004302334656021004,0.006318080942002074,0.13780803770308614,0.08372107056756133,0.07251524311432933,0.06355554484920674,0.05411062164768307,0.04427680718715309,0.03574206805249509
4209.0,1796.899440388655,101.6,0.005798183307284664,0.005795913045901229,0.00578630717519863,0.0057587307527970305,0.00569226514019562,0.005541723690307118,0.005227876167113677,0.004806708301162004,0.004521094056153333,0.00440399831420918,0.006706819612899822,0.13838224140051866,0.08361951782461333,0.07236358414159966,0.06334022305439364,0.05390559911141847,0.04411855983273007,0.03562646700561032
4209.1,1800.0921351752233,101.6,0.005699529067168891,0.005697361276361053,0.0056883467606005204,0.0056627288450192695,0.00560170581826872,0.005468187034418407,0.005206660707438502,0.004859965544948667,0.004609014674775706,0.004502168136855662,0.006988982959547841,0.1388741366527419,0.08424786503749015,0.0728016058418202,0.06354714819911013,0.05398627481370738,0.04413913519908029,0.03561017033009852
4209.2,1803.2749012676948,101.6,0.0056055665661098745,0.00560360988984475,0.0055954699797074545,0.005572349746136635,0.005517603435753777,0.005400794076178914,0.00518208664593389,0.00489425215753605,0.004675237136886005,0.004581497222943373,0.007269330680166675,0.13923040060026237,0.08481235805441154,0.07320962038167991,0.06374654949009854,0.05406607907512344,0.04416136868924501,0.03559794006033522
4209.3,1806.4675960542631,101.6,0.005270491368189202,0.005331677042395065,0.005474350762609846,0.005684728466395498,0.0058605209358213485,0.00579924213581033,0.005283529532063247,0.00442588101423592,0.0038206250203789796,0.0040415657323296245,0.00913383464879913,0.1311342139502556,0.10720281014199064,0.06390839243483892,0.043693672339311596,0.034681698910197414,0.0342039673971173,0.03422271082811633
4209.4,1809.65036214685,101.5,0.005345803232348794,0.005398123145305694,0.005516735880372018,0.005683571615483046,0.005805522068871533,0.005704879880518915,0.00520024552122893,0.004410401593265505,0.003869950094454358,0.004153650274104582,0.00954623839210765,0.1329622839037205,0.10656281580537569,0.06355251460061215,0.043141556178052966,0.03463035858653175,0.03419868713539427,0.03422291518832472
4209.5,1812.8430569334137,101.4,0.005410312316326049,0.005453074243131043,0.005546478040124687,0.0056689353708196605,0.00573670882930366,0.005597992405376782,0.005109775934077633,0.004398472451926676,0.0039382584730617304,0.004309724798571277,0.01011897126411668,0.13359616448370779,0.106719505606167,0.06392688687394292,0.04315539424676337,0.034618802818265654,0.03419756962679972,0.03422333392822678
4209.6,1816.0258230260006,101.4,0.005330841906395239,0.005371515618717509,0.005460397046582388,0.005577562964077142,0.005645171481317274,0.005521771210548104,0.005074639088373714,0.0044177093597814006,0.0040001959906560145,0.00442170424007346,0.010486020401126603,0.1333623135326455,0.10694506723776832,0.06404267795299484,0.04297906163696779,0.03459671287181409,0.034195085287278944,0.03422362213152511
4209.7,1819.218517812569,101.3,0.005408368196016764,0.005439922155564195,0.00550515641450945,0.00558086091462794,0.005595888371084611,0.00543039662669559,0.004985196904356496,0.004388251098535695,0.004045535644703201,0.0045581833473449344,0.011069237305599227,0.133573167857744,0.1066467352562798,0.06455936267346758,0.043431817567114894,0.034620897946082696,0.034197757429599615,0.034223775929539006
4209.8,1822.4012839051559,101.2,0.005475559832517117,0.005468970630773375,0.005449945868013639,0.0054091461385850125,0.005333491681690079,0.005211184299968108,0.005045875867476935,0.004868971354941021,0.004732988841789351,0.004674494521555686,0.009009485300318466,0.1426198480787997,0.0885397885551015,0.07623851754114515,0.06576974698445628,0.05556888280592925,0.04533276551578076,0.03648759240596985
4209.9,1825.5939786916088,101.1,0.005489929564990052,0.005481986392583082,0.005459583360618327,0.005412772158660068,0.005328778197886285,0.005198767434557345,0.005031802298756872,0.0048618138047885825,0.004737774354570221,0.0047059225048527555,0.009604608091843984,0.1416884151258952,0.0895930085797612,0.0773934826652555,0.06682650712994309,0.056462914855723516,0.04602464439212185,0.03700716042687171
4210.0,1828.7767447841957,101.0,0.005681877287122093,0.00568119456248876,0.00566394981203602,0.0055950032047518035,0.005418573526594939,0.005084939449761484,0.0046251369305764555,0.004226759311017772,0.004250454034048481,0.005606233674287212,0.014978733272793211,0.12064555616879814,0.11511582479962722,0.06515077508971415,0.03759001360078626,0.03430727211112125,0.03418513583777408,0.034220276572052157
4210.1,1832.002903490742,100.9,0.005523345496524066,0.005513958936671231,0.005487560355603897,0.005431748712795739,0.005330695782933453,0.005178497990594081,0.005000342044355713,0.004845699109804064,0.004760141593650126,0.0048123315021544105,0.010848074915034605,0.14228669654008994,0.08815016144555166,0.07671189166128171,0.06700854069968917,0.05716392808803383,0.047059140473717516,0.03823909222012598
4210.2,1835.2290621974037,100.8,0.00553973006989755,0.005529601246446653,0.005501062208291244,0.005440635531272275,0.005331964154700095,0.00517225522686132,0.004992370563241563,0.004842442702397488,0.004764288639284457,0.0048365540094092475,0.011337547408581799,0.14173741553121272,0.08939793769073769,0.0780905411858736,0.06826154788739906,0.05818630264559948,0.04781374462012598,0.03877809085027541
4210.3,1838.4539652966075,100.7,0.005546291033362225,0.005535643362263782,0.005505650172670083,0.005442126287006717,0.00532883201869618,0.005166048962616134,0.004988513350722859,0.004845483527882554,0.004775524655102781,0.004871370461566071,0.01192145082100035,0.14097136697416987,0.09082072092162644,0.0796976440987532,0.06986012041660802,0.059687869141485654,0.04915580577512743,0.039964930253510896
4210.4,1841.6801240032692,100.6,0.0055491627811435984,0.005538097040931393,0.005506885855497874,0.0054407732591213835,0.00532374965572899,0.005158868901995494,0.004983839076738505,0.004846840299418044,0.0047833310232674965,0.004906126549489435,0.012515929263801932,0.14028386335356197,0.09224017167332167,0.08133853249496581,0.07155080962020709,0.06132958511761561,0.05067848111185847,0.04136094186404534
4210.5,1844.9062827098155,100.4,0.006123468338847713,0.006091881984296552,0.005994075176119722,0.005779985800408393,0.005403257566427189,0.004870802575196518,0.004297768641572982,0.003917206023314179,0.0041244936416571535,0.00613480636654456,0.018337991394499254,0.1407684811362978,0.08208564031143567,0.04098815265619459,0.03526660355375849,0.03429609884103894,0.03416070449633133,0.034195310549992225
4210.6,1848.1324414163619,100.3,0.006161212631803583,0.0061193672634727286,0.005998468071400544,0.005751324453431936,0.0053439103098383905,0.004801686769918433,0.0042506088368105535,0.003919584657377291,0.0042057154523051435,0.0063935386200853345,0.019324177290212706,0.1401074978796605,0.08019058024387049,0.04085501849710443,0.035264849263256196,0.0343041785449273,0.03416446717153167,0.034195607486742545
4210.7,1851.3474219762852,100.1,0.006346276024400569,0.00628184534402846,0.006109704404565348,0.005787336431234919,0.005303528207033181,0.004717696146785209,0.004176354938327155,0.0039041941398648126,0.004299638338634196,0.006745958691398533,0.020727708623326298,0.13963028857886528,0.0777504293224177,0.040614355190420975,0.03523581071130713,0.034304994262281,0.03416758465876078,0.034196381518401625
4210.8,1854.573580682713,100.0,0.006346588556409427,0.006273991957933459,0.0060847878732715145,0.005741078924513625,0.005242915834919056,0.00466229664873605,0.00415056474470856,0.003930720759255209,0.0044139939275392795,0.007077584516503953,0.02191067876739502,0.13831169936383383,0.07634089532482798,0.040447791568395404,0.035200113540887264,0.03429873688388756,0.0341688527934075,0.03419728640459673
4210.9,1857.7997393893747,99.7,0.006599674430574625,0.0065209921520372974,0.0063574772675125965,0.006108770525969758,0.005752138857540864,0.005218982339138322,0.004473489871978154,0.003700945046042208,0.0033218857600272114,0.004196809015044128,0.012724474118646698,0.19764919971632897,0.048782834774471685,0.042542969241525085,0.03991073823006116,0.03515787471588498,0.03394043142714499,0.03406048568870298
4211.0,1861.024642488694,99.5,0.006859324255023829,0.006743530802611342,0.006498428242022847,0.006131444491712618,0.0056511243309791915,0.00504749889081629,0.004336711374642891,0.0036815426231999425,0.0034466019812050227,0.004562859577476151,0.01428767901169229,0.19852834320002494,0.04794598480763641,0.041625533184611284,0.03933851745185531,0.03501478507264892,0.03391559857440518,0.034064553202602196
4211.1,1864.305572234992,99.3,0.007275972936170784,0.007098690368431879,0.0067257179780432896,0.006187813445595458,0.005545068618494727,0.0048537537899346625,0.00417341821345677,0.00364107728872399,0.003571800786783028,0.0049897817713550644,0.016282875306159184,0.1998168555888501,0.0467470427776235,0.04055291741974023,0.03879581529271696,0.03488771900782981,0.03388955750729849,0.034066520787044044
4211.2,1867.5853893030053,99.0,0.007963921168316776,0.007676839301837341,0.007088315580575489,0.006286128774829308,0.0054159550076989795,0.004607296307891448,0.003952157455919575,0.003557120022430401,0.003695031911583494,0.0055278341928475415,0.01907031650901189,0.20059512660622486,0.04565786985962333,0.03966850327171385,0.03828865088961012,0.03476392342261975,0.03387244799185722,0.034071979100224484
4211.3,1870.8762554504206,98.8,0.008333516483047192,0.007981137039411612,0.00726808666875119,0.006321305707206444,0.005336096603548707,0.004475553874321209,0.0038403738889954517,0.003526595900153856,0.003807545304674703,0.005991764956949134,0.021638743067519266,0.20018130109592444,0.04535656232797323,0.03911250226377,0.037754720137970446,0.03460699089170718,0.033852676117677616,0.034079120424790894
4211.4,1874.1560725185361,98.6,0.008991960818369274,0.008402689286454965,0.007355312376603091,0.006177453362642673,0.005156821211744996,0.0044080404177756155,0.003911665593004033,0.003644477403672073,0.003829812330825533,0.005842990878739093,0.02391466176840098,0.20584565670337265,0.036400764825456164,0.04181441666616139,0.04220054842553368,0.034770191653545716,0.03340594251337847,0.033938449765531224
4211.5,1877.437002264834,98.3,0.009780161438188177,0.009004253470415507,0.007667416782845034,0.006228719009275004,0.005041635408683737,0.004223051493935616,0.0037443620192066807,0.0035767118919940296,0.00392997681669492,0.006346441135345039,0.028357534068073998,0.2040287025155175,0.03660800549566851,0.04108818938401824,0.04138051219837156,0.03461414720242215,0.03339849789164317,0.033947801681265814
4211.6,1880.7168193327316,98.1,0.010200331033736841,0.009321603283084444,0.007831558903675056,0.0062619966823435095,0.004997312285809288,0.004150552102297115,0.0036854583251407207,0.0035705288160681635,0.004026639030117352,0.006748861310894767,0.032232851730172166,0.20157647063799836,0.037193953878170906,0.04081365042771469,0.040769891815062596,0.03448249897683907,0.03338796383367138,0.033955537452542574
4211.7,1883.9966364008471,97.9,0.01052241620469797,0.009576118674213955,0.007983773308804771,0.006322451553167577,0.00499601831058183,0.004117543044644893,0.0036503200064359775,0.0035675061799702226,0.004112748251949989,0.007151090903342405,0.03627792735189736,0.1983843228781178,0.03854521321062731,0.041479174157433185,0.04051349887668891,0.034411753119455005,0.033398375500677265,0.033964680053163464
4211.8,1887.277566147145,97.7,0.010836638761850299,0.009827382305731967,0.008141984584781402,0.006399203284456064,0.005018496283163467,0.004111789724564348,0.0036392536061280695,0.0035790718584623495,0.004196738343363103,0.00752867278546403,0.040568194777767304,0.19527500323605265,0.0401979256494401,0.04240107301983999,0.04017766599339713,0.03427697972262253,0.03339220460602129,0.033972771410882924
4211.9,1890.5673229771194,97.4,0.011130659300669612,0.010209841984439425,0.008544910497395981,0.006680861041838298,0.00510632829478602,0.0040268973364145175,0.0034655249079288894,0.003470526952799065,0.004460109157999588,0.009021794478849137,0.04397256731257569,0.1881424049532267,0.048766194708582025,0.03962290326667857,0.03680078131773038,0.034264083272774915,0.033833840030138104,0.0341045850604224
4212.0,1893.8482527233125,97.2,0.011305424314423058,0.010370608554664217,0.008680735663669368,0.006788771344253179,0.00519025139485583,0.0040939467357942365,0.0035239546549313155,0.0035324700410679917,0.004560954933584007,0.009387961683756526,0.048028741217376485,0.18511420732571016,0.050536511516414674,0.04095564407578383,0.03716138002119824,0.03430192899467477,0.03383765401979895,0.03410286488059922
4212.1,1897.1584793017623,96.9,0.011744718098522459,0.010734068588303225,0.008923650010251964,0.006922544572429685,0.0052545727173201615,0.0041245611141657035,0.003546066741265022,0.003569728281826952,0.004666680536260803,0.009857523409650144,0.05295833443085827,0.1812527253262653,0.05338918011472583,0.04270224044932536,0.03744738434753906,0.034285393754413,0.03382664554528226,0.03410213675567785
4212.2,1900.459539737325,96.6,0.012202620034320167,0.01111418010958915,0.009181419923140317,0.00706971926545339,0.0053303516041301275,0.0041644875759775084,0.0035746651275090874,0.0036090949213984287,0.004766517448483638,0.010307428406772566,0.0582027052598903,0.17713992893065944,0.05628483077047667,0.04456540804895112,0.03772561523867749,0.034271920546962965,0.033819335696067,0.03410231324569802
4212.3,1903.770566768409,96.4,0.012256526160991939,0.011200953031770308,0.009311249483768148,0.007222314410222267,0.005479344365923137,0.004295327093677175,0.003684461505121537,0.003701958340886332,0.004861039568331023,0.010577649981987068,0.06260088839102368,0.17384866399922133,0.0584823063571295,0.046570550106842586,0.03802423283151696,0.03427141586276085,0.033817408436662935,0.03410288316367355
4212.4,1907.081593799417,96.1,0.012816779709189258,0.011658986423891614,0.009610333044666219,0.007380247057762873,0.005549834253215733,0.004325800979420691,0.00370579868356346,0.003741418048281185,0.004977188393736852,0.011087537433668233,0.06807539688395549,0.169384779380435,0.061503077110013446,0.04814364250959167,0.03815016480264638,0.03426391432518773,0.033825968727960044,0.03410624246914063
4212.5,1910.392620830385,95.9,0.012954402490797946,0.01180866760055872,0.009770954616317553,0.007536513821878238,0.005687629890395867,0.004440804847206672,0.0038014262632147583,0.003826622343440319,0.005077995448321008,0.011394348892261577,0.07246231390238247,0.16599282359706727,0.06277090766626205,0.04892299958180231,0.03819140906358674,0.03427360128420337,0.033839376936626406,0.03410959141935135
4212.6,1913.7036478613932,95.7,0.013144546251734121,0.011993294036905657,0.009941875623352766,0.00768547030953726,0.005811508206055846,0.004542710900739525,0.0038885723540835575,0.003910784014130897,0.005190760961095659,0.01174135051470441,0.07678140904420162,0.16265438998577136,0.06363654071132166,0.04902057885331148,0.03809048028561686,0.03425556920482722,0.033846719356211606,0.034113207153864546
4212.7,1917.0146748923612,95.5,0.009998797944468037,0.009973547034780761,0.009590373507939948,0.007690721892200052,0.006214026716300374,0.005967946452772623,0.0059286753765465,0.0059387867449933116,0.006213785891222855,0.01309022481697235,0.0819039175836291,0.10532539639697468,0.10502462998996354,0.10386892288347166,0.10271704025540516,0.10186729242452472,0.10117925453660849,0.10067315924586816
4212.8,1920.3257019233693,95.4,0.009717509142676573,0.009692614818425425,0.00939877116600441,0.00786960473658978,0.006488598685350876,0.006206201112797711,0.006154258474367401,0.006157301466410574,0.00642329346832532,0.013398592861824222,0.08318899613886668,0.10579000612112799,0.10543799593182339,0.10431895950325236,0.10326394774388163,0.10253956178879314,0.10199052777704509,0.1015970003289331
4212.9,1923.6359285017459,95.2,0.009945641318145905,0.009919963629871895,0.00959539053078071,0.007965110886054871,0.006581564720856548,0.006317674373700647,0.006269752310081233,0.006276991237766122,0.006582167445849335,0.01417274306845645,0.08503524707238233,0.10521749945843249,0.10485390321231006,0.10376831929850967,0.10274562160682511,0.10203273501722325,0.10148493991062084,0.10109235538650023
4213.0,1926.9369889373847,95.1,0.009774927543370657,0.00974903591290009,0.009477888276480844,0.008097596474481555,0.006802825072596038,0.006515772301125985,0.006457133783573864,0.006458611234634548,0.00676284993132121,0.0145682755977073,0.08661114152880177,0.10554620490825486,0.10508656164404513,0.10398614536477757,0.10300201202026418,0.10234664966355209,0.10185915092945155,0.10151256528842516
4213.1,1930.2708305653784,94.9,0.010587610762229895,0.01054830435343625,0.010162300577913957,0.008278670356238919,0.006575100377899719,0.0061875560290859805,0.006090918437211888,0.0060623624150134905,0.006313433453997101,0.014059438912919636,0.09510908294288611,0.10982931964548721,0.10799379916069103,0.10607425461512233,0.10473958570991375,0.104035040680805,0.10357536971629401,0.10323135273354436
4213.2,1933.6042072316964,94.7,0.014203252955421197,0.012785698437311413,0.010484025046537095,0.008164568729983083,0.006359028244448212,0.005180693945415497,0.004568516213730815,0.0045228450070133215,0.005571419881625834,0.012062827533573831,0.10832551664530347,0.13596826218228558,0.064577208560719,0.06285253199211717,0.03974585763932377,0.03381589388531785,0.0335367884959027,0.03406965830148251
4213.3,1936.9275940583796,94.6,0.013937873552732627,0.01260780718077521,0.010428391661131693,0.00821112471366787,0.006473925888742681,0.005335415447361436,0.004737363236127463,0.004678637171480811,0.005691070884715382,0.012184642866858785,0.11180613700239891,0.13528102416508656,0.06456504297370522,0.06078105824192604,0.03922901044915259,0.03368560155861824,0.03351322480335574,0.034072876225411525
4213.4,1940.260970724814,94.5,0.013752872217118007,0.012473178133539086,0.010368310356442324,0.008220065081611322,0.006538072148390599,0.005444947637964173,0.004884263699982472,0.004855198204341649,0.005898880067402053,0.012545756186137206,0.11453641614417118,0.13507387827988948,0.06528935185218374,0.059284790655218106,0.0387461877561796,0.03353718319045797,0.03348049058334559,0.03407617463660805
4213.5,1943.5943473911739,94.4,0.01360509376369665,0.012353651227146129,0.010294351359387444,0.008195357512318974,0.006563425305978988,0.005525174233333629,0.0050194258499352,0.005052437384835151,0.006168650581540207,0.01304536975900158,0.11685382860425565,0.13568568527431155,0.06594623927271562,0.05682713975097781,0.038121265765663104,0.0333426087084524,0.03345329237515844,0.03407822542677539
4213.6,1946.9177342179735,94.3,0.013429599661749364,0.012201740285180748,0.010186422363151088,0.008141038326651142,0.006566397530983615,0.00559366938879892,0.005165206683891037,0.005282408537377736,0.00649704555511379,0.013643728735960642,0.11845022754401649,0.13660776226642574,0.06723731938322565,0.05550044354121398,0.03764715890555073,0.033180263012210644,0.03341681634667989,0.03408108568615873
4213.7,1950.2515758458062,94.2,0.01331808321305871,0.012090021558269645,0.010087097553251394,0.00807104310851018,0.006540612323424657,0.005631368823536048,0.005294431142247722,0.005529481555349907,0.00689701723185384,0.014427379071278989,0.11944192989055329,0.1373327397643673,0.06850975716828903,0.05427915663007986,0.037260388138807186,0.03305341667218805,0.03338858053094506,0.03408368530700481
4213.8,1953.5849525121662,94.2,0.012720123088128048,0.011604969423559309,0.009781100882742484,0.007946884919220625,0.006574025848381334,0.005803644092297124,0.005584218141479262,0.005867226223723613,0.007179594155131297,0.014588048670169223,0.11963481497319282,0.1388492383713381,0.06820202611016409,0.05389840974154529,0.037127697277431,0.033027457256442724,0.033385335175991036,0.03408543827630565
4213.9,1956.9083393389658,94.2,0.012172221195042835,0.011160199121659446,0.009497330596161233,0.00782252814774747,0.0065863206321120134,0.005939956788682896,0.005842380001555755,0.006208823248895366,0.007534137410191961,0.015002888846251774,0.11884297156300315,0.14106215312372572,0.06804608222918603,0.05367099047461187,0.03713322702644975,0.03306349535452634,0.03339869946584907,0.034086932583339516
4214.0,1960.2417160052837,94.1,0.012160697812349628,0.01111769345109585,0.009419150659354171,0.007728913134916194,0.006507704213392593,0.005919036603066918,0.005947673918698619,0.0065143246274931765,0.008067821550507837,0.015951473131583543,0.11841789872033735,0.14231942000850287,0.0675663250737432,0.05249302073561326,0.03703133809503509,0.033102265800732535,0.03342183464708982,0.034089327081217195
4214.1,1963.5920891188077,94.1,0.01172835747783272,0.010764207050693237,0.009183812737575955,0.007608709319894021,0.006490602424837633,0.006007917372363131,0.006166124901347605,0.006864307361230309,0.008477040632792317,0.0164187771847988,0.11687156935347653,0.14525040329128677,0.06616213874612231,0.051579881376546885,0.03705051497818356,0.03321156235790512,0.033463392021332306,0.03409273474717467
4214.2,1966.942327916244,94.0,0.011772550505977659,0.010790697745480428,0.009183284049010488,0.00758243480804765,0.006447599976627919,0.005973317287669997,0.006206261987397353,0.00711066444649433,0.009056672233905307,0.01756986139957817,0.11583388963560654,0.1474362864249478,0.06532365446305839,0.05001140663618771,0.03684697636286613,0.03322082123507453,0.03348228265626425,0.034095442002650675
4214.3,1970.2825674286987,94.0,0.011433992885948692,0.010524757547941656,0.00902217522586859,0.007516421318791481,0.006460008535328461,0.006062913135596597,0.006394078722137185,0.007413856125319085,0.009435881656024528,0.018020207890043244,0.11409243478612789,0.1504943999791026,0.06279476751702959,0.047755520107922424,0.03645599727639917,0.03317514455596515,0.033478657530242824,0.0340996715209167
4214.4,1973.632806226135,94.0,0.011170287372619976,0.010326557873147303,0.008919822854472398,0.0074991947085406505,0.006506940522891032,0.006166499855149568,0.006567311717492973,0.00767614907379399,0.009788378901821779,0.01853906137218429,0.11227968200078829,0.15359850430648872,0.05980165460364186,0.04511960423501606,0.0359339303374474,0.033089884822012645,0.033467162517893945,0.0341046735661575
4214.5,1976.983179339659,93.9,0.011351113505037187,0.010467324621384867,0.009004601626707558,0.007539622282188483,0.006526654947130726,0.0061965815894396295,0.006661254415501007,0.007920306708923807,0.010234687784035981,0.019281438696710652,0.11157809133957229,0.15489216606515246,0.05774530000000239,0.04313530042967595,0.035426954382742196,0.03297977335468753,0.033449741516160585,0.03410972308682986
4214.6,1980.3334181370954,93.9,0.010069080591580988,0.009734994425816927,0.009035517532206383,0.008091441629869673,0.007155855501972203,0.00652298023790446,0.006504793152082856,0.007643842600754673,0.011619261255185313,0.02579279532510836,0.09247760969098079,0.15545844673391906,0.05607432487376483,0.037930215093028324,0.03465883996053912,0.034056030658246465,0.03409971441461214,0.034200206114965895
4214.7,1983.683656934648,93.8,0.010307109408203556,0.009951727284600247,0.009213895977245493,0.008229642266632115,0.0072690170340428744,0.006636009269970208,0.006647505091105228,0.00785559961949162,0.011955689649363017,0.026258906089807462,0.09238603356573066,0.15407327532115614,0.055495051606330975,0.03776318871855277,0.03461085817846988,0.03404741948970958,0.03410068667354318,0.034201278057376217
4214.8,1987.0338957320844,93.7,0.010551476933494617,0.010179037541185808,0.009410703748475325,0.008394646703895961,0.00741427735457853,0.006781572500600551,0.006817675453221949,0.00808009303096317,0.012262481495830282,0.026579971674590346,0.09186553396502725,0.15304756087135474,0.05502774043357641,0.037632009487040124,0.0345793173957332,0.034045835546057605,0.03410309715999711,0.03420212225943074
4214.9,1990.3742699625946,93.6,0.011336840061276823,0.010760141795996754,0.009677892773917578,0.008414980244319473,0.007368801033106433,0.006834055324024668,0.007038201950559369,0.008358314046234818,0.011984481139878492,0.023938013505963158,0.10032673030639054,0.15187730730402688,0.05886317872975072,0.03876791722565595,0.03435222047608995,0.033717200472998594,0.033982934138788425,0.034198202096882256
4215.0,1993.7245087600309,93.5,0.011739123302248543,0.011117051222507378,0.009962318928101168,0.008634611673065685,0.007554294914280723,0.007019572407723873,0.00725201867406468,0.008610467708603391,0.012232123711458884,0.02403559364669226,0.09901315694583848,0.1527962247481595,0.05883666248549722,0.03869829263554795,0.03434505307730108,0.03373446546221882,0.03399259572108333,0.034199410628344785
4215.1,1997.0845236409384,93.4,0.01214822831018825,0.011489027676967589,0.01027630397786467,0.008897635641010248,0.007790560303750844,0.007254616150999358,0.007502074191305633,0.008863727371764562,0.012422494903443503,0.024029031761005015,0.09760193816997104,0.15508535450896188,0.059250477871229563,0.03873353003833876,0.03436371219602554,0.033762861619457636,0.034006040041312774,0.034200706598768185
4215.2,2000.4345385663707,93.3,0.0125266900104057,0.011849512785807148,0.010609333013519965,0.00921134432159396,0.008094459861443845,0.007555679220173771,0.007799007508560225,0.009120731358463854,0.012548463829657757,0.0239017462941835,0.09632263133653485,0.1574758581575341,0.06000943600776096,0.038898605913038495,0.03444067861987165,0.03379954504731377,0.034015226702657775,0.03420071380150472
4215.3,2003.7945385663568,93.2,0.01283527913633961,0.012172114401010254,0.01095866765581649,0.00958814301792307,0.008488937274293484,0.007951198145694305,0.008158904819698895,0.00936276199840346,0.012571872834710921,0.023633724901458698,0.09520963366255135,0.16047780470292847,0.06141085582856824,0.03933289768491046,0.034559325364973074,0.03384254863306458,0.034028574410969896,0.034200803045025464
4215.4,2007.1445534916727,93.2,0.012069183528840954,0.011748863943463915,0.011076363402922602,0.010157163937098354,0.00922666949443264,0.008576530032531846,0.008523960165125157,0.009586224945379425,0.013305864241584808,0.026328339069955204,0.08284910611802525,0.16446692890493378,0.056897645244729685,0.037690637537643096,0.034630313484244155,0.03411782810250796,0.03413471339375955,0.034204881783933466
4215.5,2010.5045683725775,93.1,0.011980994917066718,0.01175941570125743,0.011267496947120773,0.01054428289954625,0.00975014663892292,0.009153600027172939,0.009127418618345299,0.010328849959957918,0.014552307573299953,0.028176673242242975,0.074744437704083,0.15274557557329435,0.05539414545076673,0.03726841225730385,0.03460469170662529,0.034180819405230746,0.034168054628869245,0.03420849918062571
4215.6,2013.8545832978962,93.0,0.012291669786112472,0.012113717502839991,0.011704964223111201,0.011072776071564556,0.010327430049516027,0.00969840503021242,0.009550470522118052,0.010552485996112053,0.014505585793780666,0.027838944253160244,0.07403920230974977,0.1552520993013029,0.05603591993220364,0.03728222793305317,0.034608611885116505,0.03418526051526241,0.03416981472006731,0.0342087071832663
4215.7,2017.214598178801,92.8,0.013007370162093912,0.012838544845001833,0.01243769950301239,0.011788604838320406,0.010973453067690979,0.010209083593345486,0.009874045037603111,0.010663134786384598,0.014397739583616249,0.0276477901944757,0.07486238149239642,0.15675565223556254,0.05680513010225199,0.03734404212886209,0.03461171675259452,0.034183968879834,0.03416945279277139,0.03420883681682971
4215.8,2020.5746130597058,92.6,0.01389459769200513,0.013762740172348029,0.013416509734305084,0.012778431942417326,0.01184071876084841,0.010766048662125969,0.009963961058337356,0.010185036374505636,0.013224849302942857,0.026136710459285426,0.08067411022292514,0.16575707045505705,0.06335080882775677,0.03799463209470746,0.03463308230255221,0.034160062200514645,0.034161600595593124,0.034209811030805344
4215.9,2023.924613059799,92.4,0.013013549268389709,0.012997126514567794,0.01295519824233185,0.012879955215596426,0.012776006268912147,0.01266955656597084,0.012601148167071377,0.012620050149053968,0.013203553284986777,0.02485189454274995,0.09090184674814221,0.10729971026980255,0.10737222889500415,0.10662092607752584,0.10600067789219622,0.10577922398655429,0.10574138522256225,0.10571313344096707
4216.0,2027.2846279407038,92.1,0.014013819044092787,0.013986810851714,0.01391243413987833,0.013761940140028623,0.013538751471265808,0.013314187808540129,0.01315716465819184,0.01311240292511233,0.013474756640070626,0.02369301418010143,0.09348009821447377,0.11012332300405449,0.10981940862421488,0.10883796603371376,0.10812466628109954,0.10790062673396819,0.10787090267396413,0.10784161749673328
4216.1,2030.6246429106968,91.9,0.017012535422499527,0.01678279123235692,0.01619131976199241,0.015147486191424411,0.0137452925749855,0.012360535928714689,0.011527164203122919,0.011897770458090144,0.015090352414943223,0.02842271075694859,0.07735458926010941,0.12367564134080444,0.10480681444319485,0.07370213518645374,0.04852803121783299,0.03491786193995853,0.034231695847554165,0.034223977632733785
4216.2,2033.9647027903643,91.8,0.018457451401906345,0.01830999861336249,0.017805594240108122,0.01666513088317198,0.014773547946110164,0.012582946763913121,0.010946309198940228,0.010607492006880204,0.01303943774013797,0.026338110343181217,0.0900912742304879,0.13238635696701284,0.10035765863685539,0.0685509116503201,0.04522801012175706,0.03476828100129346,0.034218354370127844,0.03422469176997775
4216.3,2037.3047177604765,91.6,0.020321442749414765,0.020355485005545054,0.02006180860187382,0.01880859342602227,0.016072074541495236,0.012544088924360753,0.009919471646916278,0.009027239663512949,0.010798898409442528,0.023436037056517364,0.11176249333441954,0.13044677464503282,0.08913245315566007,0.059525258729551285,0.038562906861200945,0.03434407139579608,0.03417278034552376,0.0342237778838728
4216.4,2040.644777640144,91.6,0.019251864204587365,0.01978300056100249,0.02111854172728695,0.022870510251752674,0.021973501341432087,0.014795602397007666,0.0075539966117896705,0.0042313363666442606,0.0036370312557893634,0.008039191562187588,0.1948846243248867,0.05937675742431243,0.057892137258722026,0.11429978124742583,0.03260673770594029,0.028744227095597683,0.03196399089003977,0.0341084461760428
4216.5,2043.984792610137,91.5,0.019022939753990765,0.020077922045119212,0.022568135403374608,0.025787676397808594,0.024235561324903183,0.014001712754598288,0.006313193053302408,0.003356101046613597,0.0028708160000296273,0.0066382415460557245,0.2090130559908458,0.04537751449485871,0.0475477345164148,0.13332670795593377,0.029460797933158502,0.025186164754997468,0.030268315606363838,0.033922191962181714
4216.6,2047.3248524898102,91.5,0.017749475826198274,0.019320010650244024,0.023211682838593872,0.028828962704933042,0.026941696530919632,0.013114826116980026,0.005189188854962391,0.002585656389271226,0.0021710394723243377,0.005216498393559786,0.219283692014291,0.035142626498900216,0.04046767440268669,0.14757106146162208,0.023996500423045578,0.019749773834787474,0.02692254277141751,0.03327426971592631
4216.7,2050.6649123695943,91.5,0.02253876814483556,0.01862711135184269,0.016373840405274058,0.022227840048008304,0.050208380337091726,0.006946764266161756,0.0013616735129944417,0.0005417205056342305,0.0004641792479968919,0.0014175060359182872,0.24264455276390917,0.012424346652772799,0.024849089478863502,0.18475811963077432,0.0047598876629724755,0.0027867957730573264,0.003973175876873543,0.004949036033871
4216.8,2054.0049273395875,91.5,0.020813802698861798,0.02236751557038134,0.014648054611652084,0.015578085600915824,0.06579217136204918,0.0005082834639122736,7.199061179508773e-05,4.7385163931887604e-05,5.445443672809436e-05,0.00022857815338511186,0.2519249906033306,0.0027789250182010117,0.023068765234180628,0.1918631795773902,0.000622068548325544,0.00012374007572900716,5.978427004482812e-05,4.0535215840936e-05
4216.9,2057.3449872192605,91.5,0.0183390523998506,0.020596125612795734,0.017904761787852306,0.022702487616577106,0.04587802993790638,0.014638603954262306,0.0010595421652416885,5.879268094465665e-05,1.3739696710902702e-05,9.765163851431506e-05,0.2536654610362399,4.5739499812848134e-06,0.03192290011702294,0.19971717518092755,1.661803836463958e-06,3.304211616446738e-07,3.7625564323866427e-07,3.5135365093429014e-07
4217.0,2060.68500218937,91.5,0.0205531819066443,0.01769901003274953,0.01597047199630886,0.021605006310568827,0.05157479385261771,0.0077712113333839395,0.0014902819860700186,0.0005725594807108439,0.00047648942409683564,0.001435946575593847,0.2427294591770432,0.011196776259066878,0.02243682973227762,0.1854327533416561,0.004587713959266893,0.0026690797536625234,0.0037734859022022582,0.004502849409382068
4217.1,2063.9668461831475,91.5,0.015926374266811566,0.01754327756189827,0.02170536777475359,0.028770237842325245,0.029674492497701162,0.014043300093542628,0.005123598995535809,0.0024611601248251775,0.0020723728860714405,0.005058744537373066,0.222427702691481,0.02918675073161111,0.03477649589520708,0.15753385134836861,0.020224237427539014,0.01593214015915438,0.023713744030558745,0.03231722338922769
4217.2,2067.2386958129428,91.5,0.01599936242123158,0.017692171406871345,0.021692853618299493,0.027115651473053556,0.02602044143257824,0.014626971839151317,0.0065941074468631,0.003543072759212311,0.003066846934266437,0.00715672082890644,0.2093606515791721,0.04020601789812683,0.0445172419316922,0.13845178980610973,0.028655736732812066,0.024236763363181906,0.029576261757609915,0.0338144755725833
4217.3,2070.5205398068365,91.6,0.015282355672138667,0.01695426741348897,0.020710239864357164,0.025003157598435632,0.02308423500893544,0.014366761786652714,0.007843378969095547,0.005103753663522514,0.005177176900020115,0.012556973983656138,0.17771719791439328,0.07130656946892068,0.06289398267439154,0.09147445984959017,0.0362989732665831,0.031840481850770735,0.03316402258757661,0.03415659952285523
4217.4,2073.792389436663,91.7,0.01694019125408853,0.017488199042939193,0.018410567029720982,0.018885454428280674,0.017579928972737857,0.014226055880143374,0.010972266055901979,0.009610239205920352,0.01143725049756964,0.024750914971606065,0.104562082967416,0.12857096218718156,0.09023623974592412,0.06025308407323769,0.03814419098654228,0.03430648409882454,0.03416750073378473,0.03422229569895217
4217.5,2077.0642390664584,91.8,0.016397453501399418,0.016615813391080456,0.016891450555410772,0.01677285813421899,0.015666357518131287,0.013594370545238052,0.011632515975960777,0.011140400806691306,0.014047819330668412,0.028042518009316005,0.08638950771867648,0.13502913863821944,0.08689571357114036,0.04369554793519174,0.03503972446266439,0.03416984784344478,0.03417311530314678,0.034216694235907404
4217.6,2080.3460830602357,91.9,0.0155263504925114,0.01550838240072433,0.015386064161846014,0.01501258988604993,0.014243140971442565,0.013167356317644896,0.012325331034811367,0.012514387749996712,0.015385993589872264,0.02922664668549196,0.07993372928679789,0.11725023274169008,0.10241055521171773,0.07595193402687961,0.052691584059377274,0.03557211997949362,0.03425699732969697,0.03422510199740268
4217.7,2083.6179326900624,92.2,0.013903993961855717,0.013895516385036704,0.01383323896900149,0.013639067492046133,0.013237841117995438,0.01268064680989283,0.012295341543616565,0.01275782356959309,0.015818544815377374,0.029442598159155856,0.07511540465456285,0.11249143844270558,0.10241855525216527,0.07766733597841141,0.05463050016737128,0.03684714604724018,0.034300621659169375,0.0342261342843908
4217.8,2086.899776683925,92.6,0.011319675547619945,0.011799074113002146,0.012863854817923742,0.014305574717885664,0.015004472941077575,0.013398936030903112,0.010369498298027835,0.008430092781943309,0.009444440140237915,0.02036997326948635,0.10751440432687372,0.15499012861202643,0.06427023986410577,0.03969572550978676,0.03438072645821755,0.033494176821178806,0.033878083817155784,0.034191031044552136
4217.9,2090.171626313752,93.1,0.009521438461494995,0.00992480020262149,0.010922644059030187,0.01259397622072775,0.014240943469803953,0.013704924916475465,0.010611946314020914,0.008084057440428215,0.00832832075122854,0.017414614813503173,0.10942375951987,0.15540857760578425,0.06527096451287419,0.040242273857388614,0.03340087776025426,0.032378465063848866,0.0334266817307864,0.03416628668236303
4218.0,2093.4534703076456,93.8,0.007475312060045045,0.007863061203136373,0.008869441248330306,0.010740148833796967,0.013115675530980154,0.013602771853875074,0.010705319804541435,0.008000325535781942,0.0081406602034322,0.01691562368335468,0.09924855662642695,0.1653698003891155,0.061300187950272575,0.03888368726470209,0.03301073579680342,0.03224803966999629,0.03338152813284913,0.03416557193967117
4218.1,2096.652485781085,94.4,0.006099830671300853,0.006446676465618492,0.007369179461093577,0.00918972721977923,0.011849956983938951,0.013143630454661931,0.01064196692305104,0.007894210601286185,0.007951188991616637,0.01638054788033492,0.0916325428605992,0.17102631716302952,0.0598438199348619,0.03822056128589541,0.032871155465773606,0.03226799727369329,0.03340174164603764,0.03417062964378533
4218.2,2099.851501254594,95.0,0.0052934653173244165,0.005584695696027596,0.006353849671726205,0.007869840042553821,0.010178511210849618,0.011830964751255052,0.010519501833458744,0.008358933367509713,0.008685091281598447,0.01743944008735626,0.07791354552697387,0.17853486613088568,0.05849455343408941,0.03768670335093075,0.033870062978750275,0.03346670770863038,0.033911421547694075,0.03420175028489407
4218.3,2103.051282497177,95.5,0.004672014198021664,0.004924829900768524,0.005599904392466803,0.006960509417595908,0.009157254128794647,0.01108045873776841,0.010251751651672272,0.008189253040096491,0.00834658356385709,0.016449419483909666,0.0742842840311204,0.1797780781791002,0.05873134585987387,0.03801200137269154,0.03410945978353399,0.03358369788440926,0.033937980877716045,0.034198021870982476
4218.4,2106.250297970686,96.0,0.00413841602417006,0.004359090750212171,0.0049539206123980955,0.0061774423007180555,0.008256329926902185,0.010382084919728467,0.009996359234431273,0.008007224976214025,0.007954911348516084,0.015306120309464887,0.07070139652542193,0.18078051174585374,0.05885940561182214,0.038461417910216095,0.03446431530722831,0.03375325542648054,0.03397453790245045,0.034192444903093894
4218.5,2109.4493134443114,96.5,0.003676746398539023,0.003869883330465508,0.0043954351232486245,0.00549694700660948,0.007455650385329346,0.009730937788560356,0.009760715556869243,0.007831573463731098,0.007546713044190222,0.014096115078518628,0.06696849352307606,0.18190138833855024,0.05954392600596261,0.039336484181514,0.03502974552455705,0.03398012076669896,0.03401357338078048,0.03418258817495557
4218.6,2112.6490946867784,96.9,0.004346760515999478,0.004431369271274399,0.004652234498838673,0.0050792066017595755,0.005785564692766158,0.00677939666350492,0.007902075074639645,0.009093867066144786,0.011516395146113353,0.01994462684285646,0.05082792387941648,0.13822243500036951,0.07692318138059932,0.03920935826193352,0.034725697789427225,0.034215031821860635,0.03418928513567331,0.03421311652902667
4218.7,2115.848110160334,97.2,0.004156483156080181,0.004233447961674221,0.004434694269596503,0.004823886411469679,0.005469389511567144,0.0063881037680993845,0.0074558628140342295,0.008625884777376254,0.010952316118131068,0.01896315919201281,0.04918156956153165,0.14003553343052794,0.07749879215476292,0.039356242524266005,0.03477119190961861,0.03422926213838571,0.03419070241209852,0.03421223421850987
4218.8,2119.047891402801,97.6,0.0035033861997294195,0.003613209480877139,0.0039031350263624086,0.004477077655274573,0.005448632536823537,0.0067544731633778195,0.007771562025062311,0.007978609547931123,0.008842544645519921,0.015152543747231666,0.04756559516262746,0.17959365264073934,0.05911825074572903,0.038570139932660716,0.03510820468636014,0.03431443348013798,0.034170820820243045,0.0341967660477933
4218.9,2122.2469068764262,97.9,0.0034042328928703116,0.003505523402493832,0.0037722145834017673,0.004297460753429174,0.0051809208719911515,0.006367709417834577,0.007321300466976005,0.007571232714049678,0.008407738339343452,0.014304379980420669,0.0456264018666057,0.18237455785095422,0.05921108333150751,0.03874175231503551,0.03522048557207404,0.034352622729120506,0.03417446222855477,0.03419438628708082
4219.0,2125.4459223499352,98.2,0.0033374153968954343,0.0034302353804707146,0.0036735559550481215,0.004148846696655684,0.004939287034155611,0.005993866018899294,0.006866941983382969,0.007165085141809435,0.00801159056585547,0.013573623074797836,0.04376839870394312,0.18507734672564818,0.059347167748214,0.03886081533191615,0.03529535914358117,0.03437729721668732,0.03417633969061024,0.03419276478420343
4219.1,2128.6100494017182,98.4,0.003105643050310442,0.003210377508476309,0.0034872017941115743,0.0040363192164715594,0.0049609816263921245,0.00614773776074414,0.0068463859449850424,0.006554202964389706,0.006725759454167554,0.011306085665522951,0.04435164330051015,0.19669028314291329,0.05785006234984594,0.03990243355578538,0.03606588246071664,0.0345647492144103,0.03416166958217101,0.03417266560759598
4219.2,2131.764252946275,98.6,0.003131573814523884,0.003228274372126933,0.0034815895822163287,0.003975693675533707,0.004786210693329951,0.005796431721869756,0.006397126456104847,0.006207852416537507,0.006469121614062906,0.01085350061982716,0.04231751221261494,0.19942755359117972,0.057609892934302895,0.039798907937490156,0.036050550931378454,0.034560150929783866,0.034158652077416675,0.034172278042986885
4219.3,2134.9296281214542,98.8,0.0031532195625948623,0.003242482659098983,0.003474389037591042,0.0039197548980890225,0.004632714894181159,0.005495882520153048,0.006005746044766715,0.005878175400025409,0.006193753033906879,0.010363199524299335,0.04035376509636626,0.20185271186183656,0.057076885999731757,0.039596572396953335,0.03600551673955979,0.03454613562979168,0.034153077123418425,0.034171954860315795
4219.4,2138.083831666011,98.9,0.0030656765532301685,0.0031632307628628436,0.0034199880220289833,0.003921226068442022,0.004733932461960211,0.00567764118907455,0.005999757794724906,0.005379624785159799,0.005165632146838025,0.00845473081146987,0.04201002021634135,0.20872272247128387,0.052745940507412284,0.04156589712969694,0.03781209893863484,0.03489700396827415,0.03408409214278807,0.03412489450260482
4219.5,2141.247958717794,99.1,0.0031052421247523988,0.0031944578439485555,0.0034277083311194598,0.0038769631356068497,0.004589350026148957,0.005396000238923808,0.005670384206903656,0.005147046890681898,0.004987767174667643,0.008073021309782826,0.03919546144056833,0.2116586333225677,0.0516282318180148,0.04081929683862228,0.03764114568955904,0.03487079738489009,0.034075483907361766,0.03412427448927383
4219.6,2144.402162262236,99.2,0.003251985033166903,0.003330625815514295,0.0035342147116075345,0.003917926050368941,0.004504024863291084,0.005133711145214423,0.005322707050789637,0.004896554247848999,0.004825113315885075,0.0077790865156334805,0.037141789523328694,0.21477954089786938,0.05035256096177264,0.039902863732310494,0.03735726452726678,0.03480751970515881,0.0340594439154743,0.03412434223147701
4219.7,2147.566289314134,99.3,0.0034069665474657255,0.0034724703125496095,0.0036407451893223533,0.003951622738789238,0.004409820362833772,0.00487735809666077,0.004997024378592794,0.004664346783989427,0.004682419958686244,0.00751712324114703,0.03495238293781458,0.2177228166984788,0.049693024368046235,0.03933828853336632,0.03713226376817613,0.03473624840919622,0.034039555867026894,0.03412403586314236
4219.8,2150.7204928585757,99.4,0.00358811793116511,0.0036376532906041226,0.0037642906459427914,0.003994039132042252,0.004319878544611302,0.004630433941700198,0.004681313170412775,0.00443101900158968,0.004542932637128782,0.007286114652931016,0.032927289079693806,0.2200940480938205,0.04895380444138086,0.03868096195338492,0.036852942560392156,0.03465620971722232,0.03402019344214528,0.0341246365802321
4219.9,2153.8846199103587,99.6,0.0036673897290642973,0.003703908546288556,0.0037976607635275207,0.003966833522545603,0.004201670915699358,0.004414678011909775,0.00443064963671934,0.004237668015078573,0.004402594510894995,0.0069960319024757675,0.03025062000064904,0.22189690685042432,0.04871594428508567,0.038206470179154475,0.0365335375417381,0.03454139978870123,0.03399438710093812,0.034126519219627546
4220.0,2157.0388234549155,99.8,0.0037417103457649103,0.0037662592516264177,0.003830256115928072,0.003945777523669961,0.004102050172865718,0.004230808162793575,0.004208723453243912,0.004050186097525384,0.004251050005509347,0.006699036441275463,0.027816093048870692,0.22284751415404574,0.04874933100435781,0.037941922881595945,0.03629175493709259,0.034429039245024225,0.033962929717386875,0.03412670059253204
4220.1,2160.2085079816943,100.0,0.003847465723200548,0.003839790273503605,0.0038213684921720044,0.003791661484869189,0.003758059413159069,0.0037454356424949276,0.003812718952135667,0.004094001049056513,0.004993594707369562,0.008792565615480934,0.03499880229029679,0.13016659730765698,0.11605305215566905,0.0821731030452344,0.05541896115162499,0.036073308069478914,0.0342814845127508,0.03422560326041911
4220.2,2163.36675116437,100.2,0.003849232225839213,0.0038386585219882517,0.003812728087741075,0.00376913120516917,0.003714206604537273,0.0036731085859131847,0.0037052080849136622,0.003940262766222604,0.004756139282404377,0.008289432928325074,0.033876594443216675,0.1312441569939059,0.1160200191336995,0.08160950996467806,0.0550012541988678,0.03596998028096603,0.03427805899462754,0.034225671270972965
4220.3,2166.5265612852427,100.4,0.003839175919612665,0.0038264772785253577,0.0037950242101533233,0.0037411909379323244,0.0036705818045832234,0.0036086530689766125,0.0036149374476076995,0.00381522987574483,0.004562990515888866,0.007830920330479885,0.03209850604018305,0.13272029202630148,0.11597777736570565,0.08087567158126822,0.054458881312690346,0.035833969815303686,0.034272549950987406,0.03422567155127107
4220.4,2169.694683757518,100.7,0.0037604667828384035,0.0037482209679627542,0.0037177481467040694,0.0036652075347120366,0.0035953706990870006,0.0035319685337624747,0.003531610607367176,0.0037139956869225044,0.004408087673864981,0.007401411930834493,0.02977567494228343,0.13288626815812848,0.11579628118176302,0.08026876905036161,0.054015647888179204,0.03571477783394601,0.03426716552474041,0.03422556139699294
4220.5,2172.8544938783907,100.9,0.0038774206640147706,0.003850484930992,0.0037832019211636917,0.0036666467356147874,0.003507997262560057,0.003346344275553848,0.003271506451619767,0.0034681652074058014,0.004419070742281767,0.008085505910168454,0.02717239429563948,0.15710388814247458,0.06777590697501405,0.039447615413348125,0.034928266712503764,0.03420584194204952,0.034157484980808644,0.03420230603261924
4220.6,2176.02261635081,101.0,0.003937453722259371,0.0039052762092981197,0.0038253575522419264,0.0036879150170632258,0.0035019082417675237,0.003310591231186375,0.003207076785684001,0.0033728685814401298,0.004270783289363081,0.007778036916081707,0.026239358836439724,0.15655879868402017,0.06818356829360533,0.03953827002847402,0.03495123066774246,0.034210384005283694,0.03415727235264648,0.03420175114422517
4220.7,2179.182426471683,101.2,0.00392303750938434,0.0038898620743021083,0.0038074174915104604,0.0036654525523938087,0.003472622193307016,0.0032717310724782074,0.003154005388843734,0.003294016529760197,0.004129567987555303,0.007425670776722217,0.024984510389533216,0.15559880768261053,0.06937070419835635,0.03973462118081463,0.034995223577965785,0.034219426982744314,0.03415741455196009,0.03420090434018489
4220.8,2182.3505489441022,101.3,0.0039831823085151145,0.003945226391300884,0.003851336439110659,0.0036906563613003326,0.0034736197849468595,0.0032466541832860685,0.0031032788118463754,0.003213933042782891,0.003995497308808283,0.007122664864246407,0.0239537802355365,0.1551397767142035,0.07048544318937008,0.039927871584742904,0.03504261284414018,0.034230656893307114,0.03415804924366499,0.03420001667161887
4220.9,2185.510359064975,101.5,0.0036059928783835483,0.0036042135098637786,0.0035997591483269207,0.0035919181549467563,0.0035809220550331905,0.003569227969604056,0.0035630923767400926,0.0035740584649229913,0.0036282206805193077,0.004532492343796933,0.022926086181965143,0.12865592539196577,0.10389132400338909,0.09270109411760158,0.08124825761801881,0.069250221609402,0.056742125819042276,0.045927681828970224
4221.0,2188.6686022475355,101.6,0.0036171788698584717,0.00361500018047083,0.0036095115435068746,0.0035997448944634523,0.0035857788611668513,0.003570203687317182,0.0035597526040462377,0.003566625740777878,0.0036153524452098725,0.00441489617008107,0.02118518406506798,0.12926470261306897,0.10275039821813994,0.09145322194984015,0.07987515814726598,0.06773682787259235,0.055139250650621384,0.04430940712109859
4221.1,2191.87110127158,101.8,0.0035807929790205193,0.0035787590432637766,0.003573649512996652,0.0035645976220263936,0.0035517454128794895,0.003537622699633642,0.0035287247100967713,0.003536848395502091,0.003585286379439844,0.004312039287179262,0.019604557038678364,0.12780252533830314,0.100758384308058,0.08951759712517406,0.07785137563020579,0.06560113263108241,0.0529592467889915,0.04216882478974138
4221.2,2195.063733414601,101.9,0.003598395946901385,0.003595756718646804,0.0035890525982324706,0.0035769609566974276,0.003559284225931147,0.0035386306085047974,0.003522072837427225,0.003522121824978827,0.003560375194310314,0.004161179645155549,0.01773507214473524,0.13284313044395113,0.1004343948542156,0.08869310361001667,0.07685422180877892,0.0645005467421094,0.05181417349127934,0.04103194330563832
4221.3,2198.25636555747,102.1,0.003556610051436571,0.003554263487039065,0.0035483321589161996,0.0035376947827271063,0.003522263885886395,0.0035044938828177785,0.0034909231837382164,0.0034933554853780677,0.003532338646127633,0.004083292000031838,0.016564391031702187,0.1315421247654795,0.09900695536083001,0.08736980122476169,0.07549127465334747,0.06308992253593354,0.05041026381950209,0.039686580175470464
4221.4,2201.4572560585616,102.2,0.003562041869411001,0.003559483203620633,0.0035529938476476187,0.0035412974558032134,0.0035241960152774315,0.003504177100838331,0.003487982934616775,0.0034876248999086913,0.0035229993940014974,0.004011873077180661,0.015489650032365533,0.13213578368749038,0.09809831012801906,0.08641914267400409,0.07451951166217095,0.06211461617020458,0.04947209403434595,0.03881157040721973
4221.5,2204.6498882014675,102.3,0.003574085826502814,0.0035710612949014387,0.0035633117661491047,0.00354914410295609,0.003528012149520238,0.0035023924095008057,0.003479458036611567,0.0034716691612517083,0.0034982557655741276,0.003921232159412035,0.014377100951366323,0.1357528055160657,0.097697874549387,0.08570021901939626,0.07359771167178822,0.061084627729065824,0.048411996868848284,0.03777617077818178
4221.6,2207.8425203443367,102.4,0.003960556523870886,0.003922500461145049,0.00382745714841769,0.0036619405131576234,0.0034310081544813094,0.0031719390134909205,0.0029626639063748466,0.002937598070130026,0.003390015935941708,0.00540721422360207,0.016623204027483924,0.13701789127762112,0.09935358032641582,0.04206615339734955,0.035164396386799274,0.03422814035346206,0.03415567369765679,0.03420051702362057
4221.7,2211.0351524873577,102.4,0.003573158210511838,0.003570879194325216,0.0035651484851086943,0.00355494836356225,0.003540319602802341,0.0035237959813997546,0.003511910285663398,0.0035164018186121726,0.0035572459535215023,0.0040310015020626035,0.014584896667677028,0.12154631370247819,0.09581890379705654,0.08518637036904683,0.0734922528157111,0.06116735773422478,0.04861892580384618,0.03806283126564473
4221.8,2214.237651511517,102.4,0.003606788940644543,0.003604220275575366,0.0035977307369883045,0.003586100114461886,0.003569226381059366,0.003549688433298358,0.003534301505536442,0.003535175217161385,0.0035720999803808785,0.00400424816334204,0.01395818441068312,0.1227407386753505,0.0965566024128403,0.08593265722312649,0.07425770141300812,0.06195586338390097,0.04941154259616824,0.038828614502600375
4221.9,2217.428670157642,102.4,0.004079850450412915,0.004037466287648937,0.003932368680943533,0.0037510546499364486,0.0035008091946897193,0.003222762552962665,0.002997938018761768,0.002960377131687775,0.0033953436623388074,0.005343418882068077,0.01594849416376843,0.1262981284152368,0.11539948993237602,0.042893642890271554,0.0351044212152894,0.034201456025521194,0.034156439431011834,0.03420416284819683
4222.0,2220.621302300548,102.4,0.003943005188637551,0.003916096995112072,0.0038482727600296154,0.0037283329693107415,0.003559294753240638,0.0033706384715825183,0.0032213152025003283,0.0032021002489253363,0.003490064989263187,0.004785208548677341,0.014350511265188886,0.1213148989790595,0.12476473077928098,0.08460277663137897,0.05532038341235691,0.03565241522727897,0.03425612830628092,0.03422464809003094
4222.1,2223.864094307519,102.4,0.0040844375539981995,0.004046012255861405,0.003950368602458551,0.0037840068701477303,0.0035510107433395356,0.003286027432659528,0.003062747134736167,0.0030083515789529397,0.0033941925205106956,0.005187559408508443,0.01496845312875247,0.1220314336530415,0.127236783481151,0.04393076103830073,0.035184146891334124,0.0341917257273275,0.034148483288544536,0.03420329612392193
4222.2,2227.1068863143746,102.3,0.004024383553993931,0.003992716762198211,0.003913624986923765,0.0037755846130881512,0.0035834095865996973,0.0033708321551446465,0.0032055901084736597,0.0031975955226647593,0.003571486262161149,0.005146726624162063,0.014706884282484126,0.11146591307585858,0.1340468197759858,0.0863776494942842,0.05304572853172541,0.03511475623725249,0.03422980625097284,0.03422312369445095
4222.3,2230.348274905693,102.3,0.0037343035099243593,0.003731055272474664,0.0037227733194319977,0.003707732925104646,0.003685391913091872,0.003658247350447952,0.003633347693472438,0.003622827347527251,0.0036446003622486608,0.003903451412574004,0.011135666810679247,0.12879589717472334,0.10630991124559536,0.09668361979914095,0.08598247402417264,0.07463311561418506,0.06273163338258161,0.052273978795711384
4222.4,2233.591066912664,102.2,0.0037796743672482832,0.0037762768283320603,0.0037676157394767942,0.003751880366320047,0.003728515754176123,0.003700133779646567,0.003674045032137097,0.0036626268961031964,0.003683961937900105,0.003936887540494772,0.01101994131781734,0.12727677000543,0.10965151215467148,0.10093987821425848,0.09117304790877998,0.08075604453992863,0.06965461831224617,0.059718431737522455
4222.5,2236.8239603534794,102.2,0.004011078909727557,0.003984711165565848,0.003918784169541564,0.003803207403222471,0.003640662358524279,0.0034581747559292806,0.003315595419451132,0.003318394261741277,0.0036876589313319173,0.005205920552054173,0.01410150698551235,0.10411320543502907,0.1409391222377133,0.09259845845530194,0.05694616280733916,0.035390297597498954,0.03424113117671122,0.034223123772917884
4222.6,2240.066752360335,102.2,0.003982539989022301,0.003959653452523865,0.0039022321227938543,0.00380091392041715,0.0036568264155518683,0.003492538370795011,0.0033623861071983892,0.0033679713440447198,0.0037270268264185786,0.005200940485862932,0.013788936066512304,0.10215918390614936,0.14334542726428912,0.09421005704710438,0.05785644655912477,0.03547698855576551,0.03424449279258085,0.03422316642204281
4222.7,2243.309544367306,102.1,0.004028738913997492,0.004006312644019484,0.003949957155000472,0.0038502402064873546,0.0037077352290868074,0.0035439248659991187,0.003412019012555486,0.0034130312410907567,0.0037638448744258856,0.005216132006925032,0.01363842427043308,0.10040527709799649,0.14504671088130175,0.09536695344133848,0.058466905865211874,0.035537461387696,0.03424687509624679,0.034223191179023796
4222.8,2246.5509329586243,102.1,0.0038497555668053868,0.003847474467529742,0.003841710003152033,0.0038313039592222844,0.0038157526219670806,0.0037962145849330707,0.003776835204553892,0.0037664736081245856,0.0037817493533604035,0.004010522490822309,0.010051046514318509,0.12152419643978339,0.12478059053944124,0.11911211159925733,0.11343598728264749,0.10806653595967669,0.10239817549314689,0.09722251959778731
4222.9,2249.79372496548,102.0,0.003911223201244566,0.003908966477817308,0.0039032246687899807,0.003892784741148773,0.0038769838388722716,0.0038567364421847835,0.003835859116658848,0.0038230142357506746,0.0038349189667876656,0.004043691237930719,0.009811801848009017,0.12059711362502383,0.12621266714325757,0.12098078087372721,0.11599485364133084,0.1115366896982767,0.10694039136596416,0.10278897999780591
4223.0,2253.036516972451,101.9,0.004134917150943472,0.0041252508646179116,0.004098043080843102,0.004041543344173912,0.0039412473018657825,0.003787996032379226,0.0036013945862352244,0.0034751727437645477,0.0036681864197707125,0.005018555361822511,0.01267952288317583,0.09801118017909802,0.16677384116677021,0.047102870296832286,0.035453912576673643,0.034226829838081396,0.03415047367634535,0.03420219077117943
4223.1,2256.351995821597,101.9,0.004109654791181513,0.004108127605002852,0.004100516583559713,0.0040763860885205195,0.004016864417878146,0.0038992393052184834,0.0037233479396795526,0.0035709140405295577,0.003705154231317969,0.004955171885246862,0.012284222128305248,0.09563131712503242,0.17021933491328664,0.04721143001593744,0.03543448200452039,0.03421385948302409,0.03414679901442221,0.03420236745587069
4223.2,2259.668454776621,101.8,0.004186040458263147,0.00418787402785606,0.004188191314926734,0.00417655167883731,0.004130811078741185,0.004019791215298756,0.0038321478013091884,0.0036454856580953876,0.0037301842640038683,0.004911710069781452,0.012046778984687282,0.09485374598430976,0.17189864360383042,0.04716919681169714,0.03540516931236332,0.034203172380611116,0.03414441310103471,0.03420262241781138
4223.3,2262.9739804534893,101.7,0.004261900100828739,0.004267626835330344,0.004277214245219127,0.004280426951059059,0.004251604847882241,0.004149769359122145,0.003950213381280516,0.003726007326490495,0.0037576001221312836,0.00486956243396624,0.011808559179332968,0.09367900786653524,0.17399440835161215,0.04711487306556083,0.035365552604923745,0.03418494328746381,0.03413982749051343,0.03420290339231634
4223.4,2266.290439408397,101.6,0.004338923336339369,0.004348806115256135,0.004368209286546545,0.0043870356737157005,0.004375862119246754,0.004283445569893655,0.004071694691605979,0.0038111440555671696,0.0037962208115310805,0.004857438252997306,0.011662609411013707,0.09197415455692273,0.17527902415616098,0.0470188065320882,0.03532931808552537,0.034172705970139224,0.03413743324911137,0.034203220563701724
4223.5,2269.6059182577487,101.5,0.004416698928701519,0.004431501379050826,0.004462419003731352,0.0044993757072641,0.00450833737452684,0.004425876996585926,0.004198854818237102,0.0038971832888332002,0.003833794909175415,0.004847353180576466,0.01152801542162759,0.089970387739411,0.1766954646958291,0.04678824832855702,0.03525562994590336,0.03415187277246319,0.03413500171262306,0.03420421185844033
4223.6,2272.921397106895,101.4,0.004496867676415384,0.004517259986100957,0.004561123235624995,0.004618201874187345,0.004648974627687649,0.004576121090461696,0.004330564227940352,0.003984341931526101,0.003872609218598185,0.004843178176873103,0.01141310148978603,0.08755327725911392,0.17739982670503643,0.0465435936912742,0.035190850965521166,0.03413712364177928,0.03413430949625444,0.03420512235204861
4223.7,2276.2378560619186,101.2,0.004708025662307536,0.004728828643097264,0.004772032141976152,0.0048234684201683645,0.0048364000324293485,0.00472610349088003,0.004427003427971191,0.004032123235939391,0.0038959790005664795,0.004870198010597788,0.011481741090990859,0.08659274871388868,0.17562444290797627,0.046223577375364644,0.035130695116572734,0.034127681087700694,0.034135337408635814,0.03420600475331857
4223.8,2279.55333491127,101.1,0.004839977167203227,0.0048573041304689046,0.004894557950908286,0.004942307955894119,0.00496538821810189,0.004895348995811278,0.004657324194574194,0.004279060876392435,0.004012076256428663,0.004345168147664388,0.00881254503484685,0.10292150761809624,0.14857641087301682,0.08625619240253812,0.054272869921494035,0.035690286462759804,0.034253359771101485,0.034226591459791095
4223.9,2282.869793866178,100.9,0.005063004546375008,0.005081793385604481,0.005121022396073689,0.0051676241582980145,0.00517877608979187,0.0050755969538870726,0.004776923044190594,0.004328758157879986,0.004015525218695964,0.004325824527656967,0.008769493439192056,0.10293942648780803,0.14723034576255203,0.08491181990145358,0.05358981532424274,0.03558088673607273,0.034249441962931296,0.034226645909886694
4224.0,2286.1852727155297,100.8,0.005133924414199199,0.005162442695101111,0.0052250775078615235,0.005309055458282025,0.005361542869079507,0.005280343447754899,0.0049536365284774675,0.004423157167910094,0.004026415478490856,0.004269126918937734,0.00851575272591801,0.10213638143495724,0.1468343075137003,0.08314524562132958,0.05262203587985769,0.03544573159820255,0.03424379971743239,0.03422675199499597
4224.1,2289.5395833749376,100.7,0.005389411549907147,0.0053881070038965745,0.005382021401772162,0.005363386930667319,0.005317328818457481,0.005220592144520024,0.00505246470420601,0.004828517848771029,0.004617974041791478,0.004468139081194674,0.006141849588763253,0.11788100904154554,0.11958190375326627,0.10775368688880455,0.09831415837944522,0.09073349341282443,0.08300381050868966,0.07574284634058617
4224.2,2292.8944157105,100.5,0.005655214474090958,0.00565990481380888,0.005667084612742268,0.005667247368887112,0.005635652828364612,0.005518348888622229,0.005238999771151167,0.004813883753313802,0.004415966017707785,0.0041283181394073856,0.004732788240981452,0.12648404283310247,0.11509759936825684,0.09896471845177018,0.08774077667954164,0.07972372278588377,0.07206455772500824,0.06487927636414366
4224.3,2296.2592336847447,100.3,0.005905923063063126,0.005911337052117633,0.005919567581993132,0.005919576569697414,0.005881657552792755,0.005735666284579007,0.005378332054174348,0.004852291381072159,0.004396343640291069,0.004090729709256779,0.00461530139993293,0.12859032337564197,0.11248078342257695,0.09563995952305109,0.08347709131874011,0.07434709034017412,0.06560169809412296,0.05755217440933673
4224.4,2299.6135443441526,100.1,0.006132395471342138,0.006127138187314937,0.0061102860319748355,0.006069861065678629,0.00598288195208491,0.005800901850573351,0.005457842329606451,0.005040097215939012,0.004764064986549421,0.004654246776395755,0.006624399517487157,0.12202033141224687,0.10704870637731907,0.09357649225274918,0.08029125578311011,0.06779577099839873,0.05537597373647097,0.04469002286452441
4224.5,2302.978362318563,100.0,0.0062785037954434875,0.006276939133760507,0.0062687177749029335,0.00624261175562658,0.006175894600194029,0.006015422869747183,0.0056380902156586326,0.005078862154888102,0.00470593059508842,0.004565623057318765,0.006218391253838297,0.12445083423085358,0.10560600554374552,0.09091297500150258,0.07677955434166239,0.06376368765116738,0.05110639428698346,0.04040487481314756
4224.6,2306.332672977971,99.8,0.006551872056849822,0.006551573873374147,0.00654609763125786,0.006523791074528505,0.006460434332368218,0.006292539126643092,0.005816583981630412,0.005046117153536915,0.00458789223848659,0.0044411872437310615,0.006017282885621476,0.12788035719260762,0.10338431206650305,0.08819309925314384,0.0739541372053938,0.060943931991633365,0.04843097404147305,0.03794064690616445
4224.7,2309.6875053135336,99.7,0.006590514057724227,0.006613822207964035,0.006678313800844831,0.006783157166095205,0.0068729345980016255,0.006889962486271506,0.006569857369990896,0.004832115427804993,0.0036694980682842123,0.0035024129826109703,0.004273200990711335,0.13761110284973002,0.10186427273719223,0.08278439400375773,0.06821191787833558,0.05630250987269347,0.045381038058534925,0.03616973792419288
4224.8,2313.0518031600213,99.7,0.005905665877456778,0.006071122157890018,0.0064704425876664605,0.007121883770555203,0.007792070215369384,0.0077184467253108915,0.006289976238384521,0.004468528291830304,0.003424565478383991,0.0037000316010415307,0.008609254315895631,0.10282493135370645,0.16229893344269677,0.044553567230905367,0.034479328150050136,0.03387397164601357,0.0340744121950958,0.034210994814476536
4224.9,2316.406635495584,99.6,0.005944509241224708,0.006130157840831959,0.006582120568304521,0.007330830274576593,0.008116822716574408,0.008042665119380829,0.006424836136029895,0.004444988643699919,0.0033417620303043422,0.0035761806367633326,0.00836207735758065,0.10447402340496863,0.16130338211699158,0.04444189285082572,0.034475137266198205,0.03386743617115983,0.03406954900692102,0.034210101943526965
4225.0,2319.7709333421185,99.7,0.005769419371211603,0.005936634436512644,0.0063892426419725305,0.007198454910631199,0.008033549046524516,0.008141207588610576,0.00678320912043066,0.004723525989418217,0.0035658971173027627,0.0035597430849960217,0.007397345241486881,0.10661602552022341,0.15042761702510563,0.066629384642102,0.037375401152251714,0.034172422505378656,0.034141146682372385,0.034222623246811926
4225.1,2323.121470612554,99.7,0.005436609412175084,0.0056606163251465185,0.006228684115830187,0.00724919204114304,0.00850962051701746,0.008792751636617174,0.006915951835515628,0.004550320519012409,0.0032737872566682355,0.0034112211423015905,0.007920721137235706,0.10110167875730791,0.16634774259062338,0.04464134857060139,0.03449494506820576,0.03387011213537045,0.03406786115200031,0.03420936370436651
4225.2,2326.482006284118,99.7,0.0053309551329788745,0.005561983702638365,0.006151977560777248,0.007227212266846333,0.008592699554788733,0.00897126409171703,0.007061719588952624,0.004630237221152666,0.0033292649408976616,0.0034767541226834735,0.008055654729741714,0.09867797140203072,0.1693446901092165,0.045348559665943346,0.034634974330461844,0.03391445163904906,0.03407871141866694,0.03420896685526
4225.3,2329.8425419556993,99.7,0.004813152340051987,0.004953339255287923,0.005438324187727092,0.006702663616768792,0.00949218392131028,0.012630470734129377,0.008022328279812245,0.003103687858157043,0.0014308470488772589,0.0011695345091800769,0.002887822244848263,0.12744190567382616,0.15158014718039006,0.03556196911460764,0.032946406799578755,0.0328973757153789,0.03336643801384457,0.034076557533143516
4225.4,2333.2030776272636,99.8,0.005026733354447386,0.00525978453187707,0.005864849640811693,0.007005811123596955,0.008564475232733588,0.009236603919209206,0.007393260076134322,0.004844300732309681,0.0034737170124720267,0.003625063219004917,0.008302888103032754,0.09344982960043394,0.17417005518580903,0.046311880959411175,0.03480518624657093,0.03396926315543907,0.03409319928879106,0.03420878913465062
4225.5,2336.553614897599,99.8,0.0047922478383600866,0.005037348757116099,0.005687750087045124,0.00696594068798092,0.008840525526532594,0.009780697568780581,0.007605202029578553,0.004698831823953403,0.0031811145143374434,0.0031765208958890157,0.007320423062956783,0.09906527279879293,0.1722794912408513,0.04452365722803651,0.034614015429229754,0.033921215729521594,0.03406741555440861,0.03420410963723197
4225.6,2339.914150569163,99.8,0.004791013167536309,0.005032087797448973,0.005669808337919385,0.006917847912627082,0.008743895592059988,0.009694790324183508,0.007648980248561178,0.004809020224422502,0.003308105628691991,0.003348367695918536,0.007707461728116213,0.09727667581118321,0.1733408380520456,0.045107711502183845,0.034732771751393304,0.03395886981745855,0.034078889640651255,0.03420453964405512
4225.7,2343.27487965672,99.9,0.004375211241093883,0.004398986945107748,0.005015728985823552,0.007873295066491138,0.009031493482942419,0.008912935085538603,0.007742613926176059,0.004749251162512721,0.0037548820723879964,0.003633299991634456,0.00528010191750048,0.12168890650375742,0.11492128978612313,0.09562103144374615,0.07779810594762863,0.06244948601338113,0.048363745608633456,0.036918115379651666
4225.8,2346.625416927155,99.9,0.004596387924015361,0.0048262196278432215,0.005437405574185283,0.006648541246538176,0.008486978589743994,0.009652475596887736,0.007861964433440054,0.005012351483821788,0.0034521275464372103,0.0034873029414269935,0.007949342521108144,0.0940394873444802,0.17688311966059445,0.04600675988991381,0.034870230174878065,0.0339895391625804,0.03408569533985157,0.03420441503881092
4225.9,2349.9859525987363,100.0,0.004470016281706829,0.004690415198531071,0.005278039497710301,0.006449513853214794,0.008264368526507205,0.00954393661113802,0.007962449169723914,0.005155853176398109,0.003575692942173183,0.003618754076551089,0.008159107484150361,0.09072764253570019,0.17988038957143032,0.04646613108057408,0.034914300286592655,0.03399538478108635,0.03408896571653422,0.03420510009372514
4226.0,2353.3464882703006,100.0,0.004693195337295074,0.004824119567744262,0.005312057031955447,0.006557843740023503,0.008071675646514436,0.008610568826495094,0.007777889999182886,0.005562522756397682,0.004123785329182266,0.0038928441953294123,0.007162041893743755,0.10065602870484223,0.15012176506610742,0.0839503667969047,0.05295101133364631,0.03550013745253576,0.034239843757914355,0.034226454975160844
4226.1,2356.6665033304557,100.0,0.00433084752446446,0.004357191884194693,0.004957715498227099,0.007420262611729164,0.008294412531963813,0.008201831747733862,0.007596031978971165,0.005599323985599428,0.004322124690820112,0.0039824604801934295,0.0045010926915880645,0.12084356676671083,0.12107316231253333,0.10780078247706247,0.0992532059887669,0.09449851698502776,0.09059771899418217,0.08680897602881678
4226.2,2359.9765033305116,100.0,0.0047596746652055774,0.004779261444041443,0.005200964722198686,0.0068746426215606435,0.007501715990095086,0.007456771094638378,0.0071327122657545506,0.006005720072272613,0.005193587843817636,0.004993658977753053,0.00648256782997059,0.11168050483261809,0.122701628207871,0.11274660782186735,0.10461143947060916,0.09850826322683211,0.09252978063373257,0.08687014176894647
4226.3,2363.2965183906695,100.0,0.004486639239462179,0.004502489586962952,0.0049099929249735415,0.006867163944555951,0.00784052590420856,0.007794881566984228,0.007420655478848459,0.0057262463406580096,0.004585629811733611,0.004405562070655249,0.00567561729836467,0.11633667345226635,0.11982312038460603,0.1081134966727583,0.0987888658958895,0.09181549942336717,0.0850880620228217,0.07872074165587938
4226.4,2366.616533450941,100.0,0.004747715675134659,0.004868617612877148,0.005240943493577017,0.006061278995645637,0.0071913707686108,0.007874406545767298,0.007465564808836299,0.005831509258483702,0.004477597550193702,0.004298914976780182,0.007996013815959277,0.09435830484164823,0.15533350657910455,0.08055755153673129,0.049889967795845515,0.035003473365828146,0.03421026345974438,0.03422608078942234
4226.5,2369.936548511096,100.1,0.004674968431303292,0.004785975595987776,0.00512002791457509,0.00584703559786651,0.006884564934643099,0.00759386812251003,0.007342416995896719,0.005929452793769936,0.0046336864871196,0.0044625512422799985,0.008187778090526347,0.09120591690437813,0.15700704818158015,0.08026716706069112,0.049410339349892425,0.03495396881162966,0.034207164961863795,0.034226364577700404
4226.6,2373.2565635713677,100.2,0.004812260900969163,0.004836161191304951,0.00502316282451609,0.005862043116673973,0.0066304707753447045,0.006735928128813744,0.006620484682508778,0.006170221531500554,0.0055245540254743675,0.0051000851282396375,0.005232899561813752,0.11129123117801602,0.12164447369773979,0.10426726194300763,0.08998278577565204,0.0794959195210822,0.06967933353739839,0.06070485863962212
4226.7,2376.566563571307,100.3,0.004557033416989829,0.004649349046474372,0.004915670225432602,0.0054775526761461375,0.006319206606848341,0.007020934859883852,0.007022577209480934,0.006035040051435111,0.004919950196757064,0.004795989979601721,0.008607959143826616,0.0854453012293782,0.15997690369451448,0.07984402013578241,0.048434855998479305,0.03484781448279929,0.03419959429300447,0.034226767677691054
4226.8,2379.8865786315814,100.6,0.004215615956785017,0.004300692022674362,0.004550329859003987,0.005100607248480083,0.0059920263966703035,0.006830096849061045,0.0070030616421677796,0.0061403023848154905,0.005003459780037125,0.004817360612729863,0.008399917144639847,0.08091802836067984,0.1647472263072844,0.07786591829622742,0.04626348632553773,0.034681161579984625,0.03418735251047601,0.03422683351422642
4226.9,2383.2065936917365,100.9,0.004115592824010333,0.00412551169959399,0.00420746640190116,0.004839521018233065,0.005915837284579724,0.00616216346152082,0.006154345519430033,0.006018877138656641,0.0057859834230294714,0.005641648701009997,0.007091385424566063,0.09676241840398936,0.11775638920475759,0.10007191150109494,0.08094250144683302,0.06453622477775557,0.04955017956651678,0.03749855720725546
4227.0,2386.5266087518917,101.2,0.0037253061022681053,0.0037902138922093513,0.003986395714184649,0.004448074580390727,0.005282004603319211,0.006206046930472903,0.006642183077417463,0.006258404537737995,0.0054123856101340306,0.00526283091522434,0.00861570193717681,0.07125348438357786,0.16684536283315196,0.08153461445839048,0.04855721575817147,0.034779275776034,0.034197988959231276,0.03422702954009821
4227.1,2389.8267451127595,101.5,0.0034933065488185386,0.0035687535354815628,0.003768350106897609,0.004160391147710696,0.004816684343050479,0.005707861831496084,0.006435558221872699,0.006332707157579736,0.005722311717964547,0.006115964968442655,0.011176222289335895,0.04688041141636367,0.19580421973063142,0.0445441986695215,0.03460590887041188,0.03401082433903139,0.03412695801657165,0.03421252019943084
4227.2,2393.1168818880715,101.9,0.0030894912528775936,0.003161517536690711,0.003356225314158058,0.003752546669552001,0.004457268336711175,0.005516171298522066,0.006544927888960795,0.006553381438245577,0.005696033279463927,0.0057458555937314176,0.010181020965086112,0.04486183375215831,0.2054184461826196,0.04287200286750842,0.0342145815691885,0.0338866411455785,0.03409809837875954,0.034214431284345904
4227.3,2396.416942493503,102.3,0.0028179245168335814,0.0028827115823059127,0.003059562827162615,0.003425255229650438,0.004094880044608147,0.005164131609730961,0.006364402125196633,0.0066484511075157035,0.005845853437270931,0.005783923308271361,0.00989571846104017,0.04182665767213805,0.2064187398769566,0.04240730484724571,0.03413441641033892,0.033871641494681914,0.03409591292849517,0.03421486587104887
4227.4,2399.717078854371,102.7,0.002598454777152985,0.0026565727764323406,0.0028160874431453673,0.0031488487871242496,0.0037689929500768714,0.004800606291975607,0.006089134223335685,0.006652808934745083,0.00600712731854465,0.005904945067277302,0.009788174621187357,0.03913714407982908,0.20496444318778403,0.04222293621214785,0.03415427289133714,0.03388923407394823,0.03410087326582628,0.03421456003607282
4227.5,2403.017215215114,103.0,0.00246306840470213,0.0025155854905865244,0.0026603022546902244,0.0029637481203069345,0.003534773660150456,0.0045081565825082996,0.005810990287037718,0.006575330389923824,0.006100047123246499,0.0059877565087929725,0.009702830063892453,0.037575344918054025,0.20221606657508623,0.04200064329042815,0.03414391521820796,0.03389289404308448,0.03410241002948175,0.034214505769123375
4227.6,2406.307351990426,103.3,0.002356247864900469,0.0024040839689349856,0.0025361176736568,0.0028134436248291894,0.003337371758288597,0.004242795818546215,0.005514404190612871,0.006426916065791244,0.006161538616378359,0.006100690060001016,0.009723186408869568,0.03630718954051031,0.19828088522832424,0.04190526326538427,0.03417807349691163,0.03391069034097364,0.034106962363449976,0.03421410969185579
4227.7,2409.607488351294,103.6,0.0023032900132629575,0.002346768231678669,0.0024658101755227805,0.0027128189309008973,0.0031716894163984436,0.003951969883235884,0.005063168113497298,0.006034568637343686,0.006201723645641134,0.006522752369723724,0.010417175852168822,0.03556245919134486,0.1832720249101515,0.042530991848449835,0.03449794350254781,0.03403612865520543,0.03413722690927224,0.034211935901200516
4227.8,2412.9075489567253,103.8,0.002271963503725378,0.0023119584630302693,0.002421473619957894,0.0026483716055593722,0.0030688514606659785,0.0037844131472175965,0.004823336153273697,0.005819103475530072,0.006154426900681883,0.006603237163944134,0.010524219701088137,0.035126582397779035,0.17852233884621382,0.04244619709233459,0.034528212732736714,0.03405082487592837,0.03414064225116558,0.034211510364861995
4227.9,2416.207685317593,103.9,0.002290980852339611,0.0023276481320677507,0.0024282231104806496,0.0026365158720247066,0.0030216466228919197,0.0036764936805456522,0.004639680685643994,0.005626942329879247,0.006084210167778403,0.00663963820008598,0.010580428542776132,0.0349734482800704,0.1762886175310475,0.04238059549363397,0.03453127069861478,0.03405421178574018,0.03414162030272835,0.03421144311003973
4228.0,2419.497822092905,104.1,0.002248910606408254,0.0022826792216515943,0.002375622047977988,0.0025687217526522035,0.0029271706867952533,0.0035417685853803803,0.004466796234311321,0.005477241478784637,0.006035448227324946,0.006640352114065465,0.010504889383419343,0.03450134851284313,0.17416066601017063,0.04226059525872409,0.03453354384673507,0.03406005482908483,0.034143036972497307,0.034211237091516834
4228.1,2422.8000031902357,104.2,0.0022649747383802644,0.0022954984200583154,0.0023801695373245435,0.002557326222499806,0.002888443911437086,0.003461777538099358,0.004343456743666066,0.00535879113248842,0.005988629123718277,0.006614202406755616,0.010382407386810906,0.034293398685618356,0.17485954445340102,0.04214808327725497,0.034499604454465795,0.03405022981813504,0.034140863168580456,0.03421145303733238
4228.2,2426.091841582398,104.3,0.00228552843904779,0.0023126235650348073,0.002388719520332449,0.002549820094366165,0.0028544530344285766,0.003389569117815542,0.00423326558181289,0.005256137453609681,0.005952504945625761,0.006587441537008566,0.010248073530442972,0.0341134787298873,0.17571226519547434,0.04200855321923621,0.03446098348949994,0.03404097238652499,0.03413892263399476,0.034211657675597446
4228.3,2429.3940226798445,104.5,0.0022482616791306516,0.0022728563890011435,0.002342646939363951,0.0024919775595529338,0.0027776711298968717,0.0032873288231594325,0.0041118828504660716,0.005160951151992466,0.005931934264906307,0.006574721554666232,0.01011511743854867,0.033693580885648965,0.17550009989391815,0.04189226132702969,0.03444965099096205,0.03404096204292019,0.034138407509366,0.034211440306504304
4228.4,2432.6858610719214,104.6,0.0022603129608280365,0.00228183275025871,0.002344055495544967,0.0024796121591944163,0.0027434956040222266,0.0032230379563284537,0.004019100734357098,0.005077844129605872,0.005911524927866042,0.006563695992492711,0.010009023682746159,0.03353826236932014,0.17592477614610094,0.04171650649962783,0.03439877312712056,0.0340244648452506,0.0341342100079853,0.03421164249341394
4228.5,2435.9780487944354,104.8,0.002247418213494659,0.0022625709420217633,0.0023074581886401084,0.0024105752805398265,0.0026334225055107217,0.003106248579422354,0.00398098324762222,0.005082269322504974,0.005884277161905532,0.006428211828541259,0.008842409193072439,0.03547586804082057,0.1655596466520847,0.07232794767051637,0.03720034121488732,0.03419778203456026,0.03417878131500313,0.0342229225743575
4228.6,2439.280229891766,104.9,0.0023326265578731777,0.0023346008116360145,0.0023406145535313167,0.002354818814198841,0.002404626084033676,0.0027871790422882388,0.004232076807567882,0.005472664345663851,0.0056977404568195455,0.005787387914352812,0.00701336318263402,0.04637013220884188,0.14019676036052092,0.08903490034100539,0.062446773791020524,0.046707847642552716,0.03471671767871581,0.034237766002755715
4228.7,2442.5720682839283,105.0,0.0023218380382657735,0.0023213139492396923,0.0023217780828817215,0.002327394718378688,0.002360659882003406,0.0026779732469693904,0.004137127109603861,0.005680440099567188,0.005877277616652471,0.005782988310973974,0.005984879445693953,0.04461849838085305,0.1604429648679027,0.07764766457045415,0.05300160836567608,0.042239068022909755,0.034659442406235884,0.034238214483203515
4228.8,2445.8642560064422,105.0,0.0024190175309894164,0.0024134015582423646,0.0024024370278579697,0.002390069638241061,0.0023851763254507663,0.002506794992579628,0.0037329365693156294,0.005960121175433754,0.006170505769950899,0.005906767938627911,0.0053653040845851605,0.0426616093288643,0.17508018505745399,0.0617840248313188,0.04079831528200822,0.03586556258708724,0.03425450761953131,0.034229145154863624
4228.9,2449.1660888307406,105.1,0.002388258220496415,0.0023891657675739917,0.002392764450775645,0.0024026760822537002,0.002429580991367594,0.002605899021634863,0.0036742899706901293,0.00542004578063039,0.005827658270658901,0.005897514717030668,0.006858071264041377,0.04695940985967317,0.14527537287553738,0.08467788449103848,0.05647625602266587,0.042731083314654146,0.03445673470513574,0.03423113840985214
4229.0,2452.4582765532546,105.2,0.003184035643125473,0.00292778240227025,0.0025021806829210328,0.0020906104577005325,0.0018580872254721826,0.00196292951315359,0.002815925950649613,0.005866275941480648,0.009036413931479829,0.00458032425223739,0.004810174040202653,0.03679368197388904,0.20570448561330965,0.024434578540504313,0.02445835602235603,0.029231975500524084,0.03254013469915686,0.03415229303159762
4229.1,2455.756306268103,105.3,0.003224223925452377,0.0029517353082348934,0.0024996042808135125,0.0020618913353644304,0.001807527466383857,0.0018867156979877422,0.0026857867783267706,0.005637889711719587,0.009270397947388813,0.004628753603479089,0.0047492740574057845,0.03802372437999322,0.2032404974137327,0.02606417403280664,0.025391099107685788,0.029456750105125024,0.03247272735771182,0.034100495258644586
4229.2,2459.0543359829,105.3,0.0028120061567229264,0.0026924352739992148,0.0024733709003242335,0.002236215411597012,0.0021007158370302545,0.0022244701941271745,0.002926459719170506,0.004982043924237772,0.007821644686400986,0.006037044914124288,0.006836829761160784,0.036201912847885216,0.19875288186132448,0.032845891969780286,0.03001032767189353,0.03214617701318418,0.03358308883276737,0.03421286715850871
4229.3,2462.352365697748,105.4,0.002304333021985401,0.002307690598621839,0.0023220659471877127,0.0023635905229460958,0.0024658828471361667,0.002708483133961617,0.0032822864833762693,0.004386283662415772,0.005666147798835374,0.00673521317021927,0.009639098342912334,0.043167629574072,0.15437395265971274,0.07349214662591155,0.038484684901080014,0.034258911794973784,0.03417990359970021,0.03422236937651676
4229.4,2465.6503954126615,105.4,0.0023654391175222263,0.002365511561345203,0.002367088401120148,0.002373409232245132,0.0023913745482250694,0.0024661099432297644,0.003046537921876746,0.004898822080674216,0.00594651529287742,0.006162487504321241,0.007636324957125382,0.05530859194413032,0.1327358104809436,0.08880719886206791,0.06194379284864367,0.04621577891419493,0.034650117327677615,0.03423610704641088
4229.5,2468.94842512751,105.4,0.00236117891300289,0.0023617004686616277,0.002364310304554553,0.0023723323622100254,0.002392859367333495,0.002471098381026463,0.003024436106831013,0.004774074837661458,0.005882914714822841,0.006175290092202012,0.008033150311355942,0.0585449470393832,0.1254094130780367,0.08936361274118837,0.06389491769820572,0.04735968227405725,0.03479620217894177,0.03423983922424331
4229.6,2472.246454842307,105.4,0.00230774166189397,0.0023082930918583585,0.00231535226846448,0.00234255576092336,0.002419732034062353,0.0026234149492706344,0.003156682110390508,0.004294562178134106,0.005709282933797041,0.006835622380716935,0.009851723613066776,0.05021709062444176,0.14662310574280754,0.07743645214110575,0.047900968893635106,0.0346392067839347,0.03419856732009391,0.034224968216938066
4229.7,2475.544484557155,105.4,0.0022848933051917634,0.0022847798082708155,0.002292531219555976,0.0023267485457015374,0.00242413221371467,0.0026516444548395817,0.0031263792215076693,0.004028069803314489,0.005505762209893447,0.0076392394681025245,0.01304181647562683,0.039325001482580314,0.1621308052465395,0.04128011541953735,0.034454765602591295,0.034046969585130635,0.03413540740297452,0.034210174467971616
4229.8,2478.8524899984664,105.3,0.0023206952069202017,0.002320146564292649,0.002326579007985401,0.002357831673646921,0.002449277334344536,0.0026654041299069594,0.00311911336077999,0.003989346691918013,0.005465448911964621,0.007769233398438629,0.01369724676070458,0.04073929790411869,0.15806841809431124,0.04124409136268885,0.034472307172882063,0.03405581287405004,0.03413838993481202,0.03421023385704988
4229.9,2482.1505197133147,105.2,0.0023509045703579957,0.002350078568286672,0.0023556180650294756,0.00238476332441972,0.0024718337023392,0.002679388635208999,0.0031171502918515568,0.003963610280634247,0.005439842465772005,0.007892266573107898,0.014342757774089986,0.042296663340014855,0.15382289622805745,0.04119117783672973,0.034488673949954,0.03406358986158436,0.03414050017791299,0.03421012375999418
4230.0,2485.448549428228,105.2,0.0023308011955828507,0.0023317400259003974,0.002341088652050109,0.0023757371320383153,0.0024686830183627347,0.0026798760147853486,0.0031148180535541755,0.0039485935933766,0.005424191731662073,0.008007048018575245,0.014976131036025653,0.043597973534262834,0.14907650809504433,0.04113560317667688,0.0345216120811536,0.03407971929965142,0.034144717348670674,0.034209865514276884
4230.1,2488.7660183428434,105.1,0.0023498985488581126,0.002351472186270005,0.0023620833275097394,0.0023982491417859244,0.0024919830097106135,0.0027012801764980817,0.0031283365236743662,0.00394612385974251,0.0054199926781060585,0.008133826839863944,0.01567782467416302,0.04535908061276564,0.14424524433850827,0.041079815325260026,0.03455173300730984,0.03409493206184859,0.034148713274519966,0.03420962333884063
4230.2,2492.082477297867,105.0,0.002370064301331609,0.0023726366379187834,0.002385358085707647,0.0024244342628155086,0.0025208515765518013,0.0027304756003005038,0.003151853554043286,0.003955122317742417,0.005426345794298939,0.008271658545976912,0.0164395767779274,0.04723976334793724,0.13903508313814114,0.0410232360119958,0.0345915668974605,0.034115363675356065,0.034154131539061175,0.034209324083991036
4230.3,2495.398936252891,104.8,0.0024414678775816143,0.00244377575428599,0.002455662665168899,0.002492792580935601,0.0025851985510131504,0.002787008593487723,0.003193941858399557,0.003975396328783191,0.0054430416580172605,0.008435735446830432,0.01734028627795506,0.049996894837287836,0.13348665093364856,0.0409873130935371,0.03463103894695526,0.03413341280767178,0.03415874151795635,0.0342090377200602
4230.4,2498.715395207799,104.7,0.0024551444597308725,0.0024590076303403338,0.002474364870116179,0.0025168033113123823,0.0026155112852090756,0.0028226876740479996,0.0032308085574771434,0.004006834296541435,0.005479387985719695,0.00860005839285843,0.018182682390663365,0.052325312726160596,0.12863699276922186,0.04093031094556893,0.03467398401129571,0.03415327553835007,0.03416334070107257,0.03420859803260841
4230.5,2502.0318541628226,104.6,0.002491965198188606,0.0025005103092509465,0.002525637231656431,0.002581421608680184,0.002692761363743414,0.0029045519615025547,0.0032980617602470924,0.004017226935219588,0.005341148443570879,0.008187975729871533,0.018093562007034995,0.06350683388565394,0.10102520697412373,0.07840148324212881,0.05232967165807282,0.03487079672904384,0.034223761494109106,0.03422160122915746
4230.6,2505.358263638466,104.5,0.002586219344089718,0.002590835327788348,0.002604498254247252,0.00263689474316741,0.0027134594187419223,0.002905791995227774,0.0033557194950879464,0.004147336366469237,0.005192854194065256,0.007025162358376911,0.01646856871877151,0.08750474828831288,0.08887330653908082,0.07756337045838178,0.06318808217066796,0.049470662174765236,0.03732508111437067,0.03430036991038941
4230.7,2508.6747225934896,104.4,0.0026903583026065938,0.002694898550410162,0.002707777553260441,0.0027362954301011276,0.002798916654598117,0.0029526764290733623,0.0033141136400560347,0.003935476506997643,0.00482351648272747,0.007115133569365696,0.020466268356964013,0.08116110508036345,0.08140487266970209,0.07296687577656316,0.061169796138839216,0.04889253280874111,0.037489979701955986,0.034308747138385734
4230.8,2511.9911815484206,104.3,0.0026739031080924174,0.002680505550842853,0.0026994565230662082,0.0027417309668733526,0.0028305368495630577,0.0030176758004850455,0.003389461706067631,0.004019377303389713,0.005087171479751832,0.007680564690569005,0.019052502948390733,0.0898512105277639,0.09038135094330431,0.07899758350916551,0.06473283553923259,0.05089330377492315,0.03852675780401131,0.034340635015269405
4230.9,2515.3076405033285,104.1,0.0028260483279551546,0.0028311654045287305,0.0028456985454345164,0.0028778671002866415,0.002945671033831133,0.0030899617711171324,0.0033776845468309192,0.003872141515076984,0.004783116795367733,0.007695584973594503,0.023596946161115073,0.08264918510858889,0.081924771796222,0.07365456261939914,0.062285955158473405,0.0503769794773105,0.03916345263029989,0.034358730648741245
4231.0,2518.6240994583522,104.0,0.0026821751395780125,0.0026897158799321515,0.0027136802496345223,0.0027703286636850655,0.002888316694018989,0.0031174349328790918,0.0035460124451888145,0.004343882067023894,0.005911575828175327,0.009636049725598823,0.022622586517997312,0.07175912665896182,0.10578099646923195,0.040986362972708586,0.03484392164884289,0.034210890900912234,0.034175689412784586,0.03420792958199599
4231.1,2521.9867918320683,103.8,0.002789675371099546,0.002794928037674885,0.0028136650796471,0.0028620086980940622,0.002969496072459299,0.003188529303924206,0.0036133088769471143,0.004427339407894671,0.006066493591911289,0.010029440638624426,0.023800416898757847,0.07604446732069862,0.0941970589054748,0.04049927021582966,0.034923423003234075,0.03422118175603999,0.034166615023929724,0.03420313699936382
4231.2,2525.349484205676,103.7,0.0028536094716947237,0.0028586081238691063,0.0028768341483358896,0.0029245631926331384,0.003031784117354709,0.003251892316420543,0.0036812844267342573,0.00450925653274724,0.006190393806161117,0.010295277283638049,0.024618409922650544,0.07904292935871016,0.08846575013218665,0.040266693652762434,0.03492850313736465,0.034225164045853324,0.034167142520453664,0.034202900038949706
4231.3,2528.7121765793995,103.5,0.0029869465961401046,0.002989864765225144,0.0030032307575890553,0.003042979370069363,0.003139479191077974,0.00334762026881645,0.0037673109059021773,0.004596841343857753,0.0063175742817973305,0.010589623698829537,0.02556023022223865,0.08263813820416291,0.08351003281304438,0.04006196559471805,0.03493567209607433,0.03423003501451643,0.03416799146172692,0.03420276613664293
4231.4,2532.0748689531156,103.3,0.003581812124751944,0.0034525856267453177,0.0032204411658268714,0.002977106823908545,0.002859937849753723,0.0030491459721736836,0.0038462724727114823,0.00567292438477498,0.007640423862900606,0.008153471061957433,0.015094009941154117,0.12397404985762539,0.08862485414046882,0.04155081972242596,0.03513956654432869,0.03375396489545646,0.03386908084237681,0.03415748454649604
4231.5,2535.4375613267234,103.2,0.0036885420414372936,0.003553508067520187,0.00331186520135491,0.003059753450859515,0.002939549145262009,0.003136166234817411,0.00395506411115327,0.005800555386272569,0.007716365374110276,0.00829104567085541,0.01570222603207583,0.12773900102890556,0.08453728174084553,0.0419637563450543,0.03539048544752285,0.033816553812252764,0.03387439540673945,0.034153799880940014
4231.6,2538.8002537003313,103.0,0.003938928152378632,0.0037780039155513646,0.0034918268621487105,0.0031933025434427316,0.003039345680157899,0.003222559554156429,0.004054381210246916,0.005939330722555593,0.007856983307938622,0.008490824853639287,0.016473666063441705,0.1328272663786198,0.08018240370866224,0.04247347767237266,0.03568011558299547,0.03387322323292905,0.033872547493389686,0.034148755576005836
4231.7,2542.162946074163,102.8,0.004195476979361585,0.004003981451387235,0.003666896424532927,0.00331808827551182,0.0031308495699910537,0.003306479554433419,0.00416705800081746,0.006123855905523252,0.008033924692095861,0.008670286662810386,0.01721114773311662,0.13759408094136383,0.07675721047177969,0.042826096256336633,0.03582560395282095,0.033859024150774436,0.03385257052145523,0.03414492258673865
4231.8,2545.5256384477707,102.6,0.004471768599020904,0.004242391499017234,0.0038442189830252193,0.0034383702964085995,0.0032169540502006984,0.003391359673447755,0.004300517677198131,0.0063699244065847675,0.00825512326676786,0.00883606488030714,0.017957833213210487,0.142450297543466,0.07319629781799428,0.0429451419010714,0.03585655053754655,0.0337928459048104,0.03381785386057298,0.03414158414711893
4231.9,2548.88718571052,102.5,0.004565411761083589,0.004326358789823636,0.003915590939662252,0.003504037089699032,0.0032929642142526215,0.0035038083704860405,0.004499985561423328,0.006696117177771164,0.008426536246254999,0.008885260132466476,0.018502205509822265,0.1462884835006475,0.06996043093412267,0.04273958974115192,0.035756356613410666,0.03368420591637003,0.03377471798373605,0.03413861473790436
4232.0,2552.2498780843516,102.3,0.0047769091255651566,0.004512666217817042,0.004063970276585983,0.0036224799436689625,0.0034040619434595964,0.0036427820029074167,0.004726365181621979,0.007047380601173706,0.008611741907952686,0.009020389571447848,0.01936486307831258,0.15069417225213053,0.06563044827290172,0.04204804222589439,0.035557345020683084,0.03357703791377373,0.03373967040350754,0.03413845491546183
4232.1,2555.672172636126,102.1,0.0046916782326705325,0.004542135407414731,0.004275654447056584,0.004003176275947784,0.0038877651027933047,0.004132029558386774,0.005002058577643833,0.00665286428712367,0.008258359749937412,0.010237304815707518,0.023384742651419717,0.14777720289901095,0.06443325749102634,0.04018488396975651,0.035184035635957574,0.0338695977668918,0.03393962888657924,0.03417065214375512
4232.2,2559.094467188016,102.0,0.005176448314061146,0.004887663684489133,0.0044065400916866925,0.003947491181152007,0.0037494406400022853,0.004073223795538264,0.005335945101130269,0.007748000673059509,0.008826414795312133,0.009433029695130364,0.02187282732507693,0.15743712713950037,0.05815967557783222,0.04056371885576458,0.03528484209698151,0.033512383559902194,0.03372788570851615,0.03414070216620742
4232.3,2562.5179157418074,101.8,0.005385802583073756,0.005098714162287174,0.004622266750885264,0.004174050732228456,0.004000045289031023,0.004375835111638732,0.00570967502369931,0.008039110382687757,0.008870360855220385,0.009745688852629832,0.023631739111694836,0.15976924125905426,0.05564546968268199,0.04006715641425577,0.03530345512363599,0.0335893940071182,0.0337614065399614,0.03414653339795875
4232.4,2565.9402102936974,101.6,0.005524966725050045,0.005265103738427234,0.004833871279533852,0.00443540691719095,0.004314825406116248,0.004755777777939636,0.0061304042321855745,0.008255977362863669,0.008875350937021034,0.01014703773629192,0.025670118536287395,0.16075849660229025,0.05500491333753943,0.04004640724836581,0.0354202569001513,0.03368611530056652,0.033797282644573594,0.03414782896146545
4232.5,2569.362504845694,101.4,0.005621355151632189,0.005397949471791117,0.005029943442577557,0.004704532844863715,0.0046624279482075995,0.005192275319328291,0.006611817843979268,0.008484564911736965,0.008868202435299835,0.010522545411138121,0.02780231529133985,0.16130125613536178,0.05503597662508549,0.04030322571751159,0.03561827623963773,0.03378984142058015,0.033827731992166876,0.034147236239040674
4232.6,2572.7847993974683,101.2,0.0056567632362818435,0.00548013651501728,0.005196799887210087,0.004974919253358683,0.005046868887659713,0.005699944420351133,0.007169025474612048,0.008729792796617501,0.008853816727064168,0.010879368462726715,0.029972181242415276,0.16183267656578718,0.05588130332272168,0.04085548296284486,0.03582128157476192,0.03386205672181609,0.03384597802543516,0.03414614767397583
4232.7,2576.2070939493583,100.9,0.00583306951019451,0.0056777065570427394,0.005440517748527427,0.005289571202448276,0.005465639413171543,0.006258199256355735,0.007801235035271715,0.009027808075181559,0.00883356696104078,0.011186960905554608,0.032690679483632384,0.1630765790651943,0.056594147218098204,0.04161141511922246,0.036022747937034555,0.0338621171016445,0.03382967815132391,0.03414154410309013
4232.8,2579.6293885013547,100.6,0.005938803262822834,0.005823420855422423,0.0056672541099765245,0.005634089629888901,0.0059639979430711355,0.006932845424744997,0.008494940685977219,0.009246213601378755,0.00878320229725461,0.011551090444646602,0.03583901795373202,0.16340383406737397,0.05766865922059838,0.042167491224315574,0.03608888073018077,0.033847255894355964,0.03382082905511141,0.03414100854224108
4232.9,2583.0516830532447,100.3,0.005981927005081888,0.005916061535388935,0.005863649775703707,0.005986360325331601,0.006525154209642839,0.007721379891600339,0.00925421565749289,0.009410098308237582,0.008688801347755137,0.011881505790994172,0.0393008224621411,0.162894016431816,0.058996823474040304,0.0427046759656081,0.03609819567172697,0.0338118397961642,0.0338107052074514,0.034141654784277574
4233.0,2586.473977605241,99.9,0.006196741145369584,0.006167977365212234,0.006200386438262742,0.006463543844916436,0.007203087964210758,0.008591069716129487,0.009949736322843267,0.009467122525738184,0.008603064059865688,0.012337354794596656,0.044035890539978355,0.16067840445346068,0.06040454492476158,0.04316149547914428,0.03606769224324396,0.03376756657136856,0.03380220174281771,0.034143316008078586
4233.1,2589.9008858326856,99.6,0.006389737823139258,0.00640837137654792,0.006547811978283805,0.006987333071149519,0.007968736921958793,0.009538114704861824,0.010570861345893514,0.00944731629693916,0.008533169397069704,0.01285829930156429,0.049296422324755645,0.15673026371162993,0.06184428620378906,0.0436261602840607,0.03608780122369261,0.033780948012462564,0.033815587331583304,0.03414626100388909
4233.2,2593.327794060246,99.2,0.00681638103786792,0.006872588071972893,0.0071007948699170565,0.007690437825161394,0.008859340089140827,0.01045866349252401,0.010979933438466111,0.009366737978074408,0.008548367874392565,0.01359147224896153,0.05577977569533577,0.15062316236505346,0.06407660239239703,0.04431712230152488,0.036133628921154654,0.03381665916989471,0.03383952186186536,0.03415041854285961
4233.3,2596.7547022878066,98.8,0.00729510308535347,0.00743939108475046,0.007832785880911759,0.008600242009124664,0.00976937292046814,0.01087501407418011,0.010774263967593433,0.009578646995878652,0.009728009275709387,0.016363205224180794,0.056199934235846044,0.14650494199157021,0.06622672010485291,0.04116388459352807,0.0354607128083975,0.03407046098777745,0.03402966693701556,0.034181510880913514
4233.4,2600.181610515251,98.4,0.008059886059790349,0.00823164947261205,0.008660095588727242,0.009407334894437324,0.010374511073075155,0.011053941937386888,0.010777450639459618,0.010077302508508655,0.011099580107906949,0.01921342415908402,0.05683334863826663,0.13852084111223542,0.0697119951438686,0.04011310810084191,0.03512181281832913,0.03416998439448078,0.034118573027586474,0.034197714870125975
4233.5,2603.6174946809842,98.0,0.008846867860679484,0.009037562866515504,0.009498740315986841,0.010261691092665929,0.011147144173390492,0.011568445594598697,0.011004752038300314,0.010265828805597786,0.011562141957729945,0.02065036304209802,0.061196533409955824,0.132421173831227,0.07054173801380977,0.040210751636195675,0.03511615476043545,0.03418727453922688,0.03413006553693398,0.03419960116539605
4233.6,2607.0444029085447,97.6,0.010002288506416103,0.010153533709792599,0.010494516832664039,0.010996688891297186,0.011468640530029132,0.011548998570512423,0.01113277776676401,0.011027558110320591,0.013266162149847148,0.02378631779476902,0.061173507353257446,0.12165365105052821,0.07271977692528624,0.039593689632794096,0.03489946305324293,0.03421533529349451,0.034168485700520904,0.03420785762831844
4233.7,2610.471311136105,97.2,0.011191601321451972,0.011320056533333735,0.01158884804094189,0.011927586700098317,0.0121169596571681,0.011871058651309803,0.01128000863712996,0.011259216640053955,0.013872707326013499,0.02543357188594924,0.06461459822565017,0.11737646418407532,0.07154985244502982,0.039448077116069416,0.03487283226663952,0.034215483967045615,0.03417136248134132,0.03420864578876006
4233.8,2613.898219363642,96.8,0.012473976969181956,0.01247371017947066,0.01247328301949483,0.012473514880929518,0.0124774567510324,0.01249401031219143,0.01254470017179665,0.012691764411884913,0.01415428319065314,0.029182432180452245,0.07035696398413308,0.07854100328352001,0.07938118564189355,0.07938485163335711,0.07905251991808243,0.07876962977450068,0.07864777802435746,0.0786021515590372
4233.9,2617.3251275912025,96.4,0.013398338576479377,0.013389545602473131,0.013368406596957483,0.01333360776752392,0.013290561309915058,0.01325677266986365,0.013266190821765863,0.013386291915414003,0.014815127387977982,0.030073830974073786,0.07095564913353672,0.07889456447494869,0.07969912607648215,0.07967160414470024,0.07932440637288334,0.0790536999603964,0.07895761100167184,0.07892897771717372
4234.0,2620.76198662238,96.0,0.014680722699032834,0.01464216378516741,0.014534048548880544,0.014324294409025351,0.014036402738481672,0.01376216774444073,0.013583830756478505,0.01354899878304296,0.01440267651264054,0.02913324858746169,0.07868187424164391,0.08564316968998237,0.08562905447339152,0.08502843284396101,0.08437187418025859,0.08404623471567714,0.08398522244590828,0.083966256890685
4234.1,2624.142001415225,95.7,0.017170212492051796,0.01689421650154831,0.016217702244038994,0.015137716804135977,0.013937229501960928,0.01303808706669712,0.012793599789339383,0.013743129544830888,0.01785012505251111,0.03262904247119096,0.06684005123804022,0.08915772094565222,0.08525441261526998,0.06974139630537328,0.05195391822417839,0.03669339087662357,0.03429473771854215,0.03422486539172346
4234.2,2627.52201620807,95.3,0.02358691023479486,0.02161472173664604,0.01872127242610851,0.01605233069797369,0.013978418316393001,0.012177925975122891,0.01041449540729743,0.009436156305550225,0.011631348321578324,0.028700237262212536,0.12351167523122902,0.0648553114966481,0.07683350272547645,0.06249570599711655,0.036605275062655096,0.03316469165801133,0.03362932470260566,0.034154533516424286
4234.3,2630.9120014588343,95.0,0.027020337990691697,0.024274526649620893,0.02017603248484699,0.016321983684656406,0.01338530672571956,0.011316258618379644,0.010000190583305126,0.009899155826947852,0.013326734248202791,0.032902078203904436,0.1183811263537289,0.07040570520740892,0.0755365537432929,0.060696384053652006,0.03709147300508216,0.03330600205799936,0.033644693420494136,0.03414831999417977
4234.4,2634.2920162516793,94.7,0.030901352931603194,0.02697029522454177,0.02133006785183893,0.01631855323501544,0.012790416569248744,0.010655932248885405,0.009718977549427757,0.010320119079103199,0.014883318342409408,0.03683269212093118,0.11443876679396217,0.07375144890121288,0.07456769299146987,0.06037556522059076,0.037643308079156765,0.03346315249120579,0.03366621800855598,0.034142446867079596
4234.5,2637.6720310445244,94.4,0.03491129551589184,0.02949926925971433,0.02220387473514779,0.01619285304072781,0.012286577458168258,0.010176399605634701,0.009546356881974881,0.010717600339479667,0.016317146549981447,0.040497184790854686,0.11117972051611699,0.07614784849042151,0.07439481810936785,0.059864977505801976,0.038139742696791885,0.03361133772875132,0.033681901249025065,0.03413610785330106
4234.6,2641.0520458373694,94.3,0.035506186264567245,0.03009333315453037,0.02274060678341541,0.016625829833668736,0.01261196867919794,0.010415220376479344,0.009735631974812937,0.010936427559004334,0.016814465361296965,0.042167518762301584,0.1106097283023747,0.07587289162790757,0.07562170331568234,0.06126760665859504,0.038326409006606756,0.033683038775710945,0.0337119157537278,0.03413992717577844
4234.7,2644.4420310881337,94.2,0.03573791198098307,0.030456031244133534,0.023197484956865223,0.017075538662952475,0.012997737728385797,0.010725261451214356,0.009985660022489198,0.011185721038732105,0.017281976270241185,0.04368258056538389,0.11009774644750543,0.07554095353463175,0.07708755974067434,0.0626857892367685,0.038421053866535854,0.033719254937262404,0.03373393728422486,0.034144178030277104
4234.8,2647.8220458809787,94.2,0.035193809673115285,0.029865235601764618,0.02306553541114223,0.01755527974262691,0.013862495465893439,0.011586800194323186,0.010400881518255137,0.010807212841207711,0.016079588308433115,0.046180896344286605,0.11658288605126563,0.06110597815514756,0.08567264793766732,0.07960130022900429,0.03831111645273069,0.03273626875817028,0.03337862578305072,0.03413368294760436
4234.9,2651.202060673824,94.2,0.03335198741594118,0.028942379873933912,0.023141766654361257,0.018265436019858642,0.01481481268676921,0.012414933972509368,0.010847011252058246,0.010866016347462235,0.015985617055815488,0.04765859957809561,0.1165463652354545,0.05874766631604179,0.09208412284025308,0.0817966376477855,0.03765588898667318,0.03269648266985559,0.03342902314747218,0.034154597342939436
4235.0,2654.5920459245167,94.1,0.03313470408888753,0.028850326851075376,0.02322863673514158,0.018520293830572028,0.015202491966246203,0.012867832802812163,0.011281735166628629,0.01128840083106342,0.016630044447060545,0.04971030195009292,0.11390861465766325,0.059406628229209675,0.09959770672960111,0.08183729265036209,0.03740787505137341,0.03266424630428821,0.03344554603916579,0.03416314772118536
4235.1,2657.876448457727,94.0,0.032773310700708325,0.029106569594791312,0.02372088631112657,0.018767073216867904,0.01513179554409526,0.012816949254504467,0.011765777142534552,0.012679053587551956,0.019194714239328416,0.048661649317303275,0.10651205025207551,0.07484894778012417,0.09788221675552539,0.07008884477532003,0.03772499445294722,0.033565281635256426,0.03379109047440796,0.03417445026482368
4235.2,2661.160850990821,93.8,0.034791337596900784,0.030247419183671628,0.023899237487220882,0.018443917862920527,0.014782262490924689,0.012772651703473532,0.01221859580389767,0.013716526595780688,0.020977037384321304,0.05070186806180252,0.10230364428427313,0.07918416246274614,0.10120110398234156,0.06919299759527764,0.03803916066124558,0.033608998072373074,0.03378521032230052,0.03417251177602748
4235.3,2664.4452535240794,93.6,0.03635219154178814,0.031075339186508733,0.023996671856069494,0.018219083125110266,0.014590193791152482,0.012849220469917386,0.012725869214632052,0.014749013297555404,0.022617198761427395,0.052154003697727436,0.09908447580563902,0.08209617209371535,0.10269398750104539,0.06845408147353399,0.03821359927799143,0.033671965269722014,0.03379681396846041,0.03417216292652804
4235.4,2667.7396426935948,93.3,0.03985975401941362,0.032871461077485495,0.024191661090772868,0.017699128460929598,0.01399816826324977,0.012572323384991101,0.013084040659455773,0.01599964040234185,0.024815602196367414,0.05404197766700923,0.09563086845373363,0.08560206027892277,0.10252778821797116,0.06783128917201958,0.03868151899288895,0.03376363395781338,0.033794838157369576,0.034167783159228964
4235.5,2671.024045226689,93.1,0.04105199331126489,0.03348034392637861,0.02430823119718415,0.017638757723636166,0.013971508969046679,0.012719463977597234,0.013554215310946156,0.01693737039431631,0.026249099732852745,0.055184959362028094,0.09370112334134281,0.08708481206308394,0.10223091877489203,0.06668852709296913,0.03868848106833232,0.03378987964939905,0.03379899833002805,0.03416747200654705
4235.6,2674.308447759899,93.0,0.040350795480681746,0.03321275903506262,0.024418902646457956,0.017929294537398995,0.014343394178116677,0.013157683630312856,0.01407350343834487,0.017554796002940964,0.027036995850270303,0.055992840209567026,0.09281100015484856,0.08718927138722754,0.10135464517566455,0.06460838152402458,0.03830030312792606,0.03373971246404416,0.03379947922367368,0.03416916241080941
4235.7,2677.592850293109,93.0,0.03768269407358005,0.03195723236183578,0.024464683030110037,0.018583543912110898,0.015159429624618324,0.013917014142158662,0.014610291645294107,0.017757260825566258,0.027126635799517934,0.05668399902468745,0.0926903970573762,0.08541421550461839,0.09984626802705288,0.06160466179688513,0.037560629005124066,0.03364552918332143,0.03380548221211013,0.03417361236393312
4235.8,2680.8772528263194,93.0,0.03494410978066196,0.030557235467204145,0.02443758172049663,0.019278721649078425,0.016051854125941352,0.014687651935972042,0.01502395756456667,0.01773807792741914,0.027071449664096553,0.057906877958538105,0.09255802308788735,0.08249839739523641,0.09795946811632822,0.05814713942948697,0.03676654458355362,0.033550347332997194,0.03381380337748933,0.03417883413636633
4235.9,2684.1716419957183,93.0,0.023775248668500275,0.023669788248184016,0.022864242848939512,0.021148309422240403,0.020268993129116893,0.020050602405175144,0.020000006423129515,0.020235120345377337,0.0262801415094383,0.05754949177150159,0.0766000400581838,0.078363413475588,0.0789286532344166,0.07894684683282525,0.07865741869037758,0.0784504698457293,0.07840509073911264,0.07840090091735803
4236.0,2687.455542116037,93.0,0.021958722738155995,0.021913419458009457,0.021741211325663985,0.021391843194045506,0.021125237195953953,0.021005199318705245,0.020994878756912916,0.021341526365685173,0.02790077970772712,0.05638770716240453,0.07129768835189199,0.07280539473031854,0.07335235279767362,0.07342282683346367,0.07322165986519497,0.07305046293761197,0.07300172436061286,0.07299647908191438
4236.1,2690.6278125963545,93.0,0.02138326659041704,0.021351044142838126,0.02127125632557713,0.021144857127341328,0.021009193664481035,0.020919253104014636,0.020924513868380595,0.02154101284308209,0.030311479508507478,0.05741950901819196,0.067936692210972,0.06928495922435517,0.0698290547880972,0.0699039129583115,0.06971173471966503,0.06954032225777283,0.06948716567961191,0.0694811122353603
4236.2,2693.809714543218,93.0,0.02111474861511485,0.0211057271006902,0.02108724540153981,0.02106502136371544,0.021055439092301006,0.021088611891589785,0.021230815105126654,0.02261942505039582,0.03335110280628245,0.053868844239433084,0.0597349995348043,0.06083832645140681,0.06136494238266036,0.06150494120631884,0.06141215468514692,0.061285528059315544,0.061228221600774534,0.0612184657610762
4236.3,2696.9819850235353,92.9,0.02106428880435957,0.021059860713721276,0.02105234396448948,0.021048247175859906,0.021063049151961447,0.021125458688453124,0.021329484281177966,0.023261225793081153,0.03503734065173504,0.052513989189515504,0.05679667401032972,0.05779789263781563,0.05829200106508359,0.05843132900833337,0.05835704216677671,0.05824300991823768,0.05818665498922032,0.058176370462311285
4236.4,2700.1538929667677,93.0,0.02024899015472896,0.020251437223491056,0.020258266036525106,0.02027328511222254,0.020304908308267935,0.02037299913749038,0.02060464721512972,0.023101951690044663,0.03682440689515608,0.05465144672692745,0.058521453229736,0.05946812893010354,0.059921304958117455,0.06002762145790173,0.05993137229225219,0.0598113223266992,0.05975591051186981,0.05974440932567078
4236.5,2703.336156312189,93.0,0.01993509362904591,0.01994302960583653,0.019963244195302113,0.02000139088703331,0.020066133957330565,0.020179008033303733,0.020567508942622343,0.024058328386570075,0.03861002901412937,0.05231757979948791,0.05485632937456679,0.05569947616801715,0.05612095027694621,0.05620837158585343,0.05608313672853085,0.05590047113149591,0.05575307057551581,0.05566626214560639
4236.6,2706.508064255389,93.0,0.01940246198952765,0.019414440718927346,0.01944410647638019,0.019497443349403395,0.019581330024533244,0.019719611663467165,0.02025479505263921,0.024622825126656686,0.04020392929375573,0.052377744950227255,0.054459438446686666,0.05522386430874694,0.05553937707346092,0.05547620611718191,0.055145931100699264,0.05469525691603592,0.054208336597642834,0.05378143452898035
4236.7,2709.6803347357063,93.0,0.018854393145585995,0.018869970628828926,0.01890831896712572,0.018976063590286325,0.01907855834774119,0.01924584546209782,0.019957528443867684,0.025181250449600817,0.0416164305835627,0.052619547752741205,0.05436004153382745,0.05497059681031015,0.05505808540206231,0.05467138369164266,0.05390809872419907,0.05289984054451567,0.051709308961234886,0.050537230899376964
4236.8,2712.862236682602,93.0,0.01844866137450444,0.018466644711571722,0.0185115210945484,0.01859221205456538,0.01871642267981185,0.018930482912934518,0.019889498367529724,0.02599059158960659,0.04235859922026643,0.051544456631805124,0.05300215791697539,0.05355341731806819,0.053593112818269166,0.05316484255408419,0.0523583257827149,0.051291052306381035,0.050021710214498576,0.04877282329405653
4236.9,2716.0345071629195,93.1,0.017429110852544574,0.01745517148160278,0.017523354503861978,0.01765593972328794,0.017869997124707236,0.018238682659129656,0.019577666290451094,0.026346412066601477,0.04349788214408273,0.052795013997153244,0.0540897016759621,0.05434614717666576,0.053885928512101694,0.052727639362975025,0.05095622382898306,0.048692753203175315,0.045985847637130144,0.043266996467484775
4237.0,2719.206415106003,93.1,0.01486286215105825,0.015106674872959787,0.015698416955177964,0.016730553777414562,0.0182435612709708,0.020254029242370915,0.023069118067018283,0.027848866253453133,0.03610249807403966,0.0497833242650334,0.061636613557350554,0.05752505244731124,0.041210110025995735,0.03511434091262928,0.0343470307186551,0.034224338675955084,0.03421109561222419,0.03421866192477391
4237.1,2722.288378765836,93.1,0.01498769211790909,0.015137565791673854,0.015568911922287565,0.01648028438999902,0.017989897468956812,0.020061559575076614,0.022944400071384857,0.027859989319468804,0.036682394000698886,0.04820168564631172,0.05726156396844339,0.06092429274905721,0.05904421478479244,0.05283344131351844,0.04424119570687535,0.03518223549572763,0.03423971949188014,0.03422267040438008
4237.2,2725.370342425553,93.1,0.013631569601289414,0.013657860954174341,0.013766494056933204,0.014594510517734064,0.017408150561006346,0.020455588073930886,0.022874414096091884,0.02861744600652064,0.043544875404809454,0.053491232989224057,0.05552263629093083,0.0559180171731942,0.055007645796741285,0.05279268163742473,0.04944522165764829,0.04526790863412842,0.04046908315402414,0.03585645089435782
4237.3,2728.452306085237,93.1,0.012537471176466797,0.012548442933311022,0.012644443345627763,0.013954903364462963,0.018546930558984643,0.02249900935437807,0.024256164965101835,0.028003431189834258,0.0406889036007916,0.052586389774109905,0.05529546998730075,0.056334321035550215,0.056800169135683524,0.0567774955258054,0.05640989499627646,0.055899076239288234,0.05536467766430149,0.05491829590294545
4237.4,2731.53426974507,93.1,0.012114277091153194,0.012463021648482665,0.013331448761292747,0.014899751007990823,0.017226744530352937,0.0200581129249521,0.023203838956541583,0.027952603828941835,0.036960027281686104,0.05301530843729684,0.06762727119560001,0.06256394843563591,0.04400092594415724,0.036021236114743525,0.03452077762701685,0.03423290932811818,0.034199779472659717,0.03421427313781475
4237.5,2734.616233404787,93.1,0.011606809825663662,0.011964796511991095,0.012863704991084331,0.01450868007053785,0.016987722052845194,0.020020420063369664,0.023289323333903923,0.02804063059436801,0.03709307772908909,0.053272422740894845,0.06803890352834997,0.06325862506148727,0.04474549636672531,0.03622173019994782,0.034557101521332116,0.03423562382670124,0.03419826930153058,0.03421361552874161
4237.6,2737.6985701807553,93.1,0.011180944902274467,0.011546267956386235,0.012470025223960504,0.014179624104726236,0.01679077861176787,0.020000342977992785,0.02336938054076966,0.028106470939730618,0.037189466516862404,0.05348406178896625,0.0684401709296987,0.06399480404683316,0.045495948845400404,0.03641966749445206,0.034591216737454404,0.03423705985173803,0.034196498929119995,0.034213020477809136
4237.7,2740.780533840439,93.1,0.010314030469803368,0.010320276554303983,0.010372891583080234,0.011497906164046452,0.017117352159169413,0.023918714454472956,0.027009345178042127,0.030422923909510003,0.04005636885510463,0.05045631863306492,0.05398510886374239,0.055474798898500814,0.05628416199316809,0.056563437807104114,0.05649759726106208,0.05634506075764136,0.05626296448919555,0.056249074268963584
4237.8,2743.862497500156,93.1,0.009954248671031967,0.009960035810565636,0.010011222613251195,0.011154015635486535,0.016971167797800623,0.02407460873667475,0.027224142513011335,0.030482821172761725,0.03979941595726804,0.05032392052391874,0.05402390156533105,0.055566253348131395,0.05640476239397177,0.056693835332338946,0.05662341489070116,0.05646468021382393,0.05638105211648818,0.05636779277804075
4237.9,2746.9344675521374,93.1,0.009597836029090407,0.009603227713437834,0.00965373063279097,0.010822617799281658,0.016846340609276138,0.024204600739065264,0.027382478968694463,0.030492790776794912,0.03950641685334789,0.05011842621493811,0.053978437268343345,0.055573574634965914,0.05644176922941464,0.05674162585500951,0.05666782292416435,0.05650339332800172,0.05641760258900007,0.056404348970151334
4238.0,2750.0164312118545,93.1,0.009312345086283091,0.009317426626517302,0.009367985374015763,0.010565589385388121,0.01676687625177848,0.02431004554425634,0.02748481349951647,0.030450175149717217,0.03913552684932793,0.049714444876994675,0.05369331046242059,0.055336786122864766,0.05623674487382127,0.056553364643248775,0.056482564269351145,0.0563154221369719,0.05622754453197869,0.05621406667694242
4238.1,2753.049663810927,93.1,0.009250583030449433,0.00965071986474083,0.010694936213994413,0.01273362000333846,0.01605022857231089,0.02015939906500503,0.023710301942643862,0.027801408773838295,0.036614052169366744,0.0530272230563105,0.06880227096878917,0.06566297238972249,0.04777857283866106,0.037427446749921545,0.03482510411417724,0.03425079595443947,0.03418241533288608,0.034207668848393664
4238.2,2756.0833744102233,93.0,0.009291397563647228,0.009692146567780034,0.010736720168324268,0.012771644830588154,0.01606938967671007,0.02013111785074947,0.023624514267301746,0.02767979629463358,0.03644821359267861,0.05265845988745437,0.06820267957883994,0.06539393774739831,0.04785458786577628,0.037472701689360385,0.034841070077920096,0.034255139715534705,0.03418271656555085,0.034207307587982336
4238.3,2759.117085009403,93.0,0.008064423402029383,0.008553112454768814,0.009856689139776833,0.012502451309648775,0.01688612685036681,0.02151961966840658,0.023377020338823985,0.025460492629535897,0.03466113083668645,0.05470752480182321,0.07198831730628924,0.06668743940703148,0.05083900993429807,0.03962028142532913,0.035472082022170365,0.034288699473340144,0.034131911950972635,0.03418818278432372
4238.4,2762.150795608653,93.0,0.00761528928863847,0.00812012901002005,0.009484157376533851,0.012315011541978846,0.01710234670108468,0.021928521543069485,0.02303143312751706,0.024327195980045978,0.033443865006035314,0.054918105048745634,0.0731108899495794,0.07076699902629087,0.05611556891602127,0.041500785783998136,0.03583567156826527,0.03429877085654324,0.034113371223886274,0.03418412766906045
4238.5,2765.1840282077683,92.9,0.008069485618128518,0.0085532649048937,0.009841496303625848,0.012446933345176945,0.016739145019372084,0.021243085239305258,0.02303361653136685,0.025081235567932608,0.03419518192563244,0.05391989093085256,0.07040065307400609,0.06551328558325724,0.0506337167425997,0.039651626938291766,0.035495185040852265,0.03429386408473976,0.03413112347877283,0.03418724733537453
4238.6,2768.217738807018,92.9,0.007960475589793374,0.00843697027159882,0.009707679462700717,0.012284731615825219,0.01655404670687821,0.0210797311723552,0.0228881938095878,0.024868801704602036,0.033838487805774774,0.053308404613299595,0.06943268559759935,0.064554991941618,0.05016691845613818,0.039579467872119994,0.03549357866226661,0.034294372544722444,0.03413041375412897,0.03418682094519184
4238.7,2771.2414616778383,92.9,0.007882011907446418,0.008350991109003805,0.009602381916091857,0.012143048078750248,0.016365902419068788,0.020882251597981617,0.022714044569140175,0.024644083806898018,0.03344648132246596,0.052595591565189004,0.06844485090417451,0.06365786840887507,0.049714694598962675,0.039495269372408257,0.03548956426308578,0.03429721807441291,0.03413105846166752,0.034186564594359536
4238.8,2774.274694276911,93.0,0.007335578906118571,0.0078111230795335235,0.009098414391721068,0.011780016887139056,0.016372426597887204,0.0211796539001411,0.022401279210824944,0.023512046145535738,0.032020903235123875,0.0523549027633241,0.06951687332398246,0.06689043041215452,0.05359437447361202,0.040985588250223214,0.03579784676533679,0.03430365849508998,0.034112662810301855,0.03418239500929175
4238.9,2777.308404876207,93.0,0.007590985072224784,0.008038235996261715,0.009235990334427062,0.011684901044613925,0.015821922683907825,0.020407514456842562,0.022370245068074317,0.024159492231303585,0.03248854910364988,0.05087429069302955,0.06656325613073802,0.062181138375976844,0.048934560932332415,0.039355584077415615,0.03549103560553605,0.03430709861267827,0.03413344641379645,0.034185992601945665
4239.0,2780.342115475457,93.1,0.00714147480403866,0.0075942297909643314,0.008820438260447197,0.011378429432380906,0.015797488608021742,0.020585346159176152,0.021985440063561765,0.02302329409875415,0.031020957803123927,0.0504411101951493,0.06795339613344303,0.06595684107743419,0.05296760781259733,0.040845803367823987,0.03580354042734016,0.034320299358737295,0.03411742921852061,0.0341817869414455
4239.1,2783.3893601324385,93.1,0.0069428956395530496,0.007379720637406157,0.008565406052563418,0.011050069264570282,0.01539214709379848,0.020232811182270813,0.02175493375182994,0.022704616218998327,0.030369108188704887,0.0493708136736006,0.06737432509418137,0.06578823029646953,0.052814583013420104,0.040826483725771835,0.03581582965776868,0.03432808798046856,0.03411893449039988,0.03418131845534216
4239.2,2786.4366047895364,93.1,0.006331608038874535,0.006799160295861584,0.008092815749366032,0.01089973041563134,0.01594776737824996,0.020992369088951506,0.020846280341421154,0.02044832065275228,0.028228166469101666,0.05132000744389739,0.06898735450424046,0.06657480707569927,0.058633451405114584,0.044249785205233566,0.03660074471824406,0.03433885032146851,0.03405908370628645,0.03416474151079659
4239.3,2789.4845549204474,93.1,0.005713088832340314,0.006210531078562908,0.007620634927508978,0.010818214820027127,0.016787600331868237,0.021821448336591782,0.019385209634728874,0.01777521957762271,0.026059327851775616,0.0564801382757371,0.06755480142557174,0.06251347575516032,0.06693238646760334,0.05107542567305106,0.037827497594065784,0.03422376511852429,0.03392051766055547,0.0341388846202031
4239.4,2792.5417758806593,93.0,0.007809393971354125,0.008129577026590954,0.008974389928767366,0.010654401584855781,0.013490341650633762,0.017242023001833022,0.020624726512040132,0.02401915930338342,0.031368859611497504,0.044677330897558015,0.05888202640755372,0.05751082052422012,0.04432113500881427,0.03702168071510766,0.034847000776490236,0.03427073974855642,0.03418247107668799,0.03420444746545935
4239.5,2795.5890205377573,93.0,0.007694951141371612,0.00800322894108798,0.008816640715794443,0.010434003836278802,0.013169884829122477,0.01682550450765831,0.020198751829975974,0.023590531074891865,0.03082196901816339,0.043868429844331445,0.05785309490992005,0.05638576323181482,0.043694398717212125,0.036874653050728755,0.034819710827997806,0.03426767616539933,0.034182943322806796,0.03420471822146218
4239.6,2798.6362651948552,93.0,0.007581397187742061,0.007878038230165946,0.008660657467183785,0.010216157855337391,0.012851109392138604,0.01640177083232373,0.019745910800303752,0.02311873273180587,0.03022878468413679,0.0430716058478205,0.057017726322931145,0.05565078733857728,0.04331046559859536,0.03678693743126055,0.03480564106166221,0.03426737836461075,0.034183578857897384,0.03420479445085578
4239.7,2801.684215325583,93.0,0.007482454278469577,0.0077677694586629435,0.008520183307548116,0.010014156668976506,0.012545991422507374,0.015982435426024167,0.01928563051101529,0.02264188573084503,0.02964332461628813,0.04232952031818708,0.05633810718289874,0.055135557340450635,0.04302291517069198,0.03671240530680935,0.03479111182738528,0.03426623694214168,0.034184039031925365,0.03420491481922999
4239.8,2804.731459982681,93.0,0.007387305195470328,0.007662273768882451,0.008386953374423169,0.009823945780510188,0.012258107903287359,0.015578127692821245,0.01882031682952287,0.022138989441477276,0.02902840053405221,0.04162265807202948,0.05590403860713447,0.05506868225354336,0.0429744866316235,0.036693348012923475,0.03478597088832233,0.03426532296627672,0.03418395221070973,0.034204874712570624
4239.9,2807.788680943009,93.0,0.007329699851752213,0.007595146196419431,0.00829368670383304,0.009674901979310119,0.012007611225682408,0.015193565844035006,0.018348290567931465,0.021624365878767742,0.028420563800123762,0.04098099855152447,0.05565351083626379,0.05520830829310326,0.04298353895976442,0.0366768321785697,0.03477786258233834,0.03426226540549713,0.03418323191992788,0.03420487039331259
4240.0,2810.8359255999903,93.0,0.007267582312219656,0.007523859141847981,0.0081973017272116,0.009525237682213352,0.011761352965763045,0.01481817236424387,0.01788235162406123,0.02110838461177806,0.027812153037684684,0.040387038674293545,0.05556250955734018,0.0555537529981336,0.04306823531654659,0.03667548320716736,0.03477380924934749,0.034260606166049715,0.034182774736820486,0.034204820672300365
4240.1,2813.981239574835,92.9,0.007729040020685035,0.007797455943244343,0.008054000599808412,0.009019305611648437,0.011622179516928715,0.015158673298162532,0.01801357133833056,0.021178035408960003,0.027272567000889057,0.0378961060857757,0.04835230143903254,0.05418812095082301,0.05483973915472732,0.05098992615130108,0.044278991009246794,0.03669497617702849,0.03430911832499889,0.03422416577237368
4240.2,2817.1365050153063,92.8,0.007836065504762655,0.007906654573504443,0.008160700855071937,0.00903744103591508,0.011307952589680426,0.014535836638095889,0.017407077037644478,0.020674270584548224,0.026844060437427302,0.03756650676161832,0.04818130829060396,0.054072887079203616,0.05461770593434843,0.050550845949482455,0.043609248406614946,0.0358487573191775,0.03427294537780675,0.03422278993355499
4240.3,2820.2917704558695,92.8,0.0076715176614801685,0.0077400199552036765,0.00798142230137104,0.00879063945295105,0.010895235285618038,0.014015382601715832,0.01691399805561395,0.02019323116353725,0.026292745419851854,0.03703964101964804,0.047942073612791285,0.05407148186000012,0.05468049649756749,0.050540409658392786,0.04347197759434428,0.03560142555285612,0.034262989518961784,0.03422241004629807
4240.4,2823.447035896341,92.7,0.007837943516246731,0.007907488749940586,0.008141204350485837,0.008851326059606285,0.010607011514897197,0.013355763864902922,0.01625074534197869,0.019700667747196927,0.025926768307893974,0.03664987257273154,0.047547361216086104,0.05369863304578403,0.05428798058572908,0.05009716959287096,0.04298240815431429,0.035100608277991066,0.03424350358940952,0.03422184048651365
4240.5,2826.601334550555,92.7,0.007715279302839166,0.0077822463263746075,0.008001324025651832,0.00863921155685283,0.01020574377688076,0.012783842916341378,0.015700125897731534,0.01923244310287323,0.025438255836741884,0.03607340498583009,0.04714339477178398,0.05352881701655801,0.05423816065281818,0.05005242014171805,0.04288939329716138,0.034969474167002315,0.03423878388811575,0.03422169008375939
4240.6,2829.756599991118,92.6,0.007371484776708498,0.007379487471825835,0.007403795678174115,0.007610318733172654,0.009354953356108791,0.013495328473532115,0.01608540385516187,0.01806366927139757,0.02488553111744388,0.041680922212652995,0.05011926916001746,0.05153286675440832,0.05116393608878355,0.04926535709216158,0.04605596431559573,0.04197946870630481,0.037432781879484865,0.034341967542677244
4240.7,2832.901913965871,92.6,0.007427883370509102,0.007437362857580267,0.007462760969225966,0.007591885997477446,0.00869128239488305,0.012057402837273244,0.015408900050985098,0.018514443753404476,0.026317964181024073,0.04075331085057678,0.04718069103273254,0.04885844860799248,0.04890391635005656,0.04736946646688071,0.0444776971138597,0.04067291980741719,0.03638525831260679,0.034293938347893925
4240.8,2836.057179406434,92.6,0.007341193957962204,0.0073504173424064016,0.0073772061009907625,0.007513288470301859,0.008589532180443903,0.011826646479531135,0.014792353578903236,0.017269094592341147,0.024298367619992472,0.04111112575100684,0.04982776704072535,0.0512805960142398,0.05084308704625833,0.048752230645069894,0.04523209928286099,0.040774134101315196,0.035857393361941485,0.03427372200344348
4240.9,2839.21244484679,92.6,0.007277603012145576,0.0072874461602653404,0.007315693504248287,0.007434361251683655,0.00830001868854856,0.011133742480365425,0.014165444645057597,0.016830314729030616,0.02390623955183272,0.04090048678538409,0.05006822630357127,0.05162831082025708,0.05119440302155188,0.04901380363039811,0.045323699601243876,0.0406560133369078,0.0355365013051738,0.03426077636183024
4241.0,2842.366743501004,92.6,0.007270957732132129,0.00737235196782527,0.007642591379097746,0.008180155168882803,0.009119942467151618,0.010628573908917473,0.012917146075042872,0.016449452071684297,0.02258128818481143,0.03343232061997631,0.04677707387566143,0.054658897682426676,0.048603250733448115,0.036419083642713505,0.03444979721608477,0.03423453178094002,0.03421147121457001,0.03421765249150062
4241.1,2845.690897528814,92.6,0.006674338807200291,0.006788911016429105,0.007091293830098444,0.007685930995493239,0.008710470628195254,0.010316914196252226,0.012661528619910252,0.016189205751913474,0.02260683161578644,0.03425063401686572,0.049289276295590254,0.054714505640275524,0.04163513438816809,0.03576194060832472,0.03454050582277855,0.03424923930462515,0.034200302893687765,0.03421133913371627
4241.2,2849.015051556512,92.5,0.006651237533354491,0.006757663380893203,0.007038843692588457,0.007592192087345192,0.008547726351502588,0.01005824341291721,0.01230718662384586,0.015781671172093458,0.022184183913667697,0.033930451406805257,0.049061566203382506,0.05494275067726917,0.041545679731174776,0.03572295219412021,0.03453314092710701,0.034248767836842185,0.03420067699146646,0.03421147501748831
4241.3,2852.347948194583,92.4,0.005428739544304657,0.005671026859642233,0.006312723279263058,0.007581104619951032,0.009628337958031386,0.011811935302379423,0.012469175156898188,0.012625558390474582,0.016712468899115106,0.03396021570431285,0.062354760561097455,0.0788031075954304,0.07737212619316244,0.05046614338287972,0.03705118693156041,0.03404740308699066,0.033901948200457825,0.03413745955334869
4241.4,2855.672102222281,92.4,0.005337428458491158,0.005561819525914432,0.006153996447784118,0.007326771744712031,0.009240556729486897,0.011389848491952355,0.012262366590553412,0.012552524369843863,0.01644854528733075,0.03257132170290103,0.06133416337162687,0.08177773331510037,0.07814432472950027,0.05000180596958743,0.036918054916917534,0.034022526169047086,0.033898965924560556,0.03413985630484607
4241.5,2858.995067765287,92.3,0.005508775648264682,0.005708466411521097,0.006234336768108316,0.00726686107085317,0.008945092970000155,0.010911909800616224,0.011989878794667312,0.012573664322680892,0.016402934438233263,0.031446614343082546,0.060446313760198406,0.08499182084202021,0.0784906034840579,0.04955170929771313,0.036815354214571376,0.034010093542412696,0.03390108213421183,0.03414179459124416
4241.6,2862.3291493479605,92.3,0.005460251144404159,0.005639326341465472,0.00611354130650604,0.007050986483712934,0.00860252004498463,0.010534310632683994,0.011825022739754597,0.012567648121678451,0.01615325111333905,0.02996865337926178,0.059506613825706274,0.08838563711963111,0.07908198461885103,0.0492389291302739,0.03671823673510684,0.03398774964731517,0.03389850828255233,0.03414326356220253
4241.7,2865.653303375655,92.3,0.005438635450409598,0.005598186124479049,0.00602404281876575,0.006873335632876111,0.00830524191855325,0.010189221735254465,0.011661595511509852,0.012566155140172373,0.015912190728490056,0.02855629583791125,0.0583740475602845,0.09216536425586191,0.0796587118736711,0.048777835824006244,0.03655993260207491,0.03394730073047383,0.03389353010457247,0.034145733095673265
4241.8,2868.9762689186673,92.3,0.00539465898871378,0.005538721063454117,0.005926784820439232,0.006709354731547081,0.008054401600006858,0.009907169860719319,0.011516638266770973,0.012522942279445668,0.015606731149607856,0.02723338704232027,0.05742842733114566,0.09553795934097313,0.07976932608145995,0.048570545684893565,0.03652165028392243,0.03394142373080307,0.03389302076607775,0.03414634073651303
4241.9,2872.310350501337,92.4,0.005166769168895843,0.005306733538590275,0.005685448765200097,0.006457278206311698,0.007808239999887266,0.009726308240096047,0.011443432051547953,0.012384186870464825,0.015095035212379128,0.025746118913330385,0.056147281790061884,0.09896350661492358,0.08110178871171318,0.04878348584864758,0.03653455098336648,0.033935851731348166,0.03388998779624809,0.034146163413687515
4242.0,2875.633316044349,92.4,0.005248672742651965,0.005377640705562578,0.005719581605244834,0.006396311025062288,0.007550606048000873,0.009209321844867311,0.010993182339054686,0.012569826870371219,0.01566326923148689,0.025568096273835092,0.05150266544899215,0.10302456270009233,0.06828919604970705,0.04214608670513899,0.03579867916378433,0.03423915481092504,0.03406905789819972,0.03417055255437782
4242.1,2879.1224563395954,92.5,0.004970760836736729,0.005102891761776264,0.005454123710997946,0.0061537814534722,0.00735906416594246,0.009101730118813793,0.010924388378666272,0.012338475648211954,0.015028205362347329,0.024294319960364442,0.05016983875203996,0.10502447864226251,0.06966195587053592,0.04260117159488283,0.03590443827278138,0.034257828996360616,0.034068747240899255,0.034168904542110606
4242.2,2882.6016803911116,92.5,0.004870485111752814,0.005004739258761656,0.005361656369415872,0.00607337668249775,0.0072999455946591695,0.00906137381954071,0.010836738041232597,0.012063062080396392,0.014416539190009446,0.023153069133052182,0.04899236783582874,0.1077319075866087,0.07039756014233114,0.042818780305665424,0.035961677301943634,0.03427121534064482,0.034069830717778124,0.034168149977631186
4242.3,2886.0809044425123,92.5,0.004778052439356237,0.0049150573736473245,0.005279372758648241,0.006006668179030675,0.007260852790363077,0.009047015600997497,0.01076723012126522,0.01178264644267241,0.01378654258772947,0.021986351284264957,0.04778337467711006,0.11032425880571445,0.07115247684149732,0.04307819967344545,0.03603042263465742,0.0342874479856706,0.03407122940115591,0.03416726549808789
4242.4,2889.5700447377535,92.5,0.004717038269661269,0.004857076313735384,0.005229479423146047,0.005973506873312377,0.007254960097269694,0.009059349998500582,0.010705011081541156,0.011490475119206811,0.013141618606417601,0.02078801841885933,0.046484433314567045,0.11287962042034488,0.07147562744065745,0.04328555458401926,0.036095474223534464,0.03430216223289237,0.03407209221141529,0.0341663434926436
4242.5,2893.049268789154,92.6,0.0045339483835028956,0.004676952216750839,0.005058316754867222,0.0058253391202815995,0.007158651600180589,0.009041904662189919,0.010683096445734775,0.011240153613723611,0.012490378214931687,0.01947808124660808,0.04481454818363444,0.11541268625482314,0.07219726004487366,0.04365149341988463,0.03618903464100761,0.03431859352504034,0.03407172027762184,0.034165052960693706
4242.6,2896.5384090844004,92.6,0.004502982907974089,0.004648622459927846,0.005036952689794046,0.005817921270297885,0.007172315498667661,0.009060445346645362,0.010609737259702908,0.01095112430502874,0.01191151434078595,0.01839460021356429,0.04342273056082514,0.1190364558048771,0.0723563097517385,0.04377298841562822,0.036228693090020636,0.03432436828983313,0.03407054844230658,0.03416442672217286
4242.7,2900.016353879943,92.6,0.004462797355554759,0.004610542131320804,0.005004418494648565,0.005796326055428154,0.0071672515185307786,0.00905589327517124,0.01052015686319261,0.010672746195469231,0.011380233883588404,0.017372733378949994,0.04187275436756685,0.12253833141759611,0.07306579192028571,0.04404814255745777,0.036306037145040194,0.03433849732423608,0.03407035473697481,0.03416334159279514
4242.8,2903.505494175069,92.6,0.00443603595923121,0.004584509510550358,0.004980108379536705,0.005774811789451403,0.0071468804125938,0.009017738712055369,0.010403677146132953,0.010416856466869113,0.010927140946585078,0.016470534750211784,0.040304318616967795,0.12647921085261968,0.07347517812109669,0.04419868710383484,0.0363528500931464,0.03434524335275398,0.034068704225737684,0.034162448083228526
4242.9,2906.98471822647,92.6,0.004403380815540065,0.0045504640737421415,0.004942244168433973,0.005728793829459224,0.007084884198398468,0.008926605466866194,0.010265016762420823,0.010203930853022897,0.010565113647273788,0.015683742182808897,0.03864307287960351,0.1298558085849066,0.07375209184393088,0.0442990903287723,0.03639684279504386,0.034356244117854186,0.03406880953633006,0.03416156889738442
4243.0,2910.4738585218315,92.6,0.004359692423058936,0.0045029288899386425,0.004884524080035353,0.005650587978923636,0.00697226856193177,0.008775424146404252,0.010106155498755395,0.010042143266363204,0.010293681850430258,0.014985817997329766,0.03682371337018776,0.13231493255642157,0.07423975422586515,0.044436032124169626,0.03645551983839472,0.03437643901226241,0.03407169945681768,0.034160557769764656
4243.1,2914.07210809625,92.6,0.004350429625627434,0.004487913093751724,0.00485409674228864,0.005588306375044434,0.006854342595468036,0.008593861934878932,0.009927578965399385,0.009920596309729789,0.010111835275413988,0.014409199117291403,0.03503151141019885,0.13430823808358353,0.07459855090388193,0.044517849160376564,0.03651841177405799,0.034407194807442455,0.03407810585018574,0.034159483899478434
4243.2,2917.6815401844965,92.6,0.004334509124420396,0.004464579378846401,0.0048112155510404335,0.005506037083988003,0.006706300990308445,0.008378902105310039,0.00974291401890304,0.009846081997455796,0.010012469928737843,0.01394558512377805,0.033341620097433786,0.1355535305539655,0.07548813754673588,0.04468484789215582,0.036594893196096705,0.03444319838067978,0.03408609701384894,0.03415835084315603
4243.3,2921.289711466559,92.6,0.004296799533118565,0.004418756417880945,0.004744219905538684,0.00539736349456306,0.006530735546831494,0.008141290357312503,0.009553571182520919,0.009796980025226722,0.009956454613045548,0.013535266573081661,0.03168108104876324,0.13594769524546388,0.07677503520694146,0.04481883086671001,0.03665447151676761,0.034480295980298864,0.034096641642741315,0.034157794417802124
4243.4,2924.8991435548055,92.7,0.004118391574832557,0.004232973491191926,0.004540053005882679,0.0051606837433566,0.0062536061643960125,0.00786036143614967,0.0093935044766468,0.009801171491204243,0.009932922147237667,0.013147248424940297,0.030053188627553032,0.13436873119367856,0.08001223864826836,0.04525531003048996,0.03672947007917818,0.03450861210387996,0.03410438404623577,0.03415732102159448
4243.5,2928.507314836752,92.6,0.0041752051462898634,0.0042813257702033125,0.004565893571771689,0.0051401226725759745,0.006150257005470981,0.007650754077877017,0.009167415280853368,0.00972811557066367,0.009939093922590429,0.012937018582327356,0.028899351251339283,0.13543596573053604,0.08175748892666955,0.04498391553435772,0.03664930407826664,0.034508961498589945,0.034111107791674665,0.03415887599744721
4243.6,2932.1167469249986,92.6,0.004089853938902858,0.004189077027133066,0.004455876838058656,0.00499615039632992,0.005954044118729199,0.0074075320478631775,0.008968487913469981,0.009681750350930243,0.00993911488682206,0.012706318077921459,0.027753871663097705,0.1345019360365494,0.08491271672522398,0.044909186850483014,0.03658096546058545,0.03450264093463675,0.03411519692293225,0.03416036776923083
4243.7,2935.714996499417,92.6,0.0040171388492164775,0.004109760852949818,0.004359618787189399,0.0048675201577130225,0.005774324274131717,0.007177109427978559,0.008766800792539284,0.009624499350012713,0.009945266330299254,0.012528942827980935,0.026808482286262134,0.13332500288163104,0.08857973405234601,0.04475778286304907,0.03646775807323278,0.034478718038513594,0.0341157921432803,0.034162536663200745
4243.8,2939.324428587779,92.5,0.004063745543143674,0.004148730813562727,0.004378579650573561,0.004846249078031487,0.005682480182623876,0.006990053664636244,0.008541207720362879,0.009526229078370096,0.009973658623125369,0.012474270972739869,0.02626795202057301,0.13207447423749652,0.093133120067626,0.044810053456043476,0.0363681909397261,0.034445735660130664,0.03411311074621378,0.03416480652661011
4243.9,2942.932599869726,92.4,0.004105684203878445,0.004183659807896811,0.004395437109756343,0.004827696435556187,0.005603800180030976,0.006832532224918888,0.008351090761866109,0.009439766175944334,0.009993068014190327,0.012415319844855404,0.02579077957638069,0.13106943576364513,0.09712378446258553,0.04484348102990831,0.0362759058346698,0.03441088679855323,0.034108370723796244,0.034166665822501184
4244.0,2946.5420319579725,92.4,0.004017116696729934,0.004092021319512831,0.004296187090087385,0.004714945885092331,0.005472745972438385,0.006690069714725063,0.008236651167658454,0.009396780950390876,0.009959082375616789,0.012242613894717747,0.02515876076315435,0.12917942718315517,0.10206870725920325,0.044987159314377786,0.0362075020748414,0.03438017814221993,0.03410327000904984,0.034168028779463566
4244.1,2950.1542473448094,92.4,0.004032595915897542,0.00410329336142427,0.004296950561499133,0.00469606464698591,0.005422471096588708,0.006601278286432493,0.008132874428010532,0.009335933390796431,0.009920340810644244,0.012109576918074716,0.024710249014338957,0.12779902100790455,0.10677102033775125,0.04513016193831297,0.0361403582894128,0.034348550914716676,0.034097813614980314,0.034169462983436726
4244.2,2953.766462731427,92.4,0.004057765578901765,0.0041247745947258704,0.004309424923100405,0.00469217890902458,0.005393211568358416,0.006541261600207316,0.008057722497392124,0.009281282536170134,0.009863367929951367,0.011967964902174437,0.0243381362408252,0.12669825483684513,0.11080751571435175,0.045310088344489,0.03611070386101631,0.034331995647127855,0.03409503153370229,0.03417031667544212
4244.3,2957.379799139774,92.4,0.0042548952432784485,0.0042692197047155935,0.004341656548293024,0.004562707941184373,0.0051043717941627025,0.006261872285488421,0.00831328346198507,0.010302290040505396,0.009945831548516124,0.010001528313021,0.019026654898767148,0.13845747895295538,0.12760910225003327,0.05241152476304036,0.037151959459235134,0.03418902463535589,0.03394081265693583,0.034143049449951925
4244.4,2960.992014526611,92.4,0.004288833026958276,0.004296652243453192,0.004355804660390806,0.00455901623772656,0.005079900347894072,0.006223115621183243,0.008280423204531307,0.010273030143849384,0.009835875042127452,0.00981593254764865,0.018728512780278806,0.1371508595855855,0.13124134870471518,0.05169247163952478,0.036958440484220076,0.0341279842011458,0.033931377835143356,0.03414493648532707
4244.5,2964.614168581781,92.5,0.00420465027336228,0.004214436484643133,0.0042780528705649145,0.00448905742749305,0.005023104287846742,0.006189812324818964,0.008278973293259963,0.010235983413231786,0.009668956059068458,0.009570264956403387,0.018288904158475304,0.13463433831537555,0.13586951595762906,0.05118717148199085,0.03681763141518739,0.03409236558951169,0.033926620457419246,0.0341467487550678
4244.6,2968.226383968502,92.4,0.004404498939983773,0.004401021968274491,0.004437047486149314,0.00460779271849685,0.0050915007221839625,0.006196784294862739,0.008215309163330017,0.010133269482581928,0.009576383210800005,0.009482552976854016,0.018240974694271002,0.13453284955861847,0.1374099978619869,0.050629238830771535,0.0366498787436433,0.03404240453807504,0.03391913603129078,0.03414911540138963
4244.7,2971.839720376849,92.4,0.004468955154975118,0.004461413123383337,0.004489264163998086,0.004648781566266043,0.005119208119030647,0.006206341037535101,0.00818688636232452,0.010027299391081795,0.009427634510257658,0.009336398673671734,0.01806197576598848,0.13378471804165837,0.1400287217415542,0.050069056613563104,0.03646076418198618,0.03398105306785664,0.03390857138605942,0.0341515923993032
4244.8,2975.4519357635827,92.4,0.0045623394334153786,0.004550291712830577,0.004569114156962418,0.0047160593392438785,0.005170727971873782,0.006233049367937955,0.00815714869252832,0.009898195760347823,0.009272218653229577,0.009204148952228255,0.017933776737564872,0.1339482609712796,0.14116761021531654,0.04967122466606302,0.03629646996608364,0.03391489543876124,0.033894168282938925,0.03415343985324551
4244.9,2979.0641511503036,92.4,0.004662892598954941,0.004647714828563056,0.004660621307470493,0.004799762801751345,0.005244438747302611,0.006285228442494243,0.00813966089986502,0.009738098939652858,0.009078694257536773,0.00906352789276643,0.017849218416324614,0.13423599048520196,0.14453072543999734,0.04977357995643088,0.036177436006665974,0.033849166684474796,0.033879825833676075,0.03415554712666178
4245.0,2982.6763665370245,92.4,0.004747798611193337,0.004733157142999379,0.004747977778347123,0.0048908925117075955,0.0053395529197954525,0.006370449323344952,0.008146011923323431,0.009551065968772966,0.008842360758033447,0.008909618127273793,0.017807460559035305,0.13535804280555264,0.14769146371656236,0.04970395304665916,0.03599015987877394,0.03374981762652313,0.03385637131045176,0.03415808494263179
4245.1,2986.2009232466917,92.3,0.005410179508216166,0.005258701795274555,0.0050207058318424815,0.0048698782721600725,0.005070864367704726,0.0060428760236241885,0.00832635532201359,0.010568214659082049,0.008809861760218194,0.007643019635643127,0.014618021026654725,0.14918354458835112,0.13949383630410048,0.05986223296865204,0.03604960267726555,0.032640966524001655,0.033340247299603984,0.03410837323502125
4245.2,2989.715521374528,92.3,0.0054815563903684245,0.005341103254706896,0.005124825198762159,0.005003403708249806,0.0052379617999014525,0.006229855613505182,0.008404356511309725,0.010215096654682192,0.008473033433283669,0.007541332104987724,0.01478162389207589,0.1512704550444497,0.14389994581286733,0.058062311555044474,0.03538181381851084,0.03232809246498029,0.033247096043647575,0.034111340505206034
4245.3,2993.241000065446,92.3,0.0055332821497204275,0.0054128538450306804,0.005235184074306513,0.005164005203153569,0.0054520293052366066,0.0064705005347642725,0.008488612072570477,0.009790976508546137,0.008090126761550579,0.007437222274389282,0.015033255665083492,0.15441023171743246,0.14653221515927406,0.05687378996742634,0.03485735828217867,0.03206216148007258,0.033167611354572156,0.03411373731578059
4245.4,2996.7555981932824,92.3,0.005575103626948709,0.005481648988713726,0.005359285222187877,0.0053566091572656675,0.005712658170635549,0.0067496961382674595,0.008540728266593262,0.009305576016433096,0.007680763502293647,0.007314151085409424,0.015272739268054137,0.1576128381815623,0.1467864247165474,0.05507856337079976,0.03433427097316818,0.031810517916759144,0.033090343080223523,0.03412311420572578
4245.5,3000.2801549029496,92.3,0.005623190388213881,0.005563348004203186,0.005503405697197284,0.005582891416595322,0.00601603068643505,0.007056664297976019,0.008558193564458258,0.008782705916080389,0.0072466962797674275,0.007169090467564243,0.015539884291630977,0.16163061834707446,0.14256248105031663,0.05414130562837616,0.034088772325504155,0.03167210153842769,0.0330423168384166,0.03411544045830265
4245.6,3003.794753030786,92.3,0.005670416653023304,0.005648874012989433,0.005665629679807837,0.005846020331183071,0.0063716702404731625,0.0073955915748520895,0.008520500460973418,0.008211316865066744,0.006778979446219769,0.007008329062655116,0.01593420619215403,0.1652847565718982,0.13637298601904205,0.05531534417523729,0.03427343546223233,0.03170107408161184,0.03304499095090801,0.03411432478759421
4245.7,3007.319309740538,92.3,0.005721782313928229,0.0057408917093249604,0.0058438528218721095,0.006141449330397677,0.0067740991551275215,0.007752546313896684,0.008430032770219887,0.007626075084946097,0.006294464671938165,0.006806172377323744,0.016340541332402647,0.16984794680659293,0.1268177853061137,0.05707389467058925,0.03469293243289143,0.03185056123645747,0.03308430473287458,0.0341165677953341
4245.8,3010.8339078682893,92.3,0.005767300811528623,0.00583278581003295,0.006034564070420924,0.006472374812876324,0.007228666468999976,0.008124543753896967,0.00827810582083528,0.007024966529390506,0.00578854110207812,0.006560058072305671,0.016805098487574107,0.1744091547627681,0.11503271519989706,0.06062203356151331,0.03541326444742979,0.03211934610445188,0.03316287284787618,0.03411314283571234
4245.9,3014.348505996126,92.3,0.005814975376539149,0.005929805762803444,0.006239597778665048,0.006836020558628763,0.007723562366238414,0.008476345477024586,0.008049779791521456,0.00643463260870057,0.0053040399924212805,0.006321613189236313,0.017409413946210147,0.17983978628929845,0.10242859467195511,0.06462993108663462,0.03619527886133096,0.03246770470320853,0.033277042040275394,0.034112086870897645
4246.0,3017.8739846870435,92.3,0.005872455629027139,0.006038751830361277,0.006463637551211161,0.007230013138258355,0.00823674169154453,0.008760848871262366,0.0077420661590645945,0.005876735826878199,0.004865180414958967,0.006106741925120466,0.018205837036812153,0.18534793873587074,0.09024314684622381,0.06888026598925266,0.03700107245430229,0.03278668338757029,0.03337295111118329,0.03411090682924183
4246.1,3021.262494684098,92.3,0.006005818997961747,0.006220672142217333,0.006752375370931708,0.0076653667294440024,0.008717420703859237,0.008895756653690457,0.007347851053211067,0.005379515940166415,0.004514299895823215,0.005973682519634133,0.019221818891011985,0.1902419189177933,0.07954785497015894,0.07342123088208809,0.037867528411564114,0.0330225551735309,0.033424019793563096,0.034104183210291655
4246.2,3024.6410298695932,92.3,0.006175221178685458,0.006434449915057605,0.007061306117868122,0.008089706475366465,0.00911189638342902,0.008882078018092808,0.006928615904464429,0.004958390022323805,0.004239344708862704,0.005916175001882526,0.020564427203507093,0.194286541831261,0.07120781492731634,0.07743260364889389,0.038813859385680785,0.03331040005055066,0.03349350791616443,0.03409869980760337
4246.3,3028.0295398666476,92.3,0.00638440826521203,0.00667877423289485,0.007373927917834288,0.008461098917986633,0.009368039088279722,0.008737401828931199,0.00653810158269767,0.004631480294092191,0.004047716378227344,0.005942803327778175,0.022293912082152877,0.19705042735685388,0.06543024463780048,0.08059723960172516,0.03962038843700722,0.03353767284476705,0.03354138454363309,0.03409404511774168
4246.4,3031.408075052209,92.3,0.0066252750283708785,0.006939559798180874,0.007665288455486924,0.008739291126885205,0.009462293417789501,0.008507215092347545,0.006212738511587364,0.004405380889443212,0.003937069915485626,0.006045832832383958,0.02434264593149417,0.1991091267992508,0.061864925492624616,0.08247357853044328,0.04028607366993902,0.03371427162784002,0.03358162856091206,0.03409140010448682
4246.5,3034.7973080037823,92.3,0.006887371288277441,0.007204207346474476,0.007916114203503258,0.008905210592074874,0.009406852579702547,0.008237052997162148,0.005961700880568801,0.004267698468286325,0.0039004159109978726,0.006225250935541548,0.02675178701068066,0.20122780944951296,0.05913321950409254,0.082922768439489,0.040804156497414514,0.03384965628907989,0.03360422329172258,0.03408725235969053
4246.6,3038.1858180008367,92.3,0.007169833672649058,0.007469366269687716,0.008120416795474865,0.008957236619246998,0.009224596054384518,0.007949951693344637,0.0057802679919849945,0.004210832327251735,0.003936316979611043,0.006489144532589157,0.029513349785132696,0.20312157341404918,0.058361262560201174,0.08223762244569302,0.04088975563258686,0.03384284061214663,0.03359170768850501,0.03408515224190079
4246.7,3041.564353186332,92.2,0.007802388888006179,0.008041594959690562,0.00851958955457435,0.009012286145385594,0.008871937750407854,0.007505013510149623,0.005556281576118203,0.004184446148551449,0.004040697090860586,0.00689996344817186,0.033426802777667526,0.205283469590054,0.05806738717514835,0.08020235596950326,0.04087110404908146,0.03384479880744815,0.033578744503565155,0.034081313098128146
4246.8,3044.9528631833864,92.2,0.008119876910898946,0.008297609222502061,0.008625319143941473,0.008879291672149668,0.008537550391216986,0.007206911684546464,0.0054444575561644485,0.004210359465687091,0.0041584628688977835,0.007282406565169388,0.03723305694226173,0.20642272732972183,0.05831623515056778,0.07568752502947863,0.04045947953640326,0.033729791465661005,0.03353831011245143,0.034078098713035146
4246.9,3048.3313983689477,92.2,0.008449937792572375,0.008546063602801496,0.008688872023030885,0.008682897233789014,0.008157151833867326,0.006895523116846357,0.005342273071137038,0.004263038536248028,0.004313684717966466,0.007721725691773867,0.04124945562040203,0.2065353686828075,0.05890528201298749,0.07102662776936011,0.040015866853830906,0.033657242000884616,0.03351324823092202,0.034078410709593394
4247.0,3051.720631320521,92.1,0.009184296283179471,0.009123458644071547,0.00893365315725042,0.008492929272232273,0.007658230814936616,0.006434543615254257,0.0051477057500138555,0.0043030429671767605,0.004520875570876948,0.008329984695252894,0.04703952243483006,0.20460741801900018,0.05945923043551838,0.06709707413374685,0.03967048287679932,0.03361164391294025,0.03349732630232235,0.03407743895893621
4247.1,3054.9855968639768,92.2,0.009374361957969157,0.009210470165596582,0.008829238805160712,0.008187430561018685,0.00727264125519205,0.006156372746161465,0.00507090731196177,0.004388653137110479,0.004727004376576838,0.008846715953069371,0.051702546263516974,0.2016469183024606,0.05954742207829576,0.06415266907904978,0.03958408716778815,0.033656792610671976,0.03350550757251785,0.034071822484785526
4247.2,3058.251128979914,92.2,0.009981178103168217,0.009621326103341382,0.00888838131476598,0.007886440441380201,0.006785011741372287,0.005741341709483761,0.004898798672414553,0.004469067782700063,0.005021730595337819,0.009591092999540914,0.05758835040456705,0.19683257859921796,0.05977713171776141,0.06237936697640763,0.03965907321801877,0.0337542009751827,0.03353113526378928,0.034070052652855065
4247.3,3061.516661095681,92.2,0.010584643383841992,0.009999192741147375,0.008897187404312131,0.007564734308519647,0.006315501407186791,0.005340475586747741,0.004715899408034612,0.00455493986015496,0.005379241741968857,0.010475732308827148,0.0635388202408949,0.19126980089378556,0.05975758656486268,0.06084643536386234,0.03986179546308744,0.033914643826233604,0.03358342425749688,0.03407123648367022
4247.4,3064.792176322371,92.2,0.01120478147608873,0.010361955029403364,0.008875768175085685,0.007238758728240543,0.005872061280451745,0.004957647304277933,0.004524015650556713,0.004636632637923252,0.005800600664439477,0.011538806666223315,0.0693702637359266,0.18571988051597904,0.060214124243240866,0.059556762148580064,0.03985163381706271,0.03400561485077001,0.03361719112844779,0.034072698079069236
4247.5,3068.057708438308,92.2,0.011643941103410074,0.010597545341927311,0.00882615813392078,0.006976077198112608,0.005523928784477466,0.004633108767451163,0.004319767490808697,0.004673011729220118,0.0062680223116287235,0.012967778609226013,0.07477462344917532,0.18059118631204993,0.061580937640105075,0.056748231295661575,0.03950562409577856,0.03402349578015772,0.03362078229924437,0.034074634872789
4247.6,3071.3232405541908,92.2,0.011456321955143638,0.01053159442348562,0.008851744494598012,0.006973877910944795,0.005416914671155552,0.004421076714719479,0.00406565598652073,0.004557578252963586,0.006884774911538181,0.016314607245125665,0.07463262225959728,0.1801650489385417,0.06429227419026509,0.04334052084459471,0.03649420965045053,0.03418084891958948,0.03395281284203469,0.03414870195248111
4247.7,3074.5882060976464,92.2,0.011627561738314408,0.01059188310809947,0.008760836711096948,0.006786274302059591,0.005212826893808819,0.0042549840212785135,0.003973758711726521,0.004603458221646952,0.007278639112294597,0.017831996280569008,0.08067956611434374,0.17637142020955668,0.06518318038848069,0.042882545581969495,0.03609911342205953,0.03401572905580555,0.03391903928896335,0.03415354166225324
4247.8,3077.8537382135837,92.2,0.01176081159434637,0.010621029642951087,0.008656839725007876,0.006607576069731846,0.005032233601649058,0.004117389053855545,0.003910626383846508,0.004681598843335347,0.0077263618916823835,0.01942115978749557,0.0867237343606775,0.17379489855829655,0.06597309762404834,0.04250905025889154,0.03569416642002432,0.03381555581622999,0.033870636460213974,0.03415739614196852
4247.9,3081.1292534402737,92.2,0.011841768158616869,0.010615289128369605,0.008546401735213604,0.006446043064753077,0.004878925859104728,0.0040070718195110815,0.0038716861913890444,0.004786822614614684,0.008232375359103905,0.021126783570493263,0.09253763460180524,0.17105945370905593,0.06727145903564051,0.04253190642575687,0.03544827289479364,0.03366468998923636,0.033831460212354406,0.03415958244812616
4248.0,3084.3947855561564,92.2,0.011866693872188333,0.010577716198912578,0.008437368895119708,0.006308321951751626,0.004756050527029475,0.003924680479736544,0.0038567266000552923,0.004920445869535197,0.008810587838343487,0.023009164603555423,0.0979668407277013,0.16818626270974057,0.06926798307168638,0.042967023946801804,0.03539789047175121,0.03359786613134234,0.03381383282515622,0.034160659307905614
4248.1,3087.599844057899,92.2,0.011013443847692246,0.010055250435939429,0.00834630986394002,0.006492829189885344,0.00502145872821998,0.0041636120747258285,0.004039718462190357,0.005078835914914009,0.009241238490720564,0.025639146546281234,0.09969529139404802,0.1661414655569755,0.06867359520417554,0.04137653669828847,0.0352757701362525,0.03397835562926345,0.03401706553561489,0.034185645644927855
4248.2,3090.8049025598107,92.1,0.011248588782387317,0.010211895185981541,0.00839332609857177,0.006462812015091495,0.004965156289355485,0.004118668842276084,0.00404031439474782,0.005210554802620239,0.009864088397059566,0.028072884866274687,0.10567226905566066,0.16219799567586698,0.07135850394806648,0.042207093462664096,0.03545661744104402,0.03400808656932564,0.03401924957875593,0.03418411897277449
4248.3,3094.0099610615534,92.1,0.011110146605893375,0.010094841118288556,0.008312148001989927,0.006418585985338558,0.004952900660923831,0.0041382761105745874,0.004109821616027043,0.005408589564967765,0.010525251201925124,0.030303462388742673,0.11026877696356804,0.15925297707072028,0.07304460442854291,0.042695848941906527,0.035583139293836386,0.03404750451149251,0.03402886381343223,0.034183619659593316
4248.4,3097.215019563296,92.1,0.010946941955108728,0.009964383651286665,0.00823388424082278,0.006389572990434785,0.004961850732109885,0.004181958535131354,0.004207856351410777,0.005649588412162904,0.011280650774683394,0.03269884610097604,0.11457471651131203,0.1563677772491828,0.0741163570525163,0.04295988981926177,0.03564022344261686,0.03406651894130744,0.034034860567303364,0.034183757080730154
4248.5,3100.4300623313998,92.1,0.010737467974035223,0.00980656240601799,0.008155280499746296,0.006380828907087644,0.005001231925192816,0.004260556204247498,0.00434558858420845,0.0059432579544966375,0.012117534913896274,0.035114319935742655,0.11887108013944467,0.15345794371177046,0.0731573364563808,0.042627163715645885,0.03555855591931553,0.03406099811991823,0.03404073065210267,0.03418555938442651
4248.6,3103.6351208331425,92.0,0.010798401281453802,0.009862900990954555,0.008207185511303285,0.006433492546101803,0.005063199571590786,0.004347359986976261,0.00449606003917731,0.006284253384858418,0.013148083270806455,0.03810097621492994,0.12378245947640444,0.14875303319726965,0.0714017616946236,0.04219102514969392,0.03544115112964286,0.0340361952801491,0.03403991981606176,0.03418752368587816
4248.7,3106.8401793348853,92.0,0.010471332639650166,0.009627718609434817,0.0081132707053204,0.006462177386996773,0.005171718547096272,0.004514862235863509,0.00474762599790025,0.006743914641513178,0.01422945597291273,0.0403933753377565,0.12770418389692786,0.14510600439162244,0.06848400263059967,0.04134420792159792,0.035253516198061885,0.03401447232468526,0.03404554198381605,0.03419058875873643
4248.8,3110.045237836797,92.0,0.010894854818479894,0.009837472590386668,0.008050041124944228,0.006242590743351052,0.004947240673240808,0.004393128503537156,0.004839351559294428,0.007325418695420197,0.015936265190894926,0.04271694390462659,0.13458479806188978,0.13694037861332298,0.07461415885785667,0.043613969693045665,0.035273871753482795,0.033641694722836485,0.03388339106995524,0.03417753935116281
4248.9,3113.249750280161,92.0,0.010495761953164076,0.009568324299831366,0.007974925481726227,0.0063307663563041605,0.005142002961387954,0.0046731642417497474,0.005247436562173713,0.008013479829146101,0.017162798465139233,0.044783862678537505,0.13941334324543564,0.13185939478601819,0.07187459905726037,0.04268408537070309,0.03506869148639053,0.033622022443766685,0.0338904430503184,0.03418146936304526
4249.0,3116.4548087820203,91.9,0.0104524316701465,0.009573902047738158,0.00805836005110349,0.006486751691386416,0.005357162933187925,0.004957674687201423,0.005665087358198205,0.0087458962385821,0.01858109775063226,0.048045588252332475,0.14451027548283565,0.126489365262868,0.07139480601188011,0.042348983927255175,0.03494415887575056,0.033597801255954116,0.03389373513346085,0.034184730396203775
4249.1,3119.662362366855,91.8,0.009390797742600722,0.008940867508216457,0.008067725938198614,0.0070181425421122655,0.006151862371966483,0.005828797066140895,0.00654028525779163,0.0096088792431861,0.01959208181854206,0.05066265711721719,0.1456611030732065,0.12154178806399443,0.05754296980627636,0.038976971667365044,0.03489852109195418,0.03408228921939675,0.03410241600803002,0.03419948247963371
4249.2,3122.869915951754,91.7,0.009415096611893136,0.009002581790596672,0.008199219613280425,0.00723033091165876,0.006441451927665531,0.006205352371107081,0.0070624855581441935,0.010450690160206109,0.02117854924307489,0.05439621537231273,0.1493747706747643,0.11866956358574275,0.05752909906299227,0.03902753098091322,0.03491025364484273,0.034085874080232795,0.03410414287139114,0.034199808042064905
4249.3,3126.0774695367054,91.6,0.009471561657796328,0.009098068226429628,0.008368539631831174,0.007487136024685449,0.006784420408201992,0.0066457638315811736,0.007661442718465949,0.011380684289393858,0.02286467004648518,0.05860700196023497,0.1518838999735768,0.11700488814811523,0.058133685214372136,0.03920705692590564,0.03494689256231104,0.03409382280172362,0.03410602954364675,0.034199829852540324
4249.4,3129.2850231215402,91.5,0.009551345480634538,0.0092221282002897,0.00857720626982414,0.00779771652284559,0.007196028903443185,0.007168023264978593,0.00835185650642554,0.012397269471435607,0.024625490394416975,0.06321360927954932,0.15275446068686283,0.11589595386637819,0.058960285397036266,0.03941132024545637,0.034983803553844194,0.03410289034614228,0.03410875803582388,0.03420001731977911
4249.5,3132.4925767064915,91.4,0.009660738524386167,0.009379739405388152,0.008828614014690298,0.008165376738749043,0.0076814801990928916,0.007779658541158299,0.009141447388191877,0.013506446817382297,0.02647972470508853,0.06807267130526092,0.15204852428530255,0.11528971017551806,0.05986841951715846,0.03959278854560271,0.035021256972352165,0.03411953082638315,0.034114572500415,0.03420038900291534
4249.6,3135.7001302913905,91.2,0.010542373042202836,0.010124352143342112,0.009364917054199685,0.008542124007865132,0.008034995348828344,0.008255944801520873,0.009836917836730054,0.014357676927108659,0.027611679172362926,0.08050766413927751,0.145442345434219,0.11612120338848039,0.07551310587570818,0.044729657219394724,0.03545039050331532,0.0338898051833511,0.0340198878981836,0.03419580970526782
4249.7,3138.9076838762253,91.0,0.011131834237168787,0.010713951570566075,0.009961381295499961,0.009158020496200278,0.008692286590974412,0.008997859190268728,0.010744505767887014,0.015622184188895053,0.03015115630899748,0.08785491401968054,0.14037584788300733,0.117252568411346,0.07700711076371687,0.04494669682032535,0.03546632407959706,0.033909588903353875,0.03403377006860348,0.03419804953536981
4249.8,3142.1152374611765,90.8,0.010778563827858759,0.010779321576625386,0.01078225112169095,0.010790178732668153,0.010808071176740547,0.010844827474387595,0.011078898815804532,0.015444556104880687,0.0464164486603532,0.08933228226222818,0.09416734256158067,0.0950108155500608,0.09531396394221406,0.09527108771853456,0.0951186101510611,0.09501644616300509,0.09497892748281334,0.09496404755197442
4249.9,3145.3227910460755,90.6,0.011649077466246396,0.011649787021761188,0.01165272732262699,0.011660995295233168,0.011680067206144134,0.011720454624860249,0.012045373874231543,0.017653156971529818,0.052303332345202354,0.08952289102226645,0.09311709762870168,0.09394158096039605,0.09425308401545837,0.09422276647393303,0.09408032254669105,0.09398266885035869,0.09394692041028975,0.09393327713434704
4250.0,3148.5296742682135,90.3,0.01285213844064199,0.012852041303915193,0.01285331670843271,0.012859456521635193,0.012877055701758499,0.01291935394123738,0.013347211028362511,0.020321170483028766,0.058081140851296766,0.08994685084720826,0.09270978121488883,0.09350503651362123,0.09381041764603477,0.09378226203990196,0.09364569137353904,0.09355294148667598,0.0935198874787785,0.09350754920890571
4250.1,3151.8025476235516,89.9,0.014105156882038847,0.014080816483822785,0.014061934408115078,0.01413308001623594,0.014471358629672517,0.015479756337214599,0.018394764298150682,0.027105388004950513,0.04842471284843755,0.07795471917698835,0.0978694129402001,0.10286751594017102,0.09465184398460452,0.07926403445643149,0.06241738356681196,0.04675981297247147,0.03469840330094244,0.03424067040481891
4250.2,3155.064586862988,89.5,0.015919584813784977,0.01586901666215203,0.015800403521408546,0.01581856302878462,0.016136950861041107,0.01722525136526317,0.020527441841782814,0.03025711125545398,0.05219591158182728,0.07994163627995007,0.09822485028850046,0.10259423343198089,0.09414929084818378,0.07866744103412018,0.06178676936689486,0.04615374558474452,0.03465570391745508,0.034238729851478904
4250.3,3158.336589307891,89.0,0.01852391510713165,0.018391279288028906,0.01815610033277863,0.017976358093557115,0.018141128767996294,0.01918410630349906,0.022795523215059975,0.03369853331111321,0.05674744768367763,0.0835622681571772,0.10059338833312419,0.10407639370393558,0.09483861827718387,0.07876940285131782,0.06154510556081096,0.045745704224291105,0.034628733403515854,0.03423757641037664
4250.4,3161.5995021170265,88.6,0.02087839006445633,0.02086693950470624,0.020845401920528132,0.02082343253316539,0.020820702923826265,0.020866980599144186,0.021757371984716483,0.03417188067457753,0.07482437629166895,0.09260543131796592,0.09401288029127734,0.0945959785249577,0.09477810934357793,0.09470159159936484,0.09457123522697446,0.09449909413539063,0.09447386237030009,0.09446164147038554
4250.5,3164.871504562045,88.2,0.02541904491470324,0.024842903401169313,0.023674076410272134,0.022607916939585557,0.022332750609474768,0.02347415638433404,0.028095347656192236,0.04068643856105987,0.06384995888183063,0.08910248729955511,0.1055237041212239,0.10716365454120473,0.09422930216353398,0.07458993918954705,0.055118319385643585,0.03847478803378563,0.03437039437751792,0.03422850005634302
4250.6,3168.1335438014817,87.9,0.03781659853938202,0.03284315799205735,0.026237890188680706,0.021333455616317797,0.01957931433363253,0.02192355316187543,0.0302329803682583,0.04623863519874158,0.07000548329915292,0.09668815992086534,0.12327936243406942,0.11761251251891763,0.06923329025372489,0.041763566039188085,0.035204319693493816,0.034124014653432615,0.034141807366855285,0.03421423265398709
4250.7,3171.4055462465003,87.7,0.03519370158999044,0.03331928401093206,0.03032635156150231,0.027671267934273335,0.026759462491506233,0.02873133496451602,0.034670083038986374,0.046196812022125965,0.06713275839284626,0.09699387702745822,0.11393469610258175,0.08607647467953872,0.04960940807174247,0.03728872112905636,0.03466492789410135,0.034201954645762915,0.03418387180515799,0.034213592069326185
4250.8,3174.668459055636,87.5,0.04915091629105537,0.04185602423606057,0.032985956121385725,0.02704965946959177,0.025455711013554767,0.02886828849777489,0.038040313657441455,0.05268862195925508,0.07320212748759385,0.09640637076864007,0.12049965412901423,0.11493191309147142,0.06946909005195838,0.04210447201724908,0.035192077929971415,0.03406424673620694,0.03412563956455597,0.0342166536786668
4250.9,3177.9404615006547,87.4,0.044438956641283875,0.04203814358989672,0.03836441361289363,0.035250426082307905,0.03419616972696856,0.03615626274014569,0.04189420405470559,0.05289249941340306,0.0717264361660885,0.09574697849397133,0.10652528022694924,0.08165032115590339,0.05043770165353297,0.03810023866833574,0.03485473370970814,0.03420278629930424,0.03417264778636882,0.034211577528047675
4251.0,3181.2124639456733,87.3,0.04754508777293047,0.04584272892406455,0.043087871440975194,0.040623230307722524,0.03978435122085257,0.04152673543319439,0.04667290058362488,0.05652348000752499,0.0721391163538233,0.09037771803036325,0.09970453842513832,0.08539758795995607,0.05667285132277223,0.03747277350215715,0.03452728298864176,0.034211003302797915,0.03420635155553462,0.03421997876223955
4251.1,3184.581751704149,87.2,0.05064052305647062,0.049739289104420964,0.048043603097316805,0.04675420575295671,0.046512019139689,0.047820420433345806,0.05180664030946921,0.060004716110663235,0.07156521734158793,0.08257535744074729,0.08982069005592773,0.09029865674226902,0.08235775067893479,0.06844628075123933,0.053111030970679686,0.03924855691098489,0.03434346965388043,0.03422594288267865
4251.2,3187.96098238585,87.2,0.05513347634177102,0.05414488891249947,0.052475682957400176,0.05089862563039873,0.05035686220811659,0.051683476699835904,0.05564918386626804,0.06299485607829192,0.07331394800478172,0.08311644551742302,0.08459905149870274,0.07115752866342626,0.04957924890584044,0.03590377510038717,0.034355762688311184,0.034214825905876,0.03421344662840054,0.03422100854616077
4251.3,3191.3412930225772,87.1,0.05927554285133722,0.05882118219942032,0.05778340157107869,0.056830000742900635,0.05636646008469324,0.056479609282705366,0.05851639263857701,0.06592296888123558,0.07556388492359456,0.0809214268090212,0.08288313578664284,0.08210005071021183,0.07751022579889373,0.06851571091076972,0.05700130476121886,0.04527261432160266,0.035203357683004144,0.03423412858946704
4251.4,3194.720523704179,87.1,0.06387744738012913,0.06360959367807725,0.06290334675147288,0.06221112677768322,0.06195271748258076,0.062162303741094445,0.06349920705424957,0.06761293389342585,0.0731023374838102,0.07651507979980253,0.07761531634817932,0.07651348786348476,0.0719127660351668,0.062328868018724774,0.0500341111520047,0.03998864270670825,0.03427112974912525,0.03422348882825155
4251.5,3198.09975438588,87.1,0.06848388730020216,0.06820801066560618,0.06754467270482402,0.0666835701297648,0.06607865585419034,0.06606474211254657,0.06712601149481422,0.06979128096786466,0.07344718236309303,0.07665808642994772,0.07832829529782975,0.07732080892360377,0.07166714293716402,0.060201554291344155,0.04615731194543553,0.03506362254971567,0.03422771684188389,0.03422308906533908
4251.6,3201.4789850675807,87.1,0.07230705669011085,0.07221099592861367,0.07197525490066248,0.07161460251446124,0.07126412576088492,0.07111190674760114,0.07127971124012168,0.07171588199331588,0.07213746934620831,0.07207555198131209,0.07088146552550607,0.06774124204917897,0.06190737767608956,0.05341709260521137,0.043525913350395,0.03436764318907909,0.03422370551070933,0.03422307190176296
4251.7,3204.8582157491824,87.1,0.07617461567053856,0.07607736839154677,0.07579054192399248,0.07526259819118246,0.07466157039679988,0.07424777328350268,0.07412580467689778,0.07423811262259487,0.07435258762302652,0.07405123698152034,0.0727009046619235,0.06943300460455033,0.06330719536859587,0.05420524819667268,0.043666612897374085,0.034399065824050064,0.03422389260727272,0.03422308082522469
4251.8,3208.227503507758,87.1,0.07903332844956014,0.07897117888518297,0.07877786978414059,0.07839555334984208,0.07785815718053067,0.07728641016962197,0.07673676193617525,0.07612460152440963,0.07525175804736085,0.07379029955642537,0.07123154509691622,0.06692933446603479,0.060397930692122806,0.051916303935546075,0.042656247277887305,0.03430909216664316,0.03422342754629869,0.034223086912056645
4251.9,3211.6067341894586,87.2,0.08352517451397659,0.08345186268281504,0.08306762541344453,0.08219833432611355,0.08098242291418409,0.07983721563332313,0.07900744933230261,0.07827790865496798,0.07700231352352425,0.07409177124666087,0.06827156247424836,0.05890256910428204,0.04690177928866713,0.034947035129727265,0.03424474558794295,0.03422231035564462,0.03422223207419861,0.03422291020432228
4252.0,3214.985964871176,87.2,0.08152057202120179,0.08149610609771352,0.08139748259217489,0.08116266400094878,0.08074548776597573,0.08012746212920821,0.07926723802082612,0.07805633122527367,0.07631722992407944,0.07378681771792177,0.07011733128653709,0.0649563510409643,0.05816257434540509,0.050122009162490586,0.04172584020190574,0.03429861966514361,0.034223428439341,0.034223094808166286
4252.1,3218.4812903209363,87.2,0.0843068729224738,0.08427961387152916,0.08417130528936892,0.08391514733649914,0.08346128354733641,0.08278860083645857,0.08185170893608726,0.08053719075422058,0.07865962248240299,0.07593822938852246,0.07199091305112966,0.06641645386611308,0.059062720356246906,0.05047423558210484,0.04179310314150345,0.03430209963926266,0.03422346672692284,0.0342230954349611
4252.2,3221.9666884330145,87.3,0.09173873104811149,0.09174709748151275,0.09144699413225042,0.09056619315809486,0.08918257943614562,0.08767302966699912,0.08621307975093587,0.08455108360299171,0.08204222110970745,0.07763761493986032,0.07025757893575925,0.05959636495714105,0.04686387292441063,0.03488565195462568,0.034242934600307584,0.03422238958591122,0.03422237065337408,0.03422294924923395
4252.3,3225.4520865450927,87.3,0.09074918246573464,0.09071402866207397,0.09053322056214463,0.0900837444289063,0.08929953549502692,0.08817004562415533,0.08662475528805642,0.0844786326515138,0.08145112984117689,0.07717557883525313,0.07128815122925873,0.06360569575668493,0.054331320528078646,0.04417066729525747,0.03446557165179906,0.0342256239062062,0.034223005358735854,0.03422308073908243
4252.4,3228.9474119950805,87.4,0.0902406040851546,0.0902270600109247,0.09013402385850068,0.0898786559304065,0.08939878039460407,0.08866711764437836,0.08762777743084857,0.08615174024035976,0.08402827063806473,0.08093454573303446,0.07644589413876358,0.07014901713869341,0.061942664193695623,0.052380696161904196,0.04258247802038085,0.03432918556076272,0.034223636589981545,0.03422309717364016
4252.5,3232.4328101071587,87.4,0.0961756359267601,0.09617851945625103,0.09599980147568378,0.09545651715881352,0.09451291199785973,0.0932556247638487,0.09166034736525487,0.08950381503947655,0.08638341703597426,0.08172339438819572,0.07495782409217414,0.06586306497865049,0.05489936114215622,0.04346904972505521,0.03442569055378391,0.0342254968006184,0.03422289430292176,0.03422306291705591
4252.6,3235.928135556919,87.4,0.0937073953842621,0.09369036106192488,0.09359167970647522,0.09333197345484757,0.09285222436354544,0.0921203526891546,0.09106844742127218,0.08955367542762284,0.08734491517260447,0.08408432984576869,0.07928393420350895,0.07244393697312741,0.06345371566106414,0.05309473883638247,0.04278708241146444,0.03434456491853945,0.0342237693474613,0.03422309827852055
4252.7,3239.4135336691133,87.5,0.09427127077580186,0.09426182254632705,0.0941781514835078,0.09393996086237513,0.09348618240901947,0.09278055224753749,0.09174953636013165,0.09024393202959612,0.08802340602682268,0.0847219009101709,0.079860940268567,0.07298431540955884,0.06401011534353532,0.05358978783753482,0.043016670105938244,0.03435572016861526,0.03422383572268277,0.034223098647619764
4252.8,3242.908859118874,87.5,0.0986879047739187,0.09868767906391405,0.09855401028513906,0.0981436909043224,0.0973937931943309,0.09630111882563547,0.09476902643420056,0.09255097047123706,0.08926008785076234,0.08438975907684496,0.0774649817024159,0.06830078160047343,0.05728299424096244,0.04546255494314015,0.034527479135253655,0.03422681271258006,0.03422297698524178,0.034223075836834746
4252.9,3246.394257230952,87.5,0.09491297773485481,0.09489609760010066,0.09481071144698977,0.09459095851120818,0.09417784331267084,0.09351693119021305,0.09251325515440327,0.0910016328972374,0.0887281920097267,0.08532025134460615,0.08029655645720603,0.07319898351053047,0.06397806041783391,0.053417334808543916,0.042907516515246526,0.03436098434275079,0.03422390819559712,0.03422309937049763
4253.0,3249.8883951789912,87.5,0.09773622696597202,0.09771959928430449,0.09763175511715733,0.09740504932981928,0.09698380929801723,0.09632031241775432,0.09532039168261656,0.09380497138085028,0.09148746878102162,0.08794511852525555,0.08265393174529212,0.07516603442146447,0.06549151014197499,0.05442746440805203,0.043364747151071206,0.034364969763939594,0.034223918721971024,0.034223098285846486
4253.1,3253.4246361209816,87.6,0.09534278612949496,0.09532753933598495,0.09525074259647959,0.09505172812119907,0.09467185846898359,0.09405034126989635,0.09308493046806962,0.09160319395629427,0.08934026955652571,0.08591077477412157,0.08082347723557615,0.07362034858746523,0.0642700583638897,0.05358089960588247,0.04296504682243236,0.03436845059970149,0.034223972581788,0.03422309988604622
4253.2,3256.9596750175147,87.5,0.0986449280490573,0.0986171793045103,0.09852024863857765,0.09830120269899281,0.09790724651762525,0.09727798288549175,0.09630521942547172,0.0947970215975553,0.09245046722089807,0.08882657025261895,0.08338886271924051,0.07569819822191161,0.06580773006136785,0.05457269038402917,0.0434110349142013,0.034367801470570856,0.03422394964820829,0.03422309888834796
4253.3,3260.4947139140477,87.5,0.09914273149377682,0.09911208263472604,0.09901333096769406,0.0987984114327865,0.09841684792599983,0.09780684995847837,0.096857922661286,0.09537444274708157,0.0930464938209026,0.08942441173702874,0.08395647941279219,0.0761900898306591,0.06617874659483801,0.0547945998004926,0.043491635513747406,0.03437339275089553,0.034223993329699574,0.034223099199515696
4253.4,3264.0396821790773,87.4,0.09889197183078603,0.09884644934621163,0.09872209364813525,0.09847610315189863,0.09805634523562842,0.09738975872422419,0.09635502517454698,0.0947546265470912,0.09229267010306152,0.08855672262211847,0.08305475404890883,0.07540183886324876,0.06566486413589474,0.05463795228836754,0.04360548504933038,0.03435099817544302,0.03422386643022536,0.034223099470020675
4253.5,3267.5747210756103,87.4,0.10115353914503736,0.10110290523833805,0.10097536414753822,0.10074021835701087,0.10036010769862219,0.09977658838193913,0.09887796683938715,0.09746130746747965,0.09520049657871292,0.0916127911730206,0.08608275609664476,0.07808399728220505,0.0676382866575429,0.055671012428716186,0.0438058266068166,0.034398848816206064,0.034224154171502305,0.034223100760961606
4253.6,3271.1097599721434,87.3,0.10316056358335966,0.10308461595904506,0.10291778982751022,0.10265395499442576,0.10228391131337018,0.10177294666555389,0.10103135188342786,0.09987664750852221,0.09799507687840822,0.09485958122034217,0.08966643720016881,0.0815603079093545,0.07035570208515075,0.05719934418275401,0.044259834947491555,0.034441124106367044,0.03422447435498919,0.034223104171822956
4253.7,3274.6547282372835,87.3,0.10382794752924539,0.10374766454237158,0.10356982330028448,0.10329217032589409,0.10291937166391393,0.10243355902188833,0.10175408291616546,0.10070045967145483,0.09895890660773582,0.0959920877363146,0.09094794367682714,0.08285457171364032,0.0714107315563215,0.05781906579065327,0.04447422343510659,0.03447129492930055,0.0342247011615261,0.03422310558128879
4253.8,3278.1897671338165,87.2,0.10802983641139748,0.10746859222135556,0.10650088237361532,0.1054735643789289,0.10475615817397316,0.10457569462876695,0.10484734947719618,0.10492521083066711,0.10350272078386177,0.09858672723871484,0.08825393390227823,0.07244821209431969,0.05388836773144774,0.036945163955450895,0.03431947519724859,0.03422329875970415,0.034222159171064824,0.034222962360111714
4253.9,3281.724806030234,87.2,0.10517856802130478,0.10508108901828868,0.10486337785103889,0.10453192763710671,0.10411785643968402,0.10362834584387069,0.1029911069836561,0.10202560000856914,0.1004279909266233,0.0976930113241776,0.09300505364990169,0.08526246337130293,0.07371012597612935,0.059352163812348875,0.04520142142620158,0.03487843330448372,0.03422756071483682,0.03422312439706623
4254.0,3285.2610469722244,87.1,0.10923174519826843,0.1085854477683408,0.10712553395887697,0.10553112079166098,0.10451299080080788,0.10420673081194547,0.10463959604353776,0.10559152228216465,0.10646967215452786,0.10616758123773186,0.103049684005996,0.09527403845661117,0.08189508432835566,0.06488686899635185,0.04801817125800874,0.03463062982746913,0.03422614469942383,0.03422312523599678
4254.1,3288.7904945210835,87.1,0.11052074959998628,0.10975998492928837,0.10789599665693747,0.10594823654210515,0.10483064656634587,0.10451663200466811,0.10498965756473437,0.1060149523197924,0.1069878282957707,0.10679198799177494,0.10378037508975291,0.09612945723840902,0.08294091054057522,0.06608015281753554,0.04910685411264527,0.035465006787995385,0.03423493425195042,0.03422321402399427
4254.2,3292.3199420699425,87.1,0.11386834527370383,0.11211490150482582,0.10882101506490653,0.1053035618971799,0.1028942232652918,0.10233877416978977,0.10392783148365754,0.10730584361218867,0.11126300394775644,0.11299445322490731,0.10831923762620563,0.09463820727011084,0.07399083265501778,0.05235418439071041,0.03535097231972338,0.034262135111667605,0.034222184303591516,0.034223035097711255
4254.3,3295.8493896188015,87.1,0.12130818035092555,0.1185897069639556,0.10813613064167427,0.10382766847405192,0.10353251535438687,0.10370482090986154,0.10428559472936397,0.10508324586254195,0.10567861397262455,0.10546684746238014,0.10365060804321849,0.09932176423343138,0.09184711989329829,0.08163924459335929,0.06986484651961482,0.057461132349443264,0.04521692190330639,0.0355103399144137
4254.4,3299.3699577547586,87.1,0.1282811866621103,0.12210684018115261,0.10620876619458985,0.10326206390454826,0.10334192613216257,0.1037411379522912,0.10458345174106572,0.10583615865863386,0.10733544366526095,0.10883143062309533,0.1100355625344186,0.11070424196953814,0.11077038856187753,0.11049104566948081,0.11023283752219659,0.11010694762377778,0.11003057114167583,0.10997962846850155
4254.5,3302.8994053036176,87.0,0.168663115070336,0.13072110335432582,0.10111875783776299,0.08755018289372976,0.08415555936283137,0.08616931324151474,0.09427502395306814,0.10896674138408324,0.12722657383980968,0.1472943646053444,0.15177656663224823,0.1084981119927227,0.059028999666175766,0.03938822308529003,0.03449357656698714,0.0339098168518926,0.03412834282890475,0.03423061830574787
4254.6,3306.4288528524767,87.0,0.17126033767274026,0.13143106219713382,0.10074822602091776,0.08675590424520002,0.08333469859028557,0.08572153553057936,0.09451168548837936,0.10991842806145495,0.1283449379449264,0.1481286148553005,0.15284746145241132,0.10981143589105478,0.05972006969944016,0.03958659718756654,0.034519686039164894,0.03390290634336966,0.034125578458470855,0.0342311162777584
4254.7,3309.9583004012384,86.9,0.18110829291604694,0.13176006965882844,0.0978310274109292,0.0842869841048728,0.08261244763160218,0.0866048433321604,0.09625761848198876,0.11153360061643683,0.1288907924372718,0.14798022708081418,0.1532152660319271,0.11212617099619918,0.06158554201585427,0.040192629088209884,0.0345934679222662,0.033866241734499786,0.034111635461301075,0.034232639156771376
4254.8,3313.478868537296,86.8,0.18368812149935454,0.13243318981550228,0.0973218599974712,0.08356076444868613,0.08225524241340303,0.08706162252872009,0.09742146853863662,0.1127939111201759,0.13014285033507125,0.14861953141811168,0.1514026808704292,0.11247644986728018,0.06350976125358843,0.04084770409688054,0.034839940543433125,0.03396416088829389,0.0341335157285855,0.034231997510917433
4254.9,3317.0083160860577,86.8,0.1833657806332444,0.13242897793206526,0.0971331598349825,0.08299082716617548,0.08137997917514615,0.08630166086740651,0.09727488313190932,0.11349864333888139,0.13117523825749805,0.14913118584459736,0.15152581035812507,0.1128124067730145,0.06376821685280891,0.040942154208731985,0.034868857995034884,0.03397101656954234,0.03413427346011535,0.03423184203175944
4255.0,3320.5377636349167,86.7,0.2541721734501276,0.11037747918397874,0.06970414731146056,0.06905206254610707,0.08796146674164296,0.09683565755444015,0.09975540906493659,0.11382434668166248,0.12333834767989975,0.13474855868386026,0.16903858705680289,0.14160963655142453,0.059508756027019286,0.03383514532940456,0.028873342540658653,0.03050751281041183,0.03318005263272242,0.03424212961558505
4255.1,3323.989965830565,86.7,0.26079809228264395,0.10741911161901406,0.0666571400104449,0.06654856843135953,0.08753420940292658,0.09821257558176158,0.10050167672064092,0.11399709357513406,0.12375088956542628,0.13563137588172997,0.16911524926172794,0.1416571090036825,0.05932377785897587,0.033550072086588445,0.028523324691544012,0.03022182498572478,0.03306575703230059,0.03422884463363905
4255.2,3327.432203474943,86.7,0.26506059426774775,0.10476904408598359,0.0640610809803147,0.06421876738954839,0.08665976828441645,0.09909423697615691,0.1009512977384414,0.11417082924082042,0.12445985032312616,0.13705736956889372,0.17002803510452186,0.1412190986403981,0.05884844605014052,0.03319529440715782,0.0281705521137905,0.029947647246394003,0.03295606682764092,0.03421546096514204
4255.3,3330.884405670591,86.7,0.2651935443064017,0.10306379866070582,0.06242750365654327,0.06241655171198753,0.08513285745544931,0.09893208186031181,0.10093804940817111,0.11455998278667599,0.12576190516577618,0.13872331866581467,0.17020933756938533,0.1394174028775499,0.058238427273128154,0.032939778147811336,0.027966590561360118,0.02979541594758862,0.03289497561554827,0.03420776703494786
4255.4,3334.3366078663553,86.7,0.26472514762596966,0.10104682177049663,0.0605565245419843,0.060352637114666936,0.08336244478989746,0.0988851487377517,0.10106265209067217,0.11505680797214671,0.12728543785989319,0.14056488247465304,0.16971616684066257,0.1368265977378323,0.057519828361728115,0.03266757209819468,0.02775218469931376,0.029631791143029565,0.03282657086806747,0.03419834644943145
4255.5,3337.7788455106174,86.7,0.23566334370542522,0.11074571970896464,0.06881117491271727,0.06315421529813826,0.07599384273085699,0.09181623601427881,0.10326284296686356,0.11864382034391573,0.13149622181557694,0.14655243318300365,0.16030044693517276,0.12615581893915812,0.06415242656998692,0.03806684975738953,0.031894126324852286,0.032178798969738125,0.03365889945731518,0.03424265414735786
4255.6,3341.2302220476768,86.7,0.2313656453044599,0.10867762462455323,0.06712812945707164,0.06128343024249946,0.07399329020368507,0.09077125140336743,0.10324867737957262,0.12004657371264443,0.13380707800811628,0.1477292495231741,0.1579861537550432,0.1233028642043136,0.06348808305585642,0.037976703123474245,0.03187695019979378,0.032165429737644996,0.03365168393914092,0.034240920850677634
4255.7,3344.682424243325,86.7,0.22527458358099908,0.10664743697571595,0.06557590933277647,0.059400540186874476,0.07168072708922957,0.08930454240541903,0.10314596674611184,0.1218322076846288,0.13666023810509978,0.1489836607621338,0.15522689256860936,0.11993721191658559,0.06268347070462457,0.03788989475647366,0.03189608009806364,0.0321821930848381,0.03365477398990989,0.034239849386210545
4255.8,3348.124661887703,86.7,0.21554191045201776,0.10538817160454805,0.06482894500153905,0.057886261315384865,0.06889242090289982,0.08673539280833822,0.10266036323600228,0.12414226247232205,0.1402343637988002,0.15031496134663844,0.15221433368877157,0.11655747843891832,0.06218619800510742,0.0380561374195559,0.03213886803569755,0.03234629047146081,0.03370503468181718,0.03424142946607711
4255.9,3351.576864083351,86.8,0.17944897334192308,0.11000052980874665,0.07279338963218711,0.061660898420481246,0.06576633254103101,0.07874229291706329,0.09826384832047227,0.12621109450809173,0.14761769562839067,0.15611815459772008,0.14707056209326563,0.10618023508134683,0.06036679450281324,0.039723162617981526,0.033823414241270104,0.03330505858284179,0.03395242092395862,0.03423570907080503
4256.0,3355.0290662791153,86.8,0.15263615758167126,0.10895040239153629,0.07748455619857166,0.06480267771699712,0.0651898817671621,0.07523483359152278,0.09525653328394847,0.12567248810265644,0.15188510392719462,0.16101037608394506,0.1439203868019189,0.10159866618784755,0.06030893008486932,0.04061612745461363,0.03484570837788477,0.03392910558807678,0.03411751132125321,0.03423271835776176
4256.1,3358.365066878549,86.8,0.14385909304971065,0.10475471686188503,0.07518959236727528,0.06276670873484749,0.06300101946472968,0.07328871667387558,0.09449996171934132,0.12743021492364734,0.15565421912474928,0.16361125723230105,0.1434620904834748,0.0999205619004609,0.05941907829064905,0.040403496129728836,0.0348571864062728,0.03396508855284775,0.034127862678079955,0.03423167089718254
4256.2,3361.700482894562,86.8,0.13587028460921785,0.10018315057331745,0.07226694637085311,0.06026620211425573,0.060616764019892265,0.07138566598234959,0.09389735876200579,0.12937626086562165,0.15951367448567869,0.16639415241354372,0.14372901700265223,0.099098215838569,0.05893732551825699,0.04029799022064528,0.0348799433215332,0.03399496685323683,0.034135760346687805,0.0342307478234387
4256.3,3365.036483494168,86.9,0.12674202819815142,0.09445934731854112,0.06852159533402637,0.05706688171899917,0.05745085710535433,0.06846169715698516,0.09230192793302475,0.13181862411972547,0.1647526437045349,0.16891587059006863,0.14392626267586817,0.09753651920369878,0.05745266247099387,0.03984949695196742,0.03471568157354916,0.03392318166843665,0.03411647187851328,0.034229820992802196
4256.4,3368.3724840936575,86.9,0.11848423144939599,0.08915746210423237,0.06494950906302116,0.05413886061394479,0.05483353482994639,0.06647540490459161,0.09173910189468815,0.13408297828922644,0.16902334324988263,0.1712908685461098,0.14336015158985888,0.09629034023595127,0.05695420558171458,0.039781895522307646,0.034748277365333764,0.0339500475702035,0.03412244428062639,0.03422886861665687
4256.5,3371.717883920223,86.9,0.11056237811007238,0.08379205749441165,0.06119542565603358,0.05103070418197574,0.05204270775255315,0.06434395475098598,0.09116318347910103,0.13659328749791083,0.1736220803853387,0.17340695765984562,0.142003084380113,0.0943639858900643,0.056150131205195,0.0396096560069639,0.03474331398326151,0.03396418788655353,0.034126038828676465,0.03422810539699816
4256.6,3375.053884519829,87.0,0.09848939000746039,0.07747811422962057,0.05814939809126021,0.0488501617053214,0.0497078433497289,0.06166675603111111,0.08901043999770705,0.13753668110634928,0.17879966448063914,0.17644441554050655,0.14017961328533948,0.09054385093757537,0.053852311834122674,0.038860338073361485,0.034609027347785176,0.0339778804946451,0.03413559762282179,0.03422693403364296
4256.7,3378.3898851193185,87.0,0.09166397572915651,0.07239936984952387,0.0543733277829767,0.04564878863338214,0.046735220468487416,0.05918931971854886,0.08809106917326318,0.14010132367601916,0.18393878282502532,0.17823960208760808,0.1377239500998405,0.08769441529431649,0.052632884551798736,0.0385327264118188,0.03454062276626332,0.03396885250471488,0.034135030978565704,0.03422682311767538
4256.8,3381.7253011353946,87.0,0.08516777127301374,0.06760984025716138,0.05084335777254793,0.04262049466061448,0.043790819201974675,0.0564964138300359,0.08683928439496824,0.14258951655396634,0.1893505070279,0.18004075943428594,0.13520110026020793,0.08479695440463811,0.05136296185236718,0.03816927319034726,0.03445407105218627,0.033953457063480484,0.034133585890856515,0.03422699658490606
4256.9,3385.061301734884,86.9,0.08330452028772772,0.0644742455174163,0.04720509586553263,0.03901537635204174,0.04034812218546862,0.053831966255424336,0.0867418620009673,0.14683314913770631,0.19422412188262395,0.18053677555971,0.1331447414315984,0.08383588589069513,0.05147651852936345,0.038299339787505535,0.0344543158248726,0.033922517058778,0.034122978952501375,0.03422759451113446
4257.0,3388.3973023343738,86.9,0.07693903016650429,0.06026020775404129,0.044417069070206046,0.036649259940555526,0.03778241878357453,0.05083972509583916,0.08438525313172775,0.14821324550312076,0.19941955346530166,0.1822792598849916,0.1313026593684416,0.08169433666215148,0.05049928336521828,0.03802327797273545,0.03440832837966178,0.03392525990815081,0.034125246555087384,0.034227252568754675
4257.1,3391.629530667878,86.9,0.07116991074125997,0.056353957506279535,0.04180642987093935,0.0344347228459362,0.03535596418602624,0.047868253003125125,0.08171910722199514,0.14917082221239508,0.2044099965624687,0.18365975728513842,0.1297032151966123,0.08001154756077586,0.049745803280553856,0.03781636198315537,0.03438110306261553,0.03393151362811423,0.03412753742027594,0.03422671641608166
4257.2,3394.8617590014983,86.8,0.06929542706060789,0.053940360465184176,0.03920018956812966,0.03180154089608252,0.032549576188521424,0.04491762220321234,0.08011189478335443,0.15204068995436434,0.2088286524020136,0.18331494975935472,0.1279862321267755,0.07948124818266403,0.04988375535545054,0.03793372915878031,0.03440234624214671,0.03391953804538663,0.03412125133347764,0.03422638425362657
4257.3,3398.0936315236977,86.8,0.06414933602836682,0.050536460791688276,0.037008468090552464,0.0299710954587846,0.03047496794815052,0.04205953245681125,0.07677234370732464,0.15192463223695454,0.21356229852298966,0.1840081920220712,0.12649358759287688,0.07816053412054404,0.0492787542060385,0.03776991859111032,0.03439293571415135,0.033932696314678074,0.03412450539161154,0.03422545691039526
4257.4,3401.31586677269,86.8,0.059943074347642476,0.0475695843959792,0.03496050168329271,0.02821112938038773,0.028490663093651315,0.03933615785417209,0.07349139290294147,0.1517824604715997,0.21850432583211551,0.1844046464702621,0.12502854323523604,0.07712400250296854,0.048868321396004034,0.037670518653462534,0.03438878916610202,0.033939370934872926,0.03412544761738893,0.03422465631233227
4257.5,3404.548095106194,86.9,0.05360980466571314,0.043774815184739684,0.033049500338944944,0.026937687043198454,0.027031646950834484,0.03682711044098453,0.06899428186863128,0.14871695061767623,0.22425024732952356,0.18604371158269206,0.1236416284347134,0.07524008829919869,0.04776668382214588,0.03731523820230445,0.03434453967158551,0.03395784495692635,0.03413229205229223,0.034223770062473235
4257.6,3407.7803234396983,86.9,0.05035076383712362,0.041345101617838595,0.031310352504913146,0.02543951755242205,0.025345826984218205,0.03443249242040532,0.06562328506305563,0.14772103287016214,0.22971930580714608,0.18663776130480975,0.12292770304350306,0.07494317861254961,0.04767596196240478,0.03730002092955632,0.034347436842269055,0.03395855256784328,0.034131155866008595,0.03422311781857401
4257.7,3411.0125517732026,87.0,0.04529386124515593,0.038079210790751855,0.029559321158589096,0.024287231607653642,0.02408562038243439,0.03225971626692914,0.06128464721473482,0.14369244027924885,0.23612604107926405,0.1885321925020041,0.12252839037544364,0.0740766223813076,0.047027138588321596,0.03707384337997899,0.03431572946545779,0.03396743236438722,0.034134260918714264,0.03422239641268901
4257.8,3414.244780106823,87.1,0.04355500107706488,0.03592234088716394,0.02718194427335837,0.021866261714267095,0.02146568819049474,0.028996991383338395,0.0573435689522479,0.1459413540601756,0.24701650202878894,0.1787740239430371,0.1220554571421572,0.08193412649148345,0.05102089318890594,0.03785492306298592,0.03408628737299094,0.03371118914402376,0.03405840169196652,0.03422302473343236
4257.9,3417.467015355815,87.2,0.0386531283814185,0.03286060955272436,0.025770123142670947,0.021166404913302402,0.020725573395114813,0.027319731794430212,0.052726776392258444,0.13923422365652596,0.2562737979211057,0.1785657011090138,0.12163857568958308,0.08334798015750004,0.0512435412541475,0.03780003345634007,0.03405746202498486,0.033704009979065294,0.03405674400308407,0.0342227237980326
4258.0,3420.6992436893192,87.4,0.03376881916523474,0.02939513586877518,0.023879481410763632,0.020197327432230478,0.019946347058284457,0.02567226913150581,0.04729001112207208,0.12985047880884423,0.2794295983120247,0.15800867787132358,0.11619607765291329,0.10551564588604102,0.05846123401137523,0.03791474670689716,0.033047165547851816,0.033057975542543805,0.03389888621032793,0.03423436012048053
4258.1,3423.880249819491,87.5,0.030086363285440565,0.02687541972791674,0.022570071678745054,0.01952904582308241,0.019346203390823716,0.02444913569928824,0.043795117685777374,0.12082917742224578,0.2887797781631607,0.1577850854540787,0.11447726014147143,0.10614935888249485,0.05915492347757885,0.03804910137570021,0.03303999683620225,0.03303612079019301,0.033890107952844715,0.03423397025788498
4258.2,3427.061523149421,87.7,0.025366617766124113,0.023552003272451296,0.020922068037640924,0.018969564185089983,0.01912774101160449,0.023644100462210008,0.04014009460820942,0.1078971468289633,0.297447127585587,0.15841762770326726,0.1125424736920191,0.1062866229049955,0.0598469023016808,0.03820824996477177,0.03304538354381509,0.033027157828491055,0.03388430255431248,0.03423402581028686
4258.3,3430.2325324525104,87.8,0.022766365171850357,0.021459231949321145,0.01951559971309877,0.018078029454246813,0.018422478440149253,0.022643215748015862,0.0376181542882504,0.09922949217105977,0.30168887878643297,0.15922004978316237,0.11092150414523232,0.1064494148372388,0.061056498437457404,0.03860312013339139,0.033169038505103825,0.033057110888114735,0.03388534043547227,0.034231478257161434
4258.4,3433.4138057824143,87.9,0.020457258250365772,0.01953442197346561,0.01814436244715068,0.017157982632676354,0.017691501382023352,0.02168068394199227,0.03534234662427681,0.09127721471201043,0.30342127615731823,0.16058566498424692,0.10961807847604892,0.10680992498400543,0.06263388133641598,0.03912555425460695,0.033343911195949004,0.03310791772738554,0.03389097296805521,0.034228347846893326
4258.5,3436.594811912609,87.9,0.019405487257568018,0.018527895365290255,0.017193480006941295,0.01623117697585956,0.016720431559382815,0.02054222976228908,0.03366998421626277,0.08697140564763325,0.3035281334298924,0.16106307243526824,0.10877635150560064,0.10892228188655122,0.06512756496483571,0.03984148260372737,0.03356871918797862,0.03317676533124056,0.033900856055582504,0.034225138200668394
4258.6,3439.7758180426877,87.9,0.018336708132232062,0.017530219926604477,0.016291891260718148,0.01538992637607932,0.015854579345079133,0.019503353664518868,0.032071648846066995,0.08289100943441424,0.30302730093247665,0.16206609500918345,0.10825341975906902,0.11097659154759253,0.06765081488673329,0.04052480155825676,0.033769327855747364,0.03323452273552044,0.03390913000716858,0.03422229094383754
4258.7,3442.947095387897,87.9,0.017246954879402043,0.016531231904858106,0.015424207962418715,0.014620910615735968,0.015091025869094837,0.018578891949559733,0.030568878781478785,0.07899121936683849,0.3024949260514642,0.16336076443133243,0.10831623415706607,0.11401135862094246,0.0702444635976957,0.04110237405986486,0.03390883103456633,0.033269590768970694,0.03391436420537712,0.03422067086913262
4258.8,3446.128101518092,87.9,0.01611367061717493,0.015508037865518435,0.014569897192640999,0.013911074536421862,0.014430571697908647,0.017791351547246353,0.029203221475786155,0.07520044459896945,0.3017400725323394,0.16509506624079115,0.1086404848197759,0.11690822491020725,0.0724584051398612,0.04152133995289663,0.033986136005829594,0.03328204926886049,0.03391563986728652,0.03421992497982894
4258.9,3449.309374847996,87.9,0.01493405922242487,0.014450910307375876,0.013711957358405212,0.01324366829799678,0.013867626581272713,0.017157496855974213,0.028011059407376523,0.07140321783038805,0.30023089910591044,0.16728369367068413,0.10868790524279817,0.11844347316359521,0.07427602777907538,0.04187544764971513,0.034051290651747265,0.033291035995399614,0.0339151796789942,0.03421926266155894
4259.0,3452.480384151085,87.8,0.014392881875330624,0.013902043647569407,0.01315035488143927,0.01266636531255857,0.013265650445033137,0.016510072819730385,0.02726051603333526,0.07000369696083025,0.29953237968821667,0.1684436924468362,0.10800795339825976,0.11728236307200232,0.07569830288648348,0.04234750858552997,0.03418622747759162,0.033323090276328675,0.03391689276351714,0.034217118173792374
4259.1,3455.661657480989,87.8,0.01359690307004704,0.013160935827042163,0.012503675810596483,0.012119199701538767,0.012789473176242001,0.016042858524517582,0.02661226660826317,0.06810472590572435,0.2974078522226436,0.17016560214776993,0.10695981011089963,0.11411889716640684,0.07652149768809166,0.04278806425474342,0.03433430981090758,0.03336099275134609,0.03391843678697087,0.03421435514798691
4259.2,3458.8332343758775,87.8,0.012720318328311822,0.012362109739424051,0.01183943091879842,0.011600151248639804,0.012384559326238135,0.0156840749282872,0.026084362387577782,0.06624991107836137,0.2945481975778967,0.17218879784634974,0.10590307874189375,0.10982109122644082,0.07642232635159033,0.04310191931644839,0.03447061923564278,0.03339843985029679,0.03391942136486094,0.034211391125347074
4259.3,3462.004511721087,87.8,0.011841254182594161,0.011563061700088353,0.011180451199850361,0.011095954714637318,0.012009400772892998,0.015380383143390231,0.025673605541664892,0.06476618679130976,0.29081642971336163,0.1748437692313221,0.1054923757671887,0.10512279475421647,0.074805045853251,0.04307962683449811,0.034530577371975305,0.03341641830055757,0.03391680762816569,0.03420911137725218
4259.4,3465.1760886158886,87.8,0.010971664978659137,0.010766325792513342,0.010512563891541397,0.010575050690371516,0.011617930671643899,0.01508365101259883,0.025374205046578193,0.06379329415407789,0.28638162412214835,0.17780359250722952,0.10589602069216403,0.10123281088278986,0.0722132221177099,0.04270053130403816,0.03448188395753462,0.03339211731102775,0.03390613460484026,0.03420823031248652
4259.5,3468.347365961098,87.7,0.010714411674133477,0.010483318568853702,0.010180596422121203,0.01018172764408449,0.01116870873349363,0.014651540769087527,0.025376296436448117,0.0658105272361388,0.283617140534758,0.17828396238629346,0.1071125815030179,0.09894700620734699,0.06956744775136894,0.04219306377702584,0.034372513233911606,0.033351348678425055,0.033895335823583415,0.0342085369718765
4259.6,3471.5189428559866,87.7,0.01008476404933677,0.009881173776425493,0.009624750152282122,0.009673394033378947,0.010697272950059828,0.014233434869034146,0.02521485725347223,0.06657130686349699,0.2784371257837851,0.180400531589359,0.10966387672049278,0.09887151548465514,0.067595251646579,0.04159055948247132,0.03417981027412176,0.03328249707305781,0.03388162703303797,0.034210512740974405
4259.7,3474.690220201106,87.6,0.00997790952639907,0.009723324402658,0.009371285658311253,0.009301708413168934,0.010209266063610242,0.013707673168027196,0.025264232462342374,0.07015031929318921,0.2745594258327779,0.18056938144229678,0.1121432878602796,0.09842350370078441,0.06574663176526678,0.04112355669643261,0.03405310033716139,0.03324403117572139,0.03387154809420808,0.03421154411017978
4259.8,3477.871792139669,87.6,0.009494583242115677,0.009247501696531959,0.00890390380438754,0.008832954524035715,0.009720179792674408,0.01320731063570108,0.025086921189686532,0.07216910482026374,0.2679944770026724,0.18168350777478431,0.11490183307500151,0.0990229156684725,0.0650894713012522,0.04093849049717957,0.03400687612180885,0.03323040653605998,0.03386895306512026,0.034212111474663964
4259.9,3481.0430694847623,87.5,0.009487128598901677,0.009184282737513752,0.008738775551267713,0.008544449244056928,0.009304249630648463,0.012708643835546308,0.02511111524429289,0.0769938485347563,0.2627477546085431,0.18104476010052292,0.11681408075398235,0.09829931167180907,0.06434434251932557,0.040936849312230635,0.03407657977438105,0.03326339033152291,0.03387471209567979,0.034210993112559374
4260.0,3484.2146463796507,87.5,0.009144806975539675,0.00884547884008194,0.00840183321590796,0.00819932687735989,0.00893078490669162,0.012299264196811916,0.024978788887327085,0.07996120753107101,0.25627676749414907,0.18124605315915138,0.11853710713954467,0.0971865186432044,0.06346741115923796,0.04086527573268498,0.03411360217313499,0.03328242724462374,0.03387706697708676,0.03421005790433298
4260.1,3487.3782045030803,87.5,0.008710644685870989,0.008436996214557714,0.008034929452963455,0.007870454106673924,0.008619267257960356,0.011992040156074425,0.024900678602008827,0.0822750312483844,0.25009609253623005,0.1816765821034684,0.12027530652692611,0.09580523860980023,0.06219809247520786,0.04060357740923809,0.034065777005558254,0.03326715627482166,0.033872073603800616,0.03420996641302222
4260.2,3490.54176262651,87.5,0.008350152881948346,0.008097224688873028,0.0077302482165088875,0.007601281921835615,0.008375097443756887,0.011780410613070488,0.02498359766399698,0.08473266640488013,0.24519555289008071,0.1814076450686343,0.12178091061646147,0.09496859514024092,0.06110735304002436,0.04029451758262155,0.033975414446849365,0.03323489988685238,0.03386444486824208,0.034210611219081304
4260.3,3493.705320749779,87.5,0.00804419083375503,0.007808897315276192,0.007474218383479426,0.007383452459054275,0.008197538086729303,0.011678730097140674,0.02526363229673526,0.086888708695988,0.24130111614806415,0.18096268763333506,0.12279991360228087,0.09403649106861951,0.05998458907269952,0.03992280383601729,0.03384401360411065,0.03318437706026491,0.033852915850962985,0.03421175212052648
4260.4,3496.8688788732084,87.5,0.007844073721940374,0.0076189242167164295,0.007304933984391893,0.00724358302609647,0.008101119689007749,0.011692336967799583,0.025784647101756413,0.08929879884894368,0.23806205297494523,0.18020640161699256,0.12303912853605867,0.09286722458321467,0.05889322853191016,0.03954552375577689,0.033700672320481045,0.033127063455026674,0.03383975804629606,0.03421306373720342
4260.5,3500.032436996594,87.5,0.007716028623886086,0.007499751415923784,0.007205256658710449,0.00717524435450614,0.008087450369589837,0.011824111955270847,0.02650431300813561,0.09150885999299685,0.23585026817319957,0.17870059089448537,0.1220709382749537,0.09206945406538777,0.05860697046060868,0.03948016441195705,0.03368159026083592,0.0331178257194475,0.03383654324818162,0.03421298905305383
4260.6,3503.1959951199074,87.5,0.007634211684449743,0.007431756667040461,0.007165749441710629,0.007179200895493926,0.008164571390289532,0.012082327278231891,0.027398584701373595,0.09355708263530171,0.23428798418551838,0.1767687212589573,0.11996410610846767,0.0909483689483484,0.05872690129617827,0.03965713354388805,0.03378368538650874,0.03315932537241538,0.033843880778186286,0.03421138688527989
4260.7,3506.359553243337,87.5,0.007557844369422718,0.007378832414190013,0.007158554935700801,0.007236782356789786,0.008321017811797601,0.012454064732277483,0.028393317793530652,0.09515680571540273,0.23331151488656388,0.17440792959275084,0.11759996157251801,0.08993617021984329,0.05900268310283821,0.03991087166026306,0.03393354408142943,0.0332268486548136,0.03385832552684447,0.03420947226873754
4260.8,3509.5331001549325,87.4,0.007814124203554894,0.007627244678284905,0.0074002357248670984,0.007491716215132692,0.008648860495980102,0.013042119311034876,0.029962938676305843,0.09933663257119957,0.23325402999636527,0.17119523087900052,0.1142954929483429,0.0883078419160464,0.059369744621999045,0.040301072163100624,0.03415690453102042,0.033323060397069615,0.033878039843341354,0.03420651863734762
4260.9,3512.697148195063,87.4,0.007815340365355061,0.007656333032289799,0.007486004004785475,0.007664082591152404,0.00896604378928233,0.013683550762341483,0.03144704253247768,0.10119568547817717,0.23327843936861523,0.1682751651595217,0.11173947334789609,0.08809424006741383,0.0603443598356924,0.04071640215416821,0.034335240068908895,0.0333969411234594,0.0338940201408011,0.03420450756984723
4261.0,3515.8607063183767,87.4,0.00783757348748048,0.0077092451178164476,0.007603045049572695,0.007882882997880432,0.009360243997731195,0.014470188294955092,0.03319566255920694,0.10303392109785739,0.23301758244725604,0.16608221012864824,0.10961354338439867,0.08746634838541799,0.06093769515147106,0.04104563769904228,0.03449114539709301,0.03346210444895382,0.033907912682858705,0.03420271704525656
4261.1,3519.0397785100586,87.3,0.007988090420993658,0.007879874963839056,0.007821491191276595,0.008191428369436017,0.009852365322920961,0.015417756641012498,0.0353340499231357,0.10592724785921241,0.23297290856901187,0.1628843513043077,0.10757856364042309,0.08793719365718149,0.062239023388384995,0.04147986726699857,0.03464065827860961,0.0335187420593277,0.03392043509114262,0.034201383389548964
4261.2,3522.2196212735084,87.2,0.008182839265018197,0.008095118289375123,0.008087633679944905,0.008558307700929241,0.010431790929099048,0.016527841189143896,0.03777650537697192,0.10905774551637502,0.23264516633538634,0.16032338216929565,0.1062174824873509,0.08842635352647614,0.06291934334157595,0.04161453266919011,0.03466878165613355,0.03353153605189539,0.03392489903582516,0.034201560655424165
4261.3,3525.3994640368423,87.2,0.008092634012339743,0.008060999292436881,0.008170763129606526,0.008826463484371109,0.011004216427524093,0.017696863322918407,0.03989846480686888,0.10988627163807232,0.23230187086836174,0.15848781494103226,0.10509678402878558,0.08869820337700637,0.06322126945143124,0.04160226666920827,0.03465427360841798,0.0335341147911051,0.0339282159489449,0.03420216391150014
4261.4,3528.5785362285947,87.1,0.03422309704591167,0.03422309704591167,0.03422309704591167,0.03422309704591167,0.03422309704591167,0.03422309704591167,0.03422309704591167,0.03422309704591167,0.03422309704591167,0.03422309704591167,0.03422309704591167,0.03422309704591167,0.03422309704591167,0.03422309704591167,0.03422309704591167,0.03422309704591167,0.03422309704591167,0.03422309704591167
