fid,dist,dtm,cond_1,cond_2,cond_3,cond_4,cond_5,cond_6,cond_7,cond_8,cond_9,cond_10,cond_11,cond_12,cond_13,cond_14,cond_15,cond_16,cond_17,cond_18,cond_19,cond_20,cond_21,cond_22,cond_23,cond_24
4148.0,0.0,103.8,0.00857995245322638,0.008231211779108275,0.007567241539856411,0.006718727808563341,0.005860616913332448,0.005149574139215869,0.004703044125851403,0.00463505377748242,0.005159636710156797,0.006869891909317,0.011734813264634021,0.027373927910907998,0.08133950920487684,0.16923622377015782,0.15063280881651084,0.11152599166356762,0.08754508256562797,0.07374292088199813,0.06565486449637747,0.0609868928431531,0.05835345224319798,0.05668523599351639,0.055405358684209885,0.05467215593060024
4148.1,2.8188827572434962,104.2,0.008296265026800267,0.00797057751831212,0.007346686450820455,0.0065427880770656845,0.005721813136867808,0.0050334938516850905,0.004592338698225813,0.004508342242556096,0.004981597060149421,0.006558137719768997,0.011040193957933916,0.02543476349920298,0.0763237231289279,0.1685794162569316,0.15250815379347052,0.11227493055790162,0.0876306643769358,0.0735395549522549,0.06533801742800519,0.060638253635494105,0.05801339340981575,0.05637247522738829,0.05512040891138567,0.054401618796268356
4148.2,5.647345237221441,104.4,0.008317948203857443,0.007982024159859928,0.007339958872957376,0.006515131064299516,0.0056749571963576285,0.0049702707400388286,0.004512993216005837,0.004406994182951704,0.004839827671627728,0.006325313077231233,0.010561688043231092,0.024185127625198196,0.07318428856718896,0.16840594850898125,0.15363797366056237,0.11237954953436297,0.0872108741970399,0.0729075949477182,0.0646366162180712,0.059935709411972383,0.057345933244205574,0.05575865947228134,0.054558098854881665,0.053866485523097675
4148.3,8.466227994576442,104.6,0.008280962331767743,0.007943455258216747,0.007298436569692974,0.0064699101493126175,0.005625562725570324,0.004915513785787694,0.004449608334814813,0.0043273656282156615,0.004726207208516061,0.006131395761284778,0.010144515177958637,0.02304140682378431,0.07012635478862318,0.16825820217565338,0.1548589054282397,0.11242453399004043,0.0866655795385285,0.0721382364741512,0.0638088270375215,0.059122047913419185,0.05657932787918636,0.05505453082764356,0.0539123466090007,0.05325157201054883
4148.4,11.29469047428768,104.7,0.008352684816780188,0.008002344828256973,0.007334885373642542,0.006481049859414363,0.005614378442238128,0.004886953293950283,0.004406786486053355,0.004268820619774422,0.004642033271968405,0.005991362711724644,0.009852937992020876,0.022258911540448026,0.06802489540943923,0.16829336841244594,0.1557268227653319,0.11230011904498816,0.0860643221089315,0.07135155089521657,0.06297035564388095,0.05829582399734983,0.05579801555648661,0.0543350419243181,0.05325178576324508,0.05262252602450335
4148.5,14.123152954265626,104.7,0.00854447858321247,0.008168001384473754,0.0074553705090514575,0.006551504721373751,0.005642184285273959,0.004884151646179861,0.004383448573438331,0.004229780154243772,0.0045849001509401495,0.0059007355639770515,0.009676335354472982,0.021809733844954406,0.06687298948159677,0.16878988522531127,0.15653889782478034,0.11228032142042065,0.08565213655887517,0.0707762729742117,0.062340394650650534,0.0576675050118954,0.055201484739821706,0.05378539315352933,0.05274723865335798,0.05214209864752182
4148.6,16.942035711620626,104.7,0.008640000386644532,0.008250130519477813,0.007514659942388352,0.006585892493987947,0.005655643795272275,0.004882639061138079,0.0043715505731444435,0.004208996177779016,0.004552008778817913,0.005842244432797094,0.009544904753802914,0.021419849698895325,0.06567449393570567,0.16874950872995212,0.15711532237983653,0.11215908527831123,0.08518208807019331,0.0701633772406908,0.061682794499759636,0.05701535908250475,0.05458184403517704,0.05321306212508626,0.05222108106454439,0.05164096368464401
4148.7,19.77049819159857,104.7,0.008656108457985624,0.008263803416414585,0.0075244443603438745,0.006591723817583703,0.0056583065204650436,0.004882900438051344,0.004369523815111611,0.004203597136946207,0.004539559741451934,0.005811196977690552,0.0094529552504382,0.0210835823782166,0.06443024438581266,0.16823927830802884,0.1579866812140038,0.11257609695476843,0.08529560381793412,0.07013476808403066,0.06159115056925876,0.056901364528249745,0.05446647726130845,0.05310611940497566,0.0521237882151146,0.05154881623319559
4148.8,22.598960671309808,104.6,0.008778644578740183,0.008371154154279348,0.007606261625007847,0.006646250805475336,0.005690644677195861,0.004900501516823978,0.004378836996338993,0.004208997676875852,0.0045435499280761715,0.005814305889802078,0.009449182389864074,0.02102563733131455,0.06406768132514684,0.16808784413822841,0.15850986148483823,0.11285269752054104,0.08540950443714179,0.07017232538553347,0.061590573494405894,0.05688324961504054,0.05444314926899701,0.05308388153987271,0.05210404122498365,0.051530381846044304
4148.9,25.41784342893242,104.5,0.008840267707448479,0.008425570184505822,0.007648880019152191,0.006676691233043202,0.005711657142698694,0.004915777939081862,0.004391584160333829,0.004221672051625823,0.00455823009385878,0.005832939481211051,0.009470576164890908,0.021013447542685783,0.06374121663552766,0.1675574945432684,0.15905259269831246,0.11332916228504462,0.08573743444173439,0.07041224995409076,0.061780419126940406,0.05704529443293483,0.05458930779062244,0.05321867333950413,0.052229239177377915,0.051650186131649393
4149.0,28.24630590864366,104.4,0.008853159528128499,0.008437569217613173,0.007659874094022796,0.006687278540781921,0.005722667835719424,0.004927935071508935,0.004405542706022866,0.004238316705494427,0.004579090497125957,0.005860479778421343,0.009505554618840452,0.021021374203511294,0.06339176429601884,0.1666242310587443,0.15957935016751185,0.11401141686951662,0.08634042915522927,0.07094669705342833,0.06226104198001274,0.05748393072752452,0.05499358304869802,0.05359096487750067,0.05257307114215981,0.051978460762836784
4149.1,31.16692228195049,104.3,0.008955849053163826,0.008527638582365446,0.007729135548565308,0.006734933948495338,0.005753560034299143,0.0049487539524440596,0.004422349023244995,0.004256279023824987,0.004604030630113088,0.005902806297072051,0.009590586767667655,0.02121071572012542,0.06366884934676192,0.1660611559495419,0.1598663770042277,0.1145767821241024,0.08690853507701293,0.07148342934451551,0.06275988312639495,0.057946493660989605,0.05542243402285645,0.053986075903750125,0.05293748146780358,0.05232617645801772
4149.2,34.07788432236525,104.3,0.008838558771696703,0.008425828835589037,0.007654167126085947,0.006689774684468521,0.0057339836501221365,0.004947755703644893,0.004433847272897459,0.004276694207547931,0.004632526568968929,0.005940931924160947,0.009638393769662204,0.021225632794071244,0.06323473030456557,0.16464144114125834,0.16040546032679476,0.11545334576152468,0.08771469600453023,0.07221221397474116,0.06342699538333867,0.05856348431280875,0.05599462065454713,0.05451319634867733,0.05342356834504808,0.052789872486895435
4149.3,36.99850069567208,104.2,0.008867426373223474,0.008451502947507275,0.0076751538871356745,0.00670679760206748,0.0057491703503086125,0.004963593122736144,0.0044528765814517484,0.004302192174916335,0.0046704501877251016,0.006004947026117421,0.009764202030378866,0.021502305636071535,0.06364161496341783,0.16369005652266427,0.1605737074722792,0.11618147091611791,0.08850630045913033,0.07297478173937329,0.0641410096755,0.059228335802077654,0.05661175772179754,0.055080994992760875,0.05394665260464999,0.05328869107943587
4149.4,39.919117068866505,104.2,0.008672467063464076,0.008281945533340078,0.007549675545424323,0.006630440476415067,0.005715227878961677,0.004960752539243963,0.00447131472999115,0.004336343115935401,0.004719810834909714,0.00607479181482935,0.009864606279510774,0.021607819602198517,0.06326607354621366,0.16171971758970238,0.16100879101606877,0.11729247827956003,0.08960718369300051,0.07398741893337395,0.06506717752706082,0.06008116805911844,0.05739967942566699,0.055804870374787846,0.05461332811362059,0.05392442500947634
4149.5,42.83007910903811,104.1,0.00861818330674344,0.008236180310371332,0.007519383170945783,0.006618436899107086,0.00572038488654334,0.004980372769951113,0.004503709534202432,0.004382952545787451,0.004787967307317856,0.006184551653510726,0.010068271887695086,0.0220292888752061,0.06387648495546272,0.1603395827764526,0.16097707908460446,0.1181191956884526,0.09052119992891322,0.0748420612251331,0.06584716466490181,0.06079787316097762,0.05806200566762975,0.05641319844826097,0.05517320847435782,0.054458085364115415
4149.6,45.75069548258729,104.0,0.008527338523878204,0.008159553461002297,0.007468045781535032,0.006596295297342168,0.005724865334641011,0.005006342086123223,0.004547472654065762,0.004444969328866713,0.004875816605109443,0.006320052090081016,0.010306694210766925,0.02248625923392753,0.06438650749056339,0.1588665479037405,0.1610474880781844,0.11899370719006337,0.09141700849263941,0.07563160909135379,0.06653819267870358,0.0614197299482585,0.05863270337498974,0.05693746919755501,0.0556561073061626,0.05491831769784027
4149.7,48.67131185578172,103.9,0.008392781398399423,0.008046222439207211,0.007392027082741429,0.0065626978371408655,0.00572903218342957,0.005039827795934256,0.00460370834739072,0.004522761058943546,0.004982412794610322,0.006478021685668816,0.01057187621675216,0.022964859064349225,0.0648450130752683,0.15723848267901724,0.16087987570603535,0.11963955445054565,0.09211178487663475,0.07625602468658968,0.06709788976406333,0.06193275306512231,0.059107093375328774,0.05737321751705262,0.056057184361327034,0.05530068125086415
4149.8,51.5822738960657,103.8,0.00826184048174822,0.007938401643872604,0.007324854356749649,0.006541727444380053,0.005749084888397234,0.005091532053823851,0.004679819669592001,0.004622065639236006,0.00511305613386397,0.006664558442005395,0.010873238327876322,0.023488731732784734,0.06536009769246137,0.15578159573138126,0.1606708211353994,0.12016987009727956,0.09265202770805188,0.07670051245354173,0.0674709714043271,0.062264640895362,0.059412423727619464,0.0576543381954367,0.056316776206396114,0.0555486244430231
4149.9,54.50550840582072,103.7,0.008122872348992215,0.007826309534261333,0.007260092136236669,0.0065309026236974495,0.00578613296064041,0.005165170637068348,0.0047809882785378914,0.00474851535536267,0.005272656003778378,0.006881608137891219,0.011202565972827769,0.024015875245516845,0.06581037953781091,0.15440230319851037,0.1604080205955388,0.12064900156691345,0.0931585290868456,0.07711436081647899,0.06781280399928499,0.06256746550580466,0.0596904718926123,0.05791062693553332,0.056553765436614646,0.05577489010066243
4150.0,57.4261247793699,103.5,0.008156492682549048,0.007871853023930673,0.007326569074096192,0.006621029430140448,0.005897158807025607,0.005292915009394356,0.004924135409398166,0.0049119809834175686,0.005471827578709001,0.007152346162175972,0.011627136611199417,0.024766781172729686,0.06689311642282966,0.15388227713033445,0.15993683104356055,0.12083456590919278,0.09346273029757789,0.07738942368626968,0.06805565807498902,0.06279379701106022,0.05990471055620007,0.058109446956007844,0.05673663594860892,0.0559488870524583
4150.1,60.41297931210235,103.4,0.008062950255272854,0.00780830094101409,0.007316336689782234,0.006672333108570553,0.006003646311044999,0.005441653821185472,0.005104441960670096,0.005121073713580209,0.005718178068435367,0.007459626489930141,0.012037572275882199,0.025304071585597037,0.06720845603021189,0.15289590807479186,0.1596990821766975,0.12130064149624648,0.09405387974825245,0.07796273484626703,0.06860250710651006,0.06331813547269732,0.06040000291916218,0.05856597593961519,0.05715535233216775,0.05634716312659409
4150.2,63.399833844949,103.3,0.007951062113767995,0.007731965859576668,0.007304174862291361,0.006735896260154714,0.0061368304705272,0.005629048937515423,0.005331687685900453,0.005381827448640889,0.0060173750487677626,0.007814361246337288,0.012469638207754225,0.02577422773440331,0.067295295121753,0.15195788289860868,0.15956416275575755,0.12198669131846088,0.09492856332676941,0.07880817787774097,0.06938796343173899,0.06405121833046414,0.06108241402305828,0.059192085166028564,0.0577297337800829,0.05689365453091496
4150.3,66.39649865748268,103.1,0.008049598596009875,0.007849588003521838,0.007456160679729682,0.006928200281018826,0.00636578678219652,0.00588639384377585,0.005611177138801104,0.0056843130595719245,0.006354333743537643,0.008212016863210145,0.01297467497046487,0.026449415293357047,0.06808825339873592,0.15183978465019646,0.15890523996079625,0.12210441528257562,0.09543916934538968,0.07943542587032987,0.07003672398158112,0.06468619285714154,0.061681712578760144,0.059741552467935145,0.05823218815336556,0.05737129012666673
4150.4,69.38335319032933,103.0,0.007955491088051948,0.0077953659869047665,0.00747568699923466,0.007038023990519546,0.0065619569780112335,0.00615114792033491,0.005923985454395766,0.0060304543050157785,0.0067279633721630885,0.00861259799992611,0.013388405737834386,0.02677932499798523,0.06798240913449853,0.15104569556932834,0.15849644002388724,0.1227069958426507,0.0965144022499823,0.08062786280419398,0.07121145653954425,0.06579899575624693,0.0627134464955079,0.06068241115795692,0.059092315058652235,0.05818956316631988
4150.5,72.37020772306178,102.8,0.008100520026639375,0.007960893255087241,0.00767873574913438,0.00728623662691734,0.0068518172600083825,0.0064717090277367755,0.00626354245133616,0.006382390048127397,0.007094164833807894,0.009005765695651705,0.013838007474100668,0.027358986452171056,0.06884234967060253,0.1511481235404039,0.1576087574711825,0.12287973494205269,0.09739457119856616,0.08176207072126339,0.07238455861975507,0.06692549419824291,0.06375830243419194,0.06163210691541752,0.05995885845782422,0.05901351532940166
4150.6,75.35706225590843,102.7,0.008057704759687619,0.007953891380110054,0.007739460909419959,0.007432696196628427,0.0070827879884199476,0.006769591943735123,0.006603291702919049,0.006740700367238903,0.0074542020321180505,0.009355751402888997,0.014163053579311852,0.027627550747839402,0.06898835648937755,0.1505999560177257,0.15677598839764975,0.12321994258510437,0.09849564213809885,0.08314740862583402,0.07380739898409072,0.068282185592303,0.06500895842055374,0.0627650483911501,0.06099163793380587,0.059995489746676144
4150.7,78.34391678875508,102.5,0.008288932051002146,0.008197229006893531,0.008004337969210554,0.007722190685796643,0.007392069152144473,0.007087966891920444,0.006919088058023933,0.007046592434701805,0.007751611014049599,0.009660966163400803,0.014528338187248418,0.028225709849705023,0.0702200325744082,0.15082941341242861,0.15566368354283627,0.12326306086575796,0.09939393440650307,0.08440426219425363,0.0751471937751628,0.06957842387951312,0.0662078512875242,0.06384948879398236,0.06197847303160426,0.060933248230412566
4150.8,81.34058160146901,102.4,0.00833422608785841,0.008264442107604766,0.008113221696896142,0.00788419431089354,0.007606044002564751,0.007340720609947049,0.007191065957588757,0.007319677186091722,0.008015423284288021,0.009917544486300257,0.014803121694374453,0.028610852981838922,0.07086205524898309,0.15029407761426167,0.15442131183412172,0.12316592418200378,0.10011324842342599,0.08549129933879311,0.07633469786100722,0.07073325112428043,0.0672731201003828,0.06480956191032583,0.06285094448820405,0.06176205522399119
4150.9,84.32743613431566,102.2,0.008682449640646175,0.008606348944312154,0.008440286525648003,0.008186909312679923,0.007876277557584455,0.007574590656555398,0.007391276929528627,0.007497018312146537,0.008191541412863655,0.010136224821502154,0.015173586314067905,0.029455083696163918,0.07277603299331772,0.15048899840265823,0.1526946996667676,0.12232653520448071,0.10004024952004524,0.08582399202331034,0.07683789626059455,0.07127265526677302,0.0677820493169808,0.06526641767450296,0.06326311436873099,0.06215303488819543
4151.0,87.31429066704811,102.0,0.00906930952565445,0.008976701437709811,0.008776095910548396,0.008472800537507342,0.008104314970009945,0.0077473993017023995,0.007522093252922108,0.00760805690397762,0.008315360974482378,0.010329893176726885,0.015573353579843352,0.030451387142223573,0.07502026859237264,0.1507174227817957,0.15088778949672513,0.12118946613838215,0.09949603650436406,0.08560188123912843,0.0767718990272406,0.07126826490951436,0.06779067560716986,0.06527143935361604,0.06326427879332057,0.062153552491471246
4151.1,90.32470592074378,101.8,0.009332578254473539,0.00922591124173278,0.008996830649394981,0.008654190116600605,0.00824285253323848,0.007848702618136512,0.007599991177702486,0.0076830550962743984,0.008417095057651218,0.010512611073986874,0.015970864885675604,0.03144220551186808,0.07714833584399297,0.15078767611345836,0.1491293338472183,0.1197651180552523,0.09835425303929285,0.08461547600741703,0.07589767994011318,0.07048469844305481,0.0670823801383421,0.06462993517424104,0.06267769103454872,0.06159546897882162
4151.2,93.3339749349469,101.5,0.009899289298957314,0.009744926106714203,0.009422732598063649,0.008957573829206561,0.008420413372717315,0.00792357298038155,0.007613079950264134,0.007683603704422809,0.008463512533100322,0.010698247810503578,0.016515753504373128,0.0329622065370518,0.08054942590837459,0.1515871629755758,0.14732086171154993,0.11803547281669108,0.09675812101117849,0.08309837402772174,0.07447880465661558,0.06918216106855767,0.06589869286620818,0.0635596044017022,0.061700309486822806,0.0606656846364521
4151.3,96.33445822951361,101.3,0.010241293162479223,0.010050367665018566,0.009659420513217089,0.00910858223503001,0.008489905896700352,0.00793396960782779,0.007596840183104447,0.007677434068613979,0.008512806080987145,0.010883133048430435,0.01703454462734523,0.034356171931991156,0.08343845244840922,0.15200111643566236,0.14592510305682288,0.11680596365517704,0.09561262928480219,0.08195517826835227,0.07336068996598133,0.06812836270950423,0.06493094859072583,0.06268298308835314,0.060900473746942255,0.05990494974163819
4151.4,99.34372724371673,101.1,0.010613110901857433,0.010374255044303579,0.009895521620529287,0.009239374322897636,0.008525323339417436,0.00790461975969242,0.007542226241178246,0.00763946743526931,0.008542633302820814,0.011073091104005808,0.017615076940858898,0.035938952841471014,0.0866141900509726,0.152700600017536,0.1451553758590424,0.11621079386805,0.09501060909908603,0.0812643883553659,0.07262715261002609,0.0674146142961222,0.06427181360423757,0.062087316043197074,0.060357916736088875,0.05938908747399312
4151.5,102.3541424974124,100.9,0.010984717121229764,0.010688754677757898,0.01010841469440863,0.00933535908390817,0.008520991123586142,0.007837019764268371,0.007454494595008264,0.0075751408963350714,0.008555571475400986,0.011264862517616568,0.018241797246204935,0.037649339883562616,0.08982732010406343,0.15343340388642374,0.14514175923590078,0.11673292438232957,0.09564218694068838,0.08178180220296627,0.07301535341257653,0.06772705794654639,0.0645479092712636,0.06233996265425855,0.06059126404535891,0.05961166780440469
4151.6,105.36341151172074,100.8,0.011122909878877277,0.01078789751480018,0.010141376551242011,0.009297821240924329,0.00843027040424286,0.00772158620158767,0.007344273049855824,0.007500345302529058,0.008558263502204615,0.011433898820107456,0.018806872045202757,0.03915384379644534,0.0923761562981752,0.15413205325300833,0.14618808211000722,0.11857259765211489,0.09759230223988129,0.08353457667308702,0.07453750690824358,0.06907981490202499,0.06577592312960351,0.06345722383657983,0.061615043601837054,0.06058618641155985
4151.7,108.37382676541641,100.7,0.011287868321422975,0.010905623899543908,0.010180153465950472,0.009253956980873085,0.00832479859132246,0.007586632553968392,0.0072119741712683315,0.00740234577637397,0.00853953023381301,0.011593051964842753,0.019402934251537725,0.040780391031682406,0.09501084756521463,0.1547813157573299,0.14719183201432914,0.12041812722396499,0.09964640697122966,0.08547088549980732,0.07628071581647032,0.07065764828984712,0.06721349727110136,0.06476193419102001,0.06280765821640687,0.06172054798118729
4151.8,111.3731600246238,100.6,0.011485469249839429,0.011048518695640061,0.010232959188157982,0.009214218171254156,0.008216947891968685,0.007445258068891159,0.00706986413663296,0.007290820291191467,0.008503958948387602,0.011737686787836247,0.020010829281480434,0.04250464932042151,0.09780697261913453,0.15534310883156613,0.1481477097868921,0.12228355158669067,0.10178743831991023,0.08754066080883285,0.07817838172614351,0.07239115463953828,0.06879579853508713,0.06619523664440254,0.06411526837356916,0.06296329546518066
4151.9,114.38357527842774,100.6,0.011454470868986573,0.010990574460625388,0.010133725705400057,0.009077815198326832,0.008060110879038806,0.007287296496299369,0.006927436295064087,0.007180836771048692,0.008457078994991025,0.011834929786943208,0.020479832474824714,0.04383029765334723,0.09966326102053688,0.15547013938538293,0.1484135720186789,0.12307192224750407,0.10278503166682805,0.08856434440261499,0.07915178611724398,0.07329553774330673,0.06962226622227778,0.06694224587437593,0.06479510588399108,0.06360915198550182
4152.0,117.39284429263085,100.6,0.011472921648690083,0.010977314758087662,0.010071090879824633,0.008968902275276457,0.007922048678176996,0.007139876909840814,0.006787114778571237,0.007063246312769312,0.008389821906166698,0.011894437647681244,0.020892767141339915,0.04510648753192414,0.10156024655432055,0.15559779349335578,0.1481590734552846,0.12309555651438053,0.10301730881846055,0.0889081102494068,0.07953179727000245,0.0736695993842888,0.06996999488728078,0.06725476816286464,0.06507849524786298,0.06387800877317128
4152.1,120.40523536951362,100.6,0.011429888402316261,0.010913466284488372,0.009975676741319507,0.008845307448690658,0.007782282413658223,0.006996464997002743,0.006649252866014963,0.006938915598483451,0.008295516167416032,0.011885105573056057,0.02115430528528333,0.046110684506358364,0.10321068139613199,0.1554415711339777,0.14690501683470125,0.12173482529119184,0.10182672820329658,0.08794160586974212,0.07873890388269092,0.07298532246588173,0.06935626629406551,0.06669798895177752,0.06456856072632938,0.0633929442556846
4152.2,123.42761853514894,100.7,0.011238672561494327,0.010725454003514994,0.00979479391365649,0.008675196304987916,0.0076247328688714726,0.006850540139898919,0.006511590806359186,0.006805089994183455,0.008163901789501679,0.011772503192884693,0.021161683300221498,0.046598578354113435,0.10435752412250339,0.15521583908697564,0.14526377846811722,0.11965424980685853,0.09976853679120423,0.0860901648442314,0.07710847078722691,0.07152834662024023,0.06803824517295126,0.06550470276928307,0.06347815294525821,0.06235599261734147
4152.3,126.4400096120317,100.7,0.0113885242075898,0.010838968448484162,0.009848665248138485,0.008667200494828718,0.007567523303111185,0.006759977314451666,0.006399125683797673,0.0066763788272678195,0.00802362395566159,0.011646619081967815,0.02119912949547306,0.047412262137256495,0.10663083135861419,0.15558792789555928,0.1431057327082229,0.11673706152327308,0.09683824952483916,0.0834078922053462,0.0747111834132024,0.06936966372903985,0.06608083309863952,0.06373142019879809,0.06185691031548665,0.06081358528128065
4152.4,129.462392777704,100.8,0.011386728330414472,0.010828103118860425,0.009821790109984789,0.008622086859146262,0.007505471780091311,0.00668258453239549,0.006305476415524122,0.006561076902909244,0.007875557018577745,0.011453989211543851,0.021007363386969517,0.047645616095952095,0.10830507435767485,0.15633785305925496,0.1413202401093647,0.11402076048473149,0.09396555812092125,0.08067413107872216,0.07220266290799518,0.06707958822821256,0.06399288065966961,0.061836959731670756,0.06012420540144282,0.05916460162112013
4152.5,132.47519877876465,100.8,0.011651440272908941,0.01105365580909444,0.009981312984930182,0.008710264580305714,0.007533188320763049,0.006665295477084533,0.006254824586144544,0.006481720343293129,0.007765839646131317,0.011317160497910369,0.020933479667549458,0.04824323018661601,0.11091260099443993,0.157288600576166,0.1394327122484721,0.11137325547711484,0.09127111565683732,0.07813723860758083,0.06987294438707564,0.0649463698008557,0.06204300547653224,0.06006377572718404,0.058499823742692615,0.057617630876654176
4152.6,135.4875898556474,100.8,0.011924239781345164,0.011291632514649657,0.01016016129280093,0.008824634927006603,0.0075922868531444,0.006682871625281709,0.006241852661103031,0.0064435139155913845,0.007702238492796927,0.011230627151817696,0.020895773099470636,0.048797496849967995,0.11346407288728244,0.15832442779256506,0.13795737237977904,0.10940617064409733,0.08938040740080568,0.07642131799004834,0.06832848530321456,0.06354449529788948,0.060763620664924835,0.058898120517975106,0.057429789435886565,0.05659777461358337
4152.7,138.50997302120336,100.8,0.012125523814242057,0.011472828568011411,0.010306219875525702,0.008930915106051618,0.007663002090984793,0.0067258612578937355,0.006264316873938052,0.006450144594380786,0.007695480066048185,0.011217020958933888,0.020936361282598983,0.049330323009057424,0.11570243015438052,0.15916431141240145,0.13690732950850054,0.10826285177839154,0.08849263824701672,0.0757495112474583,0.0677964554642509,0.0630937964355564,0.06036138983429681,0.058530801318789495,0.05709033927095188,0.05627347446848756
4152.8,141.52236409808611,100.9,0.011914169981315092,0.011304828704232172,0.010205861416608468,0.008895593305560667,0.007673698073485445,0.006761721760589291,0.00631000945064892,0.006495695676745961,0.007731682684425224,0.011226055379118772,0.02088021331886372,0.049271813190861824,0.11657195398813468,0.1598399253849691,0.1367975363493407,0.10837834722358941,0.0889131255733313,0.07633007399558135,0.06842681283510547,0.06371470134760332,0.06094286571715999,0.05906031957932599,0.057573577031595616,0.05673314821612522
4152.9,144.5447472637584,100.9,0.011873530560324252,0.011283344976533768,0.010214223325243067,0.008932465325491714,0.007730670786431844,0.00683044357222816,0.006386238243938409,0.006580524636529176,0.007832928480769965,0.011364636621292005,0.021119004098012817,0.04986008456866439,0.11808019898656659,0.16037686440164306,0.1367234114301748,0.10876088185847341,0.08970908093848022,0.07731726791516143,0.06945445234760679,0.06470817056869847,0.061866668381148765,0.05990064504185095,0.05834103639001967,0.05746348583215413
4153.0,147.55713834064116,100.9,0.01170710198385635,0.011153055042946568,0.010142927488768265,0.008921824331307235,0.0077677986556799255,0.006899980483445785,0.00647839559365316,0.006694240839916062,0.007978358784720627,0.011571045943124077,0.021460307243037664,0.05053423340365147,0.11932498381320954,0.16076166210206805,0.13694560615349152,0.10953868337644578,0.09086938893305098,0.07861184536972879,0.0707403644699721,0.06592622479332125,0.0629914587094378,0.06092277501632892,0.0592751365394559,0.058352584397843035
4153.1,150.58847467964125,101.0,0.01138183473596114,0.010883217681003088,0.009965820915076497,0.008843529427915562,0.007770848153385738,0.006960567234768072,0.0065790784203564835,0.006829294806753905,0.0081566049086118,0.011822429360860975,0.021851333877565042,0.051187037024129696,0.12026462002467851,0.16100967020623583,0.13708958057443107,0.11004095540537844,0.09158441500406551,0.07937608966272482,0.07147875898657959,0.06661741566769856,0.0636278467254091,0.06150092313555679,0.059803517200345796,0.05885546473340818
4153.2,153.609534096489,101.1,0.011007700264636126,0.01056668446468281,0.00974783157266351,0.008733991422728434,0.007754281714439346,0.00701288069744224,0.006681559838759701,0.006975681089064562,0.008357650133371081,0.012115275260839352,0.022320165523767074,0.05197213024312228,0.1212405186286779,0.16111260254626905,0.13703807384792077,0.11024653454076581,0.09193279869446758,0.07975425439653445,0.07184363426813381,0.06696011499234855,0.06394466437168503,0.06178902217115232,0.06006664047561847,0.059105778877647897
4153.3,156.64087043537273,101.1,0.01085023648577791,0.010435980078116702,0.009664597027168964,0.008705786264816983,0.00777704173402684,0.007078472283878917,0.0067856287484932545,0.00712417973772442,0.008576296213762626,0.012473739870537575,0.02299768322711867,0.05335246087589636,0.12310631280473286,0.1613305880642583,0.13682984658084296,0.11019080570941445,0.09193706251293897,0.0797457756358157,0.07181726415733054,0.06693035063933236,0.06391890068987768,0.06176715108099675,0.060046982439126935,0.05908700425750105
4153.4,159.67192635702466,101.2,0.010398097236310183,0.010043085759661606,0.009376013961437855,0.008536971163546146,0.007716330611646857,0.007102149125461438,0.006872858015705915,0.00726595694436153,0.008781254462873225,0.012777394428121393,0.023479147372904675,0.05411867543790452,0.12389118770384083,0.16131787236614312,0.13671662219558192,0.11019725944674598,0.09195417121978884,0.07972015788012614,0.07175948852090464,0.06686393415052502,0.06385659995744156,0.06171165453108468,0.05999684094133732,0.059039344789255994
4153.5,162.69326711904628,101.2,0.010183112080336764,0.009856097140442065,0.009239865156318739,0.008461899297062349,0.007700115929119258,0.007136721595294792,0.006952376373656633,0.007394038126649631,0.00898077158061926,0.013114262540995661,0.024126718031099146,0.05544412830628398,0.1255606681619606,0.1613568503066611,0.1364462409326684,0.11009673722556393,0.09192583321954242,0.07969624806558637,0.07173029225576165,0.06683654628508241,0.06383390462967625,0.0616921717565451,0.059979197205699206,0.059022356592133
4153.6,165.72432304067362,101.2,0.009946400760403878,0.009647542694342011,0.009082736964170933,0.008367132980913052,0.007666051125039341,0.007155287752218976,0.007017040558842296,0.007507055150712688,0.009162738272191013,0.013426918953251488,0.024735001301139092,0.05669542916250004,0.12707813272536123,0.16131553264206994,0.13609867544645385,0.10988983423418708,0.09179834152910558,0.07959681664436659,0.07164509412106095,0.06676370698423788,0.06377075603467189,0.061635583314817055,0.05992709533924333,0.05897257629077482
4153.7,168.74566380269525,101.1,0.009905637154451663,0.00961199404406216,0.00905804467812674,0.008357986817252172,0.007675732416938261,0.007186861706415006,0.007076107874961158,0.007607118190276739,0.009337757530210305,0.013767229952953956,0.02549339419033638,0.05845143909018049,0.1292224654032274,0.1610368090040636,0.13554152343616716,0.10953685522483854,0.0915437121679261,0.07938482844177054,0.07146286580994325,0.0666069593901835,0.06363360553919455,0.06151303709371354,0.05981435769768006,0.05886493682779874
4153.8,171.77671972423082,101.1,0.009612091083744539,0.009348829448112007,0.008850714817942244,0.008219103702644852,0.007604247114229213,0.007174017019523989,0.007113583354260911,0.007694467628010554,0.009491405616788863,0.014040168632952998,0.026022745989197866,0.059465187795558046,0.13007727721511445,0.16061442228310185,0.13503538733657616,0.10919362946012161,0.09131040218506561,0.07922483138948044,0.07135146902335593,0.06652372378389976,0.06356393282453439,0.061449831585506605,0.05975545660934062,0.05880848154927062
4153.9,174.8080560632309,101.0,0.009532325619532414,0.009275583783187215,0.00879085083202622,0.008178185288612635,0.007585917523873495,0.007181138754293896,0.007151246994948305,0.0077757128522190485,0.009650230768914511,0.014366900304872756,0.026756150199659347,0.06104041299967252,0.13153571922882085,0.16008641748473273,0.13429533663810422,0.10863905116978192,0.09089886874959724,0.07892077419177734,0.07112251251127837,0.06634004412769398,0.0634047565137996,0.06130538733622399,0.05962183726305077,0.05868074840966823
4154.0,177.82911548007866,100.9,0.009421468650153291,0.009173047804789012,0.008705065771937479,0.008115586013622231,0.007550200928959401,0.0071746104259052855,0.007178181008132345,0.007848320638430328,0.009801600515635906,0.014684711749279107,0.027462249154502957,0.06246635853936452,0.13251496357376902,0.15925071388766615,0.133397494117032,0.10796487451295597,0.0903937410610364,0.07854283718261633,0.07083065361453113,0.06609851827123953,0.0631911645025844,0.06111061892975314,0.05944191405097698,0.058508964489453
4154.1,180.81454677216723,100.9,0.009190842521328398,0.008961026866325427,0.00852846537596288,0.007984721233544233,0.007467704442043086,0.0071384228881658665,0.007186930412200484,0.00790816536601463,0.009937547429324345,0.014966430563853028,0.028053424718275592,0.06351924052463452,0.1328649011629876,0.15840273052103007,0.13275829843844736,0.10757624103223576,0.0901477545617209,0.07838369631445288,0.07072201431097869,0.06601512984506068,0.06311871070420946,0.06104378160717984,0.05937959518676908,0.058449329983372336
4154.2,183.78999631798828,100.8,0.009191142182951199,0.00895638880926664,0.008516797130508881,0.007968131485663053,0.007452086604337387,0.007132418034386613,0.007202600062260659,0.007966296975524556,0.010083860672885775,0.015316395270784055,0.02889169830810641,0.06520362665852446,0.13379346754982688,0.1576157337970619,0.13229197162519843,0.10750096951652435,0.09026285873254954,0.07857936483696294,0.07094271825806422,0.06623437485743959,0.06332317315900976,0.06122868395134293,0.05954780552458012,0.05860927409110492
4154.3,186.7748413726867,100.7,0.009146411977921511,0.008910395813130833,0.008470392119448434,0.007924678428843146,0.0074169038421156505,0.00711236015816312,0.007207517813095148,0.008014790096191342,0.010219420421768141,0.015651099270884507,0.02969691726205423,0.0667592730397016,0.13441084076934418,0.15672735408427085,0.13177076042732933,0.10734165480500779,0.09027745614465756,0.07867075165599578,0.07106103992822266,0.06635564868688239,0.06343624329714018,0.061330186863194976,0.05963976704980004,0.05869667744164256
4154.4,189.7502909185641,100.6,0.009085108108047754,0.00884921641272661,0.00841117688839985,0.007871014780193076,0.007373578620918947,0.007085207408489801,0.007205141519044707,0.00805432847991906,0.010342357084685448,0.015965693656487694,0.030461065704022256,0.06818937188629388,0.13485998923753087,0.156098010309609,0.13165130980529077,0.10755149844618704,0.09059379548411838,0.07900338796252125,0.07137944318886622,0.06665266291351847,0.06370893287563967,0.061577538311526694,0.059865859748220764,0.05891192670011762
4154.5,192.73572221065268,100.4,0.009260064065865745,0.009001808283568757,0.008525481259059765,0.00794318181102043,0.007411563051231104,0.007104660646495192,0.007226914779016467,0.008109349963760828,0.01049331308035453,0.01637171674624956,0.03151870005892615,0.07034102799489657,0.1360309718002774,0.1555486622009905,0.13141815478679475,0.10762084847775581,0.09076404341089073,0.07919622916124128,0.0715708353250923,0.06683616942379145,0.06388004407170066,0.06173336153905474,0.0600081932072584,0.05904732090534942
4154.6,195.71117175647373,100.3,0.00917841948152306,0.00892355610796197,0.008454713113092161,0.007883903552011313,0.007367243115667119,0.0070788429217627504,0.007225578532426415,0.008146622393424638,0.010606058133153844,0.016657628850512637,0.03219954705288287,0.07150944768952504,0.13619853000479176,0.15507763230338592,0.13142301371639878,0.10781919241933251,0.090981315542327,0.07939755038755641,0.0717578404905525,0.06701256129239067,0.06404435780457833,0.061883409576755956,0.06014549081562287,0.05917796491767392
4154.7,198.6960168110559,100.1,0.009320695288283111,0.009048372958190509,0.008550049426679243,0.007947462949130152,0.0074059710749367616,0.007105657009821936,0.0072579087050448085,0.008211443528964413,0.010759799193456461,0.01704332912996729,0.03315651345805485,0.07331251343350542,0.1370375010180648,0.154699915858415,0.13128859198953943,0.10783405897807144,0.09100294933419864,0.07940482370328172,0.07176128110785743,0.06701983847532726,0.0640550242669213,0.06189462196481721,0.06015592918401266,0.059187782723382085
4154.8,201.6714663570495,99.9,0.009486788802627719,0.009195696838767304,0.008665748843158693,0.008029139741769378,0.007460953932985097,0.007147414885815569,0.00730442824619455,0.008290329576246218,0.010928239415406138,0.017444462034285808,0.03412059065992361,0.07506778088855691,0.13779529601947763,0.15415857390244053,0.13082823059839108,0.10745044723316972,0.09062702290389621,0.07905200166530742,0.07144728497169127,0.06674353639356263,0.06380898195708107,0.061672804918298456,0.059952722897806336,0.05899404899618335
4154.9,204.65689764913807,99.8,0.009404924920007898,0.009121709019643561,0.00860675195155797,0.007989644844235132,0.007442862634391911,0.007151932800565514,0.00733540102963005,0.00835973348788874,0.011067945858515083,0.017732254814461206,0.03469922380697133,0.07587105710950727,0.13780659858291605,0.15387331880223065,0.13085068746033335,0.10752488558671913,0.09064405615687429,0.0790255827406593,0.07140872059086051,0.06670890045445364,0.06378074654588974,0.061649006809659984,0.05993134529540669,0.05897364812299477
4155.0,207.63175899041244,99.6,0.00957829742165159,0.009278872250656333,0.008736805816039118,0.008090861211086141,0.007522065757521438,0.007221608370964142,0.00741277363056344,0.00847192478688285,0.011270218172628955,0.018155206045514002,0.035613898764115956,0.07738671223737904,0.1384670168516725,0.1534922241737868,0.13049633424512883,0.10719169900932174,0.09027547999967896,0.0786500878856376,0.07105749866360722,0.06639228463086022,0.06349689501060803,0.06139343006663189,0.0596976542607022,0.05875093588738131
4155.1,210.5267546726295,99.4,0.009641618632306552,0.009338863522224055,0.008792089893179266,0.00814285147507654,0.007574838627050939,0.007281808410842554,0.007491094700392803,0.008588387544813543,0.011468072965708658,0.018531845770861522,0.03634347167620856,0.07844844632176572,0.1388130329549555,0.15316852437427103,0.13023438976208784,0.1069418639165952,0.08998688710378105,0.07834956024009174,0.07077451753076901,0.06613714068730887,0.0632684393297211,0.061187872766998976,0.05950973063933864,0.05857180712937525
4155.2,213.42175035484655,99.3,0.009501423107638836,0.009217478051106776,0.008704422430106528,0.008095633259274768,0.007567406658355798,0.007310712526596706,0.007555540216978051,0.008695515301193378,0.011639417489547325,0.01880789722507377,0.036744161077198974,0.07876268971926484,0.13863579457113112,0.15306979057358805,0.13038283402511838,0.10706393527682144,0.0899870820968211,0.07826267671899506,0.07065593562018994,0.06601931134282799,0.06316243740314871,0.06109421077110283,0.0594250234998085,0.05849121712374158
4155.3,216.3167460370636,99.1,0.00957164840559138,0.009286616395244638,0.008772604339413775,0.00816459820066866,0.0076407115776754115,0.007394363174615599,0.007660042081516475,0.008841173829101408,0.011868884182510817,0.019210340944561685,0.03745894810993596,0.07974327572232393,0.13908235729427332,0.15307733316922556,0.13053067862749032,0.10725484001559912,0.09013005872999898,0.07836384579869315,0.07074236403254006,0.06610471714152356,0.06324668762359542,0.061173289021904,0.05949777280889166,0.0585603349300423
4155.4,219.22172452225666,98.9,0.009669206867038538,0.00938145693300285,0.008863634526505352,0.008253135460778369,0.007730715659295653,0.007492843628061045,0.007778939403226379,0.009002786843705191,0.012118976590704692,0.019643143551658405,0.03822203005226398,0.08080999400830656,0.1396281538607661,0.15305814315004718,0.13058556157609988,0.10735285556439796,0.09018815686077881,0.07838349381832528,0.0707489104268837,0.06611322068612635,0.06325919943664747,0.061187006841511064,0.059510786902282196,0.05857261968438243
4155.5,222.1167202045284,98.8,0.00951034664227155,0.009246075078730872,0.00877032513235796,0.008210333505494454,0.007737609761780559,0.007544976401016187,0.00787470611542763,0.009148977318867886,0.0123350467019892,0.019955520574234276,0.03860364777948669,0.08105035348830103,0.1396750453058085,0.15349461785286583,0.13142558003168658,0.10829224655818608,0.09105345805528964,0.07914061638958486,0.07142242261510658,0.06672873827092358,0.06382525471392252,0.06170336975844982,0.05998429172749896,0.05902342871651368
4155.6,225.01171588674546,98.7,0.009350361351997207,0.009109622809821624,0.008676499079322468,0.008168514736471675,0.007748038299883139,0.007604112517181195,0.0079818474444719,0.00931219813196831,0.012575644093076458,0.020300982869266404,0.03902327674576269,0.08132672119958229,0.13971622963349295,0.15385467743052378,0.13219363387686428,0.10918187992404413,0.09187495425236954,0.07985008032255263,0.07204397709668553,0.06729167854502888,0.06434093373762846,0.06217365815401522,0.06041539203103249,0.05943407303007053
4155.7,227.90671156896252,98.6,0.009232092066413186,0.009017432830907392,0.008628557850046237,0.008167454280480206,0.007783174908017003,0.007653095632899783,0.008022829339962264,0.009366188890339498,0.012929256356834822,0.02212119985361442,0.04534039216092452,0.09281760869591586,0.14165339000275884,0.14946242055465925,0.13119180886206355,0.1109121796233943,0.09447447424570138,0.08231003347684965,0.07400606228317824,0.06884457194959709,0.06560784470386581,0.06325209047378505,0.061334396519894835,0.060299784998666485
4155.8,230.80170725117958,98.5,0.009065684979511253,0.00887462469421209,0.008529493869904555,0.008123758436235494,0.007797194025845263,0.007723348035192223,0.008151405579374228,0.009566688015293362,0.01322564486832903,0.02249958577558126,0.045614257562609735,0.09275254150541197,0.14164602735240184,0.14995457415110783,0.13211523130694003,0.1120596342466154,0.09566110968492085,0.08343571436781845,0.07504094545111656,0.06979450850177717,0.06647198230889642,0.06403775238892832,0.06204924610704168,0.06098280550165491
4155.9,233.69613292825758,98.4,0.008917141030579848,0.008747660507059695,0.008443208332914232,0.008090135270241758,0.007820344531995024,0.007804056405041139,0.008294464256896608,0.009788697414715605,0.013553722144149405,0.022922554705014538,0.045948504929137185,0.09274626969406702,0.14165184205583575,0.15042651535648247,0.1330158914942087,0.11319721510248325,0.09685720173136327,0.08458449024644205,0.07610807639217282,0.07077697992913978,0.06736828279989962,0.06485043845854245,0.06279094052415814,0.06168961608861027
4156.0,236.59112861047464,98.2,0.00896547501545853,0.008801363181987943,0.008508562485954798,0.008173477595004022,0.007928323364615016,0.007945502306489537,0.008485042277716801,0.010057792814252458,0.01394891816102237,0.023483954224509527,0.04660795927930945,0.09330757494999666,0.14198693473492904,0.15065203283854509,0.13335833523491156,0.11368922282742808,0.09744064429256315,0.08519743583363315,0.07671241663794566,0.0713507662007329,0.06789680668996216,0.06533015488849654,0.06322931904638221,0.06210824688272017
4156.1,239.4032808111083,98.1,0.00878542006088278,0.008644708121330216,0.00839663899744098,0.008120448541997146,0.007940344449706418,0.008024919983773693,0.00863837006792187,0.01030412645275916,0.014317203719190699,0.023962342785198872,0.04701007193909952,0.09328924069988259,0.14165313987351708,0.15040896351488076,0.13334151201636998,0.11389478051841148,0.09781689710833859,0.08567078439786482,0.07722627798851703,0.07186215463972773,0.06838540577881379,0.06578271972878107,0.06365379694859082,0.0625136314321584
4156.2,242.21505960760453,97.9,0.008826142873517854,0.008691198439819326,0.0084559856421964,0.008199930704170142,0.008048133496606227,0.008171237231319038,0.00884169357477934,0.010598224107427822,0.014752713615672987,0.02459388105077541,0.047772022716119224,0.09383709317341314,0.14166753108511373,0.15020175819803255,0.1332461224974632,0.11396760568648899,0.09804407210363453,0.08598702156413811,0.07761610409337641,0.07224918281262233,0.0687566843047519,0.06609027136621304,0.06394598908168865,0.0627704898486013
4156.3,245.0268384039513,97.8,0.008618842259929451,0.008507804946840456,0.008318735737500112,0.008124658385134906,0.008043053184093698,0.008241041258251793,0.008994992550354143,0.010856891496487062,0.015147714158608024,0.025113004235235572,0.04822178804736163,0.0937724700148634,0.1410641662849305,0.14958862898932154,0.13282607613154607,0.11376266149770438,0.09804496501487292,0.08614369786273476,0.07786625217749703,0.07253776770824556,0.06905133805664623,0.06637478529614226,0.0642190548752943,0.06303473896800435
4156.4,247.83899060473772,97.6,0.008655269905309867,0.008549939817762427,0.008373499433045132,0.008199703091558144,0.008147067357567808,0.008386252395027483,0.009201922653672543,0.011164302667379737,0.015619743101642252,0.025820932421228203,0.04912691834360448,0.09443934419028106,0.14089461287096744,0.14897305802404273,0.13228366360668775,0.11340403486568959,0.09787589195358512,0.08612486691901745,0.0779461861461149,0.07266105388234577,0.06918765600874364,0.06650744042917824,0.06434840814554314,0.06316021380961304
4156.5,250.66076309727438,97.5,0.00846293819098587,0.008378732022587194,0.008243676182305395,0.008127153334457047,0.008142142591605365,0.008457611503733834,0.009363515376554754,0.01144554840025968,0.01606393523328174,0.026439384251711457,0.04975636322993829,0.09453913525730655,0.14027322076242643,0.1483874621697285,0.13203035613739253,0.11340612486547029,0.0980525354523597,0.08640634174095035,0.07828144142881636,0.07300785813494023,0.06952387596143605,0.06682161861154501,0.06464299068385383,0.06344337202801566
4156.6,253.47254189377063,97.4,0.00826392640425376,0.008200493584838472,0.008105243639234622,0.008047098808578167,0.008131902948436272,0.008528512956533065,0.009527683449451345,0.011738198244153453,0.016540146770362193,0.027098149974070247,0.05042300492219366,0.09460427525945393,0.13949990912588156,0.14765014348068506,0.13161802379240495,0.11321411594867956,0.09798773819593172,0.08650611028604273,0.0784474548816094,0.0732468637735535,0.06975048989951053,0.06706206447096331,0.06484860559883719,0.06364176775182463
4156.7,256.2843206901174,97.3,0.00803924000825249,0.007996355527975466,0.007942983999603742,0.00794413362662013,0.008102813388507445,0.008586570572424759,0.009694099269270265,0.012048679867707633,0.017043390259728373,0.027801283108752343,0.05115180934147284,0.09476484407556368,0.13887337747601308,0.14711050530697262,0.13147818733060385,0.11335467012833643,0.09829112196347005,0.08689994469008774,0.07887620675569534,0.07367928023997819,0.07016124650109835,0.06744299571809435,0.06520290489375138,0.06398032412697102
4156.8,259.0964728909038,97.1,0.00804172770380208,0.008005754583721759,0.007969249300832789,0.007996857096212296,0.008195512938919989,0.008736885266124192,0.009933113459289628,0.012429744223298069,0.017650428131764435,0.02871554391183473,0.05231021018869513,0.09557164771774526,0.13867677183631655,0.14668764979783988,0.13143347331204433,0.11363350457899653,0.09874991922939322,0.08743370270637314,0.07942404944749293,0.07420053149903995,0.0706388467973333,0.06787052874508111,0.06559357632185552,0.06435171785952616
4156.9,261.9082516872505,97.0,0.007827324109438248,0.00780994231983155,0.007812282738851683,0.007896782630448556,0.008169792770820746,0.008804762423474475,0.010123767346188809,0.01279134966192092,0.01823920148229878,0.029533572792489644,0.05316806631475627,0.095859267051333,0.13821803457179366,0.14649204707698318,0.13183717122263183,0.11439813714176802,0.09965078396888137,0.08833254223707585,0.0802748195195034,0.07497882996896343,0.07134667786646244,0.06850511668399353,0.0661699759675435,0.06489939159710531
4157.0,264.72003048371363,96.9,0.007597880120091444,0.007598612969305753,0.0076388578237655816,0.007780307242115702,0.008129601433662774,0.008864149284601216,0.010317602091036656,0.013175192046300356,0.018871951728124916,0.030408492437158118,0.05408580496576732,0.09622409027750063,0.13792783144410656,0.14663589077269257,0.1327506292864104,0.11575917444743188,0.10113569543943614,0.08974428715276654,0.08156119459193861,0.07612718121559316,0.07237464742816742,0.06941804006904623,0.0669928123354841,0.06567926995880892
4157.1,267.47010321002824,96.7,0.007623509645436037,0.007629919942546483,0.007683802596597642,0.007849693167986546,0.008238916114444614,0.009038387141402883,0.010598689675204342,0.013636058980134511,0.019615698028426554,0.03152488868469024,0.05553102417431015,0.09749625352590933,0.13850483110424475,0.1472954458075777,0.13402490498340605,0.11737995687188643,0.10274462051179829,0.09114829747804531,0.08275099024539055,0.07713009058241943,0.07323922368763036,0.07016263482327482,0.06765063431378053,0.06629948530183713
4157.2,270.2301213259193,96.6,0.007434810407269048,0.007455991130116683,0.00754103106792001,0.007755915964554587,0.00821438915048817,0.009111053178365029,0.01081247644955314,0.01405915097369235,0.020320328006049524,0.0325172403307127,0.05666004725212548,0.09826059399474578,0.1387293768537193,0.1478631751659279,0.135276055928094,0.11898572055749523,0.10433524787013201,0.09254053861928403,0.08393404572333511,0.0781421281962958,0.0741213653470587,0.07093326241880446,0.06833674885560893,0.06694645447323952
4157.3,272.98013950767654,96.5,0.007281494523023834,0.007315085295581695,0.007426790202281632,0.007684887453195348,0.008206999498574011,0.009197162092127108,0.01104019672854366,0.014502432342912324,0.021057076990644002,0.03356306715125742,0.05790203357154592,0.09925823780984945,0.1392035004724407,0.14846255147440973,0.13633587005255907,0.12026294423725442,0.10553013491114019,0.09352456936828424,0.08472603583770802,0.07879547966506308,0.0746801508568168,0.07141534340097538,0.0687622947692359,0.06734624235784459
4157.4,275.740157623571,96.4,0.007119260819485656,0.007165007137690858,0.0073029602858394145,0.007604057007365908,0.00819056337997967,0.009276953693290008,0.011267724302181117,0.014954434967749316,0.021807485729347424,0.03461879029578053,0.05915499813049903,0.10025910266891364,0.13957390335371034,0.14874218914967352,0.13689344768856562,0.1209551916067453,0.10615525755387438,0.09400929893807829,0.08509570744566178,0.07909106669414027,0.07493104815634481,0.0716308883404869,0.06895193809594224,0.06752383151464786
4157.5,278.49017580532825,96.3,0.006985345681740278,0.007042012692070702,0.0072039405340550006,0.007545263224491425,0.008193866448468423,0.009375985513440797,0.01151699605783989,0.015432689342475757,0.02258436792007941,0.03569448950209753,0.06042566301268869,0.10126985429457774,0.13989562275714668,0.1488735729450771,0.13723346770572847,0.1214116038494122,0.10656571473650268,0.09431639480661329,0.08532083473906912,0.07926512430409297,0.0750762161235106,0.07175363507120175,0.06905889466777766,0.06762355015015063
4157.6,281.2502482681512,96.2,0.0068397322417344565,0.00690742398976201,0.0070938739059010995,0.007476676590282453,0.008189536422029717,0.009472218826441135,0.01177148579770669,0.015923811958816758,0.02336720978689276,0.036750420370159916,0.061637093553961124,0.10214261287651685,0.13991081235421876,0.1484761257359289,0.13692738066630697,0.12123883241638254,0.10647815791719918,0.09426131980730994,0.08529959428289723,0.07927127459474274,0.07510651713154588,0.07180362889841593,0.06913260434294359,0.06768383425527313
4157.7,284.00026644991186,96.1,0.00670183171992331,0.006780369137509242,0.006990843573284892,0.007414790691279994,0.008192946408649832,0.009578746678106131,0.012041084137345372,0.016432639008250743,0.024158325463167686,0.03779843630931734,0.06285709637757228,0.10308191159599459,0.1400018216645352,0.14801814049937537,0.136343689748475,0.12062558889703703,0.10586364764609889,0.09368631847294505,0.08478582170477011,0.07881909406232974,0.07470874333282894,0.07145109590471052,0.06881254742688694,0.06738292220853118
4157.8,286.7602845656865,96.0,0.00659538637158985,0.006683962303790379,0.006916993211632757,0.007380274599448601,0.008222260553469809,0.009710859590953145,0.012336918737578225,0.016964530497034613,0.024957021173753688,0.03883342744176461,0.0640528485867641,0.10398633710959156,0.14001769262028027,0.14741948892427048,0.13558038779274906,0.11982762950699774,0.10508254779004643,0.09296832016282736,0.08414876676423896,0.07825861922306507,0.07421564292854713,0.07101499247472981,0.06841864149622205,0.06701230775951131
4157.9,289.51030274744375,95.9,0.006487704692722963,0.006586188662775911,0.006841591397367777,0.0073441496988115315,0.008250656876601366,0.009844126424565705,0.01263692059551952,0.017497742997914203,0.025736181211973852,0.03981891112495199,0.06518870641612175,0.10486229298347567,0.14003724699814626,0.14674118938695022,0.13458838048501393,0.11867788064023882,0.10389748167277471,0.09185005241917299,0.08314223178978264,0.07736788237561004,0.07343242780839286,0.0703244757165561,0.06779762719795063,0.06642689740445153
4158.0,292.2703208633348,95.9,0.006240367286275007,0.006350394590194297,0.006630941108303688,0.0071774832970615396,0.008157177896817828,0.009870548663839143,0.01285518467649208,0.017971359746587093,0.026425321259266405,0.0406009661050265,0.06596177892775427,0.10528758998393375,0.13969520097108842,0.1458600425070224,0.13342372892108584,0.11737677049901481,0.10260427545767047,0.0907078213432445,0.08217153067295564,0.07656500256799073,0.0727731183497357,0.06978882085578539,0.06732565941526654,0.06600402254438406
4158.1,295.0107770297294,95.8,0.00617761832670439,0.006295780408386869,0.006595251157477554,0.007176239834028067,0.008215080721480856,0.010028706240215167,0.013174633684879115,0.01850523205193839,0.027157529013076335,0.041487291150691746,0.06698043631022095,0.10609802808289515,0.1397135306360838,0.14519614666512518,0.1324937628773819,0.11636785679690681,0.10162626180759798,0.0898244264969786,0.08139981193903362,0.07589758204092341,0.0721951543255475,0.06928727438076424,0.06688120134462049,0.06558559814261414
4158.2,297.7514338854007,95.7,0.00613513700123429,0.00626089052253294,0.00657862128758375,0.007193006884199019,0.008289482215956214,0.010202132859084972,0.013506046493855476,0.01903704978440158,0.02785882441954568,0.04231313588960292,0.06791564413652981,0.1068013211950103,0.13968789475833265,0.14453564165024535,0.13164551787213793,0.11550293009705595,0.10082339085732685,0.08908010084923114,0.08073223664378819,0.07529027671010145,0.07164450260989788,0.06877668431047779,0.0664255590928372,0.06513724488073817
4158.3,300.50208835298884,95.5,0.006307355411468498,0.006439349624136118,0.006772377131332968,0.007415749978879496,0.008561914014288059,0.010555218024701867,0.013977735310461046,0.019656537933121034,0.02864005157489723,0.04331121768640336,0.06919997356468972,0.10800193067943079,0.13995355629140724,0.14403601590065915,0.13102876558983287,0.11499179501131719,0.10044816827789445,0.08882897968335436,0.08056727694367834,0.07517227716523005,0.0715458714019986,0.0686896378075518,0.0663494564003091,0.06506903812125198
4158.4,303.24254451938344,95.4,0.006294687914440112,0.006434981390175518,0.006787180445706346,0.007465980769802159,0.008673684969711987,0.010769116176855354,0.014345725843358463,0.020199952124670455,0.029298003381129895,0.04402894444272749,0.0699802606532028,0.10859583651969869,0.1399624480506634,0.14381354403618618,0.13097369679977483,0.11515685688159215,0.10076118504521339,0.0892548757690083,0.08105369863489212,0.07569827050068494,0.07208348747053926,0.06922339312526116,0.06685537005915079,0.06557123588761098
4158.5,305.9832013749383,95.3,0.006296172838167569,0.006444720754554718,0.006816688030727502,0.007531945014837682,0.008802226582862078,0.011001920220438862,0.014730511371358817,0.020742659981792755,0.029925836994061206,0.044701098343057924,0.07071889157567356,0.10915003788658052,0.1400559002272662,0.1437561439485938,0.13118151375503148,0.115637252302329,0.10138794548453162,0.08989738266434451,0.08166956340583473,0.07625265236708151,0.07256781296311651,0.06963439790119572,0.06722694759774726,0.06590997552600363
4158.6,308.73365588284685,95.2,0.006329241480474149,0.00648634243079692,0.006878592747987731,0.0076313135058782835,0.008965858002806453,0.011270014654941199,0.0151448237006734,0.021298140185514326,0.030547112345286707,0.04535917364683539,0.07144041818769735,0.10971371078046739,0.14020656062944498,0.1438879772745145,0.131673210461586,0.11645223694049577,0.10235402829707953,0.09088783862728278,0.08261857337645143,0.077129695544992,0.0733568498289193,0.07033752116739457,0.06786253384221883,0.0665137556037362
4158.7,311.4743127384017,95.1,0.0063597193744177796,0.0065255207163867,0.006938441937804319,0.007729348013704239,0.009129373010492742,0.011539192355299818,0.015557864782828872,0.021840460407805976,0.031139187083297038,0.045985515601736734,0.07214925473425049,0.1103193138523056,0.1404818183465253,0.14418735620615458,0.13233415314424538,0.11741610768861067,0.10343678065383438,0.09196502490389671,0.08363291715608977,0.07805862306756557,0.07418798436178865,0.07107477711524474,0.06852621875165142,0.06714280795404157
4158.8,314.21496959397695,94.9,0.006604584071744846,0.006778975796070856,0.007212452044102626,0.008040693140385441,0.009500275874301656,0.0119942041458346,0.01610631586612019,0.022460081834591417,0.03182511202925118,0.046831452036603494,0.07324834929162054,0.11138837520550535,0.14099343690292268,0.14442137287322412,0.13274315422766914,0.11802530845048953,0.10412736879865793,0.09266343614747174,0.08429700042986625,0.07866260191962107,0.07471453820937908,0.07152539211997672,0.06892092613524833,0.06751580477359877
4158.9,316.95542576037155,94.7,0.006902985398368717,0.007086308956317146,0.007540202619568653,0.00840538369816424,0.009921606311814928,0.012486579075935055,0.01667009045155699,0.023084082525666766,0.032524686577043445,0.04772542989164571,0.07441392686116509,0.11248018996941375,0.14157978040199715,0.1448389383340575,0.13339241583783498,0.11893435106432183,0.10519750305568389,0.09377432798059054,0.08532916550429537,0.07954951268717628,0.07540321856570362,0.07202516788051094,0.06932180477093454,0.06788442831613092
4159.0,319.70608022793937,94.5,0.007215373129311664,0.007407102463253904,0.007880802287979981,0.008780460415449208,0.010348234886989379,0.012978940022310223,0.017225213358551424,0.023683930750490596,0.03320003999040262,0.048601695973853574,0.07556638388645649,0.11358007017305544,0.14214954151223264,0.14516838686022399,0.13381148978626017,0.11942445020846977,0.10567893610221002,0.09421365806722677,0.08572922365401489,0.07989487430290684,0.07569607497295619,0.07225606761296158,0.06950897295698295,0.0680499721920501
4159.1,322.4669677664119,94.3,0.007387228077545485,0.007595472731653249,0.008134556631147568,0.009243342260586984,0.01133683213358505,0.014976687414047476,0.02057948937258194,0.028315254789976037,0.03906259433069686,0.055531377992211334,0.08067711953337071,0.11096945460467812,0.13200708153715915,0.13331227387662506,0.1233205892551032,0.10888917232965771,0.0960137153298845,0.08878099807611407,0.08469809769049966,0.08072371035208431,0.07668138229256212,0.07308200247707265,0.07057755345894565,0.06913858539884843
4159.2,325.23812276029355,94.1,0.00790460720081343,0.008115462995229146,0.008660402184819133,0.009768185387484822,0.011827428572217562,0.015365612467019707,0.02081436519120538,0.02845546634308404,0.03930299690907456,0.05608992447848247,0.08168792440301106,0.1121364935108101,0.13273020492110396,0.13361402062465663,0.12338484792973355,0.10883099192527715,0.09605153354850307,0.08890940780847817,0.0848427397916624,0.0808380941270044,0.0767978892209905,0.07317326342531963,0.070650591245256,0.06921552465784735
4159.3,327.9990102987425,93.8,0.008735466510024638,0.008942039253145349,0.009473456836760194,0.010543097973227698,0.012504207826962625,0.01583872563189084,0.021024238779759147,0.028540103495500804,0.039579462726779764,0.05689436059746873,0.08299612701110817,0.1136637042513028,0.13359697092749728,0.13389328962535837,0.12316939285829416,0.10854296661481942,0.09593899637972345,0.08901009882288466,0.08495627041473522,0.08109036734535849,0.07700961024241719,0.07345238395827836,0.07054154920387479,0.06905175370592852
4159.4,330.7598978372151,93.6,0.009329174522644349,0.00953417362074169,0.01006130592977225,0.011116742625362018,0.01303687202744046,0.016285442089747613,0.02135936080291858,0.02882373008404986,0.03994834283633422,0.05748225856518175,0.08376609906357745,0.1142987388734599,0.13380172957164577,0.13381177357100363,0.1229496505243224,0.1083592461349288,0.09592646172477994,0.0891001149045345,0.08508569008938316,0.0812256620187151,0.07712195254374873,0.07354274599955965,0.07058745866618256,0.06909023841395376
4159.5,333.53105283098034,93.4,0.009998788895741672,0.01019979357241748,0.01071793300430313,0.011752504986463318,0.01362550655199063,0.016788304558601808,0.021759912751097944,0.029181828599043474,0.04038345842953989,0.05809293050300363,0.08446468994838076,0.11476708805222284,0.13385509930824546,0.133734706655396,0.12294888502145022,0.10854183481689417,0.09631144926463105,0.08953815487315442,0.08552245385987299,0.08161992122326096,0.07746563318401609,0.07383665484933279,0.07084091712714247,0.06933346347921548
4159.6,336.2919403694529,93.3,0.010312899389837836,0.010522739091095185,0.011061566935205384,0.012130828066825835,0.014050865641895133,0.017263780223310744,0.022270216057002246,0.029697666222436362,0.04087534906086954,0.05849869046246301,0.08460554894954987,0.11449399855240239,0.1334570790088315,0.13363021383582505,0.12312114278166407,0.10889692630925708,0.09678279084831365,0.09000573163881534,0.08594487917778072,0.08198491037217259,0.07779023112753684,0.07412228701839216,0.07111845283668693,0.06960681200610548
4159.7,339.05309954633196,93.1,0.011053670476122433,0.011260122905398956,0.011792320026468186,0.012848237677997573,0.014737086418593684,0.017895286594502558,0.022839144995720883,0.030240157328485343,0.04145491574561195,0.05913122678077016,0.085156681605072,0.11470720412809667,0.1333899432291302,0.13356321253839867,0.12308028199255872,0.10893354275340543,0.09696019589846885,0.09026885175976769,0.08618697713087636,0.08222247844952425,0.0779741668632719,0.07427707689017925,0.07127248120211441,0.06977083028969587
4159.8,341.8239838817048,92.9,0.01181606879584097,0.012019732043924074,0.012547394437196798,0.013595972047257869,0.015466905105257354,0.018593413622236103,0.02350061230653321,0.03088339422817194,0.042106867204660725,0.05975995426541575,0.08560948004934416,0.11478290661993219,0.13325118260915808,0.13346816922506857,0.1228690790236908,0.10858814819665795,0.09667164288290904,0.09008687925427993,0.0860257976053721,0.0820928945453493,0.07784202348286307,0.07413829516991237,0.07117500719031114,0.0696951642794038
4159.9,344.58487142017736,92.6,0.01316001052641141,0.013336466276534039,0.013806751087564099,0.01475902850249534,0.01649749305770009,0.019459280500486627,0.024226821997674924,0.031588471246305636,0.04292729849895133,0.06067721053377414,0.08651246886466178,0.11537391224361966,0.1333975972985033,0.13348732243480882,0.12255370123537969,0.10789669641214292,0.09606927939962953,0.08955255410295757,0.085602303515391,0.08157438946477219,0.0775266448502128,0.07383404790922087,0.07089668853493117,0.0693725689355612
4160.0,347.356026414059,92.4,0.014136458347392704,0.014301472178325697,0.01475256157207709,0.015680352834779355,0.017391202738252332,0.020324282047134615,0.025068333003308445,0.03241705850658699,0.043730846531065716,0.06136465946978062,0.08688324562253467,0.1153324255560771,0.1333106015487964,0.13357991483805592,0.12237031848596167,0.10727937296909619,0.09536056364447637,0.08895527277524504,0.0850964014383699,0.0811227826259946,0.07710627367007258,0.07346533911481558,0.07056671770827545,0.06907215910188413
4160.1,350.1561871236656,92.0,0.016488180097466307,0.016548336124419725,0.01680024360309777,0.01745397373227323,0.018844141753827832,0.021461468426690288,0.025987288294354545,0.03332051962155012,0.044817720593075844,0.0626699841369817,0.0882269184785109,0.11627166618719847,0.1336904912344971,0.13350257738019053,0.12161443493586978,0.10600340469809161,0.09413972654820595,0.0879835324491525,0.08425567729400732,0.08036452655891273,0.0764078752429378,0.07285578934457092,0.07001613594214152,0.06855684394767
4160.2,352.96634726150006,91.7,0.018586810541014978,0.018538713312888342,0.018598466739107405,0.019015563833838983,0.02016487720275927,0.022576546269635858,0.026974963349822408,0.03429304640993212,0.045849842278474114,0.06369448146131025,0.08902469436618989,0.11660667689198204,0.1337771218910123,0.13357664352559712,0.12135155790511469,0.10535595535041657,0.09348649911328731,0.08748115445000569,0.08381464539256064,0.07996973709972725,0.076061937515364,0.07254931455997789,0.06973349850701448,0.06827668388884667
4160.3,355.7765073992281,91.4,0.021138314261145666,0.02091866497146178,0.020686276109032863,0.020762579249096958,0.02159173476502801,0.023756672082056614,0.0280201728581357,0.03532873345004442,0.046943105320757204,0.06476060878938261,0.0898243659237876,0.11688594579722754,0.13379943320949395,0.13372089946797894,0.12139885368116855,0.10518810401241467,0.09332933898405575,0.08741998808711035,0.08377738341712787,0.07992677864833303,0.07603044235951158,0.07253172208447205,0.06970811480363961,0.06823645775035783
4160.4,358.5766681089511,91.1,0.024154161957142307,0.023676006006128666,0.023024294047201823,0.02264604089049224,0.02308449561038799,0.02497602323846565,0.02910403991526317,0.03640477822627172,0.04806468498244897,0.06582574633312245,0.09056423406718694,0.11702765411064131,0.13371032849216033,0.13401823385893377,0.1220201506942418,0.10586537776630935,0.09404497296261634,0.08816889878263086,0.0844722745440992,0.08053347370578214,0.07656082584235155,0.07301042623094252,0.07015752382089235,0.068663195119925
4160.5,361.38682824679546,90.8,0.027695218671111847,0.026836457534849076,0.025601259920988106,0.02463837413335244,0.02461888265487688,0.026220108310583648,0.030217985683554452,0.037509417845713135,0.04919419105924879,0.0668651376254628,0.09121675730390433,0.11700001477046529,0.13345201446089394,0.13433529350103712,0.12299280292430395,0.1071174151743705,0.09534044061498499,0.08942073404021093,0.08560621919967863,0.08153776833053207,0.07745219135352405,0.07381302674257556,0.07089621183048078,0.06936445319857705
4160.6,364.19698838451353,90.5,0.03169218340170936,0.03031111717327168,0.0283253403388918,0.026673373060090416,0.026167400716617606,0.027494270380920727,0.03138345952530291,0.03865967047126465,0.05032818489933039,0.06785037547443752,0.09172839887155025,0.11673246908352915,0.13292038655546723,0.13445495282336445,0.12396890663002642,0.10852344254600425,0.09679208356865662,0.09078012310783816,0.08682102613998015,0.08262263585380668,0.07841858043472699,0.07468402546902789,0.07168927189757321,0.07011766542834358
4160.7,367.0071485223579,90.3,0.035272640301317076,0.03339025502722882,0.03072741669662543,0.02851244517901213,0.027663654680964923,0.028847302052583148,0.032715864018533665,0.04004092669302988,0.05182297789399347,0.06959168679207721,0.09377490798115433,0.11914234502024608,0.13678541453148146,0.14205607068259088,0.1370901095382347,0.12603146501929308,0.11310231419367468,0.10156307839616584,0.09282630366996729,0.08662069969149792,0.08189701378687739,0.07793895748661411,0.07474524230955404,0.07305200442217244
4160.8,369.8073092319645,90.2,0.038032559425341644,0.03581672162974996,0.03271590203787921,0.030140373984050287,0.02906837566780902,0.030144152987977797,0.03395339324231618,0.041171022626390684,0.05272005135156059,0.07007265739602657,0.09349170251198043,0.11799432352225206,0.13553068246627226,0.14160358670552828,0.13740418399981189,0.1264303812962491,0.11331962463837673,0.10189359542836872,0.09346033099767015,0.08743093564089982,0.08270714129373063,0.07865749516340882,0.07537706384156256,0.07363755744921131
4160.9,372.61759391510907,90.1,0.04101668475001622,0.038419739597808776,0.03482953624853189,0.03186127154708756,0.03055148228779687,0.0315129597825066,0.03525654653275244,0.042359237371358535,0.05366910250486128,0.0705767839518419,0.093170643933379,0.11677241200885848,0.13421985394040384,0.1411982410945381,0.13811365716011167,0.12778851641108405,0.11481643221662247,0.10329131328726479,0.09471150771415908,0.08854257145077411,0.08369222185591425,0.0795335929840558,0.07617030247421795,0.07438930828822422
4161.0,375.42775405282714,90.1,0.04270908130115572,0.040063211482373975,0.03640299079945728,0.033369368462811265,0.03201404745466249,0.032940142704196915,0.036607093873485,0.04351091530842844,0.05444542173111563,0.07072760977260333,0.09237069766721144,0.11514014232839667,0.1326559454667689,0.14074807878331955,0.13921726498824502,0.13024092006524873,0.11791289376122029,0.10618565955229754,0.09700652880128394,0.09033032546005933,0.08517455743600441,0.08085244730858708,0.07738496350414407,0.0755539542970666
4161.1,378.26819415965167,90.0,0.04538504203077609,0.04246489713585248,0.03845613836705836,0.03514396361147077,0.03361898879178482,0.034454342607471135,0.03803853722480104,0.04478290046645866,0.05542844641558769,0.07120673396180649,0.09198640197982096,0.1138580309738118,0.1311319451727942,0.13981616549700057,0.13909288420065968,0.13058397447019615,0.11837130307670188,0.10659030168046278,0.09733523466695437,0.09059738132565191,0.08540586422507117,0.08105539194719841,0.07756865232800163,0.07572025270077093
4161.2,381.10847583579186,90.0,0.04632362498308386,0.043540372198004385,0.03973381202067334,0.03663521792575054,0.03528446235473192,0.03617837794409551,0.03961275337982937,0.04593415980307618,0.0558435083591723,0.07048515069617454,0.08978369677892221,0.11027716481070836,0.1264069677730381,0.13318958984192028,0.12800683039627164,0.11405656748134159,0.1015910975974949,0.09483218146439107,0.09037456683828424,0.08582841705234365,0.08129469164277842,0.07723474654551889,0.07401848021041858,0.0723387298649359
4161.3,383.94891594250004,90.0,0.047473073975921286,0.04485470423336762,0.041244842747417076,0.03828220264268555,0.03699266747378808,0.03786297155914041,0.04116600265052001,0.04721925004286556,0.05674317192618139,0.07080376753884743,0.08928187794462872,0.10901536465866901,0.12499885125337126,0.13222371685683873,0.12741780040336456,0.11351915416881365,0.10094723021255393,0.09413885768671988,0.08979689180431451,0.0853099745832271,0.08081240366375002,0.07681993873625094,0.07362441459562231,0.07193671921107335
4161.4,386.78919761864023,90.0,0.04852648171259467,0.0461169314646848,0.042761463272223674,0.039979979586188784,0.03876584656967479,0.0396020641454311,0.042749445474385014,0.04852989521977241,0.05767959656409199,0.0712059060241425,0.08892084013030771,0.10793550891863918,0.12368080670470291,0.13124209569829562,0.12675436374688165,0.11281291988545272,0.10013158136477592,0.0933216054053032,0.08905060305229716,0.0846584848333347,0.08023582077175061,0.07629552724845858,0.07314542654782344,0.07148649154458775
4161.5,389.61963928036073,90.0,0.04947038075887148,0.04730633318964835,0.04425675588455753,0.04169703578321875,0.04057241135969788,0.04136477066456233,0.04434144490195458,0.049853105304026375,0.058657489561669815,0.07169161445795158,0.08868808580742084,0.10698879322471429,0.12240390801639581,0.1301445730535583,0.1258872330042722,0.11194313031477646,0.09921775600724675,0.0924296537777844,0.08823215416745743,0.08394229945250882,0.0796027936203024,0.07571880507553073,0.07261915803570973,0.07099334264450999
4161.6,392.4599209565009,90.0,0.05027203183806432,0.04838417551380283,0.04568878523629474,0.04339407523415172,0.04237835720172526,0.043123897758645106,0.04592145591195257,0.05116929823978104,0.059643720283809584,0.07219392596218457,0.08847068495824377,0.10602192354597867,0.12102830288519799,0.1288784381780161,0.12488933680886571,0.1110321398873541,0.09832015605745485,0.09154845868306515,0.0874116481426358,0.08322148377463642,0.07896443307422969,0.07513920044322667,0.0720952074278065,0.07050128069419137
4161.7,395.3002026326411,90.0,0.05091724943001122,0.04932819501877008,0.04702755859641584,0.045038848728468604,0.044157917646398294,0.04486455672279827,0.04748824942172479,0.05248472261162168,0.060641961069923006,0.07271333613663546,0.08828537060330423,0.10511708134403015,0.11976591895121083,0.1278179808087204,0.12426122628309211,0.11068070025968936,0.0980301048096916,0.09123605753520184,0.08709995984985638,0.08294079379123885,0.07871429638364338,0.07491634504719606,0.07190159773902112,0.07032486487502593
4161.8,398.14064273946565,90.0,0.05119826023767865,0.049966148850122585,0.04815514571560068,0.04656861755282006,0.04588973892316248,0.04658893132234439,0.04904849341221346,0.053792624517490874,0.06161637632437797,0.07318087618333269,0.08805134603134618,0.10422987962868442,0.11868203897234048,0.12719613136082547,0.12436350349742353,0.11121550507357138,0.09861313506349001,0.09172402627951541,0.08750805031492931,0.08329444439537442,0.07902758566466027,0.07520575058842902,0.07217883234791471,0.07059361012339789
4161.9,400.98092441560584,89.9,0.053465524817140765,0.052043473152504384,0.049976481056946034,0.04818633009909892,0.047396920547639505,0.04806270329530676,0.050506868419242845,0.05519690938606902,0.06284666882491187,0.07402668731944372,0.0882314062607025,0.10378011775055833,0.11800017972133477,0.1269575503076127,0.12480653736307316,0.11200945923230077,0.09945213263127667,0.09249977729399887,0.0881600659527736,0.08391287112829274,0.07957758424191719,0.07566341489123886,0.07260156912295462,0.07105592652608805
4162.0,403.821364522314,89.9,0.05362597653871531,0.052495791362847655,0.050852243542518175,0.04944902840720879,0.04891135242579728,0.0496663270177857,0.05205476735561805,0.05656949123131395,0.06391390238283844,0.07460401751694681,0.08819096182543805,0.10325345639682132,0.11750486566674267,0.12712719062564826,0.12578921617902364,0.11339471235528918,0.10083232062948023,0.09373900644801976,0.08925664765410571,0.08487886474490829,0.08044470505295609,0.07645410797174276,0.07333108396502497,0.0717454730032379
4162.1,406.6734865393289,89.9,0.05340004785117739,0.05259508005754864,0.05144566017648568,0.050524433684887154,0.05033092083467097,0.05124331694984636,0.053613980311129954,0.057967737678617445,0.06500924771022706,0.07522949890577091,0.08826209385807346,0.10294450126182578,0.11732842873197397,0.12764070004141598,0.12698725530560948,0.11480343533143643,0.10216337495697728,0.09494870107952552,0.09034155138518771,0.08584077966663724,0.08130594863775054,0.07723166488369249,0.07404442569982203,0.07242237958906006
4162.2,409.53560114220454,89.9,0.05300659719860663,0.052503981297107614,0.05183820699516782,0.051424345647443304,0.05163097103900154,0.05276616473161979,0.05517515310062676,0.05940998666466432,0.06618617673293391,0.07599652530389511,0.08856010678263454,0.10292818808373767,0.11737924659697899,0.12808924448904474,0.12768281260059205,0.11544868488135551,0.10274880430127417,0.0955175287648286,0.09086592885921875,0.08630643133906836,0.08171986221292624,0.0776008561258452,0.07438234551228035,0.07274607729973709
4162.3,412.3877231592998,89.9,0.0524516130915006,0.05223169355673042,0.052036881122179884,0.05214584884535012,0.05279556320252251,0.05420709973122178,0.056701976156382186,0.060854542507239456,0.06739906281679137,0.07684523520005525,0.088986792873964,0.1030317994885798,0.11740623564569493,0.12822327527420418,0.12779881949071784,0.11547562661634632,0.1028022648100983,0.09562231577622766,0.09097431746702529,0.08640326750813358,0.08180387208141753,0.07767039973571847,0.0744436789343403,0.07280664637719197
4162.4,415.2398451763147,89.9,0.051754365724333604,0.051802718157604115,0.05206727391639965,0.05270062324472933,0.05381819589849852,0.055544473562798624,0.05816727352412529,0.062269030243424006,0.06861384396772738,0.07771165830271418,0.0894455629671557,0.10308347695578464,0.11726913149669078,0.12795854222004083,0.12741145711698054,0.11514744947732986,0.1025944976250856,0.09546410001194114,0.09087750817502291,0.08628367359187505,0.08168821291435624,0.07759788032545084,0.07436380870111758,0.0726686174830685
4162.5,418.0919671933296,89.9,0.050938348142714,0.05123257110761224,0.051931699817613204,0.05308820353231467,0.05469526916812679,0.05677119421571656,0.05955526880462479,0.06364113882654095,0.06981824430448466,0.07861797403172417,0.08996836157687017,0.10319907356791382,0.11703654807632241,0.12745230138249436,0.12674903929661052,0.11459496629618578,0.10224199939341531,0.09519982484510332,0.09063972950815341,0.08606931029266653,0.08149636868826102,0.07742489825571121,0.07420256675056375,0.07251256200368092
4162.6,420.9540817961694,89.8,0.05223134891226002,0.05228973354805623,0.05267009769423108,0.05361298952613323,0.05523868967614088,0.05756295795459419,0.06066845171576498,0.06497238877004917,0.07118375560448124,0.07985539997212428,0.09088005847628487,0.10369329189859645,0.11699505571217923,0.12692532322697686,0.12587680443865107,0.1137554098387085,0.10166420956903324,0.0947817884633733,0.09022335951285287,0.08573220279952665,0.08120523971992946,0.0771216407280878,0.07393367605587349,0.07232372389700335
4162.7,423.8062038131843,89.8,0.051051264503949416,0.051367013808883664,0.052196001763590995,0.05367750175340506,0.05581557807931955,0.058524936358046904,0.06183878170128862,0.06618149739505573,0.07228621057245237,0.08072991346001494,0.09143240474224218,0.10385233984260714,0.11675427152581228,0.1263698820416436,0.12523243924420524,0.11333717215202298,0.10148797323119658,0.09467912032263304,0.09012367583825595,0.08564293749733101,0.08112599578798714,0.07704561298161648,0.07385977888869814,0.07225254963679427
4162.8,426.6583258303155,89.8,0.05005289355685914,0.05054488915726742,0.051700217366746,0.05360804383663725,0.05619816601513717,0.059296591653055154,0.06286586118052762,0.06730603435180155,0.0733634835499345,0.08164563652676117,0.09209974438600506,0.10420312368411327,0.1167719377779074,0.1260792784000076,0.12475352485986634,0.11295347501801786,0.1012997549129593,0.09457658461264871,0.09003252103847874,0.0855592060082231,0.0810523595569747,0.07697638092115971,0.07379337675229014,0.07218803870222734
4162.9,429.5104478472945,89.8,0.04902521116240785,0.04966228540092646,0.05109753986107858,0.05339224778612845,0.056421309660683476,0.05992674052871258,0.06378769547720561,0.06836416816893151,0.0744149369129945,0.08258974470339632,0.0928668140478705,0.10472870246012891,0.11701849564319591,0.12601443285827635,0.12442504176431712,0.11263667149167424,0.10115621538643128,0.0945286740635192,0.08999680428303304,0.08552314423358938,0.08102164594955451,0.07694661018746568,0.0737636948564601,0.07215797900695789
4163.0,432.3725624501701,89.8,0.04797496058303839,0.04872941014720688,0.05040087552327596,0.053040927085666253,0.0564882884771183,0.060408933858350305,0.0645897688454453,0.06933654764040478,0.0754195502645835,0.08354484791281173,0.09373217003803772,0.1054668053376276,0.1175967056346745,0.12634208385373996,0.12442412167355431,0.11252724397537502,0.10117195845287008,0.09464245490349454,0.09011565226550113,0.08562311725062514,0.08111241136776617,0.07702627272780026,0.07383412732582527,0.07222233611299335
4163.1,435.2255258217959,89.8,0.04710292864172075,0.04791657693441822,0.049727313046400656,0.05260853781068607,0.056401527529451614,0.060722063434863104,0.0652549453556312,0.07021882690009154,0.07638214827871576,0.08452044846874475,0.09470979086748361,0.10645243039106805,0.11860107725063979,0.1272582304130713,0.12504406347437091,0.11295511170695499,0.10166446522973478,0.09520749949819898,0.09064798273616446,0.08608969983957131,0.081529972726446,0.07739901599892232,0.07417155620460293,0.07253966232751748
4163.2,438.07805101886146,89.8,0.046198637620564226,0.047060288062977615,0.04898940059376137,0.05208629857748338,0.05620458360685841,0.06092014879171216,0.06581701683305706,0.07101809947758447,0.07728589508199614,0.08547516575109568,0.09573378147870726,0.10758928803305241,0.1198914418646589,0.12857319192295882,0.12607230778801726,0.1137219382376507,0.10245158724907617,0.09604968278549866,0.09143286212517442,0.08677967032398175,0.0821465031143569,0.07795011218448755,0.07467091310515986,0.07300961333195868
4163.3,440.93101439060354,89.8,0.04525575103626531,0.04615572148801983,0.048183960430894006,0.0514709370049978,0.05589121350423714,0.0609930151533186,0.0662648421569973,0.07172552019982849,0.07812140988595447,0.08638617904045949,0.09675126621483576,0.1087862242284823,0.12134905184954717,0.13017145073092437,0.12743640486239427,0.11480006228417185,0.10351475962440138,0.09714229733930319,0.09244164752353264,0.0876676052170981,0.08293907686194354,0.07865924023215919,0.07531351208261805,0.07361428524129364
4163.4,443.7839777622293,89.8,0.044072442022236945,0.045037975989289485,0.04720918417775066,0.05073274127698103,0.05548893803119148,0.060990044113573505,0.06663613727782877,0.07235726414147087,0.07889044758347095,0.08725163800039391,0.09776859967609788,0.11005455288199634,0.12296279011728657,0.13197822039827906,0.12898150380794385,0.1159963487673282,0.10467045315760443,0.09832240243079654,0.09352888880312861,0.08862340537252965,0.0837915157485437,0.07942274577789532,0.07600434440744377,0.07426240240500671
4163.5,446.6369411338551,89.9,0.04112055649932577,0.0423923985035721,0.04513416763128545,0.049417508006919325,0.054969772489606016,0.061095413770258074,0.06707662791688714,0.07290696420027717,0.0794308149106576,0.0877686495240014,0.0983846351019062,0.1109257550434349,0.124237741832051,0.13359803649885668,0.13052567328856302,0.11727606245642722,0.10585263563546099,0.09948697319674576,0.09459337336862945,0.08956267320506485,0.08462783250106184,0.08017065638765002,0.07668161757155297,0.0748920765947742
4163.6,449.48990450548087,89.9,0.040126207866955185,0.041402846917446216,0.044180457466060405,0.04857504786425156,0.05436267208508486,0.06085264706311966,0.06724127548088706,0.07339641842595926,0.08011771582606687,0.08858088557411767,0.09932983078651608,0.11204802417357947,0.12555134336635948,0.13488735168037239,0.13142055566352823,0.1178428911731716,0.10643039143010541,0.10012316322084248,0.09518237228931467,0.09007504591782507,0.08508416687925816,0.08058244824699501,0.07705301059891455,0.07523755929757041
4163.7,452.3528575263827,89.9,0.03910700631803165,0.04038518940066634,0.04319000974311893,0.047680458757727924,0.05368363731827555,0.06052229031592154,0.06731434922888092,0.07379871393062686,0.0807197692769738,0.08929828501929372,0.10014964971427336,0.11298511924238616,0.12658002739354993,0.1357970233899387,0.1319428587589311,0.11810828390173893,0.10673592809281734,0.10049321031760841,0.09552696326542097,0.09037165295801025,0.08534798551213944,0.08082248746359617,0.07726877000876178,0.07543583549952657
4163.8,455.2058208980509,89.9,0.03806933302738699,0.03934597036992035,0.04216908058711633,0.0467382142688706,0.05293288370707193,0.06009869617516454,0.06728849908763922,0.0741162780105082,0.0812600114191842,0.08996592638530117,0.1009006080369602,0.11378273812227392,0.1273335943932232,0.13629697433824417,0.13205820346341388,0.11806723699483701,0.10678474286835572,0.10061600981513699,0.0956443745249747,0.09046810004973721,0.08543341354494648,0.08090293062940644,0.07734001030939361,0.07549777045040976
4163.9,458.05878426979297,90.0,0.035158844814174965,0.036634974630403175,0.03986330712635573,0.04504316187860429,0.051970231429852465,0.05978117003204076,0.06734519795861307,0.0743165320920135,0.08148846173359096,0.0901675258065457,0.10112382837815993,0.11408977775150934,0.127732602082468,0.13674172557542208,0.1324307693182607,0.11833452159316804,0.10704331226695502,0.10088539130099423,0.09589072207754837,0.09068657546373991,0.08562427980198808,0.08107659243820867,0.07749822756267444,0.07563949238395459
4164.0,460.91174764141874,90.0,0.034171914329317606,0.03562342801045249,0.038824186759511055,0.0440206732606905,0.05108041415872599,0.05918800265064287,0.06715358825245826,0.07449169172044906,0.08191600216477736,0.09074565802070249,0.10179549738935512,0.11479882560845385,0.1283473183055944,0.1370286210425263,0.13229769421621945,0.11805525260334758,0.10686621921742065,0.10079387190776384,0.09581338840674003,0.09061149923539463,0.08555641428367951,0.08101929093940337,0.07744554163634035,0.07558497033381315
4164.1,463.7423836123118,90.0,0.03334785784047127,0.03475564413550095,0.03788865278998216,0.04304015364769955,0.0501618119236917,0.05851765918417282,0.06688354537803697,0.074617591482416,0.08232499616871364,0.09132681739220935,0.10247208813261278,0.11548692138354025,0.1288918199857996,0.13721784578553406,0.13211054956719984,0.11778096260439108,0.10670653905898107,0.10071113891860928,0.09574144201591103,0.0905416808132422,0.08549319861218692,0.08096582875631776,0.0773964664465639,0.07553463768797512
4164.2,466.5732492043991,90.1,0.031169822392452723,0.03264639831694967,0.03594198848324498,0.04139667697059468,0.04897949659844014,0.057862445299047,0.0666533924260078,0.07465159755163965,0.08250825154677824,0.09157628258931805,0.10278190039939739,0.11585627005856262,0.1292426553262592,0.13744380791699234,0.13216607996702356,0.11775527802931793,0.10671849857323883,0.10075841029537258,0.09578418129391657,0.0905787726460689,0.0855221564389561,0.08099372246375276,0.0774245045116226,0.07555669406317127
4164.3,469.41411174944704,90.1,0.03039126328579575,0.031811762880739045,0.0350107021125181,0.04037233689970506,0.04796030896868507,0.05705620764296556,0.06625526144701048,0.074680149920035,0.08284857893110115,0.09211487202454216,0.10345152442475276,0.11658377920202813,0.12985353589176807,0.13768028415754868,0.13197392565573884,0.11743641172225062,0.10650942455178414,0.10063294931937947,0.095673182794997,0.09047373189931324,0.08542697888881513,0.08091185023546714,0.07735070310411102,0.07548365288626936
4164.4,472.2449773413949,90.1,0.029618216970252877,0.03098360018221849,0.03408573713220084,0.039349288701383454,0.04692864748605888,0.05621852756000592,0.06581480273220398,0.07466746931373533,0.08315299228561276,0.09262676361336412,0.1041186463572576,0.1173589684317358,0.13058531200502568,0.1381138729119397,0.13200992402529194,0.11732317779379392,0.10648294119004101,0.1006747201498259,0.0957119405719806,0.09050158116362446,0.08544964651561959,0.08093547617799889,0.07737283428407761,0.07550122552523135
4164.5,475.075613312424,90.2,0.027665333585340443,0.029056383323825655,0.03223384731102711,0.03767809573047978,0.04559863835653507,0.05535356772643252,0.0653820129072182,0.0745245668255362,0.08318778949384291,0.09277015215529287,0.10440711771364233,0.11785424829238561,0.13123301847275498,0.13874629429301175,0.13244515424979225,0.11757085192684262,0.10672558876211354,0.10094027228833115,0.09595147161029412,0.090713437963092,0.08563448788363077,0.08110081626930682,0.0775253029046128,0.07564100322197499
4164.6,477.90647890437185,90.2,0.026963549405274248,0.02829766563632654,0.031369128212354096,0.036689649842322467,0.044554336902023,0.054446444601962865,0.06483190869654451,0.07438474653029463,0.08336641645046851,0.09318126247832462,0.10504456220714603,0.11873213135023077,0.13222892368981087,0.13958102391556018,0.13292000156764863,0.11784080128630249,0.10704470730986167,0.10130035795568938,0.09627662317616037,0.09099550021206802,0.08588449037488845,0.08132660585834575,0.07772921855627343,0.07582946049033215
4164.7,480.7373444963427,90.2,0.02629029614795261,0.027569720680057936,0.03053755745055974,0.035731945021489034,0.04352579714201399,0.053527131656178346,0.06423957338842806,0.07418977690157394,0.08348421212814365,0.09353282659108056,0.10563812390923953,0.11962225858790788,0.1333470120371739,0.14068885075545862,0.13376772744952628,0.11848420682527794,0.10769880967013358,0.10196069681813962,0.09687086998702134,0.09151730498449506,0.08634804719246505,0.0817425722405763,0.07810363402683657,0.07618066443688491
4164.8,483.5779782285473,90.3,0.024502402784826616,0.025787796517941258,0.0287869889909799,0.03409176355765018,0.04214315149111613,0.05254172248859601,0.06364218929263388,0.07384883740705436,0.08330634762175444,0.09347816133230889,0.10580338638494576,0.12017778064907167,0.1343554061765493,0.14205301377891044,0.13517833080310648,0.11969236845161113,0.1087993086643384,0.10299990514017728,0.09780756094799764,0.09235395366159478,0.08709071122336093,0.08240029101369628,0.0786933023129747,0.07673475966502938
4164.9,486.4088438204951,90.3,0.024067279130675454,0.025292018629338633,0.028168339715284957,0.03330051221392293,0.04119705088306509,0.051603756510552566,0.06296985369264312,0.0735649368132634,0.08334837684100793,0.09376633756170588,0.10634097680387068,0.12100418737271088,0.13540569602400948,0.1431651034461633,0.13621104009320945,0.12063787490792696,0.10974166136970287,0.10390349448134771,0.09861581871028086,0.09306936264504895,0.08772520371224515,0.0829673685870902,0.07920440776288132,0.07721606583046502
4165.0,489.23970941246597,90.3,0.023568451067684397,0.024739711201842814,0.027507802318280792,0.03248909348435452,0.04025242508406129,0.050671564734577824,0.06227971898863866,0.07322567432650211,0.08330263828848083,0.09395163713731712,0.1068040026669805,0.12185672498098281,0.1366673664837953,0.14470433935995733,0.1377658047962724,0.12204939999909778,0.11108911796985536,0.10517432358882468,0.09975328896428261,0.09407763561094765,0.08861885622753773,0.08376446308200275,0.07992321392450195,0.0778940053784618
4165.1,492.03058741056077,90.3,0.023014735062739308,0.024140898214217946,0.026817091468883152,0.03167213846220408,0.039328918659966475,0.04977255674390979,0.06160923404912709,0.07287765846473905,0.08322681276470158,0.09410584587551671,0.10725280514305179,0.1227073212194865,0.13789741210100967,0.14610092560851703,0.13903522428977313,0.12311976037852948,0.1121239444558556,0.10616913833856258,0.10064190591297545,0.09486392572296616,0.08931686766933615,0.0843855939756482,0.08048345159755205,0.07842002928077856
4165.2,494.821232497303,90.4,0.021524173438744833,0.022646002937324047,0.025324449067010653,0.03022948936294604,0.038050131160080866,0.04879266046510916,0.06094430959697718,0.07241353562364486,0.08288530252300798,0.09388796860166443,0.10730054285600041,0.12322199446547553,0.13891914451447115,0.14746634835088843,0.14039797247764135,0.12424562684367335,0.11314288692907777,0.10712935980143762,0.10150564243875,0.09563258286775503,0.08999525247955213,0.08498440217613014,0.08102288036931925,0.07893380084672857
4165.3,497.6218752806068,90.4,0.02110515411930012,0.02218606807752251,0.024778991904755843,0.029558170791839353,0.037253908608751767,0.047976365254776276,0.06029831888168676,0.07204608878994774,0.08278012549469028,0.09404537487136208,0.10783384772770815,0.12426559838943108,0.14040807410746778,0.14905033072123358,0.1416347624131252,0.12515017589483596,0.1140322433764924,0.10800699224696168,0.10228714829785228,0.09632073687152186,0.09060258238432707,0.08552738069041202,0.08151397057667778,0.07939848765413692
4165.4,500.4127532786782,90.4,0.020738704833703627,0.02178079531840557,0.02429188275369141,0.028948302598398368,0.03651640634875691,0.047204624275605636,0.05967483535687797,0.0716801464872633,0.08265670080638633,0.09416899927748949,0.1083224854827949,0.12524345514915014,0.1417793470680121,0.15042240545235272,0.1425774284583735,0.12575364390748972,0.11464581198920008,0.10863124818933192,0.1028408672393938,0.09680650234061336,0.09103027354050267,0.08591070663669356,0.08186127927130385,0.07972830097073266
4165.5,503.2033983654405,90.4,0.020433877971101844,0.021438154281989807,0.02386878991447381,0.02840166632102439,0.03583378472164036,0.04646777587968397,0.05906345747140988,0.07131672582328447,0.08254073073939773,0.09431246243143054,0.10883247859518907,0.12620084004923873,0.14302343847857002,0.1515261324083456,0.14318491145333942,0.12606071676253874,0.11500488063261073,0.10902086487123727,0.10318340993417191,0.09710481450482855,0.09129169127154829,0.08614655550327913,0.08207560393003752,0.07993342255424768
4165.6,505.99427636339556,90.4,0.020189854903662048,0.021155741852639454,0.023504086601932737,0.027908161041020407,0.03519163046638625,0.04575086128295841,0.05845480647896096,0.07095246105303624,0.08242514891075348,0.09445730788928114,0.10934438160879412,0.12715765255262662,0.14425581122088119,0.15256662557601014,0.14364620213462187,0.1261898512300816,0.115201656065086,0.10926383471389706,0.10339435521160247,0.09728601623353118,0.091449325726693,0.08629065368700745,0.08220672769903026,0.080061069488457
4165.7,508.7849214501578,90.4,0.020001030296576273,0.020927931941955823,0.02319221900618302,0.02746306539939278,0.0345870117730083,0.04505303386945855,0.05784826131843913,0.0705859736026322,0.08230814841114889,0.0946025611086354,0.10986472026848815,0.12814552862087444,0.1455756175378422,0.15377940640995785,0.1443341738130604,0.12654398080703513,0.11560622530588348,0.10969166647944542,0.10376982972062113,0.09761349709830242,0.09173626236372528,0.08654968239949445,0.08244101249437043,0.08028762863378011
4165.8,511.58579631353575,90.5,0.019016472836710423,0.01993088410473592,0.022171493399880147,0.026427760696658833,0.033592222509204885,0.04420385018464993,0.0572099154159699,0.07011015944554003,0.08193634038333676,0.0943604485642198,0.10991439829901466,0.12869606110535936,0.146631985541377,0.1550068068997127,0.1452229792675715,0.12704531980562192,0.11606424035372973,0.11015983649488238,0.1041823317046424,0.09796882349335423,0.09204332352576754,0.08682545105110609,0.08270038023247067,0.08053886510896532
4165.9,514.3764414001616,90.5,0.018844514522472412,0.019724489559958692,0.021889576926003487,0.026023228978681933,0.03303420089414588,0.043543736546217855,0.05661664096818203,0.06973363162637544,0.08179281331886804,0.09446164584408366,0.11037245850269684,0.12962962983156345,0.14798364448172333,0.15642092808359284,0.14624633501226028,0.1277543666545593,0.11678529606349558,0.11086820446163273,0.10480472652236886,0.09851635211217985,0.09252447144760445,0.08725462517050837,0.08309272183612536,0.08091208619112086
4166.0,517.1670864869039,90.5,0.018788014802721645,0.019632719945452824,0.021722896357361243,0.02572125978868797,0.03256245417601915,0.04293535270951001,0.05602553589139087,0.06935204425401308,0.08161791654252709,0.09457143796567748,0.11084591946165713,0.1304517291156037,0.1490943515504194,0.15751915440393444,0.14696664278739077,0.12825106311156834,0.11735469113878617,0.11144628631398655,0.1052639387431054,0.09890073201860057,0.09290234321848667,0.08757129938141622,0.08338045883040268,0.08120474751113702
4166.1,519.935840719469,90.4,0.019256075124580364,0.020050819312789566,0.022031168238159125,0.025837472717162357,0.03239642011184795,0.042480114176653844,0.055493727318818006,0.06904109342629701,0.0816256434850898,0.09490995712705161,0.11154643725134178,0.13148171054561436,0.15023395226336414,0.15836892472226138,0.14733104492059865,0.12847966995353427,0.11770066885472269,0.11180223864644703,0.10556810338834792,0.09917139440680328,0.09314280477440194,0.08778385634416441,0.08357266082416416,0.0813835355019806
4166.2,522.7145634476282,90.4,0.01886879077150041,0.01964496153181281,0.021583979951859296,0.02532491321870271,0.03180625845839451,0.041841673463976596,0.054894476103378054,0.06856865998319767,0.08131407172344587,0.09478989191875853,0.11168311606777141,0.1319111918055505,0.15085016579292782,0.15898395966476642,0.1478214692490022,0.12888536089395058,0.11811780841040344,0.1121981356234739,0.10591483877144316,0.09947596098116158,0.09341097015459549,0.08802421600852656,0.08379067571270196,0.08158935303697343
4166.3,525.4833176801192,90.3,0.019330405709864905,0.0200595189414001,0.02189665523519338,0.025461937333516677,0.03168333957347493,0.04143499465045758,0.05436875284543005,0.06820093027798925,0.08123851917626707,0.09505128197893542,0.11230608917750355,0.13280650137828764,0.15172599431821268,0.15946275207274777,0.14786469518879578,0.1288973066495669,0.11826815494046994,0.11236449355525775,0.10605218168870269,0.09959907100327947,0.09352076120921778,0.08812031271769051,0.08387733663636035,0.0816686949206037
4166.4,528.2520719126842,90.3,0.01902735804271124,0.019740593611097732,0.021541653326064142,0.025047168040098405,0.03118951412445551,0.04087038692928881,0.05379452037402497,0.06770582276429125,0.08089609231243808,0.09494496717451463,0.11253884207617622,0.13340352796791907,0.15248229802969113,0.16001103217520074,0.14801596810381565,0.12889665996422642,0.11834426393980844,0.11246263930307555,0.10613101380749616,0.099666247932087,0.09357901723775468,0.08817420692530947,0.08392708855486314,0.08171548906463545
4166.5,531.0307946407273,90.2,0.01965415488730396,0.020314505925221903,0.022004316148309437,0.025322993382388977,0.031190256500574633,0.04055672329065316,0.053310466776006,0.06734565789255378,0.08086091050867411,0.09535911855150456,0.11347533593821611,0.1347352871667076,0.15374704082424107,0.16055593564105256,0.147705548288077,0.12846142608502364,0.1181546187299263,0.11233818360823744,0.10600429666146077,0.09955537278329477,0.09348228690794262,0.08808701224566427,0.08384744975289593,0.0816373725689499
4166.6,533.7987722417993,90.2,0.01942806318216853,0.020074673234116547,0.021732865740985076,0.024997355326670138,0.030786726056825513,0.040066498239692154,0.05276923075432473,0.06684293370598829,0.08052236408878638,0.09534523180882246,0.11394382486600602,0.13569261050869172,0.15485511696993004,0.16122926726913114,0.1476599636886834,0.12818478706101105,0.11803356619915147,0.11226935283093754,0.10593035145545393,0.09948722147357296,0.09342086777993161,0.08803434069254949,0.08380132993566258,0.08159355420878099
4166.7,536.5675264742903,90.1,0.020048803062606514,0.020643462739643605,0.022195093289635794,0.02528652436363881,0.0308252293495071,0.03980988189299571,0.05232134145233438,0.06646707048597567,0.08045851048784207,0.09578704521697587,0.11500249426112978,0.1372086439244139,0.15628091814527567,0.1618592523582686,0.14737917854632693,0.12780169470318728,0.11792150761893296,0.11220732689965915,0.10585980788483611,0.0994247498311471,0.09336835563805795,0.08798491488619467,0.08375726135865524,0.08154787627099845
4166.8,539.3362807067813,90.0,0.02070819757723918,0.021248745079977316,0.022688737703704217,0.025608324045560234,0.03090159615709136,0.0395953437452176,0.05189849373708432,0.0660847504270737,0.08037518807399592,0.09623958848751503,0.11611401880288762,0.13880513635135897,0.15779079468014787,0.16256366192836116,0.1471687381077421,0.12749224142035734,0.1178903600782809,0.11220781653679503,0.10584764653064964,0.09940973667770434,0.0933615549106975,0.08797632446012499,0.08374586390094642,0.08153997477130565
4166.9,542.1150034350142,90.0,0.02061712170516917,0.021147087365005778,0.02256529671525866,0.025441046784733468,0.03066328016362375,0.03925128255345906,0.051442313245943595,0.06559600660719517,0.08004235663023772,0.09628580404446185,0.11671913727985123,0.13989767496948258,0.15893280756692543,0.16327633891268548,0.1473442295110054,0.12760269146066858,0.11813373071439118,0.11246430977985382,0.106048475351602,0.09960804550202071,0.09351379501466005,0.08813082143678441,0.08387199756138651,0.08167130208517766
4167.0,544.8837576675052,89.9,0.021285058326992325,0.021762563520721326,0.0230787710295819,0.025797802470608613,0.03080009258907917,0.03911535747317572,0.051079352907658096,0.06521542288288845,0.07991692847721678,0.09666436214504984,0.11774074812609957,0.14139518153707376,0.16038825148574348,0.16414272448154762,0.14757505147163097,0.12782395131449859,0.11855805944399987,0.11286108345209575,0.10639280155541378,0.09991245784932185,0.09378764106829571,0.0883682007231068,0.08409033519633599,0.0818695632979487
4167.1,547.6671369086961,89.8,0.022213433673163082,0.022619611255704563,0.023801509927056545,0.026325267375877464,0.031066801166935127,0.039069243664878434,0.05077340956807842,0.0648817238808664,0.07985409237336963,0.09713543038445835,0.11887694007935151,0.14299753147114322,0.16190652661281646,0.16505933059236208,0.14794170347311392,0.12826702843267032,0.11920030393498376,0.11344630664531173,0.10690324750796981,0.10036826475489906,0.0941927337865371,0.0887255845335123,0.08441130548635249,0.08216910115683275
4167.2,550.4518271967055,89.8,0.02223999841483618,0.02264007714954802,0.02380642312871366,0.026298436216602238,0.030978460628943494,0.03887102882672294,0.050423960166631324,0.06443012319593547,0.07948440111835717,0.09708743860561492,0.11934657182988191,0.1439751592449719,0.1630837856615052,0.16608675123606678,0.14867854950439888,0.1289545724156365,0.11995435659379201,0.11413219382167276,0.10750810931847932,0.10090427999194286,0.09466530970077079,0.08914467517839243,0.08479039440787378,0.08252716420466943
4167.3,553.2365174845912,89.7,0.02315853672801743,0.023484236329394406,0.024514231756451843,0.026816271797476022,0.03125239130025338,0.03885631994022323,0.050158228410489794,0.06411072786641887,0.07938814004753947,0.09746715479783628,0.12033420920245055,0.14540458885229132,0.16446864497867147,0.1669665978369422,0.149077727050574,0.1294170083493363,0.1205760195471925,0.11469202837153779,0.10799784883902573,0.10134178631463718,0.09505347900060446,0.08948817424690624,0.08509731892186248,0.08281502431037424
4167.4,556.0198967257821,89.7,0.023147722771148568,0.02347229825283269,0.0244958084351984,0.026778525044100415,0.031168049077620708,0.038676470386966345,0.049831530100594074,0.06366489415948487,0.07898740373506351,0.09733861270665552,0.1206769421803386,0.14624788633227004,0.1655524318756623,0.1679523754312203,0.1498104606285717,0.1300985065962213,0.12130279455237153,0.11534917857500819,0.10857860295232048,0.1018561666478584,0.09550660201044552,0.0898898194438339,0.08546031146638056,0.08315851908778757
4167.5,558.7946759962977,89.6,0.024072540208180386,0.02431501533315572,0.02519138327822717,0.027276448999330016,0.031422630174033205,0.03865153702211656,0.049564020347673675,0.0633395882861241,0.07887380003193581,0.09768242869642794,0.12158495741219702,0.14752114384018813,0.1666984901536571,0.16856319860496036,0.15002120563792742,0.13042522035610413,0.12177569148902818,0.11576832706123438,0.10894495723905666,0.10218383498081296,0.09579770928423251,0.09014725563803895,0.08568951492724537,0.0833736439643045
4167.6,561.5793662841917,89.6,0.024044199406450608,0.02428707698098295,0.02515919719707559,0.02722703255374634,0.03132804427500409,0.03846208461668868,0.04922811338284521,0.06288631485721326,0.07847169087470479,0.09755511486317231,0.12190713408826749,0.14828957497762374,0.16764517441481452,0.1693801106952895,0.1505998341490387,0.13096962675456586,0.12236395553454381,0.11629778464186376,0.10941297437593643,0.10259800792960153,0.09616227777998548,0.09047015724837976,0.08598150911160353,0.08365032711828535
4167.7,564.3627455252622,89.5,0.025078853970777797,0.02522229432422577,0.02592035175564915,0.02776324164371665,0.03159958740203833,0.03844113210358733,0.04895938490378546,0.06256282747859764,0.07837525800862667,0.09793246071318716,0.12283542171106321,0.14952093809336678,0.16866878136043612,0.16982051993171846,0.1506386076257388,0.13114019333845742,0.12268149152534365,0.1165737459456947,0.10965267258215923,0.10281324529508344,0.09635448407607142,0.09063987512783779,0.08613135114840434,0.08379063121063278
4167.8,567.1474358132716,89.4,0.026071881185803843,0.02611276431300387,0.02664371607671745,0.028288614371977206,0.03188163776292066,0.038450149549827686,0.04880680000581691,0.06262465361542127,0.07921628144549177,0.10032694207321508,0.12779387941083925,0.15840560799237455,0.1840290278382671,0.19655575395924374,0.1923943739090555,0.17589197884406188,0.15569759102331787,0.13824198768906143,0.12537925408139797,0.1158121260609708,0.10789513050478038,0.10098753679021077,0.09548272866231132,0.09263112248702043
4167.9,569.932126101281,89.4,0.0260061262758911,0.026056569696728035,0.026596758364977508,0.028236979303816745,0.031792659397000135,0.03826645041429841,0.04846519984436924,0.06215249241596763,0.07881415745659759,0.1002649119617607,0.1282800057082367,0.15941562365357204,0.185216028037008,0.19751773238224604,0.19296736540659207,0.1761528632166081,0.1557879687697888,0.1382706805543546,0.1253980446567044,0.11583511903012471,0.10791995715326426,0.10101006910048954,0.09550305347110105,0.09265064347132934
4168.0,572.7155053424719,89.3,0.02696980715403817,0.026916704672316934,0.02728238024172131,0.028709585391884278,0.032028879761620895,0.03824533179500733,0.048201585532965226,0.06179838449220472,0.07868988298319364,0.10071828036094868,0.1294687867839322,0.1610853057960004,0.18677340896515957,0.19845591773934984,0.193210082862736,0.17595587922165315,0.15541226467208016,0.13787116466818836,0.12503582182042558,0.1155256929068405,0.1076553957580437,0.10077798454487003,0.09529621325752918,0.09245673031903709
4168.1,575.5119495132393,89.3,0.027412538686280456,0.02731436520847193,0.027600239396073388,0.028921253777403812,0.03210458980705794,0.038142325317063464,0.04789114479409787,0.061371308700276,0.07842371639197476,0.10094209464655524,0.13034573739826638,0.16236963392120257,0.18785847661925753,0.19887293355908048,0.19296855410466726,0.1753575657155213,0.15471608084792662,0.13720871868880086,0.12444706547934627,0.11501518390000803,0.10721289465558917,0.10038962865363003,0.09494930164253437,0.09213055159616108
4168.2,578.3198846976887,89.3,0.027845905284662995,0.027704787874801396,0.027913944694647665,0.029131536114687093,0.03217999178640916,0.03803684440544357,0.04757122511401301,0.06092400338550701,0.07813106620118573,0.10114317622660074,0.13120255655857677,0.16362122320900585,0.18891307646646843,0.19931620199641406,0.19282513519446182,0.17489413860680508,0.15415836187587006,0.1366738332962981,0.12397173232226553,0.1146040282086467,0.10685692200250477,0.10007717079448536,0.09467027493405906,0.09186810119191062
4168.3,581.1261990065769,89.3,0.02838172277877236,0.028185875006793686,0.028299251265450277,0.029391877143823988,0.03228433148009549,0.037941305497510965,0.04724744258140871,0.060470668813081926,0.07785181399129452,0.10140423887805856,0.1321711918889018,0.16500691400475478,0.19011680905793443,0.19997090032914927,0.19297980674725576,0.17478236374953496,0.15396337591499953,0.13648644771766485,0.12381539826725024,0.1144771102573149,0.10674960126066256,0.09998246608203827,0.0945860111976297,0.09178879844897223
4168.4,583.9226431771945,89.2,0.029922107480584614,0.029534898482181104,0.029341083038813234,0.03008543453810678,0.03262739232400724,0.037950008034038536,0.04698071544818136,0.060132067059776785,0.07783575476483436,0.1021233713237638,0.13367434816060375,0.16677666415366996,0.19139208302297245,0.20045663007255726,0.19285822815702103,0.17441943382070238,0.15358773527167238,0.13618598142107327,0.12357251200274098,0.11427768242212602,0.10657846811819757,0.09983653088196674,0.09445559633991726,0.0916516791145629
4168.5,586.7305783616439,89.2,0.030315068283415497,0.02989040215238873,0.029627966993616375,0.030276649544041617,0.03268894384643576,0.037831528037921495,0.04664181405602897,0.05965234240896692,0.07750549324548961,0.10230833233848308,0.13453588756208806,0.16801908176675398,0.19248393151453339,0.2011622924969572,0.19326906712923483,0.1746970535504593,0.1538311924538485,0.13643044421545958,0.12381487767042855,0.1145043929198177,0.10678026492119669,0.10001261854751216,0.09461252914490827,0.0917998865448962
4168.6,589.5368926704172,89.2,0.030668362442240645,0.030213069986953976,0.029892211835586782,0.030455627620145743,0.032747398991857454,0.03771778532596686,0.04631302103738804,0.05917844207062988,0.07715770180188,0.10243533605271386,0.13530281337598074,0.16917681058589934,0.19357327804439206,0.2019821978531177,0.1938813062955118,0.17521083946474528,0.15431089165660453,0.1368957952644885,0.12425724547785744,0.11490828364947105,0.10713694728926046,0.10032431459735237,0.09489075930340503,0.09206235138488458
4168.7,592.3333368411845,89.2,0.031092790847981465,0.0305951811941143,0.030198151528840617,0.030658780744859507,0.032817845392668944,0.03761398791433473,0.046005955849916055,0.05874517309686195,0.07685681178639336,0.10259140000114356,0.13605664589546965,0.1702853394237873,0.19464151844768704,0.20287216952548384,0.1946539998652502,0.1759324287519969,0.15500728993983273,0.1375660050699669,0.12488477624013589,0.11547557182706006,0.10763618219217595,0.10076068471622442,0.09528043538277055,0.09242980221448859
4168.8,595.1396511500727,89.2,0.03134931214243963,0.030832784120311627,0.030395482423062618,0.030791162213318443,0.03285179336657814,0.037503172492206076,0.04571416874025267,0.058331108718787356,0.07654554999540991,0.1026742105706631,0.13667028181095317,0.17122229097523367,0.195539973662257,0.20359980424821575,0.1952799408338528,0.17653680199059502,0.1556200775975985,0.13817740296337128,0.1254668943047865,0.11600387459890679,0.1081005011481672,0.10116595546958734,0.09564216455345363,0.09277085617293172
4168.9,597.9475863345222,89.2,0.03155840046325157,0.031027838708518846,0.03055850800501085,0.030899775929023737,0.03287553546538318,0.03740131210495876,0.04545675325053727,0.05797179154730236,0.07628195208054808,0.10276114096969259,0.13722329662856284,0.1720431365872594,0.19628050210529757,0.2041235798323363,0.19567254150757685,0.1769136802169644,0.15603238120458732,0.1386165684634513,0.12589905605653978,0.11640021933823011,0.10844880570197579,0.10146920454154389,0.09591260432743737,0.09302597760829694
4169.0,600.7440305052895,89.2,0.03164872796959685,0.03112050797205522,0.030636020136541268,0.030932877619411756,0.03283531078133954,0.03722358782978845,0.04507327184759338,0.05729061747686434,0.07508660381027443,0.10051896424963731,0.13276785038956238,0.16283259841946654,0.1778177960762188,0.17136593302681372,0.14852665947010016,0.131250161478691,0.12426521204091105,0.11783137985686547,0.1107394963454264,0.10377686044163226,0.09721404882981054,0.09138806902259553,0.08680475550229555,0.08444933352011809
4169.1,603.5602158684154,89.2,0.032033058924889515,0.031458320408798146,0.030894913192855922,0.031096047677118877,0.03289156231634319,0.03716158342454415,0.04490026824031335,0.05708000076370565,0.07500739113468415,0.10076520002192314,0.13337456294943734,0.16350532319792432,0.17812703251046139,0.1712719407347293,0.14844326682489906,0.13139367948604722,0.12445745463506899,0.1179905543709446,0.11088146931097839,0.10390201110299467,0.09732467772789968,0.09148481098498325,0.08689290404544832,0.08453525074022508
4169.2,606.3764012315753,89.2,0.03228035030710097,0.031678966802479946,0.031067903318624503,0.0312075470094245,0.03292912025397906,0.037111938360318474,0.04476689610590429,0.05692613319506127,0.0749881951618623,0.10106754168238012,0.13403986115120453,0.16423641063011768,0.1784448265715302,0.1710748705924257,0.14816064041866167,0.13133831659604586,0.12447698040828682,0.11799387231888461,0.11088498463640394,0.10390452365961145,0.0973264386469441,0.09148482752199395,0.08689469549897728,0.08454036763302669
4169.3,609.19258659485,89.2,0.03265139605264633,0.032002146475200735,0.03131277380042552,0.03136331146256535,0.03299447838498897,0.03709010220184586,0.04468124118340325,0.05685559678859196,0.07508937195869868,0.10151964863030584,0.1348705557052518,0.16514228083326227,0.17894548386086437,0.17100451086210877,0.14790390385413915,0.13129946817825427,0.12452586826270495,0.11802134715215233,0.11091028037840443,0.10392616816933016,0.09734523755497125,0.09149936924942803,0.08690981262936062,0.08455919156745285
4169.4,612.0087719581247,89.2,0.03290690547769036,0.032227591029733105,0.03148779845907674,0.03147946892312816,0.033048757366553015,0.03708313423046069,0.044632130475807205,0.05683448421060161,0.07524286436559792,0.10202354689319133,0.13575804700304908,0.16609820502698047,0.17944477944854353,0.17083983096243066,0.1474769501681362,0.13109442239152222,0.12442837954591363,0.1179164501992477,0.11081844073753486,0.1038440097553726,0.09727174102404175,0.09143181777990349,0.08685172994148736,0.08450971800644899
4169.5,614.8249573213994,89.2,0.033299867441351154,0.032567924110148125,0.03174556406031214,0.03164997253400821,0.033140764632996055,0.03711366827264568,0.04463937577159886,0.05690450218126993,0.07552709999695091,0.10269229125538007,0.13681796879350153,0.16719759900247105,0.18008685259805224,0.17086122597816067,0.1472372452392394,0.1310738285662727,0.12450271406423172,0.11796400701322154,0.110863476107132,0.10388265957711808,0.09730493220388417,0.09145809644692113,0.08687836783520826,0.08454156571103742
4169.6,617.6411426844105,89.2,0.033577239299724906,0.0328129272706493,0.03193971440740254,0.03179083162640067,0.03323452772501646,0.037173044296987506,0.04469438200632198,0.05702409490029879,0.07583489123285603,0.10332019343393842,0.1377409938181273,0.16810094686852353,0.1806643731927753,0.17112972797049228,0.14742536523301844,0.1314362132200825,0.12489875907379351,0.11830425276594163,0.11117059079108513,0.10415316358513778,0.09754227842234481,0.09166526577839587,0.08706760780674941,0.08472636218874818
4169.7,620.4573280476852,89.3,0.03271194607057007,0.03210710056731114,0.031470372782097675,0.03155172335404698,0.0331714970821149,0.03721380146518464,0.04476251466276619,0.05706692461503754,0.07587646166834977,0.10343609830728584,0.13798393843974743,0.168403892932417,0.18100110767611974,0.17160296480902132,0.14795954408482367,0.1319988509990259,0.12542931721481684,0.11877694835665956,0.11159756887668239,0.10453061633765073,0.09787073166016559,0.09195445651314607,0.08733053719418611,0.0849760959485886
4169.8,623.2735134109599,89.3,0.03297777520590791,0.03234443394287274,0.03166467326381045,0.03170472427516844,0.03329578131149402,0.037331333848945526,0.04491165856431265,0.05731009386306025,0.076298806271323,0.10408989560943521,0.13873427036762231,0.16890265000566232,0.18118929733248565,0.17182125884466384,0.1483642331934956,0.13254831218772373,0.1259566951546474,0.119241116007755,0.11201454023987113,0.10489848242898105,0.09819438310227649,0.09223891899878524,0.08758805648428779,0.08522322684990324
4169.9,626.0913139717024,89.3,0.03336166209469792,0.032678744193420504,0.03192637206147252,0.03189988529135864,0.033449423640548995,0.03748244493060543,0.04511737784446105,0.0576439765062747,0.07683446078812202,0.1048391596260552,0.13950066200784333,0.1693290677919698,0.18133407240295943,0.17212917654964033,0.14894927987161025,0.13327136548853277,0.12663295997607735,0.1198398546110567,0.11255142388101262,0.1053721478846131,0.09861170526315359,0.09260615576122898,0.08791966572373834,0.0855404859687908
4170.0,628.9074993348623,89.3,0.03359672634920644,0.03288688252583258,0.032097725306187375,0.032043571778697,0.03358818562162072,0.03765146833484653,0.04536752095126066,0.05803376982669217,0.07740801503228686,0.10556224783868426,0.14013897311190043,0.16954880522480997,0.18128716058226257,0.17233637939501567,0.14950799695103842,0.1339577836362651,0.12726231182938302,0.12039901729911197,0.11305271663295018,0.10581449637902493,0.09900111703779363,0.09294908258514309,0.08822902638490024,0.0858355587535163
4170.1,631.7120135530895,89.4,0.03253004716220577,0.03200692732131092,0.03150373420207335,0.031743773402204044,0.03353986782975822,0.037794143030279066,0.04563090571918008,0.05833877544852758,0.07768270705215743,0.10570472266858516,0.14002917748538193,0.16921483815613578,0.18117709741825683,0.17289086455164102,0.15043655906679437,0.1348332288470832,0.1280291165009003,0.12109251832146678,0.11367379408327014,0.10636467821933362,0.09948222521884909,0.09337483721825567,0.0886123212876686,0.08619364477895536
4170.2,634.5152259959355,89.4,0.03258636741641676,0.032063547059050866,0.03156659040232446,0.031826329863612994,0.03366487620219563,0.03799801647220376,0.04596596556955623,0.058853912120102735,0.07838434732712553,0.10648104620496729,0.1405658226613093,0.16920064438303867,0.18088045895187732,0.17289996398722177,0.15087590187388158,0.13541464085805174,0.12855206891369997,0.1215577338878143,0.11409067080283686,0.10673301041366999,0.09980594567921856,0.0936599993937251,0.08886920859225855,0.0864373605785916
4170.3,637.3197402141626,89.4,0.032621666567944345,0.032101299074654255,0.031614721817160296,0.031900410759209956,0.03379047469000441,0.03821659640227442,0.04633726188699604,0.059432510657481126,0.07917336730827917,0.10735172039916581,0.14118828365683156,0.1692734595937173,0.18066114010619128,0.17292958511665632,0.15131488604768162,0.1360220710992001,0.1291064347317,0.12204916108711795,0.11453163391371143,0.1071222894830491,0.1001478973768129,0.09396081391911117,0.08914029426656984,0.08669525423128928
4170.4,640.1341673316487,89.4,0.032776224532402094,0.03223815462166204,0.03173207208841781,0.0320155492430702,0.033938459676580456,0.03845430314054318,0.04674586296178098,0.060088137217352504,0.08008711232554701,0.10837406249225653,0.1419353327951591,0.1693881840234914,0.18034902548817097,0.1726657351276364,0.15135447759486018,0.13626949544881564,0.12934457924925438,0.12225478290003493,0.11471800230354808,0.10728639915745217,0.10029173820875638,0.09408633318702543,0.08925398510722857,0.08680552728143022
4170.5,642.9386815498758,89.4,0.03279564132314678,0.03226033885394315,0.03176641822923735,0.0320809516324103,0.034066054961899565,0.03869600700789432,0.04717850486027667,0.06078338140144665,0.08105168522841286,0.10944619765557174,0.14271972192063273,0.16950902672027665,0.17993360307903292,0.17211364898910328,0.15103881399145305,0.13620766459529066,0.12930986374255482,0.12221406254021125,0.11468518411756727,0.10725704167226487,0.10026460323520485,0.0940608635199992,0.08923234534967832,0.08678785863969092
4170.6,645.743195768103,89.4,0.032938852662972085,0.03238521558827021,0.03187254513504489,0.0321897987404469,0.03421905176410995,0.03896183011615622,0.04765709288636694,0.061568253361000226,0.0821589520170179,0.1106948783769446,0.14367427216780526,0.16975162119388856,0.17952994349352705,0.17133593738731373,0.15033427848344355,0.13578881312031826,0.12896753727766505,0.12189462009672078,0.11440381724990141,0.10700868051383768,0.10004381813722331,0.09386418513645954,0.08905782560639669,0.0866259515433432
4170.7,648.5576228857044,89.4,0.03294957053663304,0.03239681125535728,0.0318954109864732,0.032247462946413695,0.034350022051927026,0.03923119144172273,0.04816026161406868,0.06238868061004906,0.08329582893984701,0.11194160865034034,0.14460002670208652,0.169993293495496,0.1791936881543159,0.17059965748967396,0.1495903095326062,0.13530006003019016,0.12856666842673903,0.12152346189054142,0.11407304674204587,0.10672159499619903,0.0997848126866243,0.0936345593668501,0.08885658486145097,0.08643275963460408
4170.8,651.3621371038162,89.4,0.03307990877306805,0.03250752804754184,0.03198815482814668,0.032348651249152635,0.03450977663614308,0.039531466893239546,0.0487173124980408,0.06330415313241994,0.08455921532838112,0.11331152495515176,0.14558075278733218,0.17017447748225084,0.17863969719275824,0.16948991936043395,0.1484902772000962,0.13450557180213574,0.12789475881362636,0.12090825859958698,0.1135170529791139,0.1062471705801405,0.09935236874331606,0.093251954455778,0.0885249928167198,0.08610586156531237
4170.9,654.1666513220433,89.5,0.03179401519017487,0.031421295252339464,0.031217714182385864,0.03192296225178427,0.034416757054093756,0.03975408626232542,0.04923612180578862,0.06406339095350781,0.08541236512650412,0.11396954157143137,0.1456921383941795,0.16968580601228492,0.1778412437214747,0.1685718564165312,0.14767145720781652,0.13384346227875582,0.1272989598943946,0.12037069024626575,0.11303780536259062,0.10582627727565248,0.09897945111920876,0.09292334964372462,0.08822854859445,0.08582026892702008
4171.0,656.9711655401476,89.5,0.03189043019444802,0.03150355028521099,0.03129216838156817,0.03201934689798569,0.034593104174631635,0.040104505430075384,0.04988768904080689,0.06511105058721789,0.08677649179224592,0.11532152949346179,0.14647722013248218,0.16962271746719845,0.1771570155401384,0.16753330481879145,0.14675711136561967,0.1332151434261835,0.12675756585025474,0.11987383691913407,0.11259251287686942,0.10544195486212869,0.09863366050673279,0.09261566590389922,0.08795795999449771,0.0855600502441196
4171.1,659.7714690951778,89.5,0.03184578628809484,0.03146844844920836,0.03128677067979472,0.032076609672050276,0.034768136920761306,0.0404859108200479,0.0505924269774008,0.0662104981129451,0.08815321599232762,0.11660293599507308,0.14709953111485205,0.16935878682661562,0.1763168738576378,0.1664550880390233,0.14587043925757867,0.132603844561228,0.12621599937768707,0.119378338519167,0.11215336914776815,0.1050546001146982,0.09829175689944179,0.09231135465872284,0.08768450119789598,0.08530438045927016
4171.2,662.5618095761255,89.5,0.03191932601933881,0.03153762525659916,0.031365724450020796,0.032200970036635246,0.03500145656630384,0.04093034001644176,0.05138053020915302,0.06741605112961103,0.08963503453144642,0.11794760493788368,0.14774449488216007,0.16917330373550013,0.17575590458652549,0.16587942174603967,0.14555617966014342,0.13252700200771783,0.1261552685509408,0.11931500147078629,0.11210160640419345,0.10500813424308432,0.09825132758325174,0.0922731853878984,0.08764957129096308,0.08527605552737465
4171.3,665.3521500571892,89.5,0.03186309575620325,0.03150096990064013,0.031376656069996796,0.03229872249528089,0.035247368804175845,0.04142227326785801,0.052240839771772,0.0686926454377647,0.09114970063950902,0.11926041602562218,0.14833441942174355,0.16901861141267918,0.17542185303975297,0.16570186511940854,0.1456469639515539,0.13280138612784043,0.12641101810051358,0.11953719379108299,0.11230457527734901,0.10518676039385556,0.09840935007893017,0.09241101343761421,0.0877724705537171,0.08539576362059013
4171.4,668.1524536121397,89.5,0.031932991302212055,0.031575941197752685,0.03147864927283074,0.032470016117697426,0.03555891904630581,0.04198697269137268,0.05319812086871004,0.07009363667946349,0.09279312590069123,0.1206761999446607,0.14899463772256075,0.168918313302483,0.17514601971344076,0.16558895101254012,0.1458169189889946,0.13316677723050516,0.1267509065087056,0.11983403471567514,0.11257437599933971,0.10542508940232131,0.09861916095622153,0.09259437740482777,0.08793710918645471,0.08555506370049117
4171.5,670.9427940932034,89.5,0.03188348774834653,0.03155376040880377,0.03151934634283605,0.03262082573524042,0.03589184579852452,0.042615202813190645,0.05425453250734737,0.07160219331937044,0.09450928181337283,0.12210842229280541,0.14965864040378873,0.1688795448984533,0.1749906028641774,0.16553368629939733,0.14592596761763635,0.13345116684933092,0.1270244600385476,0.12007067106599661,0.11278982601722955,0.10561547654338918,0.09878637902393192,0.09274079266576826,0.08806847146657089,0.08568172671955976
4171.6,673.733134574151,89.5,0.03195681719884226,0.03164009452271295,0.03164864735865255,0.03284402444568859,0.03629198284243967,0.04332262743053458,0.05542113871331559,0.07325266597249158,0.09636856405638225,0.1236476221130528,0.15035613253655236,0.16874870881716977,0.17457128124146146,0.16508202590340276,0.14565227051948393,0.13340720806570613,0.1269995910767279,0.12003816803932837,0.11276515616319689,0.10559372055468554,0.09876606777226689,0.09272156872487457,0.08805154532727451,0.08566874237848227
4171.7,676.5334381291813,89.5,0.03202714366858949,0.03172745543250922,0.03178734091007967,0.033089869566528124,0.03673531181230826,0.044103896127732606,0.056697204891771824,0.0750239029644347,0.0983019508052354,0.1251698956081218,0.15095334749009798,0.16846963401907575,0.1739446419551547,0.16433740142507527,0.14505965484614497,0.13306005454495484,0.12669825485651506,0.11975754151670885,0.11251830268065277,0.10537526463521406,0.09857234913632491,0.09254977976321258,0.08789751806312862,0.08552576638024861
4171.8,679.3237786101648,89.5,0.03195935137495221,0.03169956423679161,0.03184712077702358,0.03329762314340781,0.037182836427243356,0.04493229702010313,0.058053013903904375,0.07686408833018213,0.1002242249085797,0.12656111385832636,0.1513293667783373,0.16793869692563157,0.1730649484347565,0.16337925817655172,0.1443048453997801,0.13254539096936893,0.12623704780509754,0.11933533101923104,0.1121430284264034,0.1050423844883023,0.09827845659509146,0.09229063893692455,0.08766456669232107,0.08530680670193132
4171.9,682.1141190912285,89.4,0.03344415680062607,0.03300939255605726,0.032932848923048694,0.03423425178003478,0.038167197705960776,0.04632417758845324,0.06030330234649555,0.08035263356953413,0.10516680633585135,0.13335467435704124,0.1608088356181233,0.1817141772309646,0.1931667571057894,0.19416900148221802,0.18469269236281025,0.16828618916876756,0.15048037731495414,0.1353992823930687,0.12390727829828127,0.11489701528727281,0.10712669992366242,0.10027388046592929,0.0948135519044248,0.09200174794368832
4172.0,684.9144226461428,89.4,0.03336655968095042,0.0329836304470195,0.03301507438756377,0.03449317959005593,0.0387091836330812,0.04731446247625389,0.06189903541787503,0.08244475376720925,0.10724777734074978,0.13478388341133785,0.16114320914857938,0.1809773127318884,0.19172393256589057,0.19239623330547842,0.1828995490405061,0.16666576077841075,0.1490946922120402,0.13422120813505325,0.12289101401074932,0.11400503266394517,0.10634578159854377,0.09958296931310036,0.09419891481205332,0.09142376833772047
4172.1,687.6965980540259,89.4,0.03342004672835081,0.03307321240400797,0.03319065812521267,0.03482676540308488,0.03931745281505208,0.04837683566477777,0.06357804242433636,0.08460595141531942,0.10935593840532262,0.13622297738624375,0.16154401359656986,0.18044495585044232,0.19063718757931547,0.19105627676678702,0.1815090036062213,0.1653610130661543,0.14793795347506075,0.13321448406996456,0.12201452124246212,0.11323537744075513,0.10567174120777201,0.09898764604495039,0.09366903159958673,0.09092606755309221
4172.2,690.4783960337651,89.4,0.033477566192549095,0.03317008782072589,0.0333795607333578,0.03518280184708244,0.039962206066136874,0.049495615447755284,0.06532793068577608,0.08681826540588942,0.11146921942409277,0.13765237608252184,0.16200030716735336,0.1800975861850495,0.18985585069221142,0.19007505386437984,0.18045467638784504,0.16433075637241518,0.1469932044287959,0.1323765968957218,0.12128061630969886,0.1125912533297477,0.1051076930139739,0.09849002895817187,0.09322594136216164,0.0905101913073899
4172.3,693.2502005001784,89.4,0.0335371698463188,0.0332723496884509,0.03357963697744875,0.03555826088518115,0.040638217384269024,0.050660605066290096,0.06712912252762324,0.08905172559947502,0.11355523531488512,0.13903710634717056,0.16244136432701456,0.1797705441915665,0.18909037607144022,0.18907144835166645,0.17934153043989307,0.16322492040670766,0.1459729930523546,0.1314711978961733,0.12048799380955826,0.11189652235049719,0.10449903934874852,0.09795355891229034,0.09274715823391869,0.09006043909522492
4172.4,696.032375907945,89.3,0.03497901644022126,0.03456382751904848,0.034690843812062326,0.0365772450202553,0.04175383067015403,0.05214864893108368,0.0692257561318669,0.09160736364107486,0.11604322407667386,0.14091683261950666,0.16333809269226918,0.17974898077532162,0.18844698017318187,0.18803810712868374,0.17814353808084754,0.16205912991628302,0.1449395925279883,0.13058332914372295,0.11972362245655548,0.11122940977925676,0.1039138538848033,0.09743848101261741,0.09228623119447092,0.0896259667066942
4172.5,698.8141738876842,89.3,0.03502913306339383,0.03466779005804574,0.03491071562312375,0.03699471873543805,0.042498225725427774,0.053407420332057094,0.0711083861733148,0.09381231263347924,0.11793266813058727,0.14197002819135005,0.16340619372318993,0.17911222244994118,0.18753453906535691,0.1871413105970563,0.17739720291746344,0.16149618768846044,0.1445372198963867,0.13029528329147064,0.1195043804872895,0.11104514500320305,0.10375021124074942,0.09729194057904411,0.09215523954426288,0.08950309759301896
4172.6,701.5959718674568,89.3,0.03506346793419001,0.0347627158180478,0.03513226210676933,0.0374269226630324,0.04327239392709051,0.05470914785799932,0.07302583615093176,0.09600077187103095,0.1197409726044508,0.14289619595748687,0.16331803507148107,0.17829776169644457,0.18645391021933527,0.18614825540113109,0.17666488008223147,0.16104497928251016,0.14430600306557723,0.1301988852474017,0.11947064043281878,0.11102734835109351,0.10373148100673409,0.09727203012679382,0.09213707136409999,0.08948604445013238
4172.7,704.3781472753399,89.2,0.036544359290930216,0.03610163401184949,0.036312057680097966,0.03854774397556864,0.04452998550229434,0.056363150680523375,0.07522106918625629,0.09843820668082542,0.12188373741277475,0.14429564179146082,0.1637163041328305,0.17785393783881057,0.18555223741535118,0.18514317664452526,0.17582165967236932,0.16047943799967992,0.14399645173801717,0.13005380322591067,0.11940472087081073,0.11098373022786814,0.10369093820900195,0.09723304502122841,0.09210084436519553,0.08945019454461925
4172.8,707.1599452549627,89.2,0.03657275648838208,0.03620709468124522,0.03656886122981152,0.03904214939927901,0.045391793989401234,0.05776282675413717,0.07718896354867147,0.10056269087286049,0.12355647374232435,0.1451040937856416,0.16356963647515946,0.17699449268455444,0.1843678018867174,0.18396868294317156,0.17486411282489653,0.159802220362855,0.14356178182454163,0.12978323481828066,0.11921816594370101,0.11083465813528545,0.10355612639968444,0.09711238853276742,0.09198984517183022,0.08934655878685037
4172.9,709.931749721376,89.2,0.03660654846353966,0.03632269375413492,0.03684342269392563,0.03956353322800672,0.04628982694243975,0.05920036672055174,0.07917215864658995,0.1026698711137295,0.1252321204334452,0.14599894105194108,0.1636019745053469,0.17634681653274148,0.18334300756720462,0.182836863748989,0.1738219678758875,0.15894867522731068,0.14290934888216847,0.12928737094776707,0.11882407803396598,0.11049959101073276,0.10326192199059343,0.09685002155919431,0.09175362131063311,0.08912293981294583
4173.0,712.7139251292591,89.1,0.038187589538379876,0.03775951207096018,0.038131984536674594,0.04082355591219795,0.047729574228156144,0.06106352301757527,0.08149811495101102,0.10504351323173294,0.12732155446051827,0.14758522524569848,0.1643835914319725,0.17619782783160143,0.18211272298333353,0.18016280046813518,0.16935573836862947,0.1532511285282616,0.1374776589251737,0.12499479928058671,0.11559062042672129,0.10790393330331266,0.10100467374816137,0.09483460627817687,0.08993261669535647,0.0873943885212235
4173.1,715.4839973304996,89.1,0.03859069828082792,0.03819845905097124,0.038667125881544966,0.04154923645351366,0.048791546656034204,0.06263130468095472,0.08355191450848452,0.10716244244678087,0.12905837803411038,0.14864135300597164,0.16459190915193964,0.1755996218612564,0.1809101023059526,0.17863807171745186,0.16782447334388567,0.15191798584550542,0.13636888003118317,0.12405307084328854,0.11476572428848052,0.10717339319833777,0.10036021015266325,0.09426582889061312,0.08942170149844886,0.08691270937900697
4173.2,718.2540153810035,89.1,0.039010729804071886,0.03865377227143241,0.03921787559177329,0.04228981534628692,0.049866478514019645,0.06420193625902809,0.08557779183101023,0.10921934656351581,0.1307257745666453,0.14962002923119572,0.1646741635934985,0.1747874091773998,0.1794151639790506,0.1768068580258512,0.16604282526516317,0.1504124140640946,0.13514309062829066,0.12302088338135336,0.11386163264366034,0.10637109375986233,0.0996512841512982,0.09363979076424489,0.08885922352418715,0.086382136543663
4173.3,721.0240875821275,89.1,0.039592592916046804,0.03924951719268457,0.03987982538966963,0.04311433942807546,0.051001480782841835,0.06580221442595705,0.08757973948250931,0.11119936344196857,0.1323053041151098,0.15052176970888734,0.16471070899044915,0.17402366524567436,0.17814359404099783,0.17540670733452604,0.16483826450839695,0.14952474763878526,0.13450681259496677,0.12252623748629066,0.11343873203384379,0.105993986332579,0.09931524774441518,0.09334205258701583,0.0885916690776345,0.08612979216866493
4173.4,723.7841600449573,89.1,0.03997965135642216,0.03968390303843387,0.040426447194404636,0.04386595611029833,0.05209284016274592,0.06736276603504371,0.0895067547974091,0.11305661368214659,0.13373688685701743,0.1512888857283577,0.16468388386635655,0.17332361174900807,0.17710215791357645,0.17439983873866263,0.16412729530282924,0.14915100504251896,0.13435739229842691,0.12247610719792573,0.11341481011845096,0.10597009225348963,0.09928928722505577,0.09331746010410855,0.08856958807859512,0.08610907743528144
4173.5,726.5542322461978,89.1,0.040317848455248516,0.04008238057029724,0.04095564809307183,0.04461812544941965,0.05319637741163082,0.06892755216227457,0.0913955600028622,0.11483141691188295,0.13508237329942477,0.152023310841085,0.16476138721568165,0.17294039114666,0.17660768080932018,0.17410139075477465,0.16415652459116162,0.14945081350982298,0.13479341170408118,0.12294008062887334,0.11384855880293485,0.10635280859095635,0.09962172685560902,0.09360904272338927,0.08883162895665639,0.08635641338414693
4173.6,729.324304447445,89.1,0.04057745849776888,0.04041969486817002,0.04144887700517819,0.045359890745552515,0.054309545077707855,0.07050351282031896,0.09326185318850472,0.11653978762969536,0.13634751417396193,0.15272836643188245,0.16495790876585084,0.1728996860646988,0.17668069534676523,0.17450339608899557,0.16487831963768884,0.15034712708526293,0.13572668241911068,0.12383170617765238,0.11466108338639916,0.10707241751709999,0.10025156355444279,0.09416303012222564,0.08932935763687176,0.08682604697164434
4173.7,732.0943766486855,89.0,0.042536062159317795,0.04220512587584821,0.0430510319209764,0.04690086673460805,0.055984378426966734,0.07246587784449104,0.09537881487513684,0.11847211701576234,0.13798568917106693,0.15394120569875094,0.16566499788957836,0.17325956302358939,0.17690412145686,0.1747178847302569,0.1651351359228173,0.15065267898492277,0.13606318831821454,0.12417318676691047,0.11498396122412734,0.10736240051450562,0.10050568915120223,0.09438611601070679,0.08952959258004274,0.08701497719656469
4173.8,734.8544491115152,89.0,0.04265847357898414,0.042437222424294624,0.04348340495970818,0.04762456813848374,0.05711182933964808,0.07406017137463121,0.09722269913976721,0.12012213936426346,0.1392004360693855,0.1546707648770358,0.16602854778848922,0.17350935347422838,0.17727446801097949,0.17527483182678905,0.16578976077657576,0.1513021325742912,0.13666836997462262,0.12473016537182476,0.11549020001152879,0.10781351335306442,0.10090212904429277,0.0947350223047188,0.08984288205313551,0.0873105014583336
4173.9,737.6244671620158,89.0,0.042888823504355654,0.0427619864662711,0.04398901227568551,0.0484058292034675,0.058285852800778554,0.07568663525238749,0.09907282586153018,0.12176232268356386,0.1404089271754282,0.15539015200141768,0.16633014597963924,0.17356696308162659,0.17726005883491616,0.1752801277316696,0.1658400330183215,0.15139672171242533,0.13679618244446526,0.12487310309438489,0.11563049611243308,0.10794035503878924,0.10101288503283586,0.09483196000916999,0.089929837251042,0.08739255536507266
4174.0,740.3945393632563,89.0,0.04286372308156319,0.04286794064063439,0.04432566718478523,0.049064029220994405,0.05936937383195961,0.07723383366196179,0.10083123762976155,0.12328295879768819,0.14144487471004694,0.1558745784283872,0.1663291602891232,0.1732370245946824,0.17677279735353496,0.17477260361376276,0.16541040914137292,0.15108556024761563,0.1365851131072405,0.12472159792498136,0.11550772877051856,0.10783236651782471,0.10091627936004162,0.09474606995558012,0.08985265850708078,0.08731981783354185
4174.1,743.1546118259696,89.0,0.043530119564138575,0.043560396898663624,0.04510472185335434,0.050028362837464396,0.06064657506207265,0.07888156227937416,0.10261581882907671,0.12481272186459089,0.14253500562658603,0.15642598829737553,0.16632578123075126,0.1727690419671192,0.17597649184039477,0.17383135040083675,0.1645390085636875,0.15040804825459317,0.13608856308561842,0.12433754524626968,0.11518363726891803,0.10754584680145525,0.10066158927989695,0.09452045990230083,0.08965001107415724,0.08712865572579213
4174.2,745.9146299418607,89.1,0.04227742305264783,0.0426118689822593,0.044615493592588096,0.050060820799042026,0.061239114661868585,0.0800036026495758,0.10403410349142836,0.12606529847630207,0.14315108334512497,0.15633103509543173,0.1657270802556849,0.17181150644622473,0.17497109363397878,0.1732692285928479,0.16499720569860998,0.15184308768607552,0.13769691923586647,0.12556485088159566,0.11602635639220364,0.10819732574298362,0.10122829791037342,0.09502441453167496,0.09009116634122791,0.08753887846657167
4174.3,748.6747024046836,89.1,0.04285094402786507,0.0432230111389178,0.04532676084379427,0.05096392586880599,0.062440447371139796,0.0815217290507449,0.10561761146316573,0.12734859690775963,0.1439741334610591,0.1566341453828799,0.165509956640934,0.17119864354475456,0.17404866121669307,0.17221625028591633,0.1639906746602129,0.1509776436199385,0.13700212910432175,0.12503732029387393,0.11561843111485033,0.10784270386633744,0.1009088206976324,0.09474002860271641,0.08985114896041388,0.08732027499363151
4174.4,751.434720520578,89.1,0.04341495412076299,0.04382544672287495,0.04602763546002878,0.051849135912215,0.06360812841035395,0.08298040131725394,0.10711302832411801,0.12854462567478422,0.1447373915601262,0.15689530133599217,0.1652437435499816,0.17044832734863977,0.17291145019779644,0.17086495840585322,0.16264249166894934,0.14979612647594354,0.13604117069375543,0.12426273881350063,0.11497295672052707,0.10728405762507989,0.10041615382994531,0.09430163342978695,0.08945507302992455,0.08694650115122295
4174.5,754.1947929834009,89.2,0.04201660436119364,0.04273075742308717,0.04541285393260817,0.0518018324412832,0.06416277367585867,0.08403963049321896,0.10830563472924484,0.12942677250842377,0.14508774990031179,0.15674744044386912,0.16472158715862997,0.1696479543771124,0.17194839414190924,0.16986458008723485,0.16170975248119146,0.1489978229280148,0.13539603564097283,0.12374632240798762,0.11454583423982352,0.10691480424298229,0.10008937504908966,0.09401080441789984,0.0891919538679709,0.08669770825897748
4174.6,756.954811099292,89.2,0.04207853843320051,0.04287142730422524,0.045668376082742566,0.05211046753641067,0.06419073379483314,0.08333868264818718,0.10680157796640788,0.12646621308798064,0.13895674587541754,0.14743963915094763,0.15529896239958746,0.16520405134439986,0.16959896487112586,0.15915704843318618,0.14571402395079805,0.137723513949387,0.13071996207751344,0.12329708499580629,0.1157462290733773,0.10819415460064305,0.10110101671136326,0.09479384268909624,0.08988757921166346,0.08738936408444625
4174.7,759.7148835621217,89.3,0.04062962429971138,0.04171283360450435,0.04496826694777224,0.05195010656841895,0.06466791902182843,0.08435971284302753,0.10783805784684085,0.1270532089586481,0.13903026499832752,0.14728126481399764,0.15506710712769933,0.16476607353775022,0.16934080928455914,0.15923976640917525,0.14567569725225257,0.1376314380957453,0.130821976300842,0.12333323191598297,0.11572122527574849,0.1082239216181508,0.10105847765001136,0.09474155956239229,0.08987855405344947,0.08738346604506732
4174.8,762.4749016780128,89.3,0.04111434300327289,0.042251644892426346,0.045619369240999796,0.052774125506391906,0.06570179731079667,0.08552464951317365,0.1088756468546982,0.12775579141980065,0.13943209118326652,0.14743672731047264,0.15503255435132582,0.16457478603900902,0.16891802014581667,0.15872956654366036,0.1453255427058786,0.13735986722262386,0.13056411874011872,0.12310486786177606,0.11552396100189724,0.10804949977056738,0.10090187411959389,0.09459873591142591,0.08975429789110985,0.08727379251585614
4174.9,765.2349197939038,89.4,0.03965027366743728,0.04105953978971384,0.044883137358958644,0.05260946657980454,0.06614188877359019,0.08638451648252556,0.10967326209695999,0.12812472047130863,0.1393644350670859,0.1471421502248971,0.1547146429141064,0.1643580877435364,0.16887075534195373,0.15882776575896163,0.1454641329923442,0.1374608121045687,0.13065384682337558,0.1231920755184383,0.11560832176243573,0.10813243829902235,0.10097565876384842,0.0946581322363646,0.08980025865000767,0.08731341014539458
4175.0,767.9949922567336,89.4,0.04009504141171936,0.0415684665242184,0.04551816339545397,0.05342402461505848,0.06714425217725378,0.08744336419013649,0.11051240320172873,0.128612907168075,0.13960797950025342,0.14722125120367546,0.15467854959165844,0.16424246410936352,0.16863515227176376,0.15858866226250334,0.14536944464665255,0.13741068958554076,0.1305960532992249,0.12314428931147577,0.1155728725040273,0.10810154644661424,0.10094565285981846,0.09462693296021606,0.08977469509413945,0.08729544106854954
4175.1,770.7568032567799,89.5,0.038601132905578116,0.04032990516390043,0.04472606524425273,0.053215173655095115,0.067551221847875,0.08822280291273206,0.11113148205429205,0.12878665250366123,0.1394178100216364,0.1468834440659343,0.1543687987108259,0.1640956154042143,0.16877989312821262,0.15898260383448443,0.14580095096829318,0.1377713840584114,0.13092009501012647,0.1234414623351718,0.11584310226580655,0.10835043524956808,0.10117023962514454,0.0948199809197277,0.08993365392054321,0.08743634134885983
4175.2,773.5186142568599,89.5,0.039219087132017744,0.04099794513215239,0.04549417395331407,0.05412024044194891,0.06857252427766539,0.08920066626977607,0.11182325902810321,0.129158766254884,0.13963232950762447,0.14701138027778005,0.15442505678919105,0.1640994317294416,0.16868692823914044,0.15889410610652188,0.14585001373263876,0.13785689776076537,0.13098388742653538,0.12350311085414858,0.11590614841441278,0.10840602203538446,0.10121582778095772,0.0948555333163425,0.08996848651442439,0.08747573256486907
4175.3,776.2804252567898,89.6,0.0377262185629719,0.03973616130445677,0.04465461280930035,0.05385733211910747,0.06892291310454285,0.0898833704750936,0.11229199453428014,0.12922008585545897,0.1394263365198191,0.14671662712315348,0.15414072334721518,0.1639002984143986,0.1686824955760195,0.15906904473604355,0.14606580184552356,0.13803206973959084,0.13113855530646903,0.12364657210627264,0.11603834036788278,0.10853190776219224,0.10133442268291892,0.09495653937159441,0.09004305515790932,0.08753567572953529
4175.4,779.0422362568362,89.6,0.03836523048482068,0.040418910412575684,0.045422583061425145,0.05473279824459476,0.0698638396879221,0.09072393451407092,0.11284593591449663,0.12953552780175698,0.13967835764559527,0.14693459718519616,0.15428725061291654,0.16396179437263295,0.16858437705106485,0.1589131504709939,0.14603610386125213,0.13805215743947657,0.13114255528769533,0.1236543088358275,0.11605425439178294,0.10854545625700962,0.10134281027595876,0.09495963178982003,0.0900485727258354,0.08754706022346359
4175.5,781.8040472569162,89.7,0.037105695519499896,0.03934563099351922,0.04470477464144879,0.05452340551098332,0.07020480493850076,0.09133957583705987,0.11324445639127861,0.12961529619075055,0.1396160391443263,0.14688110435964044,0.15429857945548534,0.16406299066217053,0.16876154195592522,0.15911112802124308,0.14623754364382685,0.1382397084228149,0.13131039157439206,0.12380859188568372,0.11619501546010619,0.10867698404617947,0.1014662300057061,0.09506569505155064,0.09013006427205453,0.0876154676942867
4175.6,784.5658582569625,89.8,0.035687424761807834,0.038099042017695726,0.04380358664582668,0.054149903211114535,0.07043638089272729,0.09189410704546236,0.11358500701370541,0.12964261867361038,0.13952378899023515,0.14683208425781033,0.1543492643626947,0.16420498412872395,0.16893044974270507,0.15923285735508613,0.1463418345650094,0.13834212003979812,0.13140542800434946,0.12389588195045786,0.11627289517588811,0.10875111728522506,0.10153953704255837,0.09512964716800222,0.09017566971953514,0.08765065384662407
4175.7,787.3276692570425,89.8,0.036332608333376426,0.038781590242610596,0.04455580463588097,0.05498047726320517,0.07129130995667024,0.09262918495714283,0.11408950636496488,0.13000314256662085,0.1398896272390499,0.14721364973980275,0.15469535221430833,0.16448827861431858,0.16898954837823169,0.159108000401507,0.1462989682934498,0.1383625928354269,0.13140917649599046,0.12390429290846565,0.11629169949759961,0.1087672843831879,0.1015498870367069,0.09513428339210332,0.09018208136342638,0.08766250735914638
4175.8,790.0894802570889,89.9,0.034902122724584296,0.03750174866324027,0.04359685486209604,0.054545625732155795,0.07148941560748596,0.09317834251246035,0.11443052578927583,0.13002034111060512,0.13977220606266036,0.14715097855459985,0.1547784695246737,0.16472471189298496,0.1692932679814047,0.15933651267776594,0.146471256069001,0.13852703345553632,0.13156637077319935,0.12404741068253497,0.11641404751881625,0.10887757554237773,0.101656650981401,0.0952305115659302,0.09025826264902075,0.08772700776575128
4175.9,792.8512912571352,89.9,0.035506035217633014,0.03814975521150132,0.04432845917995662,0.05537535895799008,0.07236344993851464,0.09394400334827209,0.11496231609932449,0.13037383823200605,0.1400797522035909,0.14744757239113315,0.15501961150899618,0.1648505980649371,0.1691509337880703,0.15903622721153818,0.14627918342259752,0.1384011143469026,0.13143633680030634,0.12393559339002341,0.11632622094473216,0.10880016100089127,0.10158435136768006,0.09516267658881522,0.09019946514193208,0.08767668322995244
4176.0,795.6131022572152,90.0,0.03404626593187354,0.03683132384564864,0.04332917878742884,0.054929697992838186,0.07260657540024115,0.09455302355746845,0.1153061791750851,0.1303312859541081,0.1398485248103772,0.14721454255029692,0.15485990333955577,0.16478144758962396,0.16920570176119984,0.1591642975221057,0.14640425882630878,0.13850805006527578,0.13154270981185226,0.12403274966746435,0.11640393208451143,0.1088674772029239,0.10165231915284338,0.095227804247399,0.09025176846909322,0.08772016576350755
4176.1,798.404320629209,90.0,0.03443940467579642,0.03729248663970364,0.04392577366756727,0.0557064244412777,0.07350954923508149,0.09535630083787126,0.11580068150524454,0.13058152053997144,0.1400207264357246,0.1473639634921745,0.15493772991839466,0.16474059474605798,0.16899863232023846,0.15894389742656326,0.14631278337086362,0.13845549299056267,0.1314806616509239,0.12398215152711074,0.11636859883250379,0.10883693577732968,0.10162253298700077,0.09519857922520444,0.0902269424537656,0.0877006075553229
4176.2,801.185579337079,90.0,0.034862120142363055,0.03778683129029361,0.044561054269332434,0.05652400282000076,0.0744415869580959,0.09615970116849906,0.11627436384625113,0.13081533950830915,0.14018442782712895,0.14748851271880042,0.15495166337150168,0.1646047593354738,0.1687098961560232,0.1586877178603,0.14620224147910088,0.1383804688284812,0.13139721443571434,0.12391244465081666,0.11631673735501556,0.10879176793642187,0.10157934951961219,0.09515756234827208,0.09019201586273914,0.0876718710174962
4176.3,803.9777111390167,90.1,0.0334411918916475,0.036501154581793045,0.0436006956451271,0.0561562423612483,0.07480110483290608,0.09681851042403658,0.11654656670713873,0.1306951460177816,0.1399350983056298,0.14724429428638397,0.15469504537666365,0.16431808030947936,0.16853377269239084,0.15869888808101779,0.14627750176113527,0.1384431005108018,0.13146470786817727,0.12397434079952227,0.11635861836339259,0.1088240909432127,0.10161644952337981,0.0951978154997542,0.09022572060812274,0.08769997860015369
4176.4,806.7589698468868,90.1,0.03389808325270138,0.037037472593577495,0.04429332364452897,0.05704610661625958,0.07579173827514957,0.09761902560699628,0.1169714409827031,0.13090313045437454,0.14011973787005472,0.14740710560439554,0.1547163479802438,0.16412532437391886,0.16814435805437714,0.15835715648062756,0.14610679195066573,0.13831567652841123,0.13133189425341005,0.12386076611850545,0.11626864103954854,0.10874478591438573,0.10154280785549127,0.09513021356613034,0.09016776175527813,0.08765036937697997
4176.5,809.5501882188805,90.1,0.0343716443428933,0.037592133362386135,0.04500649386226265,0.057955730792371915,0.07679337751179895,0.09841836963143896,0.11739723513453458,0.13112532517524036,0.14032681697300334,0.14758915992465133,0.1547432351832987,0.16390863948071446,0.16768836415042027,0.157931592678207,0.14586001314157143,0.13812043623063933,0.13113639622302645,0.12369109123331015,0.11612979678566628,0.10862163654473302,0.10142989260774742,0.09502816644500052,0.09007949428389998,0.08757288449769775
4176.6,812.3314469267506,90.1,0.03485824471099744,0.038161464994026575,0.045737031797673876,0.05888402609976619,0.07780900618678326,0.0992223246274824,0.11781984020801088,0.13132822409709605,0.1404887877502864,0.1477056013770688,0.15470185924996235,0.1636390185556961,0.16723027563451695,0.15755760463924065,0.14566425206040262,0.13796287735841303,0.13097524933895696,0.12355231128028354,0.1160186832487578,0.10852289101608742,0.10133801002188497,0.09494471270322238,0.09000843505956865,0.08751212155131949
4176.7,815.1226652986284,90.1,0.035356750601118925,0.03874450221887539,0.04648436369955397,0.059831520411379166,0.07884312292996132,0.10004390033446038,0.11826233928490351,0.13154276381692193,0.14064783146231158,0.14782451457572454,0.15470202344661968,0.1634688263918589,0.16690124331442732,0.1573004499529043,0.14556730096561996,0.13789531272467095,0.13089538250871569,0.12348723764892923,0.1159746475315274,0.10848247889952486,0.10129695722681142,0.09490640411953744,0.08997818772445015,0.08749058912133861
4176.8,817.9048407064679,90.2,0.0339048004627768,0.03742146121214126,0.04550362545095486,0.05952093401479897,0.07935678877700629,0.1008359645007053,0.11858002662764014,0.13142087875781083,0.14035692551581685,0.14753428510590547,0.1544376534411857,0.16321591153718656,0.1667964996046279,0.15741596857611512,0.1457443666852915,0.13805004940930754,0.13105114891302266,0.12362845748863897,0.11608285135402159,0.1085709962138099,0.10138459357135662,0.0949937143793911,0.09005688405820368,0.08756258902690517
4176.9,820.6960590784616,90.2,0.034440866532934426,0.038047385968377145,0.046304912579948766,0.060533677777687964,0.08044978108496993,0.10169110703910322,0.11904960236444417,0.13165977945537521,0.14052772126199314,0.14766985029688523,0.15447962756036435,0.16313056406699675,0.1666049067834246,0.15733145775648918,0.14581664152930654,0.13813525386493086,0.13110836246323582,0.1236878643711146,0.11615199121915433,0.10862939592682427,0.10143018057789993,0.09503232626573613,0.0900961500259913,0.08760806182544575
4177.0,823.4773177863317,90.2,0.03483966754581881,0.03853858293941396,0.04698224436504858,0.061450935570134084,0.08148995006391373,0.10252289415301853,0.11950425066743785,0.13188930300876242,0.14067990497931918,0.147756399250772,0.15443610524227075,0.16294026179077295,0.16632305369944622,0.15718160049447186,0.14582441215008263,0.13815683505234552,0.1311101753966833,0.12369662074395767,0.11617441683308811,0.10864495983328819,0.10143912855349735,0.0950397439228105,0.09010720707275581,0.08762752482472626
4177.1,826.3200277610222,90.2,0.03532303798019663,0.03911342701857101,0.04773622607307134,0.06242180475149519,0.08254509445470172,0.10334880207435374,0.11997498944539968,0.132164469835195,0.1408989910640761,0.1479243127246126,0.1544905624467062,0.16287227076597738,0.1661437463122798,0.1570834575361232,0.14586720153102362,0.13821732824892866,0.1311445405333675,0.1237350384686142,0.11622851340365592,0.1086850967275574,0.10146963496678195,0.09506660348500297,0.09013461010973853,0.08766570958380286
4177.2,829.1612422901015,90.1,0.038025799488462825,0.041851745421652715,0.0504263276941517,0.06473500883653939,0.08405150422777752,0.1040997709448807,0.12053878519543758,0.13279283922746726,0.14159816304887338,0.14848685149742527,0.15476496711093105,0.16286152034515058,0.16577772959953047,0.15675880126579086,0.14577087089826143,0.13819265752335216,0.1310597285893822,0.12365900517433098,0.11624153363637793,0.10866434763745342,0.10144005643564549,0.09503203710816993,0.09009392520041822,0.0876791433182788
4177.3,832.0024568190657,90.1,0.038515980675995515,0.042424474218684984,0.051177152847924415,0.06568837997343065,0.08504510028918971,0.10484626357922504,0.12096020884643686,0.13304457853934465,0.1419003973349419,0.14864645018952422,0.1548341720911584,0.16278649731569148,0.16561510292636233,0.1567411805429062,0.14580086323069993,0.13835167182989308,0.13121811883148132,0.12372190819711425,0.1163580795625226,0.10869444713216758,0.1014834060449912,0.0951065878134122,0.0901179513662524,0.08775544453882732
4177.4,834.8451667937304,90.1,0.03931624653759953,0.043317247312980485,0.052208110315416556,0.06682506117506379,0.0861160877283132,0.10560079026381315,0.12139794975516173,0.13338601698698224,0.14218098667087556,0.14891104622192014,0.1549114380018726,0.162774995015803,0.16563097922466305,0.15668469003680752,0.14610029308368278,0.13842786353106726,0.13126377178700077,0.12392197151647576,0.1163813596392067,0.10892094907811475,0.10155078225876236,0.09513095766193395,0.0903014487311046,0.08771813131046681
4177.5,837.6863813228098,90.1,0.04018135451759528,0.044273846297554466,0.053310653857009525,0.06803106886790619,0.08721877176379626,0.10633760083486196,0.12179092291894159,0.13366481219058376,0.14244837201683316,0.14912943293676562,0.1549824092376428,0.1627855245468799,0.16553490660952186,0.15666677850757937,0.14617881113311598,0.13852602512120812,0.13130997671180555,0.1239729272356215,0.11648936358262761,0.10897066054429655,0.10161037159811162,0.09517929703051767,0.09032381235284949,0.0878001303104664
4177.6,840.5290912975003,90.0,0.04355074777879488,0.04760944229672501,0.05642579715493919,0.07048981564176149,0.08861378849259717,0.10689225985195926,0.12219101149594208,0.13419172319358266,0.14308993079979296,0.14964515244277118,0.15526776933875716,0.16286679282815028,0.16521207108338415,0.15626122496145722,0.14598112110848055,0.13839407921840327,0.13113116725390378,0.12382526409289442,0.1164230091711925,0.10888491107099706,0.10151875437226539,0.09509167520632562,0.09023619741436999,0.08775491355644491
4177.7,843.3703058265796,90.0,0.044357961801998316,0.04851804908395974,0.05750041966251273,0.07168826836023447,0.08971189068910615,0.10759726327869851,0.12250367737836024,0.13435297523991857,0.1432479915252743,0.14976937590004819,0.15531647194429357,0.162832018659583,0.1649897747488476,0.1559922598879172,0.14581717474926834,0.13825692646018545,0.13098737271487243,0.12370777269423994,0.1163381986066023,0.10880182116004301,0.10143842523293566,0.09502429679717808,0.09017735142000645,0.08770889393122433
4177.8,846.2130158011291,90.0,0.04548426489263262,0.049729004188912844,0.05882788740235834,0.07303758668976401,0.09083159372869108,0.10825625962120512,0.12278319962569889,0.13449090300604152,0.14337179713522902,0.1498358266921465,0.15528557927516254,0.1626603157820271,0.16454637644230183,0.15547175622183196,0.1454187788070306,0.13790639694686527,0.13065135787649798,0.12341518678472367,0.11609567855068532,0.10858046640534091,0.10123567946478494,0.09484885440333446,0.0900201447673958,0.08756955187231653
4177.9,849.0542303302085,89.9,0.049456894349514335,0.05355177976956027,0.06219777378869825,0.07546301024931373,0.09201161141668047,0.1085990153817388,0.1230134797605522,0.1348623620709896,0.143862485533378,0.1502011726285878,0.15547306293734656,0.16258439173631478,0.1639371817710344,0.15467323148978412,0.1448369387033066,0.137426205638057,0.13019011240469885,0.1229982392631827,0.11574562361416488,0.1082615797180694,0.10095092709256596,0.09460418776839934,0.08977328222614177,0.0873431154238487
4178.0,851.896940304758,90.0,0.047784777273507745,0.05216969475144973,0.06147926047865032,0.07576787604423622,0.09298620195042286,0.1094298767177761,0.12313565887131853,0.13459952592163288,0.14357850314980397,0.14985497482034085,0.15519577506393412,0.16216576637536742,0.16356998903559475,0.1542609655714792,0.14431528809921684,0.13735700822535185,0.13038923240696554,0.1229303969694399,0.11539752399844704,0.10793893265041829,0.10078557571877524,0.09449293091155189,0.08967704282594723,0.08716165539863625
4178.1,854.8191654844443,90.0,0.048703949155561296,0.053192831339778764,0.06265608823309923,0.07701552608938993,0.09402620314277055,0.10999036833404659,0.12326113008193605,0.13453245127976254,0.14347155406168388,0.14969620848259935,0.15493630372619305,0.16179470416771422,0.16310113494170386,0.153832833463253,0.1439709859492483,0.13704821751286397,0.13010282036248064,0.12267755035430222,0.11517395165256619,0.10774249594150434,0.10061082959266116,0.0943341351343804,0.08954140439399234,0.08703058743828732
4178.2,857.7334750080641,90.0,0.049752150259194244,0.05434010592182223,0.06393618735246867,0.07831420867152687,0.09504034820273587,0.11046751846228188,0.12329011746399514,0.1343809123717439,0.1433055013869234,0.14951327465356215,0.15471521997969384,0.16157752806002634,0.16290853407670441,0.15370773409862012,0.14389434373883733,0.13698054114448804,0.13003602212642792,0.12262279605778217,0.11512665312378981,0.10770201462666527,0.10057396535149958,0.09429666626681482,0.08951462323430259,0.08700090252560029
4178.3,860.647784531684,90.0,0.050911568785340235,0.05558939837999297,0.06528936891554624,0.07962574667226574,0.09599235065882357,0.11084166555907066,0.12322393668735268,0.13416068339224677,0.14309090985842796,0.1492706677832855,0.15438817511005112,0.16120131663415296,0.1625430195726546,0.15343058920528138,0.1436761730708267,0.1367797089197781,0.12984782784496057,0.12245878588833614,0.11498084865631965,0.10757417903220123,0.10046169974792538,0.0941928470583968,0.08942737860350403,0.08691284029611196
4178.4,863.571908332168,90.0,0.05216741028402934,0.05692816556604082,0.0667074347443989,0.08094753233458794,0.09688294498419152,0.11110873477066396,0.1230498341290602,0.13386030017152012,0.14284093355089722,0.14904612210112772,0.1541309837006848,0.16092030037261087,0.16224309287530303,0.15316077374545584,0.1434451553192938,0.1365704660089826,0.1296529031893465,0.12228798075481645,0.11482863996629233,0.10744076159488414,0.10034507909719138,0.0940854952573678,0.08933607772247508,0.08682061294710415
4178.5,866.486217855902,90.0,0.05347369569876873,0.05830907021542175,0.06814352321404404,0.08224341007076116,0.09770174140791157,0.11128688499060604,0.12279172324453944,0.1334782138259506,0.14250905625026342,0.14874213439342523,0.1537890061880316,0.1605322797958761,0.16182856804376522,0.15278621470138742,0.14311018088233743,0.1362612986046508,0.12936794196425064,0.12203554676339441,0.11460235228241825,0.1072414216369493,0.10017177826825853,0.09392904278231558,0.08919911490195383,0.08668465674340765
4178.6,869.4103416563861,90.0,0.05482033906968298,0.05972064105450102,0.06958392618789022,0.08349961983829285,0.09843962052385055,0.11137311117699761,0.12244924080982504,0.13301580851789752,0.1421076641444925,0.14840792611279086,0.15347998666454984,0.16022037234803138,0.16147709532925533,0.1524258717901624,0.14276541082284275,0.13594289286092115,0.12907590287668846,0.12177616614516294,0.11436894160143037,0.10703568992061961,0.09999365660722043,0.09376890802899351,0.0890578029087994,0.08654401552039061
4178.7,872.324651180006,90.0,0.05583678566883944,0.06083014839040495,0.07078493108026551,0.08461408054177788,0.09912268966497884,0.11142662058875048,0.12204577963187906,0.13246080319670642,0.14160263371234358,0.14799952836534225,0.15312994774727204,0.1598802195171274,0.16112582954833887,0.15208895427906044,0.14243520088416392,0.1356318841459155,0.12879183421236454,0.12152417151150594,0.1141406539211139,0.10683339130000181,0.09981882614993688,0.09361299605379735,0.0889208659160334,0.0864071376683
4178.8,875.2389607038048,90.0,0.05716187632848957,0.06220784742861497,0.0721569033932483,0.08574990403985061,0.09970198285626489,0.11135890200523718,0.12156740094017277,0.13185979645805973,0.14106779764534633,0.14758493809278525,0.15282759665789397,0.15965564983433989,0.16093838561131477,0.15191540344841256,0.14224666875433373,0.13544868981534175,0.12862299644097377,0.12137692884815116,0.11400482752440617,0.1067136876454848,0.09971781848611139,0.09352099517033044,0.08884128781314904,0.08632185896151386
4178.9,878.1630845041104,90.0,0.058477825572397286,0.06360540935247488,0.07355728610568635,0.08680069705023818,0.10021280681442288,0.11121665732196379,0.12111679730940653,0.1312514279546569,0.14039981193040701,0.14711672076376822,0.15253204164405887,0.15970043052447394,0.16104000908101573,0.1520377349878571,0.14251088266200884,0.1352335589119613,0.1282492064244648,0.1212329731989977,0.11416649827471807,0.1068514910543405,0.09971810406833005,0.09356231591422473,0.08879804805547961,0.08646993133493107
4179.0,881.0773940279092,90.1,0.056343038257186374,0.061897172939488786,0.07274814092499092,0.08710946350776115,0.1010532935466867,0.11152096432214073,0.12059009353353539,0.13028048111967316,0.1393766742578952,0.14634693708907498,0.1520261890260768,0.1594675687478342,0.1612116954288197,0.1523764526466541,0.14272200779744829,0.13536564160958475,0.12838418359941725,0.12136475555877418,0.11428452537545304,0.10694819460807631,0.09978552374306676,0.09362023983593407,0.08889318926111531,0.08658959189079912
4179.1,884.0702187804754,90.1,0.05786294241403611,0.06343518783349256,0.07418801026616105,0.08813422374215288,0.10133941579652606,0.11111687050009246,0.11984762155900174,0.1294920108725693,0.13873904197957543,0.1459280173632206,0.15182386202165393,0.15940343570197996,0.16123913995184974,0.15241051765906968,0.14271166167311328,0.135352869795518,0.12838997644061187,0.12135476053253216,0.11426390729872334,0.10693066938292962,0.09977853795134847,0.09361598931080256,0.08887609759859122,0.08657936842667434
4179.2,887.0630435331175,90.1,0.059704238419682074,0.06524565315656579,0.07578240337057561,0.089137422609099,0.10146513505528341,0.11053565648196442,0.11898209589214928,0.12863884119312033,0.13808253548906557,0.14551004041667795,0.15161885809377784,0.15928579474725854,0.16112294968692475,0.1522406620953463,0.14249809038392522,0.13516130552420905,0.1282366940346418,0.12119707921976831,0.11410806961586535,0.10679376181441692,0.09967006977243834,0.09352230579328673,0.08877358482420383,0.08648850889349867
4179.3,890.0558682856837,90.1,0.06112962093934015,0.06667829057955611,0.07709229537616386,0.08999479381446071,0.10154497643168194,0.10989447198716255,0.11798541717146464,0.1276022163206823,0.1372183996766449,0.14490081911531708,0.15124771246958288,0.1590326910510554,0.16096117430430784,0.15207878356595086,0.14226232241249312,0.13493682741824106,0.12805900087077207,0.12101551458211639,0.11392814594468763,0.10663362042159234,0.09954066428758576,0.09340791212398127,0.08865904273074524,0.08639270113731765
4179.4,893.0486930383257,90.2,0.06031704029875337,0.06631366556014386,0.07740205271135686,0.0906669396258299,0.10177522924173207,0.11044470805796895,0.12056200495211224,0.13356233260989114,0.14706772865844064,0.15738574747532544,0.1616777043263728,0.1606956331772164,0.15680579699526417,0.1504583520244182,0.1411542925180908,0.13006360623695135,0.11939639772464347,0.11047882071357895,0.10329782675396423,0.09711324487756567,0.09143767843179293,0.08634002702031,0.08229127463374784,0.08019181520657125
4179.5,896.0435720008948,90.2,0.06035992373526276,0.06638037831243095,0.07760700650450471,0.09109750944852013,0.1020950068957356,0.10890688371463611,0.1157550711184016,0.12493856434918006,0.13474342204935372,0.14303583841848191,0.14997441429292235,0.15808711631343675,0.16047297547632805,0.15177794309046622,0.14168161473423946,0.1343335382439061,0.12755548871542877,0.12053415039141488,0.11347542348703217,0.10621343849421323,0.099185817498784,0.09307394571503579,0.08839097807898025,0.08619356781239336
4179.6,899.0363967535368,90.2,0.06287246459474986,0.06893739356281726,0.07976461121815152,0.09196892811856702,0.10140717950308462,0.10865503644925728,0.11792339220629335,0.13056981031766912,0.14416010582901645,0.15491882841708512,0.15987903802653905,0.15958393601546744,0.1562547752620469,0.15027967142592438,0.14113667453077205,0.1300523712781329,0.11932201257108523,0.11034877193943542,0.1031441611094867,0.09696341982332973,0.09130510291247652,0.08622480177172277,0.08218857163098917,0.0800932634679504
4179.7,902.029221506103,90.2,0.063744569277587,0.06989790581466851,0.08070469770899356,0.09250437660404674,0.10115777419958312,0.1076487534209234,0.11642353150724458,0.128854189169056,0.14250609858286475,0.1535895814796125,0.159057395420741,0.15929537586461845,0.15641399864032524,0.15072754984617898,0.1416875896644574,0.130564825396226,0.1197385409508884,0.1106746239138763,0.10340755427410908,0.09718752698234358,0.091502701584815,0.08640363687245316,0.08235108353923583,0.08024839196020862
4179.8,905.022046258745,90.2,0.06444677509314281,0.07070993706722471,0.08153515922138889,0.09296333985231281,0.10083143414208759,0.1065382548985028,0.11478949775092483,0.1269944371997268,0.1407389098566481,0.15223600334246548,0.15834122797861092,0.15924981315518244,0.15693425619488285,0.15161454078771275,0.14270165701755705,0.13152156869802137,0.1205589697210357,0.11136102162598205,0.10398964304635598,0.09769266106160289,0.09194841647417623,0.08680230564555493,0.0827128904627918,0.08059154498155184
4179.9,908.0148710115011,90.2,0.06533584977615889,0.07166334439893104,0.08239992525020794,0.09332054372410807,0.1003403044418331,0.10528389919039668,0.11303659959052652,0.12502184111148568,0.13886703422609611,0.15080265849598534,0.15759104385081282,0.15922945227909335,0.15754457044651665,0.15265564813375246,0.1439173264987229,0.13270171135064004,0.12160050724261187,0.11225270755974728,0.10475562307411627,0.09836018355551658,0.09253681639634209,0.08732638442436691,0.08318702280134416,0.08104023713195228
4180.0,911.0076957640673,90.1,0.06794499999470568,0.07382327853469547,0.08382188789879355,0.09392453923209743,0.09998533623013037,0.10292354999437646,0.108131654955548,0.11735029475644936,0.12841625487753056,0.13871770945020873,0.14773184839186557,0.1568483934351643,0.1600164855824655,0.1512007387611449,0.14035737929502518,0.13286323095794084,0.12637974703041005,0.11936554849063935,0.11224758147712835,0.10521513824523704,0.09835425930930242,0.09234265100526763,0.08769531666116195,0.085489896229352
4180.1,914.0496852447409,90.2,0.06766423571004936,0.0739138814694552,0.08404521857379531,0.09351082726559588,0.09874711101019744,0.10234697620806538,0.1092635243058651,0.12089448093187267,0.13499679620987062,0.14782742474592547,0.15600470690825813,0.15912240308729128,0.15876831038525124,0.1548767893179235,0.14663305286734588,0.13545966237566778,0.12412448786084819,0.11450657003647861,0.10674480790460553,0.10013343958415709,0.09409572400928394,0.0887112730062871,0.08441644557234841,0.08219609758234339
4180.2,917.0996852447073,90.2,0.06944176952415781,0.07544825653128265,0.0848823194341669,0.09325382780183378,0.09754620204420275,0.10064875846447785,0.10731055056917707,0.11884698655087,0.1330989571195506,0.1463675032109755,0.15513226117451134,0.15887431622769443,0.15904639485956096,0.1555882755314472,0.14766945462729644,0.13662864090322518,0.12528626870448664,0.11553294171776629,0.1075916137809791,0.10079449121059261,0.0946610934938435,0.08917531147414841,0.08480500330353752,0.0825342979501102
4180.3,920.1398497138996,90.2,0.06949832780647719,0.07531017815188197,0.08475000433183,0.09336818469716247,0.09723156718457023,0.09835260329956846,0.10262384512190251,0.11178753923398381,0.12358948788950534,0.135133228777673,0.14525477484000307,0.15494894244702107,0.15938361935924544,0.15176950370604186,0.14059445964879064,0.13275415735827384,0.12631016694017402,0.11920365030647362,0.11204182306121967,0.10507100493654652,0.09826678339921478,0.0922935996084141,0.08760153080815367,0.08534732620190444
4180.4,923.1800141830919,90.2,0.07083341447718218,0.07634636747019703,0.08505880408020004,0.0926420476672109,0.09567217254999955,0.0964811152840249,0.10073642877760608,0.11005774818892695,0.12220714526199807,0.13417090017243408,0.14448528213692793,0.15400263816422088,0.15831127135897893,0.15077874323142176,0.139518297181433,0.13167452346953315,0.12534511877277224,0.1183013182497468,0.11120079223651076,0.10434061508083534,0.09766068235284252,0.091780497340952,0.0870938213512687,0.08482049321086728
4180.5,926.2220036637655,90.2,0.07184278377816704,0.07702101288770309,0.08498957090108783,0.09161043650588006,0.09395991075479462,0.09457230189873489,0.09885146386370422,0.10834163201692391,0.12085605429761109,0.1332803652410344,0.1437819388714412,0.15302126019744558,0.15703373210179666,0.1494233776199603,0.13804439600574545,0.13020826459589002,0.12402065993239197,0.11709289134112943,0.11009404782496163,0.10336476861555687,0.09683738182755558,0.09107178590758341,0.08641364348392977,0.08414157425470832
4180.6,929.2720036637319,90.2,0.072121514531885,0.07701272521634622,0.08439165307380274,0.09030927631069573,0.09221202200375066,0.09271963867199387,0.09702670014526998,0.10668708105317176,0.11958828546137323,0.13250727465013917,0.1431463318030031,0.1518701671937088,0.15522236788070726,0.14726209768949214,0.13571214329033446,0.12796317980160607,0.12198642120502508,0.11526098533233459,0.10842932777548385,0.10188882692797008,0.09557966561143633,0.08997225788846612,0.08538244834849826,0.08313042484027004
4180.7,932.3121681329242,90.2,0.07238833225782912,0.07689268173948154,0.08354446769090083,0.08869537613395158,0.09022865491439261,0.09076869290579792,0.09518034961796043,0.10502695685944421,0.11832138701076482,0.13176327429185003,0.14260521341734897,0.15087292455768964,0.15362661197311894,0.14533445743881337,0.13357613946789176,0.1258573855720784,0.12007178874300202,0.11355342219191439,0.10688874737042649,0.10051307291476286,0.09439264765378204,0.08892987857690089,0.0844174005239293,0.0821983036855509
4180.8,935.3523326021165,90.2,0.07219923399461138,0.07630951916113639,0.08227900521586527,0.08679530183620575,0.08811061283082544,0.08877344247121131,0.09330441068188947,0.10331092787749964,0.11696273676512582,0.1309128946961247,0.14200027676685045,0.14993166391629748,0.15234891522818586,0.1440182270438159,0.1321229625049202,0.12433812608570438,0.118669785508658,0.11231825302234394,0.1057835102112224,0.09951728444444091,0.09351794204467959,0.08815928845276838,0.08371683144905726,0.08153387846222873
4180.9,938.39432208279,90.3,0.06793411630213188,0.07241600715803694,0.07921799941801318,0.0847809592576697,0.08669781414171107,0.08727851608365486,0.09144011463495832,0.10125649491935336,0.11507121372743387,0.12953047569200857,0.14096181009141617,0.14863841473964837,0.15093670659302866,0.14293111753041848,0.13103888461039193,0.12315619785744665,0.11752740650882958,0.11131407816510752,0.10489674314032234,0.09871450451004808,0.09280438485242523,0.08751802477022028,0.08315879225344511,0.08100943933261352
4181.0,941.4443220827565,90.3,0.06707566901406163,0.0711350124424043,0.07727007097871426,0.08232820958802874,0.08425059343198461,0.08515635931940152,0.0895242997725306,0.09949205668509384,0.11363091631819244,0.12858870390735128,0.1403312842049163,0.1477966140054935,0.1499918781007687,0.1423458867350625,0.13048968985143294,0.12245783405486917,0.11684222386661236,0.11073654408651465,0.10438273853181472,0.09823986400262977,0.09236520847350808,0.08713471412577878,0.08282924180295675,0.08070397173883609
4181.1,944.5019355312309,90.3,0.06696134264462505,0.07036761467726958,0.07543910315812163,0.07961722910467164,0.08142620121698652,0.08280664146855975,0.08760251364884035,0.09788076442205342,0.11245050108157051,0.12794385582770065,0.13992356015074128,0.14695843456676017,0.14869625596847724,0.14120506108553954,0.12940032241460075,0.12131975702086562,0.11575356472742891,0.1097978954592776,0.10353409881331928,0.09747977068450363,0.0916615084641189,0.08652185525694711,0.08229535547173639,0.0802028724991844
4181.2,947.5681383946728,90.3,0.06621893999993131,0.06903781023456443,0.07321525590711753,0.07674005631516304,0.07857377659371054,0.08044576296720003,0.08566985318714675,0.09627793383852708,0.11133574110280729,0.1274665385500902,0.13981952263338887,0.14654834439617032,0.14786749651136566,0.1404594372510601,0.12869534375513206,0.12051354393378878,0.11500207872344843,0.10910601411708744,0.10295937408698601,0.0969066223650045,0.09118870166977967,0.08605156312819959,0.08195148264334984,0.07981927071764656
4181.3,950.6356618256576,90.3,0.06552736090998112,0.06770063437799473,0.07091473291208916,0.07373481891501499,0.07557654735379292,0.07797541289066627,0.08372311541901431,0.094765340757426,0.11042306345843672,0.127285884881429,0.140009906148891,0.14624100186542296,0.14674725774199884,0.13908271343175876,0.12725530096794233,0.11908181951518179,0.1136655260597172,0.10792710675949001,0.10188768814834885,0.09595082237893353,0.09031795764038049,0.0852954003285414,0.08128082591202068,0.0791917732261445
4181.4,953.693275274132,90.3,0.0642557964954657,0.06591060733700914,0.06835732457035304,0.07067764658282473,0.07261546963654089,0.07545436441193026,0.08172275109996426,0.09323283096251406,0.10964898045080723,0.1272943059903725,0.14043120659384287,0.14611327325811274,0.1456521777787759,0.13753037418618352,0.12541516280134749,0.1172593089946813,0.1119868710022457,0.10649761877478685,0.10055393577217457,0.09469936999786714,0.08924371303816578,0.08436946961930233,0.08047386561798847,0.0784648716180658
4181.5,956.7607987052322,90.3,0.06293526159557432,0.06405484231131615,0.06576482121593122,0.06758415212550678,0.06957789337624216,0.0729045181522207,0.0797063080275953,0.09172115065840843,0.10884593220591175,0.12738879027128178,0.1409799495852018,0.1459990058796979,0.14430538086059116,0.1355186221960734,0.12324596209185636,0.11513120034968728,0.11005216144194102,0.10475564941871654,0.099002743268393,0.09330639923970711,0.08798419181267907,0.08323650381085308,0.07945693006697142,0.07751757124150485
4181.6,959.8184121535912,90.3,0.06125848934693851,0.0619349346116418,0.06305765147138445,0.06450611597278601,0.06658246530447433,0.07034583493482453,0.07764230916071604,0.09014097807371996,0.10796303529104591,0.12742134992299992,0.14148695378481518,0.14582541670636948,0.1428575885955699,0.13343491024385418,0.12105213063946849,0.11296587421392777,0.1080609081020079,0.10296592641395937,0.09740747887850336,0.09188528877141494,0.08671479715769694,0.08209486022870877,0.07841240216790014,0.07653173808239791
4181.7,962.8846150170332,90.2,0.06151998246291549,0.06128798250467602,0.061143637332277054,0.06161728700926391,0.06343777983992382,0.0676145502931193,0.07559915352262744,0.0887829530687483,0.10741355171144967,0.1277396222450692,0.14208222075169877,0.14552019011832049,0.14103710524457416,0.13083952256701914,0.1183462117263817,0.11031436468186244,0.10560401621868194,0.10076207933833786,0.09543944777990987,0.09013369805713535,0.0851707028448006,0.08071483940579073,0.07713682154585161,0.07532350215449767
4181.8,965.9521384481334,90.2,0.059095868555274406,0.058646767030598616,0.05824945586403457,0.05861553405037102,0.06055475281454871,0.06502809912869228,0.07337863905306112,0.08696599914727178,0.10624794689253361,0.12755168608944864,0.1425176556901066,0.14540241081487812,0.13971139601364743,0.12900181383960482,0.1164999320710466,0.10845468620465053,0.10385162911364328,0.0991845204735198,0.09402021610692761,0.08886576084518821,0.08406112824714886,0.07973201758516565,0.0762286991123713,0.07446174242821382
4181.9,969.0097518966078,90.2,0.05623992240055745,0.05569051169654444,0.055207944689944256,0.0555765289676249,0.057645588408651624,0.062399186408265715,0.07102596403407117,0.08497557492639111,0.10482822779966265,0.127256783179618,0.1431379592046723,0.14566576745346302,0.1388859636679236,0.1276144253994668,0.11516736134634899,0.10715446534854729,0.10260003220555297,0.09799759201933939,0.09297249177327616,0.08798071209586822,0.08321081009083571,0.07896367111787785,0.07558564541392751,0.07379380370431202
4182.0,972.0772753275926,90.2,0.05345634139209029,0.052804213907931996,0.05220679270617217,0.052538743121490934,0.05469954039345231,0.05967160426362557,0.06860458911792969,0.08295294513087002,0.1034920458618874,0.1270899129498438,0.14401860538661593,0.14640718450551032,0.1386864699906841,0.12694635740011748,0.11443502295459922,0.10635805189190575,0.10183109730575696,0.09730488509685588,0.09235130683345018,0.0874251720526612,0.08271544513469044,0.07852270940668774,0.0751878671903443,0.07342225121286425
4182.1,975.1252254584366,90.2,0.051589264645272415,0.05062946400913684,0.049621058400235694,0.049640102504514456,0.05170527088130527,0.056832151972942786,0.0661301186274925,0.08100262138666219,0.10233962638347532,0.12717595223227557,0.14517029022006928,0.1474531045397581,0.13884024589110233,0.1266309502622216,0.11401467361452462,0.10585357409734895,0.10133574286031728,0.09686024461540897,0.09195254780288188,0.08706745809910886,0.08239660741734252,0.07823919185733706,0.07493452567509269,0.0731867151815441
4182.2,978.1731755892806,90.2,0.04937744436880345,0.04821051077648742,0.04692460826060109,0.04672395260120885,0.048705634922449635,0.053930595208430285,0.06353129137844299,0.07891197845917784,0.1010742995901931,0.1272448827048611,0.14648848524588182,0.14882112427376004,0.13937981754192225,0.1266614468598751,0.11385880578240834,0.10558355055178738,0.1010607250812476,0.09661849894420015,0.09173733337824141,0.08687113605083847,0.08222344786828777,0.07808369422317199,0.07479543060279631,0.07306103858030868
4182.3,981.2310997217386,90.3,0.0455188065462888,0.044540658047355325,0.04350878006568227,0.04351809565172823,0.045630098121050115,0.0509424758543325,0.06068555809515464,0.07637235046277206,0.09920118797059457,0.1267067933552407,0.1475176047862159,0.15024096097501788,0.1401243615569751,0.12691118744508875,0.11386104177885592,0.10540856780923957,0.10084727180355606,0.09644087842068773,0.09158454641002016,0.08672753488921259,0.08210024498759068,0.07796920416560141,0.07468723035394977,0.07296878348690157
4182.4,984.2790498525826,90.3,0.04338937392935593,0.04224091122289924,0.0409592359746607,0.040723420242660076,0.04265798243170079,0.04792245381856866,0.057845826367965376,0.07401375590469356,0.09769180031074072,0.12655480459850585,0.1486184010406938,0.15124726297277685,0.13994040585571474,0.12582582095516817,0.11243632879069437,0.10390196553889892,0.09942514617394517,0.09516481210662173,0.09044217212954789,0.08569840442140012,0.08118680043407842,0.07714968208888517,0.07394052166695743,0.07227135448700316
4182.5,987.3269999834266,90.3,0.04114324950700725,0.039890245239664265,0.038430136084422646,0.03801351942420885,0.039772956478105,0.044914650012076056,0.054939701522188765,0.0715281665772651,0.09604079901662713,0.1261654669488469,0.1493930326129701,0.15190060615163894,0.1393422623392273,0.12425768455572693,0.11053111394053347,0.10187480731231162,0.0975113206665531,0.0934619308938217,0.08887845226825114,0.08429849392753495,0.07997492329670841,0.07608362194066064,0.07294101124679016,0.07129674658871826
4182.6,990.3756882258883,90.3,0.038975921567397896,0.037671768051145846,0.036101322141514285,0.03549811563169708,0.037074603000831555,0.04218253315714017,0.052594272122684166,0.07047064455619485,0.09763404006317519,0.1318609646884844,0.15952040370684153,0.16634771753904473,0.15603980318098143,0.13980426203779295,0.12356284861037072,0.10910268763466686,0.09720070831849963,0.08827105156997483,0.08206965238824937,0.07768833220697159,0.07415509704927797,0.07099710414482713,0.06839809574466384,0.06700846336974303
4182.7,993.4336123583954,90.4,0.035282543133930394,0.0342204373998507,0.03295813733021374,0.03257028206069214,0.03418740223206423,0.03916373991367929,0.04938781747415656,0.06726477397405917,0.09485796774516726,0.13027109294936995,0.15957511343530192,0.16686901260709558,0.15570246375758243,0.13838770263368338,0.12142663214737041,0.1066549166358426,0.09471405752911224,0.08588224718566141,0.07983871678232946,0.07565272553909891,0.07232958410630279,0.06936570230405466,0.06691054686924536,0.0655933406876681
4182.8,996.4815624892394,90.4,0.0329405064820983,0.03189273064021831,0.0306206083780681,0.030160418161725846,0.03161250170587375,0.0363364011353243,0.0463319408221868,0.06426481985721547,0.09241125935708593,0.12904390363083731,0.1599169451459277,0.1677435631798185,0.15593530546226653,0.13774922010679186,0.12020415774198163,0.1051726916016227,0.09317202175780513,0.08437306164977504,0.07840782208459034,0.07433376260420237,0.0711408049125658,0.06830265124896563,0.06594292820400233,0.06467364635837788
4182.9,999.5295126200346,90.5,0.029478709317610558,0.028660603824525396,0.02768675622974009,0.027435154363738282,0.028908253466916233,0.033431120206649755,0.04306526166826878,0.06073336557292806,0.08904351277301231,0.1266289609229785,0.15941565906466168,0.16872728969014408,0.1571041930411063,0.13862668913204773,0.12083790114947932,0.10567894071531823,0.09360336260957736,0.08473395742667517,0.07868117911189912,0.0745650668591584,0.07133636238254104,0.06848109323952589,0.066101209586199,0.0648398281774911
4183.0,1002.5774627508786,90.6,0.026424265389687063,0.025774352023513525,0.025016916781486865,0.024903982140726373,0.026347544854554646,0.0306214961057688,0.03982034413074903,0.057110828832994176,0.0854649059185488,0.12382095962819797,0.15851130660851387,0.16971673999401687,0.1589202454965252,0.14067362405660863,0.12300189219090749,0.10789184137530962,0.09574511304543992,0.08670799238959498,0.08045801589251915,0.07615264925894147,0.07275451171773907,0.0697506970872306,0.06726379794325382,0.06594893134764178
4183.1,1005.5780626908823,90.8,0.023213062542577215,0.022755109101849417,0.022257133615748045,0.02233164126165349,0.023780881050109837,0.027801684837650557,0.036474326694874264,0.053170634438880454,0.08131790730677518,0.12024132693744263,0.1568509913418974,0.1703293078791616,0.16078859879729623,0.14310702952511378,0.12582245583634155,0.11095244704716703,0.09881172107959207,0.08959848611285946,0.08309337786017096,0.07851398653369353,0.07486071086371109,0.07163255443051103,0.06898182816918909,0.06758685620584717
4183.2,1008.5788792464288,91.1,0.019730797297815558,0.01948523970118088,0.019273764678212263,0.019538849156073314,0.020993831822925486,0.024845285754069923,0.03324533023686407,0.04937986975007294,0.07599793605402243,0.11161877158255358,0.1443203985770284,0.15517414665936696,0.14495586858868267,0.13029994611384696,0.11654630129640044,0.10541936884855552,0.09931446355160665,0.09517170800943393,0.09063117603460998,0.08577122587092612,0.0812494532187052,0.07721496189826613,0.07401686627925172,0.07235118888895968
4183.3,1011.5694811925083,91.4,0.016904406607223105,0.016781510204931502,0.01673538332569967,0.017126043616478882,0.018577737615797237,0.022245777249419445,0.03027234794198211,0.0460242161984119,0.07243773085597174,0.10824476496777329,0.14198019227629086,0.1548072050681072,0.1459184836699931,0.131846322330455,0.118460471999189,0.10713508268939996,0.10050856949356404,0.09613677003487753,0.0914778561415858,0.08667596120640034,0.08203473475883596,0.07788472222075231,0.07455434355667945,0.07281498033689572
4183.4,1014.5702977480547,91.8,0.014097142279382356,0.014076651367133817,0.014182409703135643,0.014703632709948308,0.016184384835511233,0.019713160757285127,0.027408168063300133,0.042738826951530653,0.06884575686969491,0.10470092479242259,0.13929927176776016,0.15389962767829066,0.14604884906144994,0.1320801350412139,0.11873921024021722,0.10712995440674353,0.10005960118652842,0.09567790681444575,0.09112531708983194,0.08643335973448249,0.081749015400228,0.07758023721161963,0.07427601689894105,0.07258540792385824
4183.5,1017.560899694153,92.1,0.012197066790640091,0.012207742861071517,0.012354426600010909,0.012882793452794208,0.014287504171271987,0.017609029719708562,0.024976545852807976,0.0399255750882325,0.06584348741436041,0.1018248746726363,0.13725457425888382,0.15322547787947008,0.1457383759539309,0.1311203409933574,0.11741832908906126,0.10546185941183164,0.09810308715508056,0.09378995844284628,0.08941621056211085,0.08478990256137994,0.08032417973128798,0.07641127784560638,0.07322799615417659,0.0716294844850266
4183.6,1020.5617162496777,92.5,0.010279266203703136,0.010325943784872432,0.010527180952892182,0.011091351385145307,0.012473515696888473,0.015673313857871584,0.022802091418650104,0.037408025514405294,0.06296297581817659,0.09874148517810516,0.13470012135590095,0.1522407637717353,0.14547714257208152,0.13015434377620178,0.11559880798849681,0.10304735869624139,0.09531775967520566,0.0911776555219406,0.08708444151008525,0.08268608403153371,0.07847502254427363,0.0747283374094402,0.0717599746021374,0.07014166307017454
4183.7,1023.552318195776,92.8,0.008957970060379053,0.00901960821916562,0.009233976045179582,0.009788781181841084,0.011109943979671275,0.014160689487712241,0.021028686956393414,0.035345744257783494,0.06058222627893452,0.09612590873272411,0.13252293281130334,0.1512828022968116,0.14507542853529098,0.1289384026335979,0.11360374151705689,0.10048410500529557,0.09244962606547899,0.08848730106766034,0.08483628408785927,0.08063888496679701,0.07661340522502463,0.07304230821171355,0.07019659072397122,0.06871271408526242
4183.8,1026.5531347513008,93.0,0.008344744488089,0.008418557973240122,0.008646184601328506,0.009165617139008797,0.010226264929032653,0.012334311291748385,0.016643417065815538,0.025936136144546786,0.04600710514449713,0.08341883044621645,0.13330318903860122,0.16687090373567987,0.16520287249405208,0.1458505379006756,0.1257209726782837,0.1090230647309759,0.09587431542872733,0.08599651023332523,0.07915556984755517,0.07453676510857293,0.07116973189465167,0.0683131558424734,0.06597859500371152,0.06467772532076212
4183.9,1029.543736697399,93.3,0.007402870785564571,0.007481043151243741,0.007706504987780087,0.008196502349149284,0.009168962706785655,0.011069982284928379,0.014926855438990624,0.02329383537731237,0.041805405009695165,0.07782837002834486,0.1286880340865751,0.16537785428503796,0.16520803653173863,0.1454563406174584,0.12477922289098081,0.10789893855626734,0.09468004432205969,0.08478569322460061,0.07790897198879417,0.07337554017279707,0.07007654569324213,0.06731054549817607,0.06499490013458249,0.06375990070618068
4184.0,1032.5445532529238,93.4,0.006949793981836938,0.007021037645130731,0.007225556522432548,0.007668396612238593,0.008544574539461098,0.010255115740282995,0.013730645109874783,0.021342119876736416,0.038594477488903677,0.0734869854153654,0.1250524749043348,0.16413155011418398,0.16497796083103103,0.1448506959696181,0.12375007123305581,0.10670268054782586,0.0934761809038824,0.08362105997134123,0.07679354405729717,0.07232005911922026,0.06912376992164208,0.06646692834208355,0.06425510031493739,0.06305427527541278
4184.1,1035.4645532529657,93.6,0.0064332077134154775,0.006501345470926005,0.006692872654165786,0.007101317078028597,0.007900898988985295,0.00945112561082539,0.012594316898993279,0.019520012065422664,0.035525499641169134,0.06903443190845689,0.12082981195659184,0.16222302602307956,0.16450742523751027,0.14426706956585914,0.12286477002411625,0.10571075137713756,0.09250843999596085,0.08269898714565625,0.07591821990032337,0.07147806163187219,0.06837265560973692,0.06580281740053573,0.06369793316764066,0.06251132646422516
4184.2,1038.3945532529006,93.8,0.005953975204296371,0.006018979271743303,0.006198700519848972,0.006576607352703829,0.007308723437889445,0.008719131226596864,0.011572397004344181,0.017896355544122455,0.032770138778180816,0.06486639648687972,0.11654609003988474,0.16009128706657383,0.16403899137955716,0.14392174810833167,0.1223533317561613,0.10515475513314,0.0919793136875734,0.08219932369302112,0.07541141767357741,0.07098538448928562,0.06791526177883285,0.0654071563875599,0.06336865986375381,0.06219796066658357
4184.3,1041.314570376179,93.9,0.005651365840886025,0.00571137293304424,0.0058749477610168565,0.0062189470172418345,0.006887572395630467,0.008171616012001266,0.010779227528731283,0.016598073902300385,0.030527635889395038,0.06139458116394131,0.11286908887373238,0.15821081112731056,0.1638381967579938,0.14418495485381447,0.12275000259854478,0.10559530555491763,0.09254947097528517,0.08290933529067224,0.07635014746672081,0.07221152401560686,0.0693491053512425,0.06700414168102388,0.06499733654532666,0.06385288997991911
4184.4,1044.234570376221,94.0,0.005375192716796525,0.005430098471657348,0.0055796528265127905,0.005893949188382143,0.006504782501319089,0.007677686797992961,0.010063689559183369,0.015436142883211285,0.028530043004581944,0.05825596684711003,0.10926463763184843,0.1562861803752956,0.16395172696514804,0.1449698320403965,0.12356014374440659,0.10628329560704881,0.09303248389460261,0.08317124073416045,0.07641831664741747,0.07213747738432988,0.06920453327843537,0.06682372363653014,0.0647974607251789,0.06364673023376066
4184.5,1047.1645703761558,94.1,0.005103823422258062,0.005153962031918258,0.005290187633351301,0.005576188427764657,0.006132519845594708,0.0072013594575590575,0.009383314955431517,0.014348152434964439,0.02667749950081648,0.05529287479309498,0.10564110948784128,0.15403464546710277,0.16384307564590975,0.1456886309903901,0.12436526350527012,0.10698896727917959,0.09357055511492478,0.08351687213947172,0.07660827793640863,0.07222982850513028,0.06924561069410004,0.06684247433216109,0.0648012123460278,0.06364218289107378
4184.6,1050.0845703761977,94.2,0.004857820365937524,0.00490311289748695,0.0050259782197878584,0.005284105792204785,0.005787840647813505,0.006757638160961459,0.008748260908040604,0.013335749560298302,0.024967048217087444,0.052529418557575425,0.10202709115912648,0.1514853210000783,0.1635643022600072,0.1464168732289524,0.12520575012000237,0.10770818454785211,0.09411168020396057,0.08386343736308745,0.07680808369129721,0.07234601924237277,0.06931755529146492,0.06689731118607219,0.06484420204239667,0.06367736735528627
4184.7,1053.0145703761325,94.2,0.0047462448765380125,0.0047852831562171525,0.004892415681323641,0.005120460867138174,0.0055715626229920195,0.006447102427699372,0.008259152213153001,0.012492086732172938,0.02348035686215065,0.05014781345077025,0.09893251231377904,0.14905172442653655,0.1626505930687661,0.14609086072627656,0.12483786763558578,0.10724798438758115,0.09364142249497183,0.08341095840526692,0.07638212488555379,0.07195361870319528,0.06896320887168164,0.06658805430507723,0.06457072017800486,0.06341914644713807
4184.8,1055.9345703761744,94.2,0.004663641321410977,0.0046962991122367,0.004787533133478431,0.004985624643720954,0.0053853261486846195,0.0061700258604379,0.007810521249400263,0.01169702306465336,0.022040492727709658,0.04781155168862459,0.09589093329136586,0.14654965523447425,0.16137928604898363,0.14513551121827892,0.12367577306552882,0.10597060535681534,0.09244588323029423,0.08236850827320664,0.07548833878906927,0.07118351069802009,0.06829972107830622,0.06602254051143959,0.06408060871821368,0.06296356736800864
4184.9,1058.8545703762163,94.3,0.004492833206109851,0.004518636493805094,0.004596792278911429,0.004771366113608289,0.005121170800854388,0.005818322648557883,0.007291282674164678,0.0108543143163366,0.02058146411928452,0.045445174261292944,0.09261248721354513,0.14365045544868196,0.159716743506886,0.14371671631273453,0.12205863821640214,0.10432121057965504,0.09091645624898526,0.08117417305181615,0.07449387226437391,0.07029763348193528,0.06758722549636638,0.06539488473930824,0.06357010533534685,0.06252799634955658
4185.0,1061.7845703761511,94.3,0.004440261827773201,0.004459754889800772,0.004522956754456904,0.004670186854448738,0.004973294785090473,0.005589829646939712,0.006910814428841984,0.01015964429930672,0.019264801898329794,0.04325100044400391,0.0898027898835352,0.14132619963417978,0.15834717297467046,0.14248226942149486,0.12063169816029261,0.10286643222151436,0.08963725618468263,0.08013565862811012,0.07364874600830834,0.06958911597882014,0.06699818391925712,0.064906999383366,0.06316063030277332,0.06215857289590743
4185.1,1064.6146410467247,94.3,0.004171334227803887,0.004188954423362912,0.00424899563360597,0.00439491165400079,0.004704624952850819,0.005325707762002899,0.006569270732315847,0.009174041610248823,0.015163319599642662,0.030444384340895702,0.06724516420471692,0.12638841033018933,0.15990053395868287,0.1482731793149583,0.12464444668354288,0.10476203554197248,0.09021755143862425,0.07999926949896603,0.07311654005377642,0.06872327612457098,0.0658071627386813,0.06353846128262507,0.06167756982884662,0.06061843610595976
4185.2,1067.4447117171753,94.3,0.004108222310619542,0.004119618521528321,0.004165088266071444,0.0042865144425507425,0.004557162867683576,0.005112955466484643,0.006239317507902587,0.008605726637889355,0.014070575916091654,0.02819650396707626,0.06336750409807244,0.12274503562536039,0.15929502045716004,0.14928984582227822,0.12584676115776025,0.1058924412167673,0.09121578392071603,0.08089849858671337,0.07401627935588684,0.06964637756595252,0.06674951513372873,0.0644893111405548,0.06260291086400006,0.06153906862608309
4185.3,1070.274729384922,94.4,0.003964856833900311,0.0039727538923786335,0.0040092060025315596,0.0041127773108263765,0.004351078311059274,0.004848551198926812,0.005863267139060954,0.007996534718194715,0.012921783790263123,0.025797612691028877,0.05902874701617304,0.11845321704432772,0.15866708347990013,0.15077302073106197,0.12752766347820751,0.10727597802686988,0.0922459238342737,0.08163848402969703,0.07455623590212988,0.07006589967302258,0.06710466860161429,0.06480518401970614,0.06288955768426,0.061810343047939934
4185.4,1073.1048000554956,94.5,0.0038523473766618925,0.0038566222149751896,0.0038839969611317955,0.003969987719515723,0.004177283726986626,0.004620473271373603,0.0055334620521054895,0.0074576499488758,0.011899211065421508,0.02362898274182594,0.054991802896472215,0.11436583881356688,0.15809112120685898,0.15189813675958833,0.12838622200128502,0.10755047451333602,0.09206543740958213,0.0811847197424685,0.0739650018718052,0.06942308677977968,0.06646819778405949,0.06420125927054669,0.06232029150128783,0.06126160548320426
4185.5,1075.9348177232423,94.6,0.003751649702243075,0.0037525051421294967,0.0037713297538264144,0.003840934486993232,0.00401954410061026,0.0044125878658492325,0.005232208912664513,0.006964329866142037,0.010958599775427978,0.021591785849190318,0.05103451025242505,0.11009836098621129,0.1570912453160989,0.15236511979235282,0.12843981288517411,0.10702016846307762,0.09117577122949716,0.08014118013231224,0.07288409677106851,0.06836494750269008,0.06547456316084034,0.06329150648154874,0.061485067993342704,0.060464949258734864
4185.6,1078.7648883936995,94.6,0.003744146057546812,0.003739758908909993,0.003746658838724513,0.0037958404203145618,0.003942762907730095,0.004286519347336833,0.005022906077665115,0.006594307930229689,0.010223442009788489,0.019940148725861077,0.047659849054296655,0.1061489164085278,0.15562291397088304,0.15183266941854723,0.12736659887062723,0.10548498169663287,0.08950161003714034,0.0785143220078111,0.07135192107943664,0.06692454644192354,0.06413375040710574,0.06206109482245868,0.060353985815671314,0.05938667867560588
4185.7,1081.5949060615626,94.7,0.0036780864253538807,0.0036706898670028514,0.0036699711628673066,0.003704291614788509,0.00382569015740185,0.004127493799726683,0.004785903849663199,0.006203957527354449,0.009467643216134499,0.018234856065432223,0.04400467751955244,0.10157459695408438,0.15381158013988308,0.15128550123352874,0.12638228679786973,0.10414983933213753,0.08812487793254378,0.07723036805967279,0.07016482057946281,0.06581337420223181,0.06309866006940959,0.06110871875985148,0.05947409183215486,0.058546114694254865
4185.8,1084.4249767320132,94.8,0.003618132897908583,0.0036079145610666266,0.0036002818187748096,0.0036218394965997847,0.0037213287728536147,0.003985242705283828,0.0045750539958704945,0.005853459659578184,0.008790072230812275,0.016681434798166882,0.04052043580437782,0.0969176879139958,0.1518435665535216,0.15088742645093398,0.12586039009300293,0.10347914851888801,0.08751464527697629,0.0767450249325356,0.06976658303312092,0.06545068644947291,0.06274839458808067,0.0607754351634732,0.0591633655165149,0.058249900280413706
4185.9,1087.2550474025868,94.8,0.0036418908765032784,0.0036266925344840325,0.003607887854408457,0.003611365420101266,0.003684520515879383,0.0039100110019591496,0.00443826228741925,0.005601399202614412,0.008275461806111392,0.01544725892949621,0.03756120325145218,0.09270822879713707,0.15008397713653307,0.15082786880228538,0.1259740516617098,0.10364321369758792,0.08780279783064375,0.07714570487876678,0.0702227421548051,0.06591930410945473,0.06321422986427656,0.061236754397804384,0.05961633067520246,0.058692828092271186
4186.0,1090.0850650703335,94.9,0.003611086908224532,0.003592926461592027,0.0035670343136941208,0.0035580923538388524,0.0036113476370838228,0.003804828837328416,0.004277502972346028,0.005331309116763627,0.007752697396062922,0.01423033434246845,0.03460744627035495,0.08832071040364657,0.14846979969142024,0.15135600994117332,0.1266596805804291,0.10421874022607625,0.0883389137643692,0.07767705150639528,0.07074820125610692,0.06643313066405764,0.06371776750420408,0.061732230747775625,0.06009935089739275,0.05916354836110293
4186.1,1092.8668630500727,94.9,0.003625171551749835,0.0036028643500589175,0.0035677377257133007,0.0035437788032077863,0.00357492125048908,0.0037356090048841664,0.004156173110390811,0.005113513279128976,0.0073202397376514764,0.01320753688550293,0.0320396498202789,0.08436462730627527,0.14735942234552793,0.15244617426514273,0.1277784275243868,0.10503405457441164,0.08891382298641966,0.07807991511899195,0.07102449649355566,0.0666161078250849,0.06383772411615464,0.06181393861031269,0.06015995054378257,0.05921685300567173
4186.2,1095.659030666752,94.9,0.003654212381850222,0.0036272685480320042,0.0035819485498104387,0.0035417819150463264,0.003550020545843113,0.003678549297732076,0.004050508754765326,0.004921737239931444,0.006942361621004805,0.012324289427997154,0.029788979854213585,0.08067111774083555,0.14624393669259064,0.15363175241953808,0.12894764830398053,0.10570204932737234,0.08912799932312457,0.07797314820529312,0.07072377161221446,0.06621522653266128,0.06340153521864315,0.06138124326681938,0.059743803132324885,0.05881349385344812
4186.3,1098.4408286464911,95.0,0.003619980010360372,0.003590765230898068,0.003539904780721981,0.0034898080395185673,0.003482046904234425,0.0035850228236531407,0.003913456501873843,0.004701392423444071,0.006535685804531356,0.011413062929480439,0.02749030472435755,0.07677984281350544,0.14497235240846576,0.15477243938252405,0.13002029700656287,0.10626712624336439,0.08927302896085304,0.07784131248705946,0.07043725103269788,0.0658569724035891,0.06302624894647404,0.06102116848253521,0.05940477834133783,0.05848687106640563
4186.4,1101.2226266262637,95.1,0.0035837232929635827,0.0035523537985209003,0.0034962359836692627,0.0034367475561840936,0.003413969968542439,0.0034934355172286046,0.0037824350185296407,0.004496162405440015,0.0061668097026511435,0.010607159922066888,0.025451933440046558,0.07303609896619552,0.14339870640836241,0.1559838770472622,0.13154082745304296,0.10742293990858606,0.09002426260452459,0.07827979504486964,0.07067493980637808,0.06598235508770492,0.06309662933441029,0.06106919107883749,0.05944092877728471,0.05851784564428356
4186.5,1104.0044246060029,95.2,0.0035574768953252713,0.0035235910389771843,0.003461531735568997,0.003391864494974684,0.0033535430427922507,0.0034099853019364298,0.003662073896886579,0.004308782190341343,0.005834865827547153,0.00989423942539426,0.023650224789943365,0.06958019571344302,0.14159608285034284,0.15686425361631798,0.13310748570333275,0.10898577785877402,0.09139090319701047,0.07940706896635635,0.0715951337016588,0.0667512451182103,0.06375887419854198,0.06165529433535908,0.05996937489892115,0.059017581179310406
4186.6,1106.7862225856593,95.3,0.0035271123709582778,0.00349047723812102,0.0034231211368991937,0.0033445068346261374,0.0032922609565931562,0.0033266845008500467,0.0035469078706476553,0.004132930691648868,0.00553060020849193,0.009244591167798464,0.02200673788928484,0.06643645662137058,0.13985547559774195,0.1575427131661887,0.13491752727913572,0.11112440577882195,0.09350710952520638,0.08142151728274534,0.07351383030467251,0.0686254002757553,0.06558898937512,0.06338171959862904,0.061613851722338436,0.06061110735137243
4186.7,1109.5683979935054,95.4,0.003507437398270866,0.0034683508016846165,0.0033944735847070947,0.003306022385439405,0.0032410729738352054,0.0032573564398294696,0.0034476271531690863,0.003979799817108283,0.005257786381116159,0.008660158032144883,0.020514379880104246,0.0632904855301092,0.13751307870273255,0.1579249488501835,0.13651614039917484,0.11325303657580607,0.09568108522568915,0.08329209783279433,0.07512572496763735,0.07001321499170404,0.06674295595735887,0.06440241520594574,0.06255935446159056,0.061451069072592825
4186.8,1112.350195973278,95.6,0.0034344600388511956,0.003394812604236164,0.003319077597716187,0.003226504253807952,0.003153613003128563,0.0031553191673506604,0.0033185755198789266,0.0037974468975279273,0.004957247733679941,0.008051469557488864,0.01900694642340482,0.06006396460207317,0.1348475170186809,0.1579562664822529,0.13790644911246902,0.11526876186956278,0.09792450217985355,0.08549178320438779,0.0771710707983975,0.07186733578356752,0.06839983979088238,0.06588995173782573,0.063919445705149,0.06273044291649764
4186.9,1115.1419875127976,95.7,0.0033993355195803096,0.003363977868549667,0.0032963707024133773,0.003211303386904524,0.003140073361875542,0.003132935891183016,0.003270493631504101,0.003703746291807603,0.004782786465509187,0.007507091928553873,0.015337063653654353,0.04141150670455445,0.10959996216333873,0.15514009577071852,0.14033934540656698,0.11686763059616484,0.09912774180847868,0.08662421070627256,0.07807867898881987,0.07258020034568798,0.06905816435233719,0.06648050536698419,0.06444464196102277,0.06331119864184268
4187.0,1117.923785492454,95.9,0.0033455065949738456,0.0033088689890017685,0.003238317648063763,0.0031485487893004325,0.0030692585361438143,0.0030488104272236955,0.003163346872719897,0.0035520857515121853,0.004534972528863909,0.007019234972675103,0.014152079225433602,0.03829636593327215,0.10482034337177945,0.15319417707039845,0.13981068683113934,0.11647881344723852,0.0987574210692174,0.0862827324978663,0.0777100792133691,0.07214390683391754,0.06855973910623969,0.06595971756090555,0.06385945644462143,0.06270597199302819
4187.1,1120.6950848267106,96.0,0.0033222493489810517,0.0032833830907624574,0.0032077653712449155,0.0031097779495288763,0.0030187448053323905,0.0029818999143986706,0.0030719060713897775,0.0034186985422532336,0.004316984039218866,0.006597516492614776,0.013149371038578278,0.03567411819700864,0.10070946929483315,0.15109683565115986,0.13855315101080223,0.11502379405757364,0.09716694956524755,0.08474189683864732,0.0763003910201595,0.07084749119365849,0.06737347568697853,0.06488549144767083,0.06288026134888923,0.06177415271122001
4187.2,1123.475462498856,96.2,0.003248648986734029,0.0032098933761089787,0.0031340981249355577,0.003034198622651925,0.0029384960487323845,0.0028920601822145678,0.002963274329233715,0.0032731022150661233,0.004091390159490657,0.0061716173389111785,0.01213315009583042,0.032938205876819844,0.09628059094031448,0.1492460528259955,0.13773229244872842,0.11388252776681362,0.09574175771118675,0.0832946655399462,0.07501241774630668,0.06974668739320049,0.0664212879973777,0.06405356606925497,0.06221258976428973,0.061184343765125875
4187.3,1126.2467618331125,96.3,0.0032393809863413897,0.0031977285646927318,0.003115771771822007,0.003006400238297486,0.0028980090106913874,0.002835283256905002,0.0028843003981843395,0.003158993190255108,0.003910339581888591,0.005834851152733221,0.011355793983995818,0.03087092484809492,0.09292237647207402,0.14783769716039005,0.137130505658825,0.11300772654660424,0.0945590954707471,0.08196064446000671,0.0736497768567866,0.0684054168172672,0.06512622257540376,0.06282871863117347,0.061062405318090124,0.06007978110207439
4187.4,1129.018061167369,96.5,0.003181405005250885,0.0031390528515650674,0.0030554054483523862,0.0029428869121686544,0.0028291926607991948,0.002757684447458153,0.00279148776660578,0.003037192887060869,0.0037269125808376373,0.005499244345506039,0.010571760516207911,0.028701839560961624,0.08924099839220757,0.14684088635981646,0.13744163810611912,0.11302614133869501,0.09409291778744516,0.08115927197574026,0.07268436346391348,0.06737746961709756,0.0640908653152473,0.061822738456800724,0.06010063717860546,0.05914978303748218
4187.5,1131.7984388395946,96.7,0.0031253751526191032,0.003082984685713569,0.0029981993620182184,0.002883120022603461,0.0027642377759468924,0.0026829831705009175,0.0026996265862096395,0.0029136176049351908,0.003535292070700287,0.005135318259226755,0.009626082042962936,0.024362450720042797,0.07234660710170437,0.14625377098388512,0.14185321478509874,0.11263889832415665,0.09165678021796926,0.07828400147174407,0.06973481769897218,0.06442832880059624,0.06128901013704811,0.05929044264095366,0.05780163374064894,0.056967601813124435
4187.6,1134.5697381738512,96.9,0.0030780992677392695,0.0030350697264764884,0.0029486872878172503,0.0028306985467641795,0.002707072142833765,0.0026181791494418417,0.0026218907816054136,0.00281196592677656,0.003383932927348152,0.004863899151904618,0.009008142263390527,0.02262170283318474,0.06801011515888228,0.14389966841724972,0.14242161381701124,0.11304450575349724,0.09165003838207715,0.07800874751725966,0.06931507568968533,0.06394863530178178,0.06080779892881378,0.05884288503349732,0.05739402512855289,0.05658153247795272
4187.7,1137.3501158460767,97.1,0.0030287384625261224,0.0029854141996817924,0.0028981600368384675,0.002778338343933193,0.002651330562141382,0.002556424880980241,0.0025492412895743144,0.002718394066506521,0.003246173112688662,0.0046189142990355385,0.008452865381860982,0.021046340917247133,0.0639288889873703,0.1413624130767685,0.14301589879732776,0.11357088246547398,0.09177974230433748,0.07785001778203578,0.06898148218332942,0.06353186434264882,0.06037662986320556,0.05843899428047045,0.057026658092840105,0.05623414995578423
4187.8,1140.1214151802174,97.3,0.00298685781344569,0.002943133283418864,0.002854816676962424,0.002732955383496893,0.002602462814658156,0.0025017285884961086,0.0024844202456405667,0.0026346163424180256,0.0031229278149055607,0.004400744496715109,0.007961313163959137,0.019649301009697064,0.0601854121791411,0.1385884664211466,0.1431943712748278,0.1136530524649526,0.09153635109600294,0.07741679356757113,0.06844737234839347,0.06295385942254324,0.05980113076008863,0.05790074121481615,0.056533869082264813,0.05576694511224425
4187.9,1142.9026738880875,97.5,0.0029470036894681624,0.00290296318780237,0.0028137741042330742,0.00269018743023483,0.0025566715745516063,0.00245078251469283,0.002424406679582777,0.002557527739218521,0.0030102685347910517,0.00420274123575189,0.007517931906237496,0.01838504643858343,0.05666782461779716,0.1355413338952901,0.14365953847985685,0.11442853214607182,0.09209185998143557,0.07776055942186284,0.06862518052122123,0.0630230286322175,0.059818361441049975,0.05790497400276959,0.05653989406263782,0.055774919538501305
4188.0,1145.6730890194638,97.6,0.0029573070016413305,0.0029108260872113836,0.002816507682238853,0.002685365758252654,0.0025424587602276495,0.0024256974232927412,0.0023862769873356083,0.0025012200653919863,0.0029223817182049932,0.004045679364590018,0.007171496081563333,0.017426388301105045,0.05405709508377389,0.13316158004985712,0.14392473227703967,0.11484798660031022,0.09230209849417485,0.07780476298804935,0.06854826585765994,0.06287068316920141,0.05963664232555189,0.05772761898228158,0.056378527008487576,0.055623220302772586
4188.1,1148.5128425298362,97.7,0.0029390658347392944,0.002891611419428602,0.002795120231821723,0.002660513475424811,0.0025127932637542634,0.0023895243059196243,0.0023406954678814665,0.002440096982341672,0.0028310979539555004,0.003884514516852336,0.006812965680900891,0.016408474886345715,0.051155501272618684,0.13037141576337974,0.1445721537822196,0.1159315011869078,0.09327367921515309,0.07861203723078672,0.06918281236124359,0.06336727198688137,0.060048557429792246,0.05809322055589099,0.056716500240917816,0.05594720381670035
4188.2,1151.3412696545658,97.8,0.0029251432601219464,0.002876734570243019,0.0027781215698401028,0.0026401585116462363,0.002487832018123114,0.002358443963069332,0.002300943824417285,0.002386270642924647,0.002750273316487145,0.0037415416216511383,0.006494893483497325,0.015501594668610386,0.04850726117091599,0.1276289433460048,0.14533708133303802,0.11721935529804588,0.09449935822305269,0.07969650946243857,0.07009259207141832,0.06412565964816903,0.060704999775296115,0.05868371337768615,0.05726060724291839,0.056467222747112446
4188.3,1154.1810231650727,97.8,0.002960344473858988,0.002908845489781654,0.0028038379462775455,0.0026566975968702663,0.0024934483298425457,0.0023522995010484236,0.0022821664823087983,0.002352080817299989,0.0026920915733706302,0.0036339376446123113,0.006255227702246195,0.014830869874145529,0.04657953553415416,0.12572428737386454,0.146568697116744,0.11900224440195585,0.09622554541816049,0.08125235077201402,0.07143813052086626,0.06529192589813611,0.06174539559753915,0.05963010123928224,0.05813207454966646,0.0572983856678565
4188.4,1157.010881818739,97.9,0.002953669026592313,0.002901315360422443,0.0027943934353930797,0.0026442126576926633,0.0024767993117713917,0.002330182547730494,0.002252460521401477,0.0023103340431636287,0.0026276166825494767,0.003517500636709289,0.005992114781632723,0.014066125461840082,0.044245456029206674,0.12307146885469092,0.14765021087497027,0.12085168362707413,0.09818266899611537,0.08314008138677967,0.07314142910278883,0.0667997381975716,0.06309830495939031,0.06085856655420527,0.059260117497108925,0.05837313546009263
4188.5,1159.8492087907186,98.0,0.0029461797766526876,0.002893135375948156,0.00278463077611696,0.0026318732894778174,0.0024608320290979775,0.002309311974803367,0.002224609354383234,0.002271220265118453,0.0025670808482676968,0.0034078706929983843,0.005743655907958266,0.013338829363175146,0.04196795224966606,0.12027506779508187,0.1486905208451341,0.1226585531734624,0.10013790535631159,0.08507389918717953,0.07490998646068826,0.06837184006053192,0.06450837702557688,0.062136589685550844,0.060431875142075576,0.05948888987705562
4188.6,1162.6790674445003,98.1,0.002946395200207829,0.002892362266553669,0.0027816910891921244,0.002625588461924694,0.0024501380665869384,0.0022931178583883043,0.002201222793619833,0.00223701970467612,0.0025132012664682703,0.003309934195652238,0.005522790182789227,0.012696998967243281,0.03995187408836373,0.1176910790198643,0.14960306024677555,0.12428743669970144,0.10192614032765303,0.08685785520761113,0.07654213544727599,0.06981840845514305,0.0658025069464458,0.0633075761663829,0.06150446754539632,0.06050981712921494
4188.7,1165.517394416496,98.2,0.0029498693124366464,0.002894685247237944,0.0027815340255293295,0.0026216852561064233,0.0024414351583887245,0.0022786375833855673,0.0021794785737057776,0.002204716798699977,0.0024620903135264133,0.003217182134516515,0.005314466844606446,0.012091935677814901,0.03801493477479463,0.11500161335173116,0.15012756868837449,0.12516860317332412,0.10276723022775176,0.0876632520201168,0.07725356715149025,0.07042061451551275,0.06632253749522057,0.0637721336458166,0.06193004082370665,0.06091548728038077
4188.8,1168.3571479270029,98.3,0.002956775659305928,0.002900227494187226,0.0027841778054973287,0.0026200303538411102,0.002434411280783251,0.0022653694034712414,0.0021586778089502344,0.0021733911508383654,0.002412543813481987,0.003128032613677341,0.005116932157111638,0.011526307790963286,0.036209380689763176,0.11235606506508937,0.15003319098438864,0.1251532847790782,0.10270577074164021,0.08765538261276523,0.07725489523520007,0.07039004136031092,0.06626442832682655,0.06370736048707065,0.06186993224584985,0.06085936773748495
4188.9,1171.1870065805344,98.4,0.002964492497083798,0.0029065155108258206,0.0027874543499876417,0.0026188906751162884,0.00242784285465921,0.002252615258344502,0.002138638254616814,0.002143390548988224,0.0023655627476465626,0.00304453067632673,0.004934278028659378,0.0110074990858805,0.034526515415935856,0.10961537434272543,0.14939884621727334,0.12419780041144973,0.10143687621399196,0.08639067150250772,0.07609630089143367,0.06932207379194164,0.06526810300709869,0.06278904587588108,0.06102776292755469,0.06005945448211413
4189.0,1174.0253335526454,98.5,0.0029706513502672054,0.002911376865067446,0.002789589470576955,0.002617048523274415,0.0024211408494220587,0.0022404074705411827,0.002119967856622066,0.002115881040742423,0.002322958830764015,0.00296943690939215,0.004770909323568104,0.010542543227082526,0.03297761001684934,0.10687274761038527,0.1486774007231279,0.12296529446752491,0.09973784321971092,0.08465444263956991,0.07450084909401292,0.0678688436514908,0.06392643345767281,0.06155601571000444,0.05989591761756776,0.05898350868570694
4189.1,1176.9850125892222,98.5,0.0030119305983700214,0.0029496286785922793,0.0028216943555172207,0.002640606363244064,0.002435015581487109,0.0022446177808445444,0.002114919437524053,0.0021011231692526543,0.0022951537396891483,0.002917235629559644,0.0046563848771129426,0.01022013422817409,0.031900361072076375,0.10477433875467321,0.14748956095205978,0.12123585246252015,0.09775488226618402,0.08279519741006418,0.07287393249300175,0.06642301802214641,0.06259992516768612,0.060333782810519807,0.05877038565410326,0.057912496048621635
4189.2,1179.94288344517,98.6,0.003006109836207076,0.0029435000120795717,0.0028148412237723464,0.0026325490544816337,0.002425229324873726,0.0022324451047004063,0.002099279356673241,0.0020798192780350903,0.0022630909211480907,0.0028608408146073455,0.004532167392845459,0.009856940378448857,0.0306040220610611,0.10193643115891597,0.14628812757482368,0.11970290473965348,0.09595517597736307,0.08108366629816395,0.0713704398181916,0.06508940210734317,0.06137733140508908,0.05920564048530376,0.05772986946075603,0.05692180646647031
4189.3,1182.9025624818614,98.6,0.0030371666682251328,0.0029724570915058315,0.0028395395296371127,0.0026513388698796774,0.0024373520557876872,0.0022379632969079253,0.0020985602176578793,0.002072717514027432,0.0022476439335836203,0.0028299817123429226,0.004461525241518345,0.00964861626933245,0.02984417853829491,0.10008392743815545,0.14524240744351136,0.11858833137017588,0.09487348175700788,0.08022583441160251,0.07073674546424638,0.06458652212787472,0.06092973292682527,0.05878891170903543,0.057341399986962215,0.05655088643807964
4189.4,1185.8604333376425,98.7,0.0030168282014316474,0.0029530600722434503,0.002821915314977676,0.0026359029456244354,0.0024239035301253774,0.002225663964040265,0.002085960856305724,0.0020575050741590733,0.0022254376098483886,0.002790019237401405,0.004369483501704012,0.009365311078142686,0.028760989374414833,0.0973587419436103,0.14463782863636215,0.11854663495753398,0.09506183125654247,0.08066603780660929,0.07131558744215129,0.06517966784852028,0.06147802403992719,0.05928205659549018,0.05778963281539619,0.05697693670265536
4189.5,1188.8201123742192,98.7,0.003036158813497809,0.002971237383512719,0.0028377063492166115,0.0026482938523935094,0.0024323171744608,0.0022299397769275538,0.0020860630460804324,0.0020529839269878055,0.0022144205572738537,0.002766473933520792,0.004312969858379786,0.00919403708943093,0.028130665982691594,0.09581380890978418,0.14440815885123648,0.11889263618557885,0.0957231025901765,0.08158854363721342,0.07235106935295992,0.06619662021503055,0.06242049605780633,0.06013895152225559,0.05857253356921215,0.057721332682631576
4189.6,1191.7779832301671,98.8,0.0030085754969644447,0.0029452082785913964,0.0028146510751440195,0.0026289979386638074,0.0024166295975598193,0.002216794351133037,0.002073676579666468,0.002038804948789104,0.0021941644183863978,0.0027303291432219947,0.004230601212755781,0.008944735834337017,0.027193438680437807,0.09339008023685323,0.14465524097547733,0.12010492146621526,0.09721768300707907,0.0832495464830058,0.07401806641506675,0.06775762375917502,0.06384787491730876,0.061437056806359615,0.059761587971913756,0.058852842449051604
4189.7,1194.7376622668585,98.8,0.0030185167278395015,0.0029546873108666476,0.0028230844031718405,0.002635772856974316,0.002421202249207209,0.002218707665530706,0.002072415552797654,0.0020333912109862804,0.0021821677567046634,0.0027049643767343185,0.004170037624085866,0.008765361473347855,0.026567780942863856,0.09196527574317746,0.14460631443691224,0.12078763263800214,0.09824575409761932,0.0845382066214664,0.07540141019891587,0.06909293551483844,0.06507935236908521,0.06255546933472,0.06078285710433824,0.059823499265812756
4189.8,1197.6955331228064,98.8,0.0030326085722271736,0.002968089887615413,0.0028349908802397152,0.0026454177689069487,0.0024280065557971157,0.002222298796574454,0.002072451916023709,0.0020291368509550477,0.0021715620640350773,0.002682024371937534,0.00411548580688493,0.008606336867227683,0.026023029599842876,0.09067899016585859,0.1443773455881835,0.12112500047996398,0.09864333963790504,0.08497828073786959,0.07586079241221416,0.06953179112994953,0.06548003739588976,0.06291732634562988,0.06111298948068904,0.06013738520668601
4189.9,1200.6552121593832,98.9,0.003000898546956567,0.0029383129584752282,0.0028089274362093418,0.0026240954675147386,0.0024113263733431685,0.0022090760988757647,0.0020606936203957757,0.002016083568777447,0.0021527956297125793,0.0026478438735803023,0.004036897606941072,0.008372468284255263,0.025177465637522847,0.08851355115487532,0.14363745020359497,0.12089910228197485,0.09837253561409406,0.08471150896833654,0.07563771669050963,0.0693393146863715,0.06530005051216364,0.06274794824369105,0.06095612845661932,0.059988283118796275
4190.0,1203.6130830151642,98.9,0.0030133054507226155,0.00295023048156241,0.002819752886735444,0.0026332164308427116,0.0024182325298240273,0.0022133956672218524,0.0020620830960300096,0.002013905317859024,0.0021453682162462886,0.0026303235194944322,0.003993615123242761,0.008243446177698118,0.024718581970978083,0.0872410447839443,0.1424332603705232,0.11980884858712525,0.09719801435137689,0.08356248165472273,0.07460863731229435,0.06843038685168451,0.06447549059694753,0.061992143652552435,0.060260822980457936,0.05932657997814864
4190.1,1206.6765777516368,98.9,0.0030216355489173304,0.002958281905972339,0.002827144860975846,0.0026395130065169628,0.002423010724542107,0.0022162786286532335,0.002062669018231015,0.002011509065749351,0.002138357056773065,0.0026141648549804506,0.003953708912718865,0.008123168988641499,0.024278159973515782,0.08595104235707739,0.14107577143693284,0.11834337606330285,0.0955507046364375,0.08191078274420614,0.07309321362298557,0.06707367495965286,0.06324159701263181,0.060861976880130626,0.05922137065735399,0.05833715165378594
4190.2,1209.7382276337494,99.0,0.0029852794815843037,0.0029241767507349557,0.0027974434821324647,0.0026155912302990286,0.002405015669788222,0.0022031523747687576,0.0020525046014891026,0.0020017760427459737,0.0021253631254527917,0.0025903158351187378,0.003896356003643814,0.00794153256917151,0.023547933608554495,0.08358855877449244,0.1392754596163662,0.11658881639623414,0.09360336817043424,0.08000275958044915,0.07138817963933372,0.06557876616497631,0.06189324763957563,0.059625996980640715,0.058081575594415825,0.057251026797093714
4190.3,1212.811548313306,99.0,0.0029944410805825363,0.0029330421727767238,0.002805640331372342,0.0026227281127083873,0.0024107494867973626,0.0022072156188871813,0.00205464159574574,0.002001531086261358,0.0021215503154169944,0.0025794365071202087,0.003866521146809889,0.007842998699249225,0.02313445732479244,0.08203356706238259,0.13743677879667413,0.11471633979885316,0.09161228309271406,0.07806891802662863,0.06965381643041514,0.06405459839704819,0.06051935403935105,0.058366464854279716,0.05691891465657801,0.056142440700297974
4190.4,1215.8731981954186,99.0,0.0030099159097976454,0.0029479081137222707,0.0028192251023395946,0.0026344455255565865,0.0024202299732385,0.0022143346432801797,0.002059412957585931,0.002003868679898487,0.0021208104000892463,0.0025731803751552393,0.003845742866608481,0.007768238773627727,0.02280047281516782,0.08069465666236268,0.1357743662146418,0.11303019932209885,0.08986197653891807,0.07640087189260339,0.06817130055889406,0.06275537403598912,0.05934751634495591,0.057289786434903775,0.05592321288732818,0.05519244625586015
4190.5,1218.9348480772464,99.1,0.002976798517267733,0.0029169354166262342,0.002792476736552143,0.0026132925491598245,0.0024048920676063073,0.002203888387119204,0.00205213900573003,0.001997517920859831,0.002112215923183858,0.002555974761508456,0.003800800284068436,0.007617001069090633,0.02215861887674509,0.07847284880485605,0.13438223456067727,0.11194111732686908,0.08861947265931752,0.07514483744259975,0.06702512166684671,0.06174306131650162,0.058433537515894904,0.056449706310488006,0.05514590531634291,0.05445057813261051
4190.6,1222.008168756976,99.1,0.0029889749793904005,0.002928869697587425,0.0028038599137356537,0.0026237900397421262,0.002414203212280723,0.002211790234655426,0.002058469066436519,0.0020020476135520766,0.0021142937654213606,0.0025534211951560096,0.0037855161573522554,0.007552885122458691,0.021859017792536652,0.07733504073525058,0.13352062115939056,0.11135305200178218,0.08804138816631871,0.07461622051109554,0.06657351447172462,0.06135510194723775,0.058082698934076256,0.05612419764014923,0.05484318228971882,0.05416145314715643
4190.7,1225.0698186389182,99.2,0.002956312199408439,0.0028985694065385642,0.0027782285849936206,0.0026043759077609297,0.002401304519735604,0.002204470149826876,0.002054961604337644,0.002000140279318825,0.002111099728530145,0.0025434546225992266,0.0037523685101434434,0.0074284021223571875,0.021308858211372576,0.07545089890129611,0.13282470636452137,0.11120303411844336,0.08786292207995998,0.07444413410173692,0.06643361273222545,0.06123824088517957,0.05797366188975151,0.05601946864437225,0.05474462664881551,0.05406737536397176
4190.8,1228.1333133753908,99.2,0.002966545510065028,0.0029089412967947454,0.002788809915349557,0.002615097736035864,0.002411943550143422,0.0022147084280249715,0.002064469783940513,0.002008578486273451,0.0021178845694884273,0.002546808758415905,0.0037452536481995665,0.00737703487102272,0.02102670079248706,0.07429143822660006,0.13225264064209036,0.11117818288739846,0.08790330031095742,0.07451197373212272,0.06651279135479356,0.061309949743881605,0.05803092077300276,0.056066170712142364,0.054786231886931824,0.054107295862691106
4190.9,1231.2047951024492,99.3,0.0029368218677626266,0.0028815155758343453,0.0027659670504034846,0.002598435689371822,0.0024018857881473814,0.002210496704842655,0.0020645769428184924,0.0020111582206861103,0.0021207768770689687,0.00254628769751531,0.0037300532125698286,0.007297280357870721,0.020616383570227513,0.07267145774016436,0.13175379683327437,0.11145709700236045,0.08817652782630137,0.07474425365540541,0.06670268904697449,0.061456206539334736,0.05814469600841698,0.05616244871134152,0.05487436739316957,0.05419217216771244
4191.0,1234.2664449845618,99.3,0.002946070338900922,0.0028910305418496478,0.002775965300081558,0.0026089824574002146,0.0024128513291796798,0.0022216130251729595,0.0020755542921633797,0.0020217639130117593,0.0021307494842967055,0.0025547577701189646,0.003732736877246666,0.007270285848417489,0.020411331325287302,0.0716831594895357,0.13142119168564273,0.11192190841574974,0.08875206956166166,0.07528425165762527,0.0671572232328805,0.06182462266154012,0.058455205893212,0.05643970555381491,0.05513073541401302,0.054437902301309814
4191.1,1237.4163814918445,99.4,0.0028995963895345235,0.0028477548078398494,0.0027391249509452235,0.002580942489217789,0.0023944024299348545,0.0022118973898757315,0.0020725862674695656,0.0020230746190508333,0.00213352673625667,0.0025545073457818013,0.0037165039184020835,0.0071810683304221945,0.01994088288243549,0.06974035612884191,0.13083818225918326,0.11253335107622002,0.08943919788461845,0.0759127207850389,0.06768729844163313,0.062255135279975046,0.05881610805699637,0.05676000632654022,0.055426191220984716,0.05472104210022599
4191.2,1240.5663179991273,99.4,0.002900669048511729,0.0028495947860304387,0.0027424859084505477,0.0025863292074225,0.002401913037448264,0.00222124344868371,0.0020832911547008664,0.0020346801579853827,0.002145647474920023,0.002566377943757585,0.003724298136673131,0.007161115280925319,0.019732534137128516,0.06858410028997391,0.13024402776642935,0.11298500716721359,0.09007196338223929,0.07652971244407947,0.06821893813635808,0.0626931952278087,0.05918817607022467,0.05709233847864095,0.055732991005198566,0.05501486295436011
4191.3,1243.7146826540127,99.4,0.0029016145756433315,0.0028514786148166205,0.0027462237989423367,0.0025925342811386966,0.0024106980672910353,0.0022322507361049,0.0020959146119212254,0.00204832169946228,0.0021597662753460208,0.002579919688551507,0.0037324028760577794,0.007135353403469112,0.01948797833581637,0.0672945282382473,0.12961722983462742,0.11348189647949648,0.09083661671253863,0.07735159366134607,0.06899479887463478,0.06338192728565542,0.05979939706904377,0.057645305424631296,0.05624200294013858,0.055500835947659574
4191.4,1246.8646191612954,99.5,0.0028689905688896043,0.002821620552281366,0.002721947628413839,0.0025759262778563825,0.002402494626364802,0.0022317485040184402,0.002101419368430817,0.002057739278872098,0.0021707635966567024,0.0025887166517193777,0.0037273551607397725,0.007062446204873,0.019045880091368657,0.06534964458554833,0.12892456093381827,0.11418351662351446,0.09180612153673448,0.07841830039102198,0.07005548830388272,0.06436733659371659,0.06069523700845657,0.05846037069879877,0.05699085794125335,0.05621450454934556
4191.5,1250.0145556686932,99.5,0.0028888259008837958,0.002841743220975399,0.0027425729206062037,0.002597078778554384,0.0024239615868328467,0.0022531594882393507,0.0021224109784378493,0.0020780815383030374,0.002190280195103496,0.0026065755302732006,0.0037385418466471796,0.007037566443823694,0.01880272831039131,0.06412025707846944,0.12826644606148946,0.11447314682767523,0.09233474861988884,0.07901782213742939,0.0706468900395908,0.06491358172569085,0.06119112509331012,0.058911353239611046,0.05740508530340311,0.05660922530533838
4191.6,1253.1629203234338,99.6,0.0028740183417736544,0.002829053185044162,0.002734117233418646,0.002594360738236062,0.0024273905158831892,0.00226199312396494,0.0021351181134165267,0.002092779498784938,0.0022047092944043867,0.002616606037204157,0.0037311317803230023,0.006955326432491189,0.018348787662878053,0.062251820322366404,0.1273014135868081,0.11447134967969559,0.09251916690954819,0.07931670266980217,0.07099733510375439,0.06525909489822469,0.061505602683764114,0.05919315467879579,0.05766166805738424,0.05685343076646278
4191.7,1256.3128568307166,99.6,0.00291432027554551,0.0028688908396178993,0.0027728618472371747,0.002631277160341919,0.002461766698894695,0.002293299528438015,0.002163108172497435,0.002117434053294695,0.002225895060904298,0.0026329622333647815,0.0037357003448542318,0.006913921257141918,0.018081188489798474,0.06111588031019691,0.12661248112122586,0.11414340511164145,0.0921967287246037,0.0790432605379469,0.07079239877339358,0.06510682078708989,0.06137781800721339,0.05907562184196801,0.05755146854941599,0.05674783446873164
4191.8,1259.4627933379993,99.7,0.0029162197032706733,0.00287224444629336,0.0027790529574479796,0.002641166694122982,0.002475361415390314,0.002309747070127097,0.00218098860429292,0.0021350412884065645,0.002241017766550152,0.0026411633154238955,0.0037230978601146144,0.006823563392603169,0.017643211526809557,0.0594702408428625,0.12575443312454973,0.11361804299912695,0.09142406427555207,0.07816409681130648,0.06993031411675198,0.06431870659881657,0.06066074083546199,0.05841875900383619,0.05694617494752991,0.056171020689651366
4191.9,1262.6111579928847,99.7,0.002965629778933967,0.002920810251918856,0.0028257093131839692,0.0026847723535349233,0.002514921158190628,0.0023446206509376653,0.0022109686792356467,0.0021602159445139896,0.0022613289481946994,0.0026552465456756587,0.0037242818691518935,0.006782049149696176,0.01742035001578193,0.05867123709028506,0.12542826814092026,0.11316976794106202,0.09066201162444604,0.07719780257647549,0.06888604614575407,0.06330389197115383,0.05971755045675001,0.057554424239444464,0.056152343769243614,0.055415432218811775
4192.0,1265.7610945001675,99.8,0.002958394493712094,0.0029154776850671945,0.0028241713171745404,0.002688351583316753,0.0025239193750827777,0.002358245023899765,0.0022276523917088824,0.0021780156158250122,0.0022778657863470387,0.0026662008952846273,0.003716679339153612,0.006702485597424103,0.017009731631987657,0.057032283768724434,0.12460441004408813,0.11293540914108606,0.0901141269528399,0.07638945233478472,0.06795100454374509,0.062361431033049086,0.058824908511176104,0.05673074261489629,0.05539538958533242,0.05469544189002434
4192.1,1268.9537892867359,99.9,0.0029660734319260735,0.002924121237101507,0.0028347245532807574,0.0027014461882980036,0.002539644189706702,0.002376129816309651,0.002246874424240594,0.0021976527789368326,0.002296899707829713,0.0026827046137563207,0.0037239280022028,0.006669451836334831,0.016773108962480295,0.0559662197119721,0.12402374614422389,0.112944942078405,0.08999223564488336,0.07608906908231539,0.06751123960532494,0.06185825914023359,0.05832026919346163,0.05625765425274374,0.05496111251550517,0.05428348448127427
4192.2,1272.1464840731887,100.0,0.002956318271892256,0.002915962668240084,0.0028298482001082132,0.0027011970339839856,0.0025446346161431396,0.0023861139874956075,0.002260965008730893,0.002214705768644684,0.0023157248389016937,0.0027015117441701723,0.0037367747015779923,0.006646569342200022,0.016540991837642977,0.05474634449722043,0.12316408936060573,0.11314129537571813,0.09009057946496073,0.07593037157226563,0.06714934415559166,0.06140198754692689,0.05785237425182531,0.055818476131459176,0.05455917920705516,0.05390277757872998
4192.3,1275.3292501657756,100.1,0.002942065342142737,0.00290325567611192,0.0028203809399153196,0.0026964238599498465,0.0025453901196104173,0.0023924564903420997,0.00227235127055919,0.0022303911722547764,0.00233514461647533,0.002724280473901127,0.0037609450372262463,0.006655953811575989,0.016413397013169455,0.053804447474492874,0.12229155917887223,0.11362594024166903,0.09075193996152547,0.07646412141734289,0.06749157364820202,0.06159665312467211,0.05797381289226312,0.05591628473138709,0.05465183227422367,0.05399384300992361
4192.4,1278.5219449524548,100.3,0.00287906525021849,0.0028437151800699573,0.002767805320289433,0.002653710583746425,0.002514021722354348,0.002371510554966864,0.0022593657421546964,0.0022218814385268314,0.002327520896034925,0.0027157866913755553,0.003756019658001892,0.006696545255391353,0.01689553538241087,0.05906010259863623,0.11818976683968226,0.11084657079545933,0.09152373467579374,0.0781763837309043,0.06915243405213232,0.06311502329404525,0.05944999213617969,0.05733697724617711,0.05596026225415771,0.05521526234321494
4192.5,1281.7146397389076,100.4,0.0028556041722614125,0.0028218735873075337,0.0027494733415017072,0.0026406772721907588,0.002507486341499813,0.0023719063380408002,0.0022664874828426974,0.0022352995183267657,0.002346988493477734,0.0027415159659338333,0.0037873877973230922,0.006718746409377091,0.016765182625048926,0.05772232161702152,0.1175167030376937,0.11191635196689885,0.09306897615083201,0.07975265732357781,0.07056033399161463,0.06431913321003682,0.060501673024138905,0.05828524982194959,0.05683720912278692,0.05605474273193359
4192.6,1284.8974058314946,100.6,0.0027714081886329855,0.002740655281845637,0.0026751137693879824,0.0025768735870591274,0.002459640329312992,0.0023462076335824655,0.0022655297342169768,0.002262170011304738,0.0024059571623159717,0.002836013252929579,0.003917875861254675,0.006978435357707092,0.019862295187105784,0.07569177782381402,0.12222075627508364,0.11300235584026448,0.09627307264364403,0.08321488212245914,0.07362888822351175,0.06708569123092692,0.06306856625140028,0.06049119165327358,0.05885922388205478,0.05806702283600389
4192.7,1288.0889258455863,100.7,0.002749412989774267,0.0027205410859432533,0.002658925152791818,0.002566366459114431,0.0024560666248369316,0.0023499151679304553,0.0022759534520987988,0.002278541605194264,0.002427439203928387,0.0028613804555618016,0.003943685668781647,0.0069785615847211225,0.019480103561504564,0.07355785105717712,0.12143188890612783,0.11355825075920033,0.09726944255595701,0.0843430787892885,0.07468648746645648,0.06799107922923024,0.06384253790023871,0.06119106657907978,0.05949860443277919,0.05866462223929542
4192.8,1291.2716919380578,100.9,0.0026916587290204213,0.0026658771936666223,0.0026110577828085337,0.002529649996373728,0.002432018998185277,0.00233796228734308,0.002276719808443132,0.0022902123454680307,0.002446634846975177,0.0028838006118768245,0.003957499725084215,0.0069331615968682295,0.018946393407695845,0.0711460797645265,0.12055652528104367,0.11400219415079078,0.0980072937155384,0.08524960899827354,0.07564708077935249,0.06887974028115243,0.06452514375516832,0.06189440854428603,0.06015185202116617,0.05924420888522418
4192.9,1294.4643867246261,101.1,0.002637446455483157,0.0026148238832232992,0.002566735086655365,0.002495356151622422,0.002410015682160879,0.0023289707520607788,0.002279937989709354,0.002303719114373872,0.0024674624745865807,0.0029075888018228867,0.003972460421357285,0.006889068211054732,0.018426836515241726,0.06882259373145266,0.11957591165864996,0.11408576552837323,0.09834302226167564,0.08576482708355651,0.07622526513574078,0.06941863274546088,0.06499901776710935,0.06231275904166977,0.060532944038361076,0.059607037619402996
4193.0,1297.6570815111945,101.3,0.0025979604887246825,0.002577790350220848,0.002534959537573864,0.002471484460461436,0.0023959268686019994,0.002325361122874186,0.0022862927138219396,0.0023185311534678634,0.0024883793224718467,0.002930439185447706,0.003985847506477952,0.00683884500104986,0.017857853094829085,0.06630155563000883,0.11829647599581025,0.11354105522968318,0.09770426179808792,0.08518678351944488,0.075774239759919,0.06904874485961078,0.06466615698199374,0.061999345262716374,0.060241149722085,0.05932965309713259
4193.1,1300.8186317638247,101.5,0.002561613139556834,0.0025436396069078394,0.0025055328003031584,0.0024491966335013645,0.002382542918441407,0.0023215767918575627,0.0022916533762360383,0.00233153252433226,0.0025064577805900337,0.002948721129098857,0.003991061142996208,0.00677175827061817,0.01726726921160178,0.06386120221194182,0.11728812367199014,0.11320984727698558,0.09708838251011376,0.08448565131865284,0.07515055731371804,0.06851860078956631,0.06419891633078174,0.061569917173750335,0.05984441587488018,0.05895210464497738
4193.2,1303.9801820164182,101.7,0.0025372008551718776,0.0025208835638564396,0.0024863423521950833,0.002435414467020451,0.002375521014124898,0.002321854298190849,0.0022988426027471145,0.002344307850536406,0.0025226163847221774,0.0029634604071102823,0.00399118299738257,0.006699243204072166,0.016718926384859674,0.06163638048810019,0.11624212458957149,0.1127534371076392,0.0963719025882414,0.08373459830531987,0.0745371031453591,0.0680416676557642,0.06380040471598103,0.06120914075213586,0.05950847138028025,0.05863156890576098
4193.3,1307.1417322690484,101.9,0.0025220973259912015,0.0025072178404287747,0.00247576915059281,0.002429512155278899,0.0023754547717531314,0.0023279811653807102,0.002310669702999833,0.0023604830351547884,0.00254046271362297,0.0029776290808500895,0.003986257069252601,0.006600767844447683,0.01586580326897981,0.05730346387426594,0.11430019959107489,0.11220974299470005,0.09523398788973844,0.08238074102474792,0.07327445736634387,0.0669259910429401,0.06280281886383157,0.06029236547229463,0.05866320816125079,0.05782606683260919
4193.4,1310.3032825217579,102.1,0.0025156961644853698,0.0025020459207649604,0.002473224226443899,0.0024309232515476327,0.0023817591823772663,0.002339389336112626,0.0023266452634727514,0.002379654801203212,0.002560344897007192,0.002993144534852892,0.003983548422308496,0.006522202523287876,0.015333559272634205,0.05504955663360068,0.11357330858412211,0.11185763266727217,0.0940583663088767,0.08076409423685516,0.07159770634650783,0.06536270237581987,0.06138206164715011,0.05899553427478663,0.057472636276829844,0.056692641525292985
4193.5,1313.47479635587,102.3,0.0025135149182252932,0.002501134337098475,0.0024753754448523955,0.0024372930875608306,0.002393234256644878,0.002357186792732149,0.0023487361234381435,0.002404198608587042,0.0025851903622105786,0.0030116603223582093,0.003980402922458267,0.006438612373882609,0.014798180178830802,0.052780583021432105,0.11303185559014453,0.11178685033264602,0.0931188566323494,0.07931471953304899,0.06999239225495182,0.06378586529806231,0.05997112168152495,0.057697860383014124,0.05624957190287518,0.05550636805658834
4193.6,1316.6363466084636,102.5,0.0025135204290041378,0.002502562030384874,0.0024799102058205755,0.0024467167689110982,0.0024084702499606037,0.0023780972347770255,0.002374645298322726,0.002433128927731188,0.002613982269710879,0.0030344255873238093,0.003982629971457696,0.0063663853591653516,0.01432787144037899,0.05070515604856463,0.11261504700179162,0.11182366451817413,0.09233591133013523,0.07805405053984446,0.06857471977908167,0.062391790561798104,0.05865544163979948,0.056473503409960345,0.05513885131826099,0.05447038634801706
4193.7,1319.7978968610937,102.8,0.0024672250541785856,0.0024593794392478116,0.002443361978203787,0.002420521489672646,0.0023953938622662176,0.0023790007795504147,0.0023890182052007892,0.002457920016272788,0.002643215664388053,0.003058427731683682,0.003979672435940379,0.00626508555596626,0.01376248288640705,0.04823544086460616,0.11203707159185829,0.11195214402309184,0.09151330457040047,0.07668291070369605,0.06701081694880738,0.06084722865409275,0.057178395629469504,0.05509273930120355,0.05387957454703633,0.05329951806406809
4193.8,1322.9594471138032,103.0,0.002462844305280623,0.002457698527127097,0.0024470165433594323,0.0024319723855634524,0.002416606547886864,0.0024097485535750822,0.0024279616484242077,0.0025008779805588814,0.0026831974066592688,0.0030867023509454053,0.003978608434960836,0.006136683378154808,0.012402167108983144,0.03511696336302201,0.10333901988635907,0.11772868652764407,0.0920200951736079,0.07461121398362615,0.06437712438997927,0.05818221575581675,0.054609653222122995,0.0527440310976461,0.05171916366119716,0.05120710625537974
4193.9,1326.1209973664334,103.2,0.002451260790484418,0.0024481099182472573,0.0024417837889490783,0.0024335398210748745,0.0024270563053807467,0.0024302550565424006,0.002458274142350753,0.002538922540444585,0.0027246479412923854,0.0031236330907940583,0.003994168977356771,0.00608379448031136,0.012111996347694708,0.03397679040983329,0.1018848381323804,0.11804871245440228,0.09180493389772883,0.07404551237690178,0.06370740434586628,0.057515830356628925,0.053977701934668054,0.05215402769222001,0.05117197907909365,0.05068556815777662
4194.0,1329.2825476191429,103.4,0.002433169588657178,0.0024320865197457304,0.002430318057491888,0.0024292864421065876,0.002432401638356494,0.0024467387567624218,0.0024859748280202194,0.0025759167853617493,0.0027664676949984137,0.003161919929155189,0.004011549168223028,0.006033169730295235,0.011826374333664399,0.03283673681505816,0.10027915989860653,0.11861174425541712,0.09193124899943413,0.07383339303837555,0.06341596969063344,0.05724745866371375,0.053743706716783156,0.051943481169969136,0.05097772199642981,0.05049981471034302
4194.1,1332.3777858974813,103.6,0.0024287620193885035,0.002429336766738896,0.0024312279389861746,0.0024360067169861546,0.0024468869977226026,0.002470255814015919,0.002518535662917599,0.002615719722343361,0.002809311716868988,0.003199926509793166,0.004028520907523822,0.005985770430102789,0.011560345951167443,0.031749550003854154,0.09839242020082092,0.11911672369287268,0.09230583078870934,0.07403632501676972,0.06362261350889786,0.057493763369155106,0.05400371288241432,0.05219270554561692,0.05120843366315479,0.05071881703732998
4194.2,1335.463041154285,103.8,0.0024189402509883773,0.0024212714905241925,0.0024270468113562443,0.0024380240320133564,0.0024572504561625316,0.0024904092364648966,0.002548540320710096,0.002653561532201006,0.0028501633431690576,0.0032348216858025685,0.0040397130888930564,0.0059278195384217325,0.01127559634689722,0.030609623293402645,0.09618422655041016,0.12002218012491131,0.09309662854502054,0.07465060671665649,0.06423186463557508,0.05811534036292413,0.054606232999570355,0.05275577795772661,0.05172947540948013,0.0512151320768055
4194.3,1338.5582794327938,104.0,0.0024157985478535653,0.0024197124861773897,0.0024289723646913675,0.00244547937966644,0.0024720866647832125,0.0025137614625807647,0.0025801582388468103,0.0026910977395873284,0.002888474350563805,0.0032648150387390405,0.004044358779578796,0.0058656318650511016,0.011007041966461878,0.0295866166497779,0.09413443208154679,0.12082262878847876,0.09415749095225107,0.07570163908391092,0.06531373762980718,0.05918737883388632,0.05562312656826902,0.0536993985357564,0.05260186396297013,0.05204644569586722
4194.4,1341.6441342575617,104.2,0.0024168226560292035,0.002422183405868942,0.002434598538234591,0.0024560526191507743,0.002489144529163094,0.002538061124486482,0.0026109950415727796,0.002725587429190743,0.00292089644294667,0.0032856046133221,0.004036438541510488,0.005788862663876637,0.010729312086501245,0.0285923979312727,0.09210960554402194,0.12146655946732417,0.09485802895414124,0.07630827951055576,0.06594250168318186,0.0598326597029734,0.056246059389468056,0.05427890685514711,0.05313655814095521,0.052555351184885656
4194.5,1344.7393725359543,104.4,0.002421042310424538,0.0024276920330712315,0.002442895808341545,0.0024686758173020126,0.002507342913162457,0.0025622838934769047,0.002640226169690397,0.002756659721181682,0.002947921841039829,0.0032991552101760122,0.004020250824930149,0.005705327083593407,0.010454857901916246,0.027638290418792604,0.09007596381587352,0.12224892674649247,0.09584660319837139,0.07723609463967399,0.06686537440870773,0.060727551166379824,0.057083520282829446,0.05505101692301759,0.053849093816673584,0.05323438153389218
4194.6,1347.8246277928743,104.6,0.002420249052952438,0.0024281382598554603,0.0024460340766191612,0.0024760155554657878,0.0025201426000120535,0.0025810456410350303,0.0026640146489597992,0.0027823865265888476,0.002969783666303923,0.003307942126476032,0.00400039796228555,0.005621364607885999,0.010190410764186295,0.026725373008820903,0.08798471557912878,0.12287273043987616,0.09668758744175573,0.07800450903403229,0.06760102776353447,0.06141306890320907,0.0577068020496886,0.055618324127192954,0.05437161751704766,0.053732853266603264
4194.7,1350.9198660712127,104.7,0.002465687631382625,0.0024736920255089335,0.0024916836409537113,0.002521466123293777,0.0025646318654202406,0.002623128073654135,0.002701403536931884,0.0028119584751997904,0.0029877279917692704,0.003309560603041952,0.003977941319388254,0.005554728104460645,0.010007420311809281,0.02612224400406232,0.08652965706280848,0.12322069931074961,0.09714105318098838,0.07832392933426927,0.06785068105076242,0.06162454149171455,0.05789256145878467,0.05578621750723239,0.05452682083661849,0.05388132027679194
4194.8,1354.0051213280708,104.8,0.0025017309259156417,0.002509886590250937,0.0025281034312617553,0.0025580006952555436,0.0026008319633008792,0.0026580175264812296,0.0027333141793440562,0.0028384679353797905,0.003005692163257127,0.0033148377793638306,0.0039633920407354615,0.005501690706846786,0.00984871704808824,0.025571916037402928,0.08512337659626174,0.12336481541295588,0.09714246894680933,0.07802958283150817,0.06741771570970341,0.061157570676184894,0.057439758017503076,0.055364463683142164,0.05413848475076437,0.05351231565724889
4194.9,1357.1003596065254,104.9,0.0025258313972403262,0.002534257502654855,0.002553022501166801,0.002583678638419892,0.0026272852782199697,0.0026848786571008307,0.002759603238008078,0.0028623857782884912,0.0030244638709469355,0.003324317116040761,0.003956105219377896,0.005458308449516364,0.009699142321366408,0.025003106015056804,0.0834567654115503,0.1235420493999563,0.09728209419433734,0.07774554992001048,0.06687373549728651,0.06051681537940276,0.056799746516296865,0.05476552622500459,0.053588145193942366,0.052990163632654456
4195.0,1360.1862144312934,105.0,0.0025318390985638404,0.0025408789537500038,0.002561023223435138,0.002593924924379619,0.002640610480750408,0.00270181827900226,0.0027799820595763316,0.0028848213677263737,0.003045926160654138,0.0033396400806085065,0.003956149501393899,0.005421223372922343,0.009548724880302697,0.0244002643883362,0.08162893062537398,0.12379185171295873,0.09748686465399727,0.07747364622360431,0.06631775728217779,0.05985454095655447,0.05613506495674274,0.05414191683349384,0.053014602356649454,0.052446013473617215
4195.1,1363.1999496552585,105.2,0.002521919268113437,0.002531916316859146,0.0025542546400467306,0.0025908342745494944,0.002642774748409785,0.0027105766505370744,0.0027958369987060457,0.0029066922759219795,0.0030705028003592994,0.0033609830521973893,0.003964410278198128,0.005395201694430881,0.00941833540768706,0.023856946323565505,0.07994278666347195,0.1241704524839876,0.09786900542428009,0.07735411732690327,0.06586033024265335,0.05924482006648184,0.05549892337975082,0.05353910430354202,0.05246044154246153,0.05192115105189427
4195.2,1366.2036973144523,105.4,0.0024992694922054636,0.0025105099979388745,0.002535708432217457,0.0025771139901142517,0.002636032564188072,0.0027127375110445897,0.0028078419218032836,0.0029274904991960188,0.0030961930968879023,0.003384445006557559,0.00397432045990719,0.005368607734162808,0.009280857415614902,0.023269525334370343,0.07790124785642473,0.12421628554266693,0.09808813240853063,0.07706491118604293,0.06521614947054766,0.05844596383666205,0.05467991812828703,0.05276321116309682,0.0517446711114792,0.05124220676986941
4195.3,1369.2169513694503,105.5,0.002521603198317794,0.0025332618332902057,0.002559343866001215,0.0026020710957242506,0.0026625777944883897,0.002740735457774027,0.002836466666503638,0.002954999710409505,0.003119938940348333,0.0034010489276319507,0.003979085321570603,0.005350938824704917,0.00920090711126193,0.022922957286305598,0.0765095627741516,0.12410413315910387,0.09824195732600084,0.07684791821380356,0.06471364701899826,0.057815944354890424,0.05403189090107872,0.052148458033991284,0.051177115920886064,0.050703830307861845
4195.4,1372.220699028644,105.6,0.002547101686516202,0.0025591288088800475,0.002585956319581076,0.00262972226373225,0.0026913168429932945,0.0027701361783276017,0.0028653793966549996,0.0029814360178305865,0.0031412569084992453,0.0034142974864371325,0.003980561578845576,0.005332155893006906,0.009128323473233661,0.02261728421224884,0.07522985843759636,0.12406384279099252,0.09866901616174577,0.07701281392988468,0.06461966533639164,0.05757763655840637,0.05374599637633728,0.05186733986826455,0.05091825419679491,0.05045993445896511
4195.5,1375.2244466877912,105.8,0.0025147130161851878,0.002528140337791336,0.0025581759785102583,0.00260734112302104,0.0026767250881633304,0.002765436472127668,0.0028714798268946345,0.002996851951938778,0.003161193343745831,0.0034305427599370074,0.003980973444013427,0.005293529393828787,0.008976709930323646,0.02200930482388027,0.07297016987494875,0.12384106804443025,0.09911338049485206,0.07715396545458886,0.06449577435819256,0.05731682876157919,0.05344125257049577,0.051567214118245115,0.050640406327133514,0.05019764748359704
4195.6,1378.2381819117563,105.9,0.0025359870012540415,0.002549713085372672,0.002580343819644594,0.0026303140375049474,0.002700480263435652,0.002789504716345531,0.002894716251813394,0.003017335962201301,0.0031764173920291105,0.0034377180030163265,0.003976446873520753,0.005268415833226983,0.008895642411594277,0.021684793114415592,0.0715830997100161,0.12349796862564065,0.09942830553135126,0.07731000256220606,0.06447235183799335,0.05720104073643631,0.05329675784106206,0.051424263230015234,0.05050884503959771,0.05007394068045817
4195.7,1381.2419295709035,106.0,0.002549143314390947,0.002563226023041627,0.002594623168047134,0.0026457694287526463,0.0027174067184473883,0.0028078808411570602,0.0029139253996051627,0.003035911602303332,0.003191986089724931,0.003447080306735031,0.003974846066833036,0.005244596294406416,0.008807009446047105,0.021313308353810605,0.07003024886575084,0.1231018616499589,0.09979529511708357,0.07757345082838144,0.06458932590546815,0.05723431025017452,0.053295454666393766,0.05141397860177223,0.050499641635315486,0.05006669732970752
4195.8,1384.2556647948686,106.1,0.0025579736059289193,0.0025724551340444496,0.00260475897941176,0.0026574100779204984,0.0027311652292520217,0.0028242063307244783,0.0029327881058864446,0.003056406652921879,0.0032120521947631452,0.0034634382815602652,0.003982413710572061,0.0052320057962777855,0.008732654189489314,0.02096663746071947,0.06856635455420317,0.12280951475006606,0.10037946113922523,0.07815865338322714,0.06507233822157557,0.057630613101141585,0.05363519050532836,0.051719923371833704,0.05078354629875075,0.050338931683122215
4195.9,1387.2594124540624,106.2,0.0025662698341206895,0.002581187162087256,0.0026144990482880512,0.002668860897100955,0.002745096504019026,0.0028412751503134313,0.0029531892191723237,0.0030793893614741216,0.0032355211579148217,0.0034838220680432296,0.003994092664519464,0.005222693106208727,0.008658241892109238,0.02060725031744733,0.06705230555330931,0.12244479160231689,0.10110131851528346,0.07901397640184418,0.06589180479521659,0.05838504458535182,0.05432681281796699,0.05235767994099569,0.05137520918997396,0.05090392357575304
4196.0,1390.273147677865,106.3,0.00256553255241846,0.0025810978827085973,0.0026159434175522817,0.002672988107985067,0.002753274294810514,0.002854874758964488,0.00297308322149614,0.003105164752147472,0.0032647352293945736,0.0035117673212214416,0.004013487440901499,0.005219192941077485,0.008584102716238617,0.02023578285618516,0.06558013478500857,0.12249058598520494,0.10240769161300897,0.08060017683257709,0.06750831568147726,0.059922802766178694,0.05575347369100178,0.05367652709221392,0.05259716783606278,0.05206935913859905
4196.1,1393.1986903626455,106.4,0.0025573733003301092,0.0025737242220040947,0.0026104416333998363,0.0026707938865310576,0.002756145305823371,0.0028646607381998257,0.002991129723754395,0.0031313187515065667,0.003296351683685144,0.003543401777277898,0.004036817028573276,0.005218722169157674,0.008509933596950209,0.019850291366868524,0.06398690764989994,0.12227380078509574,0.10377419432998701,0.08242106815922115,0.06941404349914543,0.06174605644878499,0.05744282914368358,0.055233508585451535,0.054036203481802374,0.05344074719024453
4196.2,1396.1348443095806,106.6,0.0024932437317245113,0.0025112064908941177,0.002551835949279021,0.002619280519651013,0.002715865508701904,0.002840390045010252,0.0029870776820347207,0.003148780579100131,0.003330994720422736,0.003584152403713188,0.004066481758135743,0.005208863876586865,0.008381074330729307,0.019256695467129752,0.061764134843279986,0.12240223580999342,0.10593505583529465,0.08502416366209048,0.07200942593276632,0.06415157954764361,0.059633650463118304,0.05724009724798419,0.055888472267658404,0.05520613427746292
4196.3,1399.0603869941876,106.7,0.0024873743603897147,0.0025059366030926854,0.002548009690589283,0.002618045918268326,0.0027186867983086806,0.002848900322054878,0.003002593911538137,0.0031713695515455643,0.0033583818780539864,0.003611197753319722,0.004084994675556558,0.0052034562777439905,0.008302771116089683,0.018876324654086014,0.06022793226331483,0.12239218862123012,0.10761201533628517,0.08714300958383782,0.0741565619436255,0.06614584349646163,0.06144534239515418,0.05889438652833347,0.05741211983035616,0.0566572390852368
4196.4,1401.996540941183,106.8,0.0024829234349689013,0.0025019796055730063,0.002545249965844477,0.0026174405027539873,0.0027214713457191612,0.0028564700663110676,0.003016107218455963,0.0031909377093782523,0.003382086295549919,0.0036345692254711437,0.004100762370477188,0.005197717542778493,0.008230951588936863,0.018529480885595598,0.05882168046816055,0.12254265297799291,0.10968425199527625,0.08972527739059279,0.0767299786969729,0.06850824602981984,0.06358199496173716,0.06084321816610029,0.0592055830401065,0.058364568083506534
4196.5,1404.9320647444438,106.9,0.002479010213640192,0.0024985244428958903,0.0025429028014048653,0.002617095751543513,0.0027242884158179253,0.0028637717833390006,0.003028998717740527,0.0032095233175195915,0.0034044865169122022,0.003656351644590126,0.004114624676947856,0.005189579439940345,0.008155805900740866,0.018177711206318784,0.05738446452075457,0.12239080047925938,0.11136167424059915,0.09197305583457659,0.07904613098715456,0.070654990365616,0.06551988016738715,0.0626027341456347,0.060819865458410595,0.05989998598546766
4196.6,1407.8582397221921,107.0,0.002467289806767075,0.0024873691231158393,0.0025331241285307397,0.002609830169689118,0.002721043588995344,0.002866324714633836,0.0030389316077885126,0.003227211222473169,0.003427785958579619,0.0036798791309092076,0.004129711525872339,0.005180795698406533,0.008077296687965283,0.01782614936700887,0.05602620420082461,0.12244454942502687,0.113096080316596,0.09413290227295096,0.08120909038602571,0.07263763302951941,0.0673046499522212,0.0642225577335551,0.0623051843999128,0.061312112567037676
4196.7,1410.7937635255691,107.1,0.0024570033991652518,0.0024776174956145747,0.0025246935131393797,0.002603850740734569,0.00271906191253573,0.0028702416634252595,0.0030505773665138137,0.003247325319549814,0.003454607331427972,0.00370832508031557,0.004151528357270585,0.005181976175680731,0.008017315815188563,0.017521524103151966,0.054741683236793015,0.1219401412490719,0.1140904439369805,0.09569728505118755,0.08299055144445955,0.07438129353467761,0.06890696910191974,0.06567506377844591,0.06363051891047204,0.0625699056131325
4196.8,1413.7193062102335,107.2,0.0024424711922138805,0.0024636431453921174,0.00251211506543419,0.0025939028784929576,0.002713482636725144,0.0028712426892773123,0.003060406627611408,0.0032671088185573685,0.003482643038882749,0.003739007427399906,0.004175623860233324,0.005184463570422637,0.00795704549523091,0.017217623864836742,0.0534679445564912,0.12107733284094778,0.11426823455935432,0.09639406890616127,0.0840499973690815,0.07554425365571885,0.07000733225091382,0.06666910327108377,0.06453122461221755,0.06342299436912315
4196.9,1416.6554601571686,107.3,0.0024210361351031133,0.0024427501090217877,0.0024926052046116134,0.0025770604708970192,0.0027011873895408304,0.002865998319869134,0.003064932631911658,0.0032830808613399927,0.003508666987035607,0.0037691792581787493,0.004199845519574681,0.0051868209899687675,0.007896387165994804,0.016918420243843213,0.05221960461999343,0.11992130596514838,0.1136281647425512,0.09595879861349933,0.08391773065912406,0.07560214291387027,0.07011151547053884,0.06676009415528214,0.06460580622641741,0.06349159528797309
4197.0,1419.5909839604294,107.3,0.0024541251503337395,0.0024756500624041624,0.00252505450079604,0.002608684475872236,0.0027314524188468362,0.0028941958733111556,0.0030902721853246534,0.00330496799363842,0.003527063822710117,0.003784593327741927,0.004212419097674878,0.005193873733195348,0.00788299797343637,0.016801072002451872,0.0515377262283807,0.11839918430482999,0.11179364769789138,0.09411469970994393,0.08242191631395528,0.07445992846259612,0.06916361405603642,0.0659039914039568,0.06381236357302185,0.06273462071763668
4197.1,1422.4727368992396,107.4,0.0024288445824801495,0.002450757599820075,0.002501188369402266,0.0025868751939144333,0.0027132931978001884,0.002881937180561291,0.003086559456284247,0.0033117881067219017,0.0035438241074961093,0.003806465299166898,0.004230261308720249,0.005192715584394133,0.007824212512572674,0.01651772555409192,0.050272040108001334,0.11635644160295022,0.1094324841151765,0.09140923980155623,0.07988663225960942,0.07229281315296017,0.06728075848218536,0.06420173909753542,0.06224528093405451,0.061242400237070505
4197.2,1425.3544898379657,107.5,0.002406962506710706,0.0024291171858178097,0.002480216496534294,0.002567304903273959,0.0026963218556901197,0.0028693509200421095,0.003080601908739837,0.0033143794777370215,0.0035549405968829224,0.0038224895835906624,0.004243504293713291,0.005189686464678606,0.007768859567014647,0.016251190536155112,0.04904701065502374,0.11427644916349616,0.1070798358333064,0.08865204379950987,0.07718869198681924,0.06989734003385202,0.06516410990250285,0.06228276422375057,0.060479311925693814,0.05956084353155242
4197.3,1428.2362427768078,107.5,0.0024317927313415822,0.0024536041892298244,0.002503879599284886,0.002589468491445824,0.002716061028302898,0.002885505351637638,0.0030919955672268347,0.0033203843686511613,0.0035562005030499275,0.003820964318896437,0.0042409875739958915,0.005184748085173882,0.007748201209704905,0.016137532871215114,0.04837690935864631,0.11242552484621143,0.10438569013350611,0.0853299175547034,0.0737913778588867,0.06677709537512001,0.0623714382596551,0.059748893565375646,0.058148611218273416,0.057341029042779705
4197.4,1431.1179957155339,107.6,0.0024130511923347556,0.0024349080055026742,0.0024853692177300916,0.0025714653540641983,0.002699195020197445,0.0028708551072514727,0.0030811106758469866,0.0033148970321949557,0.0035567460704840907,0.0038257230418029726,0.0042446594899143795,0.005176448681463197,0.007697300343546299,0.015910543141917206,0.047365915883183604,0.11089049169916623,0.10277104712962656,0.08331286952819715,0.07168211945625763,0.06480524765732967,0.060588033247760166,0.05812274432695137,0.056649794596699374,0.055912876965002356
4197.5,1433.999748654344,107.7,0.0023933519335670463,0.002415157851472118,0.0024655913354980907,0.0025518481691040947,0.002680239410042485,0.002853565413920347,0.003067114708429845,0.0033061812279293655,0.0035546079405861003,0.0038291080539363032,0.0042488564101641505,0.005171257914037349,0.0076549419673099086,0.0157143124612335,0.04651852678381717,0.10993625697791921,0.10183893005376293,0.08189424514334805,0.07004898984104505,0.0632004545599473,0.05910683588726815,0.05676720261721963,0.055401580826513634,0.05472425767962975
4197.6,1436.891460949838,107.7,0.0024205546036903513,0.0024416404802221014,0.0024904028138562503,0.002573754378566738,0.0026977162326188983,0.002864960026926046,0.003071189451181479,0.0033031756113242826,0.003547341337349805,0.0038227308057329212,0.004248544320556823,0.005179804552740664,0.0076712244076966975,0.01571981799946034,0.04637343682025482,0.10952372497657832,0.10120684338464743,0.08094266689486375,0.06894332505760577,0.062090671159869645,0.058066614764659345,0.05580985557291823,0.05451930563407348,0.053884350115423835
4197.7,1439.7723288746088,107.8,0.002391163179778337,0.002412019124320483,0.002460403224024637,0.0025434566491361163,0.002667682349668868,0.002836604512976752,0.0030471344220874097,0.0032871217515121104,0.0035427098289215623,0.0038300599006549567,0.004263383311603945,0.005191662317713714,0.007654878312567212,0.015576485876411573,0.04569705444265578,0.10894226636636498,0.10101473965600517,0.08052050661186978,0.06837535899281992,0.061486239789869584,0.057483865974001125,0.05526709429171742,0.05401804652548908,0.05340761028372953
4197.8,1442.6540818133349,107.8,0.002413786273574561,0.002433701963661426,0.0024799591251675698,0.0025594438368679866,0.002678480951306276,0.002840719657727847,0.003043927122270189,0.0032779986934851238,0.0035320681481106173,0.0038244414574124066,0.0042684803415417565,0.0052099103304472805,0.007684969408399429,0.015603012762767269,0.04560712328727639,0.10875631645773952,0.10095378020830857,0.08037355467617903,0.06817785676600042,0.06127602813210548,0.05727959511488762,0.0550756657376049,0.053840950846630674,0.053239229820211995
4197.9,1445.535834752061,107.9,0.002387415982455778,0.002406894139679776,0.0024522844119669366,0.0025306186695672295,0.0026486133130340433,0.002810727885719283,0.0030160620109553576,0.003256096874546897,0.0035206882989811126,0.0038263432020526488,0.004281799091116465,0.005226639916639525,0.007684643138290153,0.015504729271082188,0.04504839093919928,0.10811451594737044,0.10097931519488755,0.08044797228148115,0.06823486702854199,0.061316718962722526,0.0573070333056938,0.05509467763596683,0.053856790939439785,0.053254471571922465
4198.0,1448.4175876908712,108.0,0.0023634921127073483,0.0023824920136155765,0.0024269004828920302,0.002503830912736402,0.002620298359245264,0.002781446450714419,0.0029876025135632334,0.003231882123666165,0.0035052594546844474,0.0038231856383942665,0.00429041296322488,0.005240637881958954,0.007686119198137205,0.01542139301665551,0.04455168256649873,0.1076221598883168,0.10127366635588418,0.08083106851712422,0.0685854759194273,0.0616155104433927,0.05756042139056995,0.05531814663687927,0.05406197712919227,0.053450889008144147
4198.1,1451.3076568941726,108.1,0.002332236871718967,0.0023508706889763848,0.0023945407996488126,0.002470456279400165,0.002585929992519378,0.0027467521058847084,0.002954372068398319,0.0032033493235051206,0.0034855449382313096,0.003815158248610433,0.004292665760493143,0.005244738052315198,0.007667161153637928,0.01527422647282288,0.04377137442729862,0.10652336014363326,0.10142072659677068,0.08128089332284993,0.06909541201479921,0.0621136508780579,0.05801750914138397,0.05573168797909317,0.05444077214286011,0.053811706647522946
4198.2,1454.197726097474,108.1,0.0023543662022784467,0.0023720557755149882,0.002413540520080733,0.0024856844556789184,0.0025954628315898363,0.0027485215059465363,0.0029467841014887784,0.0031865459905784394,0.0034629683981528396,0.0037938781878945668,0.004280879208171474,0.005247853692773774,0.00768405993504596,0.015272291877953321,0.04346497659652429,0.1054956070351269,0.10113618358921833,0.08131871843630685,0.06925429014382341,0.06231798283719081,0.058222998019264054,0.0559196471419182,0.05461084610420143,0.05397269574795646
4198.3,1457.0889887973533,108.2,0.002330337126877606,0.0023476430209130833,0.0023883098474657243,0.0024591995213134464,0.0025674201611751587,0.0027190020242948794,0.0029166724193749162,0.00315798139496161,0.0034393339250523044,0.0037785872238911685,0.004274890992788006,0.00524681036703307,0.007671070175910902,0.015171264055466318,0.042887281522681876,0.10420393398399216,0.10113080562715593,0.08177540885271524,0.06980804761691115,0.06285755185217437,0.058714104843605106,0.05636245350428428,0.05501595271240669,0.05435873418509181
4198.4,1459.9790580006547,108.3,0.0023068910241389445,0.0023237827479980822,0.0023635568596020776,0.002433085600754867,0.0025396190461018076,0.0026896163014949923,0.0028866645622476384,0.003129664632122389,0.0034163884530581954,0.003764745580177815,0.004271270667737835,0.00524877673762524,0.0076603422210483555,0.01506596740719944,0.04227811573764903,0.10319139357519307,0.10102826389805118,0.08182078337244283,0.06986469325699625,0.06292875759549325,0.05879364407944247,0.05643825743139515,0.05508488644289244,0.05442329771359887
4198.5,1462.8691272040658,108.4,0.0022830426439307576,0.002299473088839331,0.0023382660050635176,0.0024063058391766427,0.0025110137361681064,0.0026593216940622192,0.0028557729204098463,0.0031007517790869223,0.0033935282460801726,0.0037521298238298484,0.004270359983585225,0.005255222977069581,0.007657472108246738,0.014983075617526933,0.04176920316500353,0.10227344282493846,0.10096254265528504,0.08202417381157177,0.07013800147769383,0.06320596682755354,0.05904733014992785,0.05666470199176761,0.055290625719590134,0.054619054357558074
4198.6,1465.7591964073672,108.4,0.0023041044412906064,0.0023194169328651813,0.0023556692947057554,0.0024194325604362673,0.0025178839431319686,0.0026579856602424222,0.0028450001208488777,0.003081303922322773,0.00336967104089806,0.003731958220871863,0.004263407374784093,0.005268897830236316,0.007696345551350196,0.015046026817204173,0.04176521380945244,0.10181049063113264,0.10088694968876935,0.08225002897308079,0.07052772393150025,0.06367224849861915,0.05951956652972357,0.05710682377617577,0.05569616593745376,0.05500353881769085
4198.7,1468.6492656106686,108.5,0.002280630802162396,0.002295363085110001,0.002330384856884503,0.002392285164345968,0.0024884480335665878,0.002626392324341478,0.0028124924013757974,0.003050861841809997,0.0033461188260636644,0.00372054312387024,0.00426656743083766,0.005282624247348196,0.007703936048213629,0.014980410929911899,0.04130898383985567,0.10090538337351808,0.10081939608491142,0.08254230779341644,0.07097675110617778,0.06417551910048973,0.0600085704441758,0.057555220469449664,0.056105422361881985,0.05539198462528446
4198.8,1471.53933481397,108.6,0.0022599930805209255,0.0022741225194377063,0.0023078544942543864,0.0023677732694181858,0.002461431771101972,0.0025968461250701442,0.0027814261288234055,0.0030209701839378007,0.0033220143034635493,0.0037075478711597874,0.0042675443279312055,0.005294044322876246,0.007709578100290884,0.014917374478820277,0.04090550728100646,0.1002650878566714,0.10097985178743633,0.08306342280843661,0.07167298736152068,0.0649154880178471,0.0607086206050163,0.05819264640257184,0.05668800904850074,0.0559457260966143
4198.9,1474.4294040172715,108.7,0.002236218758767127,0.0022498986155265292,0.0022826714977257074,0.002341126933195676,0.002432965217649632,0.0025666147717751785,0.002750329189293513,0.0029912704663343907,0.003297522968393053,0.003692611684287639,0.004264261297740488,0.005298372020461262,0.007703970705388107,0.014831979689910861,0.040426781949976634,0.09943525649851619,0.10122765812600812,0.08383380102072477,0.07267059744101279,0.06596407518288067,0.06170167878730199,0.059099756964581134,0.05751802261830877,0.05673457447376442
4199.0,1477.3206667172633,108.8,0.0022199710923706075,0.0022331988039696548,0.0022649790153274904,0.002321851051511757,0.002411561873752716,0.0025427863981256145,0.0027243874124998724,0.0029646510070034837,0.003273177358447919,0.003674535977355173,0.004255365197858461,0.005296825731633177,0.007696179727709576,0.014757840324896533,0.040002300896477355,0.09873479546030005,0.10174496867698055,0.08488290587682987,0.07386576937813126,0.06712265434581509,0.0627549582393788,0.060051262657079066,0.05838969304388544,0.05756458087618998
4199.1,1480.255372835447,108.9,0.002183950325242107,0.002197096857789916,0.0022287298419995704,0.0022854533680246075,0.0023751743373151496,0.0025068875218379615,0.002690002777700879,0.002933556928111807,0.003247785388126181,0.0036569395158974212,0.004245228175529507,0.005288183697769879,0.007669372850156546,0.014636655516477911,0.03945132773613041,0.09781909558808033,0.10187750308821086,0.08542902824963708,0.07452493263978271,0.06776348163066775,0.0633298543050067,0.06056405809094349,0.05885706111223652,0.058009611714473705
4199.2,1483.2013022302735,109.0,0.0021503026733543304,0.002163339523532939,0.0021947476594816064,0.002251165434785507,0.0023406118900597714,0.0024723352259273484,0.0026562169169507903,0.0029019998330737256,0.0032206341327627045,0.00363636011735948,0.00423145506105641,0.005276235689985802,0.007640644977669124,0.014514420203499355,0.038872404365608716,0.09666953140920981,0.10168278552021985,0.08554707955695669,0.07468319615160642,0.06789247144969061,0.06342343548366065,0.06063576885695676,0.05891962746763523,0.05806981539420796
4199.3,1486.1373199413795,109.0,0.0021583824445985033,0.0021707125999013157,0.002200501390852047,0.0022541629347159345,0.002339515192627666,0.0024657199693750905,0.0026428996489590356,0.0028817375589705466,0.003195206094648904,0.0036105082935656238,0.004212274896361409,0.005270299320722399,0.007649900569473276,0.014521226972535578,0.03870429547544748,0.09581782217346473,0.10107214238270071,0.08498659118147413,0.07404507585423395,0.06721599452510567,0.06276768810613712,0.06002607640148597,0.05835886140378293,0.057537547209271546
4199.4,1489.0832493364449,109.0,0.0021670183545533478,0.00217849080552329,0.002206334428071486,0.002256738330826257,0.0023373508920314597,0.0024573394212235263,0.0026272482615624913,0.0028589936938467763,0.0031679514371775216,0.003584574577182908,0.004195781566981483,0.0052701336571311114,0.007666399226487272,0.014527822402179619,0.03848212938730018,0.09481976022245447,0.1004794861618936,0.08456289463160081,0.07361807818767603,0.06677845530483476,0.062343093876586785,0.05962742097367171,0.057989727507861195,0.05718669498893841
4199.5,1492.0192670475508,109.1,0.002135034259696689,0.0021460871840120565,0.002173028367757503,0.002222046602059603,0.002300914281631221,0.002419158424628092,0.0025880817889987018,0.002820897682629819,0.0031346902623579326,0.00356112949680171,0.004185999496595485,0.005272458831465243,0.007666535089419471,0.014466532877620916,0.03808504183167729,0.09388451287119683,0.09997024912183576,0.08402923303057432,0.0729967958274747,0.06614034809683284,0.06173796784115484,0.05906760049857203,0.05747333440752491,0.05669547066839512
4199.6,1494.9552847586651,109.1,0.002149085613583738,0.002158948657463497,0.002183218643402422,0.002227825898376904,0.0023003891029809618,0.0024105359544795333,0.0025702116908615964,0.0027942655349074393,0.0031028413945233036,0.0035317709551037774,0.004170041007955865,0.005280005664225541,0.007702044048509226,0.014518192349346384,0.03801722844118891,0.09321687745309616,0.09939699371271156,0.0834127174459757,0.07230854548022553,0.06544342781838954,0.06107817454593213,0.058457202836990775,0.056910118599709174,0.056159586235342944
4199.7,1497.901214153607,109.2,0.002119735599067858,0.0021290269403250986,0.00215205780047803,0.002194730060434165,0.002264768615597023,0.0023721585121174085,0.0025296303787438693,0.002753437684894873,0.003065727122320346,0.0035041428863057536,0.004157214364672558,0.005281789438601522,0.007704012440274312,0.014460192908913327,0.03764143794682474,0.09241023021213221,0.09903771178383008,0.08294789594781564,0.07171732910411,0.0648335647311714,0.06050735947575458,0.05793347899756394,0.05642770009798863,0.05570034054652028
4199.8,1500.8359202717907,109.2,0.0021318912548510395,0.002140035171175283,0.0021605031132652377,0.002198974377421781,0.0022630632120197287,0.002362878541651468,0.002511732959841966,0.0027272804124342377,0.0030342737697966926,0.0034740430488241093,0.004138254417164705,0.005283221793372168,0.007728808191395319,0.01449385417844126,0.037573615848624176,0.09202478341450282,0.09892756249686645,0.08275563876474445,0.07140040988664809,0.06446680367392198,0.06014655214178639,0.05759846444976709,0.05611982462975204,0.05540799741575918
4199.9,1503.7818496666173,109.3,0.0021058344322904404,0.0021135275059624963,0.0021330197989895363,0.0021699705781055663,0.0022320789093240563,0.0023297280449308937,0.0024768229229947146,0.0026920844941302606,0.0030018481924450665,0.003449056520223937,0.004125411254139197,0.0052829957464527915,0.0077292854328732535,0.014442974132902265,0.037244927441039195,0.09129991012275374,0.09868327659773186,0.08251673651877622,0.07108777285223737,0.06411893208795377,0.059799501240776654,0.057269893325849204,0.055815195177333965,0.05511853712634667
4200.0,1506.717867377847,109.3,0.0021201163498572027,0.0021268540921121483,0.0021442105694796745,0.0021776573067732565,0.002234791271374902,0.0023260628797007773,0.0024657594993718053,0.0026735667313982614,0.0029777239441081513,0.0034241847920238053,0.004107955084665972,0.0052824555300658846,0.0077528337068878735,0.014491311660148366,0.03727130983231433,0.09115185077108837,0.09877642100900469,0.0825257634922423,0.070929154324506,0.06385628843676779,0.05950932942406062,0.056993617366665576,0.0555627424342456,0.05488025977368824
4200.1,1509.7505229798135,109.4,0.0020777745787583022,0.0020845842431295595,0.00210212883972901,0.002135956031591066,0.002193795629519479,0.002286327869568597,0.002428226094097167,0.0026397538081860644,0.00294982328726334,0.0034046209840644156,0.004097588930443644,0.005276427153735891,0.007731341164378679,0.014384800897997945,0.03682880928197959,0.09053743331507069,0.09881503807740137,0.08253436326822738,0.0707932970504087,0.06361866347818981,0.05923315888285095,0.05672114274812384,0.05531004973914641,0.05464138998181987
4200.2,1512.7931041209165,109.4,0.0020803429456636214,0.0020865387151431055,0.0021027153236034164,0.0021343107314227877,0.0021890100145794287,0.002277573122827759,0.0024149756484194112,0.0026221890529275547,0.0029294832046800317,0.0033851631733138863,0.0040848956360686195,0.0052766596172273425,0.007746151727532063,0.014399131672802655,0.03674293331877602,0.09024565954809285,0.09889078917157328,0.08257848624348721,0.07068990811324055,0.0634165558308739,0.059000123366721675,0.056495668626971626,0.05510299299318938,0.05444598162934557
4200.3,1515.8245559182617,109.4,0.002085930060839647,0.00209144303319269,0.002106097040326081,0.0021352037386441224,0.002186403610949643,0.002270523606946125,0.0024028438325739737,0.0026050301590550087,0.002908727378695481,0.003364455952863369,0.004070406617782924,0.00527537640660059,0.007761217468016443,0.014419083747558575,0.03668239545651843,0.0899568220245667,0.09886046928476551,0.08254641032305556,0.0705502916355499,0.06319490962630205,0.05875015501941202,0.05625262777123312,0.054878572773007166,0.05423360856939645
4200.4,1518.8572115202282,109.4,0.0020908441630984524,0.0020956411862444848,0.002108701658783794,0.002135224744768958,0.0021828032462607905,0.002262363379000104,0.0023894995286738068,0.0025865925916326448,0.0028866525614683718,0.0033423852654981124,0.004054454261130109,0.005272222368688567,0.007772378401017467,0.014426281708832188,0.03657811752555511,0.08962646275333341,0.09886335290114107,0.08254700836798079,0.070434523242915,0.06299327421634532,0.05851824366486789,0.05602627517557151,0.054669650170733046,0.05403639149057939
4200.5,1521.8997926612155,109.5,0.002065356576875674,0.002069934679371467,0.0020825249553782592,0.0021083164818390832,0.002154963581170155,0.0022335421122920565,0.002359979619907747,0.0025572616720898928,0.002859368050019093,0.003320170792568396,0.0040405820310174525,0.005266256808068804,0.007759477480125081,0.014339820800070647,0.03614312057804148,0.08880486115824388,0.09895843672886488,0.08288717240525816,0.07076749386371371,0.06327930706038976,0.05876161795571619,0.0562404482421646,0.05486567415445057,0.05422369286020446
4200.6,1524.932448263182,109.5,0.002077175957420437,0.0020808678386788145,0.002091489105872966,0.002114094735965487,0.0021562874097973525,0.0022292533929165743,0.002349256567164472,0.002540032762652621,0.0028370224706158968,0.003296590898336227,0.004022880466736471,0.005263297674295584,0.007775994708918783,0.014362277290049096,0.03606749370333746,0.08839661383839831,0.09889649295097429,0.0830319691996734,0.07097675669397525,0.06349334247350985,0.05895653876973498,0.05641463669014694,0.055024458891984776,0.05437501335773468
4200.7,1527.9639000605273,109.5,0.0020965996191160707,0.0020992739266890064,0.0021076429803490414,0.002126613305914922,0.0021637524718722727,0.0022303728023342433,0.0023430966800673907,0.0025263967940369653,0.002817115688309196,0.0032740506882211126,0.004004632544470735,0.005258207441407159,0.007788243320880323,0.014373379008019778,0.03595754324412922,0.08806225042029496,0.09928193834160774,0.08374665682394332,0.07176231932070117,0.06425247306518397,0.05965496011564793,0.05705327113932525,0.05561338484286195,0.05493630657623715
4200.8,1530.9965556624938,109.6,0.002083411695035891,0.0020857204563628842,0.0020932881132258918,0.002110984952094821,0.0021464002192053593,0.0022109549960091786,0.002321515265538388,0.0025030161370031964,0.0027930985518200067,0.0032517033793832183,0.003987057933492115,0.00524624628146936,0.007770524082592626,0.014294118825258884,0.03560191212272294,0.08748547634056769,0.09968011859035927,0.08458961049202773,0.07277005566958938,0.06528336660364605,0.06062794621676642,0.05794696415499285,0.0564352939806896,0.055718243865466914
4200.9,1534.0391368035969,109.6,0.002109708121393125,0.0021109388880879727,0.002116122716738513,0.0021299787378875608,0.002160062351167714,0.00221790852492196,0.002320679158692134,0.0024938769200926955,0.00277621824902292,0.003229642086114504,0.003965476709446968,0.005233479351731835,0.007772054309439704,0.014295537029389006,0.03549206188033446,0.0870533909001094,0.09990415363422668,0.08534680761694675,0.07375928752022476,0.06630823272494495,0.061589119579571625,0.05882448228581128,0.05724024161792055,0.05648381136313489
4201.0,1537.0705886010526,109.7,0.0021069224692426354,0.002107783818692422,0.00211215246113556,0.002124699430988486,0.002152975956374157,0.0022085670884606358,0.0023087523627975757,0.0024792478999134094,0.0027591315119474763,0.0032108565847416243,0.003945964118143364,0.005211947410340886,0.0077354690182399365,0.01418488115475133,0.03508838396535753,0.08649807964929558,0.10057023577732922,0.08662065575080205,0.07522126425322694,0.06774249350843196,0.06290633481390505,0.06002194999243495,0.05833991145666442,0.05753061143932888
4201.1,1540.2031275074537,109.7,0.0021232856150293117,0.0021235075293654813,0.0021264704159347863,0.0021367699294786665,0.0021619559398561115,0.0022136930217195668,0.002309419663835846,0.002475099315759927,0.0027502028868557596,0.0031978231299510025,0.003930252916181121,0.005194404341970823,0.007709661267606072,0.01411229980818897,0.03481412690197598,0.08610919233937075,0.10130981057590463,0.08804417251799877,0.07682701274432331,0.06925182232834463,0.06424599924361836,0.06122363058991515,0.059442043733418,0.05858090619640935
4201.2,1543.3456265129673,109.7,0.0021405287683376557,0.002140243248922644,0.0021420995797920435,0.0021506484878731614,0.002173459180584279,0.0022222804480928793,0.002314688403141685,0.002476822609099557,0.002748372035563596,0.0031926987944422168,0.003922244293443157,0.005182889830986701,0.0076880020059663405,0.014049737210203835,0.0346026963684512,0.08589539292771192,0.10187944442955653,0.08895211948075768,0.07775282935211258,0.07006990035244799,0.06495258055480646,0.06185460983610345,0.06002213411339082,0.059134403333620376
4201.3,1546.4772874141877,109.7,0.002157146905062077,0.002156498331588064,0.0021575781238558265,0.002164931111814007,0.002186177512288282,0.002233172531177913,0.002323638856946757,0.0024838723774464363,0.0027536828938774546,0.0031964058802588804,0.0039239595542709515,0.005180170434545715,0.007671805783327611,0.013988665765620991,0.03439866612220242,0.08568753627287301,0.10225540136636649,0.08953971193746413,0.07825243195007837,0.07039702768469888,0.06516532480350185,0.06202363450143722,0.0601784850245016,0.059286307529684446
4201.4,1549.6098263205056,109.7,0.0021734413923940534,0.002172534620376338,0.0021730835903401124,0.0021796633090283633,0.002199979867314803,0.0022460261500897778,0.0023356957272284993,0.0024954452005332747,0.002765138701769093,0.0032078186418595424,0.003934178903063735,0.005184694783509424,0.007658077442686412,0.01392183609615042,0.034200631489024025,0.08574203525588134,0.1029052910472125,0.09004415189801021,0.07842008423466951,0.07031554916193618,0.06498847258273403,0.06184319826449984,0.06001877410882274,0.05913867455514592
4201.5,1552.751450104521,109.7,0.0021905582983858664,0.0021894395402573476,0.0021895691620295882,0.002195565748252291,0.0022152411600161593,0.002260736494682054,0.0023501275972570845,0.002510026150394965,0.0027803089084431176,0.003223597983014121,0.003949083342613253,0.005193564505929617,0.007648178335243855,0.013862749220508404,0.034046338030427774,0.08595078333386386,0.10350295376928238,0.09026631684999231,0.07816534800446788,0.06976335094210355,0.06435446643695376,0.06124084107774208,0.05947258615561139,0.05862441932647819
4201.6,1555.883989010922,109.7,0.002209956598076296,0.0022086832861051616,0.002208518911120244,0.002214139184432151,0.0022334594294335544,0.0022787648883849146,0.0023682886013639075,0.002528751917676494,0.002799950295035601,0.00324391007730854,0.003968103057602325,0.005205748582292056,0.0076418278442784374,0.013814084645168296,0.0339368117634066,0.0862449801903261,0.10391139526652408,0.09006082599714725,0.07742054468548705,0.06876668600892186,0.06333592197180667,0.060294977470560326,0.05861050137256652,0.057808925470859994
4201.7,1559.0156499120621,109.7,0.0022329803847366755,0.0022316316469653194,0.0022313404733207125,0.00223683511079606,0.0022561098077315714,0.002301541005792537,0.002391424005944749,0.0025524240833300115,0.0028239672713787664,0.0032670174223080814,0.003986729000833048,0.0052123087464422575,0.007622257279765116,0.013738318241818053,0.033759474540546695,0.08640346794995289,0.10402390846578284,0.08948850337477018,0.07636129007736277,0.06752199428902446,0.06210618249071466,0.05915435243551956,0.057565337151825616,0.05681812344033517
4201.8,1562.1481888184633,109.7,0.0022595163213958865,0.0022582382482536733,0.0022581279495319843,0.002263957778287232,0.0022837594176698174,0.0023299165948332005,0.002420648125673599,0.00258234388253003,0.0028537230342748233,0.0032942377489660157,0.0040064222694550355,0.005216146827109159,0.007598340511598815,0.013665835503463264,0.03362450592363063,0.08668812442711074,0.10438608676735307,0.08944370141583384,0.07601658926312385,0.06703877057685224,0.061603295034171036,0.05868349018911699,0.05713525956438669,0.05641140783864497
4201.9,1565.2898126023986,109.6,0.0023313578069900937,0.0023292563713823815,0.002327361378275328,0.0023303857337864404,0.002346394164275731,0.0023878624649832517,0.002473073482913621,0.0026283149969908623,0.0028919051918875767,0.0033226406116735907,0.004022800933345622,0.005220202993732579,0.007596599588362172,0.013683662565099283,0.03377509686927185,0.08723608348969131,0.10437159488071218,0.08900133495199132,0.07543762830175804,0.06645055253910286,0.06105301923842454,0.05817919448189167,0.0566718140962939,0.055970773877784
4202.0,1568.4223515087997,109.6,0.0023632588387282123,0.0023614013218696,0.0023600501043597737,0.002363946660360909,0.002381132843352461,0.0024239727379479947,0.0025104772339644677,0.002666355326964916,0.00292877070956533,0.003354453396786992,0.00404271843131917,0.005218603763942789,0.007561763973174202,0.013593216197200046,0.03358168898790996,0.08725159118973941,0.1043377379783954,0.08866973143838348,0.07496491785850681,0.06593552791759284,0.060548601222045084,0.05770689020436729,0.056235828416672934,0.05555678619677461
4202.1,1571.6463242133782,109.5,0.0024123090095316234,0.0024103571294594736,0.002408804264396973,0.002412387097617032,0.0024291213180846066,0.0024712955137075735,0.002556699343572262,0.002710529966845973,0.0029689234559926855,0.00338689970810245,0.004061773973461696,0.0052178560298365255,0.007536655694437577,0.013540344838774242,0.033511298053229985,0.08738079840644675,0.10419983925337427,0.08840612385116838,0.07476067798147513,0.06578318774143638,0.0604168998870965,0.05758340688092434,0.056119483309215325,0.05544548585155256
4202.2,1574.870296918073,109.5,0.0024093938075840423,0.002408634122132946,0.002409711729207345,0.0024174913317640237,0.0024399542140922247,0.0024891268719836805,0.0025822468338951438,0.002743482487837821,0.003007063291206474,0.00342460566929643,0.004088181383834092,0.005215865070800732,0.0074811653445169355,0.013377899792234063,0.033115710971901774,0.08730786049384681,0.1044542464200114,0.08830859111753725,0.07451873520673206,0.06552712965823257,0.06018086788131111,0.05736837132973641,0.05592184330414543,0.05525738956992555
4202.3,1578.0937888134642,109.4,0.0024522614065466924,0.0024516126317753757,0.0024529577945502784,0.00246120978193749,0.002484360987630258,0.0025343790342434607,0.0026282678843855033,0.0027896254042949495,0.003051509753529515,0.003463529622233225,0.004115238948167583,0.0052231485108584046,0.007460977740348642,0.013318723405647001,0.03300004428671269,0.08741018121887904,0.10448365565242816,0.08806645042460129,0.07419956044627968,0.06520714343130371,0.05987860377859928,0.05708726363399987,0.05566183971975044,0.0550101306745939
4202.4,1581.307773878739,109.4,0.0024402395804136306,0.002441064740034993,0.0024456851440752573,0.002459231949903902,0.002489738495354951,0.0025489693863786833,0.0026533781027775647,0.002825426677683053,0.0030959554026942287,0.0035105772591774663,0.004152927673922144,0.005233219710692291,0.007418548444348551,0.013175277558210663,0.03264884640907719,0.0874069880562566,0.10476490388802785,0.08795359937770686,0.0739465745316381,0.06495676682992554,0.0596585801413362,0.05689083871596375,0.05548178793032724,0.054838491149765786
4202.5,1584.5317465833175,109.3,0.002475838303342863,0.0024771145375246236,0.0024827782531843564,0.002498076685657533,0.002531105723959243,0.002593571441363942,0.0027016342556367818,0.002877000039922898,0.003148927131173999,0.003560320771819668,0.004191438773520924,0.005250397450048161,0.007404714495424853,0.013118389950320879,0.03255188135546727,0.08775688356777742,0.1051246145504922,0.0878569588008337,0.07368997606989412,0.06470383659573516,0.05944444229990383,0.05670604623982211,0.05531452537980023,0.054679005754528005
4202.6,1587.7557192880124,109.3,0.0024587026181182334,0.002461748470370979,0.0024713675643051624,0.002493121650638511,0.002535241061745281,0.0026092903444134424,0.0027308434270976205,0.0029202106313172375,0.003203767871120418,0.0036192928825512535,0.004240035523628261,0.00526797594953819,0.007365818068451209,0.012977081140806554,0.032224474066159074,0.08793088987368558,0.10541719896774708,0.08758666355854697,0.07323514884691078,0.06425214941916099,0.059036807870528944,0.056337077953266076,0.054975281563570115,0.05435581116732584
4202.7,1590.979691992591,109.3,0.0024412714194347778,0.0024461751146216265,0.002459956846787667,0.0024885377481205936,0.0025403383635479795,0.002626827576057887,0.002762975143428007,0.0029675169990243124,0.003263496854570486,0.0036829041034496463,0.004291691814686195,0.005286734237009597,0.0073282042427798575,0.012842325032461478,0.031922505304579865,0.08815670019387425,0.10575955490218186,0.0874298806668474,0.07296565959834286,0.06402782213765927,0.05886543405134219,0.05619390956335325,0.054845073527073435,0.054230782772591246
4202.8,1594.203183887982,109.2,0.002475069509522727,0.002480981651291561,0.002497028493544396,0.0025293226101773575,0.0025863443267046837,0.0026793611361301387,0.0028226416215236926,0.0030333169935639294,0.003331452440230864,0.003744812775259622,0.004336000345149598,0.005303546373158337,0.007316026870199134,0.012817638128929793,0.03202039582085433,0.0891139905639263,0.10611250485583802,0.0873013038748066,0.0728245805759669,0.0639599304274946,0.05884405863226984,0.056189138835335,0.054842557310220974,0.05422716021441232
4202.9,1597.4271565925606,109.2,0.002453867971603245,0.002462162553461518,0.0024835363354137933,0.00252456520769949,0.002593977159062691,0.002702868310122259,0.0028645167553586113,0.0030935079796549207,0.003404845347437648,0.0038186405074871754,0.004390425749690105,0.005318260235214779,0.007276163313148312,0.012704840965778915,0.03183193014377859,0.08950935650731014,0.10626867990848296,0.08700784627282836,0.0725113720730965,0.0637399351630506,0.05869266419211441,0.056067124023983894,0.054730829567147574,0.054118933806225504
4203.0,1600.6511292972555,109.1,0.002481157241361429,0.0024911884806081796,0.0025164352191455698,0.0025637799996635372,0.0026420335535387355,0.0027619040131149513,0.0029353555892273355,0.003174033786800406,0.0034878232442224115,0.0038905936360266536,0.004435017998678141,0.005325100710537637,0.007248104939470494,0.012666253667466104,0.031941241073862384,0.09056210500567828,0.10667301099800533,0.0869974045760988,0.0725579018138926,0.0639000774921536,0.05890810404745809,0.05628878306785803,0.05493801501758398,0.05431415771580536
4203.1,1603.9413724492858,109.0,0.002498715230745138,0.002510881024278156,0.0025409086916298534,0.002596111264907497,0.0026854965002410056,0.0028194270773274173,0.0030083833864247545,0.0032604723189047125,0.0035793231987071568,0.0039713797251111375,0.004486455033730606,0.005336035586496804,0.007221858033173763,0.01262689297205704,0.03203846079164024,0.09156054840820067,0.10717065258660811,0.08711485979148074,0.07270273101326749,0.06414312073038296,0.05920325757359896,0.056587803706413004,0.05521811119748664,0.054578873618908195
4203.2,1607.2417512154714,108.9,0.002511556555660598,0.002526027651351899,0.0025612451173810382,0.002625048046390474,0.002726755094505094,0.0028764596595014834,0.003083056672561075,0.0033506140182423022,0.0036755250382577245,0.00405591961925449,0.004539068411427854,0.005345048031845838,0.007189062411101137,0.012567686279735122,0.03206768798472201,0.0924370588134692,0.10774641548260476,0.0873429504927988,0.0729185986231311,0.06442519087477196,0.059523458884784344,0.05690774786103505,0.05551798144273857,0.05486287022677547
4203.3,1610.5319943676182,108.8,0.002520942758628321,0.0025378008153050767,0.0025784381693817445,0.0026513385790770823,0.002766307473157333,0.0029333617416121265,0.003159878042483805,0.0034455539565384527,0.0037786261420336867,0.004147901265869072,0.004598184511186719,0.005359048691377919,0.007158434020818534,0.012500951038434122,0.03204888312567375,0.09316630652337443,0.1082577760120766,0.08764428461994705,0.07329973544566372,0.06490391291468108,0.06003415499316812,0.0574010650921325,0.055975592905516264,0.05529644285781631
4203.4,1613.8323731336873,108.7,0.0025279575135402133,0.002547248567335676,0.002593447735148006,0.0026757820557186157,0.0028046983367440853,0.002990309496169233,0.0032385166058204553,0.0035442738482645403,0.003886717117771217,0.004244520670902714,0.004660739660308965,0.005376259772309611,0.007132827862465561,0.012446526362815092,0.032087541055058434,0.0941538840725852,0.10887408048607217,0.0878803403079703,0.07353181230699979,0.06521858916476235,0.060395691056828536,0.057762493047150386,0.056313532686205085,0.055616174877145465
4203.5,1617.1326155490729,108.6,0.002533246456532733,0.0025550341665538283,0.002606969312237845,0.002699113988288879,0.0028426986345535276,0.00304807997329155,0.0033196681431637933,0.003647178330517936,0.0039995623167137844,0.004344675985041739,0.004725144663533143,0.005395618676502117,0.007113162138988263,0.012409747263060607,0.03219078208562673,0.09530265717046842,0.10964268189272984,0.08838259548871348,0.07406125856245983,0.06580560210469986,0.06099540358283689,0.0583373261044213,0.056847608445194354,0.056122973194359334
4203.6,1620.4228587011032,108.4,0.0025915873669222337,0.0026154000925052846,0.0026719208002581457,0.0027717192482800694,0.002926278292740568,0.0031453774290191162,0.003430879074989238,0.0037665808765929678,0.004112688896982679,0.004431777709277173,0.0047737680568027295,0.005411069608923589,0.00711896308044251,0.012470873111576113,0.03261531084557215,0.09673124954230658,0.10978243630883955,0.08830482311739835,0.07414894306252418,0.06603876808391244,0.061287822131479514,0.058630318927687,0.0571187200288975,0.05637828878113756
4203.7,1623.7232374672888,108.3,0.0025941301220166755,0.0026207906450234817,0.002683867275432254,0.002794938941081239,0.002966470214939735,0.0032085284345052248,0.0035209049086705837,0.003880308064029142,0.0042340550162201455,0.0045336638915708105,0.00483371527287507,0.005425992998366339,0.007102682103103354,0.012459101766450636,0.03280998916273245,0.09788957759096793,0.11019690186826159,0.08861025883736183,0.07460521208919986,0.0665925236834435,0.06185518589253105,0.05916757141021194,0.05761402211523408,0.056847615255838986
4203.8,1627.0134806194355,108.2,0.0025886305659684923,0.0026182572529582747,0.002688198286841763,0.0028111943691913194,0.0030009370549986614,0.0032680531112791386,0.0036102452678266977,0.003996215027054437,0.004358473461620729,0.004636514628913188,0.004891757940456391,0.00543803748563329,0.00708474448835539,0.012451093325670569,0.033044717298037596,0.09925279053847591,0.11060056823488514,0.08875219096810556,0.0748398389716799,0.06691677889050913,0.06220737240086842,0.05950811916441893,0.0579287833837367,0.05714528419861763
4203.9,1630.3138593855188,108.0,0.0026413754030490608,0.0026734312660430196,0.0027488945965141297,0.0028811934862264187,0.0030844309292253906,0.0033685328123172517,0.003727621818869206,0.004121982930978692,0.00447290254223925,0.0047169853896802385,0.004930694061754298,0.0054498144497832565,0.007102070195134114,0.012562897925756197,0.03367537889763044,0.10109143641404111,0.11077702518385917,0.08872067463953535,0.07496473905096858,0.06715682713088271,0.06248631575916107,0.05978211694640769,0.05818155608936872,0.05738352697210479
4204.0,1633.6141018009043,107.9,0.0026345781331630976,0.0026692804040755608,0.0027509446215691702,0.002894211604564172,0.0031145905974720844,0.003422865469181322,0.003811286859551181,0.004231844307779333,0.004590492164325089,0.004813172815360042,0.00498633476059951,0.005468239259960774,0.007103304671173584,0.012601369919811553,0.0340649215818561,0.10290240676273066,0.11169149975180637,0.0893693705827501,0.07559954543318713,0.06776727059154934,0.06305636259603005,0.060312565188772,0.05867327093129141,0.05785142802239828
4204.1,1636.9441618603837,107.8,0.002641296662877179,0.0026782032731378956,0.002765056133865078,0.0029175517926210595,0.003152437282504336,0.003481253028586516,0.003894538998001141,0.004336763391438007,0.004700314197324216,0.004902870314379113,0.005041759889947417,0.005496215567156551,0.00712814023420831,0.012695501099276247,0.03462639384948174,0.10508277388463194,0.11285899725446409,0.0902005301539248,0.07632176631414224,0.06839390890598901,0.06361414419370794,0.06082804687513223,0.05915329087954765,0.05830928314131176
4204.2,1640.2742969928538,107.7,0.00264502369614056,0.002683769034099028,0.002774999368354139,0.0029354070560200242,0.003182998380354251,0.003530308441054145,0.003966816060259848,0.004430570679247089,0.004801434500797577,0.004988818724360095,0.005099437739248746,0.005531587534573198,0.007163916021760166,0.012801419953002192,0.03517826170500309,0.10707377618349093,0.11377474355591895,0.09064080826970455,0.07655189816633327,0.0685146807901798,0.06370083557966226,0.06091446815756161,0.05924028371972184,0.05839363162346306
4204.3,1643.6043570523277,107.5,0.0027075932255929414,0.0027476704366933983,0.002841927599373898,0.0030073899669076126,0.0032621294664589686,0.003617858774394984,0.004061222068765828,0.004524724173486494,0.004883106562014767,0.005049221328933773,0.005143322049019611,0.00557762988010798,0.007250514643291131,0.013056406061269421,0.036207445891838906,0.10958675587203831,0.11470185074579921,0.09115264442715242,0.07682335445696596,0.06862305807479893,0.06375057888771779,0.06096280537874188,0.059294002158276765,0.058447363419757
4204.4,1646.944491780119,107.4,0.0027101200146049083,0.002751594964493735,0.0028492128261986913,0.003020833043801718,0.0032856375318816465,0.0036563364751631094,0.0041189978355361595,0.0046011432219859715,0.004967369525212281,0.005123923422504218,0.005198955318051895,0.0056205085236509045,0.007303037154805439,0.013190241853235283,0.03677814790490204,0.11125051156329917,0.11531585243448711,0.09128236512546228,0.0767272893268847,0.0684390601240174,0.06356423155495905,0.06080144430016344,0.05915293287763404,0.05831453121646653
4204.5,1650.2746269125892,107.3,0.002713440768174748,0.0027562234190133244,0.0028569689342591693,0.0030342871269188865,0.003308341342658957,0.0036926658283977613,0.004172590641973814,0.004670739553358596,0.005042350857915525,0.005188567970166666,0.005246140258192888,0.005657808835153625,0.007352579879804549,0.013320466341942484,0.03730227145458002,0.1123845859487713,0.1150897995976863,0.09054407548331427,0.07578258308240213,0.06745498110309653,0.06263652726198633,0.059955279376643696,0.05837980383685009,0.057580604313539695
4204.6,1653.604686972063,107.1,0.0027809222773558773,0.0028248489490145844,0.0029280855280738385,0.003109284062298841,0.0033881491550989975,0.00377656428371539,0.004256154589772273,0.004744380318258486,0.005095252745107912,0.005219382661857701,0.005267960618582223,0.005692412404689336,0.0074374922186935455,0.013578615823839983,0.03825143570395287,0.11376762378083528,0.11451702263246351,0.08946288989195518,0.07454436922010786,0.0662365770832972,0.06151922571185539,0.05894428144683161,0.05745524397444774,0.05670165309228352
4204.7,1656.9348221044168,107.0,0.0027884168945471895,0.002833647366775285,0.002939936850282784,0.003126545781770774,0.0034138690404417467,0.0038140764417852,0.0043072983733423754,0.004805788026563311,0.005156003600131031,0.005267554938764666,0.005302299940977034,0.0057246076866022625,0.0074937799221809695,0.013740928113740176,0.038855894209101106,0.11452410133154581,0.11363126823997284,0.08809638993092272,0.07306117199732816,0.06480753309436206,0.06020921300093601,0.05775074410555863,0.05635872521414191,0.05565830114756237
4204.8,1660.2748819842006,106.8,0.002862174463367545,0.002908552853845782,0.0030172691016882103,0.0032074482877816773,0.0034986672390722165,0.003900814091104178,0.004389548601857458,0.0048720160480061276,0.005195794540864839,0.00528357146618161,0.005312009052080447,0.005751542417406557,0.007576306847198934,0.014006800820951218,0.039824515417836395,0.11553014718363734,0.11259276713994132,0.08667252151122853,0.07156812327466769,0.06337278778591651,0.05888815419317457,0.05654321413614925,0.05524768976078532,0.05460066369383077
4204.9,1663.6050171165543,106.6,0.0029398871175948392,0.002987317252537452,0.0030982023247255164,0.0032914143714493646,0.003585523169896452,0.003987912589250137,0.0044697641293996865,0.004933866657264583,0.005230523245934972,0.0052962692350155835,0.0053211839534132895,0.005780429701758034,0.007663502433294553,0.014282548081643951,0.04079421625175134,0.11615831693844676,0.11117239520803666,0.08503160253172999,0.06998255965472115,0.06190876435417621,0.057556419470899206,0.055324055519893355,0.05412158706862775,0.05352699606304543
4205.0,1666.9350771760282,106.4,0.003022538534629352,0.0030708403664375036,0.003183438870163452,0.003378800331773923,0.0036742573201612432,0.0040744664785563114,0.004546258698770606,0.0049891650408640485,0.0052581754249310724,0.0053042511528637905,0.005329074586752982,0.0058111610515270045,0.007756674504544901,0.014576878375863609,0.041830566085870484,0.11676637380178768,0.10975165777074417,0.08348628704511883,0.06856573138336482,0.060645514914321554,0.056426389914913354,0.05429380308533614,0.05316854569854489,0.052617146314251746
4205.1,1670.2551374165137,106.3,0.003066189707208563,0.0031153684608245073,0.003229844272133218,0.003428073321393464,0.003726959670885863,0.004129810043990661,0.0046007271905208315,0.005036011363882144,0.005291040992347455,0.005324017006078669,0.005345438307152839,0.0058393275255582975,0.00782605344115005,0.014790824298477558,0.042600505406333915,0.1172525953383508,0.1087538979470276,0.08242615483669673,0.0676216395241149,0.059817166732024606,0.055689144597787364,0.053621780691693155,0.05254583446872815,0.05202223026694781
4205.2,1673.5851974759876,106.1,0.0031865485787129595,0.0032360702960172447,0.0033508329041490865,0.003548189288223308,0.0038426716687614245,0.004233448980397504,0.004679758459445131,0.005077671935467899,0.005294717093776313,0.0053090417064139825,0.005339969905866444,0.0058700193620020505,0.007938995723885737,0.01515247603714125,0.043822025285387554,0.1181881905149613,0.10803373792739868,0.08180341277974941,0.06721071965883962,0.059549100294522636,0.055497871097658386,0.05346312386435569,0.05239928220251929,0.05188010097078369
4205.3,1676.905257716473,105.9,0.0033146058333684714,0.0033642309174685345,0.0034786526660183425,0.0036738923060605716,0.003961797416502893,0.004337171264559586,0.004754729288560124,0.005111720800088814,0.005289561994398182,0.0052863195810932346,0.005328677844628188,0.005897118047526506,0.008053137321842943,0.015540229451691812,0.04524723348891946,0.11956756452407484,0.10788159648140944,0.08168415155625866,0.06718702626450226,0.05957606923816625,0.05554954433553058,0.05352381836499975,0.05245839919653939,0.05193574038262529
4205.4,1680.225393255826,105.7,0.003449478670388327,0.003499044127293849,0.0036126566155152487,0.0038047735947638723,0.0040842494757687,0.004441305534359418,0.004826406521314125,0.005139140526010821,0.005276080063227569,0.005255056109712796,0.005309002723456155,0.005915670654311279,0.008157709982273987,0.015916352529566274,0.04667091130867147,0.12118175317280482,0.10844926893349949,0.08235278462690246,0.06789833756803185,0.06026033715735938,0.05619170381910219,0.054125809597631094,0.05301983716839418,0.052471137051357156
4205.5,1683.5454534961893,105.5,0.0035915543186162678,0.003640878609922835,0.0037531740702973116,0.003941130091455509,0.004210380454617927,0.004546491164826501,0.004896203676742876,0.005162711421893038,0.005258677822214777,0.005220969121851606,0.005287789693313106,0.005934691326184395,0.008268485991354274,0.016323289222051913,0.04826205746990932,0.12339611130087774,0.10993426835827116,0.08395046315345267,0.06944298308617372,0.061665899377546185,0.05747043490338682,0.05530897570608706,0.054120088172265816,0.05352112079959088
4205.6,1686.8655137366748,105.3,0.0037404312594656935,0.0037892852568268006,0.003899648680598856,0.0040822166465157685,0.00433916978119243,0.00465142337973531,0.004962639583423311,0.0051809218700241775,0.005235697672313886,0.005181812076369122,0.005261446682818948,0.005947695127622408,0.008371322510466671,0.016718986015375113,0.04984821738360699,0.12568198219851254,0.1115177254169616,0.08552146663218872,0.07086291149630557,0.06290208382434978,0.05857513186498917,0.05632897528761923,0.05506992003018021,0.05442815223354049
4205.7,1690.185573977038,105.1,0.0038955985864026596,0.003943596856632257,0.004051083032615575,0.00422655745454379,0.004468643030505318,0.004753911022158594,0.00502405463266403,0.0051936707272914545,0.00520923218478201,0.0051416593419065975,0.005235425803948353,0.005961349241492712,0.008475335429003273,0.01712070211231614,0.051478623533164854,0.12817065170625525,0.11357480775996402,0.08760600812801558,0.07276915726306879,0.06458539766199858,0.06009243109584202,0.05773027385488695,0.056371252507291504,0.055669233300335685
4205.8,1693.5156340366339,104.9,0.0040582789372581975,0.0041047591710902925,0.004207826909931965,0.0043735864612271715,0.0045971095185873695,0.004851242543501164,0.00507730960854948,0.005198320388758886,0.0051778735470571005,0.005100526353973817,0.005210969344859508,0.005977816835022951,0.00858316814184627,0.01752736621882939,0.053084462922451524,0.13031347715740657,0.11535236966141092,0.08943645792857866,0.0744295785076189,0.06603767972497486,0.061396951053846335,0.05893388053654078,0.05748777383171086,0.056733474181439356
4205.9,1696.8356942769972,104.7,0.004226366536912944,0.004270561499415886,0.0043674851659487035,0.004520734517035575,0.004722023921567216,0.0049413417427945855,0.005121309343269859,0.0051947907097525435,0.005141752278912718,0.00505760991903941,0.005185375805271311,0.0059911471162703445,0.008681766626700614,0.017905732178219853,0.054584546362845744,0.1320567586174021,0.1164961573576921,0.09058893464302674,0.07547163816662361,0.06694739618219872,0.06221647782071499,0.05969215827882531,0.05819127550130989,0.05740364415172754
4206.0,1700.155754517477,104.5,0.0043989888864348695,0.0044400864510734835,0.004529102207713181,0.004667139425442962,0.00484296678601898,0.0050248231045620035,0.005158316549532293,0.005187182495990781,0.005106485696385092,0.005019865452206834,0.0051675940944725975,0.006014463852497683,0.008794688457965438,0.01830848068951489,0.05606156256843331,0.13307476381679936,0.11692639366073466,0.09120449588611808,0.07613070014811973,0.06757233656832688,0.0627977699534313,0.06023188056458955,0.05868967952022321,0.05787733948176437
4206.1,1703.4261367580325,104.3,0.0045844221218318965,0.004621455032198783,0.00470040755687939,0.004819802747004836,0.00496575133822782,0.005105689052285934,0.005189720286044902,0.005173490685190572,0.00506649261432071,0.004978849721533738,0.005147130063863134,0.006034805363360941,0.008903303772352805,0.01870294213869778,0.05749889724820939,0.13384995063771585,0.11712868227346426,0.09164151604149111,0.07667840584374853,0.06813420525750735,0.06333711479836024,0.06073490201404566,0.05915258530453353,0.058316467731202276
4206.2,1706.6963813972186,104.2,0.004657915089339584,0.004693585525144465,0.004769117838243099,0.004882100401504206,0.005017665241474222,0.005142887930699933,0.005209301769707552,0.005176508007002727,0.005058962261995798,0.004969437852785911,0.005144088446376568,0.006047357767095619,0.008954566499819613,0.018890680209930226,0.05820201954829904,0.134009263108335,0.1168219782172967,0.09149240004216401,0.07667755666516338,0.06821302262779602,0.06344202254504427,0.06083801181136595,0.0592457236179495,0.058403587131827035
4206.3,1709.9567648102611,104.0,0.004844928105586394,0.004875953270180267,0.004940209418929209,0.005032883540284662,0.005137049075770573,0.005220026757781615,0.0052387509544998614,0.005164227735636027,0.005023099619915106,0.004932748823556451,0.005125871246359037,0.006066577664597263,0.009056375001295872,0.01925941030258268,0.059478350347482514,0.13409581520581249,0.11629607693071263,0.09125732730381272,0.07663571279422397,0.06825520878335502,0.063508952474579,0.060904239816819736,0.05930453366890142,0.05845816691738391
4206.4,1713.2271470509331,103.9,0.00490260035486396,0.004932909160800067,0.0049952050499956074,0.005083920579605445,0.0051812640976704235,0.005254035294779898,0.005259840877712828,0.005172197759071792,0.005021301117602875,0.004926977002770092,0.0051224329298122,0.00607309347776481,0.009091380041602098,0.019399684391682524,0.05999463120477977,0.13376698598144834,0.11533845575504129,0.09043786724514367,0.07603619819771139,0.06781787193351671,0.06315594847555044,0.06058878798802962,0.05901114700917345,0.05817711134078278
4206.5,1716.4975292916051,103.8,0.004966776307936605,0.00499639994927004,0.005056700130815743,0.005141188927795833,0.005230986333664702,0.0052921729338608735,0.0052830334887386905,0.005179969059505385,0.005017358245207002,0.004917935917415642,0.005115406951652891,0.006076033426023353,0.00912160594784586,0.01952146307818355,0.06035672877376339,0.13288282556481465,0.11376898203214221,0.0889260369691434,0.07472197411792567,0.06670183552938437,0.06217838746584227,0.05970075437757221,0.05819127213504296,0.0573954107331459
4206.6,1719.7677739307912,103.6,0.005150798095005368,0.0051758306686366445,0.0052248675710190465,0.005288999065000657,0.005347448807486801,0.005366887008166041,0.005311148504561857,0.005167324828667448,0.004980542702965194,0.004877456396405687,0.005088985085720189,0.006081449376835434,0.009200159866666616,0.01983720001871411,0.06139729584066583,0.13206302251560206,0.11197993818047604,0.0873713260562337,0.0734829767435002,0.06570519922716253,0.06132579151627378,0.05892876584767395,0.05747601511476046,0.05671209267566214
4206.7,1723.0381561714632,103.5,0.005206639189780338,0.005231433017274368,0.005279406191015485,0.005340718488520518,0.005393413755451526,0.0054032300376327036,0.005334309213858798,0.00517612776938014,0.004977597860872996,0.004868345773733865,0.00508033774161585,0.006081422997920614,0.009227405983108025,0.019962318511325905,0.061782300036303375,0.13102037212035253,0.11005593897990078,0.08548832090898198,0.07183566179691415,0.06429965168508328,0.06009232139997111,0.057807081533766416,0.056438938533428504,0.05572245729943572
4206.8,1726.2985395844034,103.3,0.005387525912885228,0.00540735099179332,0.005443256101218718,0.0054831091275039205,0.0055035154988774945,0.005471587909975184,0.0053576640653432315,0.005161562193582799,0.004941471794289664,0.004829689182846691,0.005055548131677018,0.0060882125732862466,0.009309516990413498,0.0202960053837763,0.06290498439908818,0.13052504502760878,0.10863082030150434,0.084088896603592,0.07056453083804684,0.06317275362746326,0.05908621060645158,0.05689090382632741,0.05559348619551075,0.054916200000751945
4206.9,1729.5687842235895,103.2,0.0054376850177798326,0.0054570484700473786,0.005491440274778717,0.005527877179409961,0.005542019535646606,0.005500468840564822,0.005374321346987975,0.005165865547506515,0.004936553785516733,0.004820969914734511,0.005049471885626505,0.006094140664592491,0.009352934978345715,0.020483001813066976,0.06356466520826852,0.12992711051348735,0.10721261965546831,0.08267984424105373,0.06928924322676976,0.06204399518543044,0.058075684532854686,0.055967437162286394,0.05473959448545078,0.05410151490942413
4207.0,1732.8391664642616,103.0,0.005625760698548933,0.005638708029015079,0.005657964113293302,0.005668465055899287,0.005645319672079633,0.005558118090777721,0.005385820821293992,0.005141462153471033,0.004894372574741007,0.004779944789219812,0.005025316540802199,0.0061053138671070505,0.009450307897714793,0.02088641932744012,0.06506621793912783,0.13022773732941437,0.10657446801541103,0.08199442464877495,0.06861911837862436,0.061409479861584355,0.05749074996548864,0.05543223384962076,0.05424707570059219,0.05363245399233374
4207.1,1736.053664869882,102.9,0.0056960227050977886,0.005706761198712365,0.005720710223193459,0.0057219683445872555,0.005685347206047447,0.005581435820305548,0.005392007485404782,0.005134050426516052,0.004879984116285614,0.004765958568426948,0.005018735231588156,0.006116043679726883,0.009507210404548399,0.021113860160473546,0.06591328897450818,0.13057021694722254,0.10654401722814984,0.08191616071194845,0.06849666500388352,0.06126418320794421,0.057347257202620176,0.05530120538376494,0.05412817248343089,0.05351978115901348
4207.2,1739.278149324883,102.8,0.00577109872599953,0.005778922825253781,0.005786026796996857,0.005775677599508066,0.005722653329646155,0.005599136366601172,0.005390493495098486,0.005118214445970575,0.004857745743631527,0.004745422127371338,0.005007013983715631,0.00612288747219263,0.009561978908516412,0.0213484689680738,0.06685352961786804,0.1313413686445964,0.10715005854089758,0.08253337924573126,0.06904591905223002,0.06173203714059478,0.057759287131784826,0.05567941168059772,0.054480086715547264,0.0538561249418515
4207.3,1742.4926477305034,102.7,0.005852169681424001,0.00585633226463022,0.0058549627236430535,0.005830514956190118,0.005758036357709375,0.005611949477287618,0.0053820274077997195,0.005094808254907075,0.004828716844846513,0.00471979306440313,0.004992432133050655,0.006129944882911826,0.009623298581585421,0.021611600510278012,0.06792083123733841,0.13250466038344155,0.10841068606044646,0.08388052484930432,0.07029843174986936,0.0628405413020487,0.05875258829012275,0.05659088914159923,0.05532463059466871,0.05466196703411942
4207.4,1745.7071461361238,102.6,0.005934981567696068,0.005935123813572396,0.0059244774794439395,0.005884684815896966,0.0057912215918317035,0.0056210776007561015,0.005368796752902004,0.005066145344006671,0.004794426754239316,0.004689130388841411,0.004972998778533238,0.006131911437333904,0.009677734980037494,0.021858413542284186,0.06892758106413606,0.133754439464922,0.10988948780514846,0.08544919828180234,0.07176871364926779,0.06416403286453218,0.0599539433150589,0.05769729350089978,0.056348477585049093,0.05563774993094873
4207.5,1748.9211312015148,102.5,0.006035367320911731,0.006030398582546443,0.006008074002008933,0.0059492215446894006,0.005830136637058896,0.0056312194439312735,0.005352826228974814,0.005032668064404283,0.004754969679356871,0.004654228215026013,0.004951117783459806,0.006134174254143999,0.009737220291104883,0.022116730366078932,0.06988583785977691,0.1347811657751674,0.11139646725914154,0.08719312662980443,0.07345571497674025,0.06569536361060543,0.06134185233596959,0.05897018380139574,0.05752298326714563,0.05675632218289647
4207.6,1752.1456156563997,102.4,0.0061209909621816735,0.006111396102968457,0.0060784920412305,0.006002405896306292,0.005860262168180268,0.0056356236507199755,0.005334051748216799,0.00499841478645344,0.004715353331132471,0.004618411103823576,0.004926442298293257,0.006130301535085422,0.009783084794296962,0.022336349072449867,0.07070827029828311,0.13578706377508085,0.11319113452678081,0.08944023379920277,0.07576736635868017,0.06787985981219502,0.0633549710755416,0.06081775265430381,0.0592214997476294,0.0583712357992945
4207.7,1755.36011406202,102.3,0.0062044740549278546,0.006190198204477233,0.006146622629580993,0.006053256573519309,0.005888196276913199,0.005638277858614799,0.005314192784508978,0.00496366417361378,0.004675414719151897,0.0045818873305676295,0.0049000623601500775,0.006122625108506582,0.009819146229165384,0.022518765232893312,0.0713249260484455,0.13630781269722278,0.1145105960811393,0.09130291096183599,0.07780846581356582,0.0698743874205562,0.06521443285562913,0.0625228281749803,0.06078349670059974,0.05985432376726737
4207.8,1758.5746124677567,102.2,0.006287020039611496,0.006267941656339346,0.006213495741501019,0.006102708730088788,0.005914856652877876,0.00564020904614526,0.005294519955307205,0.004930036442250227,0.004637210282400378,0.004547295395639031,0.004875612256009112,0.006117111576323171,0.009858777520976785,0.02270948939530873,0.07192604912772446,0.13650431673257452,0.11548598503724399,0.09298666786540832,0.07981600246170382,0.07190347539272346,0.06711993582989802,0.06426450182691947,0.06237299994051214,0.06136189159903044
4207.9,1761.789110873377,102.1,0.006365153162973841,0.006341297040536021,0.006276100959278644,0.006148240525742702,0.0059383243059470256,0.005640102376660751,0.005274193400804785,0.004896961152501901,0.004600240762350785,0.00451405125441752,0.004852270965805149,0.006112455778703114,0.009899706798240829,0.02290574627940846,0.07254299677410365,0.13666226107852347,0.11640572270911992,0.09458045120917115,0.08169223842711656,0.07377543067545003,0.0688630591819757,0.06585103804355932,0.06381882843687567,0.06273303851779106
4208.0,1765.0036092789974,102.0,0.006452535172387006,0.006423208924486662,0.006345803476069807,0.006198765257373295,0.005964407734864767,0.005640486195061084,0.005252894956207755,0.0048621837786829054,0.0045613445028894,0.004478883362679056,0.004827086270427119,0.00610617694493867,0.009940112989154233,0.02310775460751406,0.07316713337531135,0.13640504605348316,0.11657272897174946,0.09542132958738415,0.082935103453162,0.07512704194342312,0.07015323081832399,0.06702449704011755,0.06488281543755953,0.06374032750466312
4208.1,1768.1968051703182,102.0,0.006374859752577063,0.006349436104980875,0.006280364851459791,0.0061457944117916915,0.0059265149940526994,0.0056176211695179844,0.00524212484422945,0.004858841344218768,0.004560901215424846,0.004478290200021094,0.004825057376120491,0.006103190752813336,0.009940629667129492,0.023133271007187994,0.07324970253882158,0.13635897810055003,0.11708758726721112,0.09640479137809002,0.08414058520396034,0.07634741648148334,0.0712890182641236,0.06805283156497975,0.06581669529392616,0.06462531524796625
4208.2,1771.390001061523,101.9,0.006455515556574399,0.006424962429157601,0.006344525854551277,0.006192277279213887,0.005950763865745341,0.005618918827764252,0.005224604520541001,0.004830311024255833,0.0045300708440034285,0.00445262482340919,0.004811371367463345,0.006113314851380772,0.010013359924056022,0.023432484665316222,0.07419653621927651,0.13604978370912899,0.11656525445105904,0.0961483115314777,0.08411461150555755,0.07645167744521424,0.07143223794822914,0.06818894954022205,0.06593667269871425,0.06473723236509758
4208.3,1774.5741650020502,101.8,0.006502899899543069,0.006469211827877389,0.006381819953712949,0.006218758748446623,0.005963680819525249,0.005617896942678114,0.00521223617582028,0.004811418848931679,0.004510061711200507,0.004436313355208151,0.004803655504224342,0.006123722362537201,0.01007443163288069,0.023685465903366558,0.07501673636980973,0.13573721866149918,0.1159740594320315,0.09570603426638276,0.08381809514066016,0.07625627427901639,0.07128642806819452,0.06806172706058028,0.06581816409352997,0.06462352936436994
4208.4,1777.767360893371,101.8,0.006388487907520931,0.0063611632441955305,0.006287597675834705,0.006145594183439421,0.005916456045223138,0.0055970238390773384,0.005213005027854004,0.004825766312202461,0.004529815281846095,0.004455729489379541,0.004820098076385982,0.006137345019012778,0.010089598516016084,0.02371993218577614,0.0750201624312406,0.1348770596782316,0.11480926264276302,0.09450251608002129,0.08271378412154624,0.07530854595823773,0.07046335692799646,0.06732312088738002,0.06514197852264635,0.06398036577904301
4208.5,1780.95152483387,101.7,0.0064127691119532995,0.006383859413739657,0.006306861938030871,0.006159670920869459,0.005924252117017255,0.005598697820971291,0.005210182582113698,0.00482112703973849,0.004526359281810155,0.0044565191176914425,0.004829426729874468,0.006165572190266025,0.010172814624017555,0.02401126526945971,0.07587286433581802,0.13407760454169915,0.11328311704752034,0.09291687332406491,0.08123420030381934,0.07400325104807709,0.06931194078946466,0.06628713023683182,0.06419449828086897,0.06307951971034569
4208.6,1784.1447207251908,101.7,0.0062522411064994945,0.006231983276683389,0.006174102188541367,0.0060566474984490365,0.005858805383590423,0.005572571520325597,0.005217458791716752,0.004850242377925896,0.004564837726629294,0.00449516498622469,0.004863753673979373,0.006195320686168222,0.010203301993061218,0.02406751169759939,0.07595806152139199,0.13328094312896746,0.11198815345049488,0.09148543569048467,0.07985679324517717,0.07277662062169785,0.06822830590790702,0.06531193601809136,0.06330237106258055,0.06223106391718271
4208.7,1787.3379166163957,101.7,0.006103829312530876,0.006090836763649325,0.006049253550254812,0.005957680119505199,0.005793419144944925,0.005543476765791389,0.005220423447348932,0.004875315408705189,0.0046005409733352355,0.004532785264088943,0.004899362937186001,0.006230508985054426,0.01025100169157208,0.024191959599308643,0.07635385673073289,0.13289978762534752,0.11091104846340216,0.09007281011705318,0.0783433886693819,0.07134035127710925,0.06692842730628346,0.06414008866107913,0.06223357181873426,0.061215606629493664
4208.8,1790.522080556923,101.7,0.00595754734835169,0.005950833490552244,0.005923557185554286,0.0058551878501042105,0.005721859595528092,0.005506481349962354,0.005215240656375822,0.004893308997032498,0.004630844628084529,0.004566619012312441,0.0049323782949188075,0.006263641723018582,0.010295400739900902,0.024301960339483883,0.07667047906180856,0.13245629014249577,0.10988682704510627,0.08881559784545627,0.07704177927802096,0.07012164167131393,0.06582799931936678,0.06314619885509688,0.061325398213157765,0.060352262445114796
4208.9,1793.7152764481277,101.7,0.005807048167807783,0.005805928578500446,0.005791629575492082,0.0057448072597070824,0.005641069989963336,0.005460000580627588,0.005201837123072601,0.004905604806325613,0.004658519656951932,0.004600980597671582,0.0049695822172520065,0.006307383837673446,0.010368825482176207,0.024521337911996007,0.07749092972441052,0.13285713762690393,0.10964845271912456,0.08820920699691227,0.07622513158795968,0.06925703095358106,0.06501385598099509,0.06240928031881063,0.06065613254357133,0.05971746189240905
4209.0,1796.899440388655,101.6,0.005819573953370737,0.005815558633156248,0.005795213892711801,0.0057396326569211335,0.00562595373470409,0.005436423886900733,0.005174268844155543,0.00488032004050916,0.00464155982267781,0.004597252052798351,0.004985046115405845,0.006357495409904754,0.010510598121171602,0.025006096233400655,0.07905864811475888,0.13313626362357842,0.10925463648011849,0.08762896827433772,0.0755366582009744,0.06855239066785627,0.06435601610834339,0.0618142799197409,0.06011494115425673,0.0592037571509594
4209.1,1800.0921351752233,101.6,0.005714439169447756,0.005712626892424096,0.005697790474742115,0.005652138644517718,0.0055534194582178365,0.0053832322354544285,0.005142460968191886,0.0048685867533881195,0.004646064186518167,0.0046141372987086185,0.00501369536875522,0.006406098882910372,0.010617540303214096,0.02535588565019191,0.08034620452350194,0.13407912247361584,0.10956509840492579,0.08750212488589279,0.07510161716272791,0.06798831630175796,0.06379503795280701,0.061305431605829096,0.05965656402632394,0.0587703330454085
4209.2,1803.2749012676948,101.6,0.00561605119158331,0.00561581564940031,0.005605099144509557,0.00556720823999929,0.005480718774375129,0.0053271064606739745,0.005105614443564278,0.004850886996600028,0.0046448492779519734,0.004626261346766563,0.00503865652482131,0.006451581303133832,0.010719744863307136,0.025686599269752135,0.08152814965816695,0.13489102416540885,0.10981769342368998,0.08735475156918557,0.07465286759663059,0.06740245111031742,0.06320390583468968,0.060764050798004295,0.059167456658672256,0.05830798405787225
4209.3,1806.4675960542631,101.6,0.005520087919538923,0.005521112717822969,0.005513781140011007,0.005482445262543796,0.005406589526535107,0.0052678566740322974,0.005064317739407336,0.004828219935926033,0.004639127931780849,0.004635234584955161,0.0050627875440152105,0.006500687905128377,0.010837891448151631,0.0260811806541023,0.08291004481423019,0.13554281310270488,0.1096454085406279,0.08670106279455926,0.07371637831405224,0.06638464292576961,0.06223101556028577,0.059877546780615555,0.05836115341530906,0.057543407559361416
4209.4,1809.65036214685,101.5,0.005558278213281165,0.005554615613327773,0.005537202732009269,0.005490615700564346,0.005396213424776643,0.0052395191110296835,0.0050236508848856545,0.0047848386026023235,0.004603585769707197,0.00461673435665964,0.0050711323735420635,0.00655729361716606,0.011018314800319002,0.02671026193306489,0.08484094387750545,0.13585044050851303,0.10925929713878633,0.08607981363120383,0.07292268944125523,0.06552905893798391,0.06140542639275258,0.05911975509858305,0.05767004963354022,0.056888029138590056
4209.5,1812.8430569334137,101.4,0.005581161720462001,0.005573582845630245,0.005547808167309601,0.005488718236822385,0.005379377213903053,0.0052086178693426695,0.004983684398872715,0.004743941684945648,0.004570599144892591,0.0045996037504979605,0.005079052038047674,0.00661137608131844,0.011193404983320016,0.02732558594942446,0.08667588454923476,0.1361416472598978,0.10902715855829243,0.08566931509999369,0.07237084285314634,0.06492562064325158,0.06082344988076498,0.058587236900417394,0.05718503589502346,0.05642809432048036
4209.6,1816.0258230260006,101.4,0.005488948223573179,0.005483007065586186,0.005461238512139327,0.005409244306624201,0.005310496822156449,0.005153504338150277,0.004944203851390397,0.0047200169611064805,0.004560597894293683,0.004601903032566246,0.0050947262597039215,0.006650197919574897,0.01129685641337499,0.02767368642277508,0.08766061662960156,0.13610014343282878,0.10860347893056069,0.08505776584261335,0.0716238301729979,0.0641372865045865,0.06006468373508056,0.057887446441838325,0.05654453788722559,0.055820279601844755
4209.7,1819.218517812569,101.3,0.005530951883432799,0.005520632726817863,0.00548934570024468,0.005422760575201664,0.0053059051194377154,0.005130654059055757,0.004907423165926556,0.004677416753022874,0.004521687152225912,0.004575666547050272,0.005091223193506697,0.0066907882286627255,0.011455583780481728,0.02826027520899049,0.08927154951551122,0.13585822382388507,0.10813757575575315,0.0847306579253148,0.0713467773278965,0.06387668616677866,0.05982066259888105,0.05766280795726506,0.05633799158567116,0.05562385486862203
4209.8,1822.4012839051559,101.2,0.005579970802558969,0.005565025269338628,0.005523654258043036,0.005441595562842532,0.0053054970513784164,0.005110687946170847,0.004872160358554694,0.004634948940316463,0.0044816045170801054,0.004547182506298111,0.00508482738674664,0.006728605581905766,0.011613685931385183,0.02885174111500718,0.09081102286341744,0.13554045188907698,0.10772852935808651,0.08447355938131333,0.07112395469470846,0.06365748972132661,0.059611323887205435,0.057469480789002644,0.05616036538101529,0.05545500415872894
4209.9,1825.5939786916088,101.1,0.005633983641694327,0.00561429086765498,0.005562550675478002,0.005464559741139697,0.0053086242898607704,0.005093575762529556,0.004838953765049759,0.004593581388065426,0.004441534588216829,0.004517688773608624,0.005076777518342403,0.006765177556366478,0.011774528671569568,0.02946235753686398,0.0923433082705829,0.1351783159021814,0.1074605125291305,0.08450758963973883,0.07128102407997904,0.06384778768872727,0.059801749363147944,0.05764758655844309,0.0563232400243797,0.055609145005917265
4210.0,1828.7767447841957,101.0,0.005692654184911996,0.005668084569924754,0.0056056857617462885,0.005491329529632223,0.005315033319825909,0.005079157938757204,0.004807721645623359,0.004553192887919421,0.004401078636675161,0.00448607324222603,0.005064432270161467,0.006794383795312923,0.011922779751233124,0.030052439471953837,0.09386997134694776,0.1350258969950133,0.1075500744871499,0.08497267064375122,0.07187491446550057,0.06444439966668082,0.060361985645180555,0.05816306643784588,0.05679618234648677,0.056058446293188596
4210.1,1832.002903490742,100.9,0.005750081639266427,0.005720825276670019,0.00564819294141576,0.005518174806119743,0.005322494199476893,0.00506691133220693,0.004779642084517413,0.004516490348358751,0.004364280431676865,0.004457732933154444,0.00505513820469109,0.006827641129330095,0.012080803415159507,0.030674857195907297,0.0954177041215405,0.13484541170240563,0.1076570950824552,0.0854684130105786,0.0725024349829683,0.06507504417416257,0.06095528653993518,0.058709246124454044,0.057297104623763785,0.056534218868899505
4210.2,1835.2290621974037,100.8,0.005803417858310608,0.00576958577244094,0.005687037540932503,0.005542017233856278,0.005328057461814608,0.005054283508760847,0.004752871796742105,0.004482601575341349,0.00433140113328818,0.004434138675058604,0.005051749134631158,0.0068699551901939245,0.01225903434445207,0.03136041255199678,0.09706979725562666,0.13456544765037667,0.1081327588242207,0.08658175907757333,0.07381563610203946,0.06636843920078041,0.06216033984334426,0.059813398896124165,0.058308754405137234,0.05749533749258145
4210.3,1838.4539652966075,100.7,0.00584686721587881,0.005808909195700917,0.00571748188920139,0.005559173004240396,0.0053292871486465545,0.005040056011639072,0.004727149150553541,0.004451871978859901,0.0043030942500584535,0.004416134357975455,0.0050553789617791955,0.006922950826693643,0.01245906741091561,0.03209541366536344,0.0986609960680574,0.1343038466249979,0.1083467606499432,0.08737655284093343,0.07486584214493767,0.06746159664749807,0.06320221668624221,0.060771646455959595,0.05918454610081319,0.05832613866065103
4210.4,1841.6801240032692,100.6,0.005882178813503105,0.005840283383414174,0.005740504884276107,0.005569948151212619,0.0053257966713463325,0.005023307380847139,0.004701330559281018,0.004423294519372877,0.004278775209072194,0.004403658675020252,0.0050663285755919284,0.006986509568718401,0.012676690885510955,0.032849996802717926,0.10006849694210737,0.13389546085027346,0.10859835031111933,0.08834033427590228,0.07614427522567963,0.06878456882636176,0.06445262806549125,0.06191508231217583,0.060227492518085804,0.05931551345241265
4210.5,1844.9062827098155,100.4,0.006044052220205472,0.00599024362929385,0.005865221498369514,0.005657624880537003,0.0053700071349028385,0.005025941247442612,0.004672626564216041,0.004378665640461599,0.004234765079025635,0.0043766928837932935,0.005078331421617849,0.007088207822988004,0.013040021204936575,0.034117872966969866,0.10245830261597388,0.13343480743003053,0.10850898987876952,0.088864223388592,0.07695719340238366,0.06966470346816118,0.0652995137406831,0.062692771558402,0.06093571723956655,0.05998654209666418
4210.6,1848.1324414163619,100.3,0.006061184714101019,0.006003666313713216,0.005871057072733346,0.005652925762040829,0.005354011066485594,0.005000810918265589,0.004643107240676494,0.004350881592603464,0.004215246965629197,0.0043731626105989255,0.005104637393394845,0.0071818433680802376,0.013330907651653021,0.035067725680056235,0.10391764493132956,0.13276366525472477,0.10819039901398461,0.0890264242510695,0.07735298038883835,0.07012759155277591,0.06575187067918545,0.06310692987780964,0.06131105856697161,0.06034170008097662
4210.7,1851.3474219762852,100.1,0.006206807407442857,0.006137002660969604,0.00597892699166428,0.005724617829487113,0.0053850749626898975,0.004995220057047081,0.004612206295296706,0.004309787926933043,0.004179495755581906,0.004358893553901405,0.005136182808301031,0.0073194559403834784,0.013777426101045692,0.03652505722607558,0.10605777489194983,0.13189150892439463,0.10760508405216665,0.08892412725961332,0.07748328501080383,0.07033802458629523,0.06597363239738614,0.06331249838991669,0.061496045629499355,0.060516012498599794
4210.8,1854.573580682713,100.0,0.00620454350464127,0.006131739193142473,0.005967858323873766,0.005706180129049156,0.005359900180284893,0.004966366447648815,0.004584494306429186,0.004288752432411218,0.00417109154915533,0.004371330658882256,0.0051865534171739785,0.007455988472992253,0.014164886353731653,0.03771104963306159,0.10758985222692065,0.1312462664799114,0.10708685699897877,0.0886191328672302,0.0772716729316531,0.07017607785126509,0.06584251108554393,0.06319799119425876,0.06139048675730536,0.060414779274837266
4210.9,1857.7997393893747,99.7,0.006469101697170816,0.006374791128373128,0.006167032478445307,0.005844444087525276,0.005431585885358531,0.004979460753553984,0.0045574911652325805,0.004244429630382486,0.004131911900407322,0.004360556708965707,0.005239991936817621,0.007662613395955931,0.014818348176609715,0.03975606107576094,0.11006392233561976,0.13019987706326652,0.10624450645380235,0.08814010916779308,0.07694309002721329,0.069912450729206,0.06561722413460323,0.0629967245685699,0.061205193112984564,0.060237871347707965
4211.0,1861.024642488694,99.5,0.006579109149322626,0.006473778444200578,0.006244135708517037,0.005892397902508484,0.005449598425552681,0.004973661148036742,0.004538685281126764,0.004225005897086707,0.004124495307584807,0.004380649930908021,0.005316659192634685,0.007873631614748001,0.015418826488562848,0.04150028962164775,0.11165163660160027,0.12905945014840509,0.10518909308047267,0.08720388170728771,0.07604675666075275,0.06907834381266335,0.06486119769894562,0.062313088595290146,0.06058004970771296,0.05964339817996564
4211.1,1864.305572234992,99.3,0.006776033234255225,0.006653275210165469,0.006389064039225724,0.00599130873245018,0.0055009642553409625,0.004986162119476908,0.004527514934849702,0.004207218264428886,0.00411700488258727,0.00440350981064811,0.005406472099986178,0.008127663483210935,0.016155194565883643,0.043638682741413456,0.11352138683296223,0.12780270082970513,0.10397130861156514,0.08616320318295817,0.07509621969602662,0.06821367807510945,0.06408192302444862,0.0616077827459197,0.05993399098407235,0.05902857830426067
4211.2,1867.5853893030053,99.0,0.00711204948624662,0.006960062265777713,0.006638393246222299,0.006165155811993798,0.005597819026062893,0.005020255895744827,0.004521983516103497,0.004186724955237694,0.004104881726423136,0.004426349968533565,0.005511961476325848,0.00844223869173717,0.01708830060020868,0.046297399582412094,0.1154101483752878,0.12636576920686415,0.10281715659910097,0.08531777789220729,0.07438473410294427,0.0675880692018187,0.06352587177692563,0.06110564189697031,0.05947307684604923,0.058589453141301095
4211.3,1870.8762554504206,98.8,0.007278660261818712,0.007111307914420847,0.006760143477308627,0.006249520084737203,0.0056459964894276845,0.005041325760533638,0.004528972771117785,0.00419327235111643,0.004125090490434972,0.0044796787506464885,0.005638679241283435,0.00875307027630356,0.01793571584988786,0.04853876690359925,0.1165645655565471,0.12512795753033368,0.10181896589880302,0.08448348152299737,0.07360717033437389,0.06687152417825235,0.06287837356794529,0.06051985229804462,0.05893647813952289,0.05807870919478894
4211.4,1874.1560725185361,98.6,0.007456116136000104,0.007272789524653414,0.006891212263990271,0.00634248173964017,0.005702570124124345,0.005071021192359857,0.004544953436786728,0.004209180998512062,0.0041552920856902055,0.004544718082286051,0.005782020933138843,0.009094688488790184,0.01885317540169855,0.050885344058800366,0.11749970598301894,0.12381599054498166,0.1009638352547485,0.0839826367404689,0.0732686691537411,0.06661753140438813,0.06267123092767043,0.06033649787079594,0.05876645856158076,0.057915696952615545
4211.5,1877.437002264834,98.3,0.007794923705618228,0.007580521946183622,0.007140053880851484,0.006517913925397384,0.005807826573634349,0.005123138570362683,0.004566524556681816,0.004222266841971412,0.0041811156370952255,0.004610905303940415,0.005944748978712962,0.009509048936688115,0.02000943947863936,0.05387269723646365,0.11882158748664036,0.12245688267057571,0.09990333964789816,0.08322769429282295,0.07267823344255156,0.06613441124502538,0.062260280134387634,0.05997012776818065,0.058429262364314116,0.05759329800476661
4211.6,1880.7168193327316,98.1,0.007976817487487152,0.007746537301583852,0.007276605308161428,0.006618851983196574,0.005876221807847056,0.005168760588671841,0.004601703023324638,0.004259542419731851,0.004234471600638952,0.004702245650151447,0.006122682062848521,0.009908646397344381,0.02104560579427148,0.0563480258487164,0.11952045687477914,0.12121901302890352,0.09900486703215049,0.08260324298403453,0.07219446427888829,0.06574026498373428,0.061925189198510755,0.05967109009380045,0.05815359615714677,0.057329733942763195
4211.7,1883.9966364008471,97.9,0.008137567029272675,0.007894353751685547,0.007400615356041797,0.006714394063985437,0.005946130385475607,0.0052212151164123385,0.0046470126179851716,0.004308611416448179,0.004300425522740717,0.004807035370223233,0.006316145938543661,0.01032910273958709,0.02210992327061928,0.05877407820522288,0.12006506863811155,0.1203228053336307,0.09861878969266444,0.08252937632131802,0.07224396903654934,0.06584028648340799,0.06204312612818831,0.0597861400528473,0.058258128335428365,0.057427940998744154
4211.8,1887.277566147145,97.7,0.008307650765095922,0.008051827433684452,0.007534915459827574,0.00682099865965016,0.006027727653400802,0.005285620010347299,0.004704184920275718,0.004369366616786052,0.004378254687540581,0.0049250134670360485,0.006526945405476568,0.01077874394177571,0.02323509152892639,0.06128528368687515,0.12076047614105476,0.11977768323080042,0.0985025446394973,0.08261653112311912,0.07237462899467656,0.06598010442937154,0.06218722230436871,0.059925311258235074,0.05838662154614356,0.05754955701906738
4211.9,1890.5673229771194,97.4,0.008641947254004979,0.008357673458592443,0.007788361459654442,0.007011563512624646,0.00616066038539034,0.00537672260569336,0.004772628221760588,0.00443391487683889,0.00445898656638671,0.005052348678328961,0.0067675393104836695,0.011316397042766357,0.024610316393871828,0.0642516237046188,0.12131497950478325,0.11906550992148984,0.09841638017218272,0.08285595022587404,0.0726986520139975,0.06631090116624644,0.06250631735335851,0.060222203447422906,0.05865872389286822,0.05780768109652876
4212.0,1893.8482527233125,97.2,0.008781468903285924,0.008490775682070717,0.007909734267314896,0.007118927189304562,0.006255365778848869,0.005462992193525079,0.0048566015746668335,0.004523763445188389,0.004567208580335851,0.005202717212205564,0.007015313249688053,0.011811691119924923,0.025774380499001583,0.06652777137019102,0.1217003195251403,0.1190997289225291,0.09925357347745409,0.08401219949479911,0.07386008339709886,0.06738591234138405,0.06349248903803702,0.0611242431014885,0.05948629685549745,0.05859484361747655
4212.1,1897.1584793017623,96.9,0.009051002803346692,0.008741100841115571,0.008124880181309845,0.007292047433598975,0.006390066412723966,0.005569918592224109,0.004949131805385947,0.004616224807775459,0.004677192738047766,0.0053597554412426595,0.0072859447659786684,0.012377411642647343,0.027150154717786666,0.0692734551582673,0.12224562039681895,0.11936622137435185,0.10034000405125465,0.08533220591027205,0.07509366490118717,0.0684835865088619,0.06448679030570902,0.06203344402494837,0.06032182003733931,0.05938972712789184
4212.2,1900.459539737325,96.6,0.009336910486734358,0.009006653199235907,0.008353255406185821,0.007476173594819559,0.0065338336764883065,0.0056844844813068824,0.0050483831329234865,0.004714966814069135,0.004793534830088874,0.005524010973725096,0.0075661407276866955,0.01295791156611774,0.02854046214149414,0.0719153933334004,0.12298206753233311,0.11972339388296017,0.10138117139601105,0.08659482675102184,0.07628612850883128,0.06955144851432929,0.06545546575538944,0.06291811013353586,0.0611338708935721,0.060162235255716
4212.3,1903.770566768409,96.4,0.009453633531329707,0.009122956091531067,0.008468473638523258,0.0075893788570604625,0.0066443873166306695,0.0057929916036314885,0.005157652132199893,0.0048311284497048485,0.004928462147759901,0.005702066462898972,0.007844287569229698,0.013488486003258608,0.029730982940976803,0.07401956639591861,0.1235553509004792,0.12020596197482893,0.10252463990455081,0.08794498631238791,0.07756302895011015,0.07070080492391795,0.06649917573384567,0.06386970952305158,0.06200605638129032,0.06099154792253085
4212.4,1907.081593799417,96.1,0.009792646066880614,0.00943626422534639,0.008735100491780771,0.00780084816700544,0.0068058723939819,0.005918295932954401,0.0052633610524263795,0.004934227302109993,0.005048846917998259,0.005872110587378814,0.008135929932198867,0.014095583700435146,0.03117630783509753,0.0766366099123458,0.12433777448743381,0.12048699796545126,0.10326417034967336,0.08887260442530698,0.07847906119421122,0.07155374776014406,0.06728855406244687,0.06459282996180138,0.06266789298246749,0.06162008182018151
4212.5,1910.392620830385,95.9,0.009948607669135669,0.009587544673018342,0.008877565205218313,0.007932183783123313,0.006926264573162267,0.006030424802341519,0.005372225954560192,0.005047629728643574,0.0051797042648357786,0.006045417383322989,0.008409344977943834,0.01462329620892753,0.03236428437050119,0.07863803843881932,0.12468866340667525,0.12029344472861991,0.10337905301008357,0.0891960545474279,0.07888584020625143,0.0719791700948449,0.06769993929725707,0.06497162850138682,0.06301266387925872,0.06194664763624214
4212.6,1913.7036478613932,95.7,0.010122510095015446,0.009754373562216891,0.009031359599349337,0.00807008307894203,0.007049155261990894,0.00614229842789095,0.00547935652663172,0.005158764936861327,0.005308424534108885,0.006217360825731151,0.008683315589701802,0.015155971009819583,0.03356064161461223,0.08058399810754188,0.1249205495703796,0.11980489291668592,0.10301130960006263,0.08896956426661395,0.07875726890762844,0.07191187490970431,0.06766263129528488,0.06494324824093886,0.06298546729690062,0.061919813859650785
4212.7,1917.0146748923612,95.5,0.010309752024651958,0.00993197017855542,0.009191486404582325,0.008209503020860561,0.007169761584501494,0.0062497008711182335,0.005581342860548275,0.005265251276990974,0.005434042220885983,0.0063893638463180386,0.00896427001087844,0.01571177888468651,0.0348055828005793,0.08248818101606714,0.12490831952419211,0.11900490788041482,0.10237144425359841,0.08858301471151454,0.07856607813833212,0.07183088867290383,0.06762473344167907,0.06491350981463444,0.06295478622111522,0.061889032891568434
4212.8,1920.3257019233693,95.4,0.010294496208841564,0.009930449892890126,0.009214357137803275,0.008260003475250534,0.007244014329595322,0.006340996936591394,0.005684783498465702,0.005380667426366978,0.005568162350263444,0.006560504977862474,0.009216855814810729,0.016160713192969883,0.03572007882169281,0.08373447562241583,0.12483042797664469,0.1184473575321871,0.10191467026474804,0.08830476389812894,0.07844505498966226,0.07180532715358252,0.06763600561393135,0.06492894373574938,0.06296589864892188,0.06189806032816558
4212.9,1923.6359285017459,95.2,0.010516597632317751,0.010137147121745583,0.00939343256075076,0.008406934952189601,0.007362490623352011,0.006439945561105662,0.005775207602971438,0.005474859912008439,0.005682461857663663,0.006724041175122974,0.009495878629836897,0.016728813156878283,0.03698712907479474,0.08553586973695287,0.12478521579937818,0.11766738483046436,0.10125473459453663,0.08787757761477213,0.07820342749189954,0.07166931187595468,0.06754351878591597,0.06484861514793067,0.06288905896417456,0.06182353296950855
4213.0,1926.9369889373847,95.1,0.010533517124840904,0.010162592220163177,0.009433988722440886,0.008464559792612746,0.007434839175282045,0.006523265016888046,0.005867511642581174,0.005578194570492954,0.005805314614073899,0.006887178605112288,0.009750139845067767,0.01720939239518317,0.038014189696473424,0.0869537125629906,0.1247440174625189,0.11693405605422684,0.1005135631980593,0.08728877996270663,0.07777725692424481,0.07135600463537424,0.06728925183966496,0.06462251005492373,0.06267970646604144,0.06162315945200139
4213.1,1930.2708305653784,94.9,0.010662739512296132,0.010286220684253394,0.009547551089717752,0.008566306936366622,0.00752615172051846,0.006608019682008566,0.005951474293005025,0.005669517214213645,0.005917305468896856,0.0070463134414261155,0.010019262417130949,0.017756318048737497,0.03923666924345618,0.08869817063886196,0.12492309867992756,0.11634235599511397,0.09986826293881651,0.08673545587133123,0.07732757165813997,0.07098617251609171,0.06697131258134567,0.06433791042513157,0.062418386870204,0.0613739274525741
4213.2,1933.6042072316964,94.7,0.01078619753683453,0.010403800343840551,0.00965468497319397,0.008661440745354975,0.0076110685410308585,0.006687040073514319,0.0060307614690266855,0.005757673436879205,0.0060285051385350575,0.007209306915647099,0.010303637094605448,0.018351182485007538,0.04059937938027885,0.0907210457025705,0.12540743383666927,0.1159390142203151,0.09924248206131905,0.08606257539335091,0.07668539917478981,0.07040787937167421,0.06645788852013286,0.06387833861562688,0.061999141577926915,0.06097491685660676
4213.3,1936.9275940583796,94.6,0.010707183447803035,0.01034157705020314,0.009622703547741663,0.008664700327962033,0.007646077129146161,0.006746348478575826,0.006108196750961358,0.005851886485283688,0.0061458170265811405,0.007369831318212554,0.01056070129207751,0.018853868028648038,0.04172561503700086,0.09250997702695993,0.12622098620477729,0.11594296009520987,0.09888149184300918,0.08553119722662313,0.07611634785411275,0.06987564630490278,0.065983426017928,0.06345611348415038,0.06161546718514909,0.060609922370454386
4213.4,1940.260970724814,94.5,0.010638420541037731,0.010286366250803527,0.009592448596390515,0.008664488582282564,0.0076742504009534645,0.006797827374480642,0.006178792589784762,0.00594169668466615,0.00626251298886618,0.007535591313978903,0.010832520305147654,0.019383567810223854,0.04286132841485572,0.0941803243029297,0.12711250213672357,0.11628456554703247,0.09891866095196568,0.08535675814345471,0.07583701804224073,0.06958015235024405,0.06571384324435692,0.06321874839059777,0.0614019767671816,0.060407233992296167
4213.5,1943.5943473911739,94.4,0.010564717700609558,0.010224922883790078,0.009554012403053756,0.008654523212772689,0.007692234093832205,0.006839937753537445,0.006241797002949703,0.00602637522942422,0.006377340986742895,0.007704440654589693,0.011116505592396783,0.01994385729119903,0.044059218090855286,0.09593054147491947,0.12808374884926227,0.11661351227724366,0.0988170143120343,0.08496533868177028,0.07531874384960766,0.06905528558508997,0.0652345574752542,0.06279227164768732,0.06101630911943305,0.06004092395143196
4213.6,1946.9177342179735,94.3,0.010461191005489782,0.010135537225540898,0.009491481733063844,0.00862578038651582,0.00769731993652413,0.006874731466657112,0.006302330668406057,0.006112752337720492,0.006497765653243055,0.00788297357801133,0.011413767513045197,0.020511530399559167,0.045197395695950285,0.0974464218509992,0.12909007602281897,0.11732878601190926,0.09924805955869043,0.08512225548765438,0.07530469096204039,0.06897982054825849,0.06515832669902097,0.06273042033895053,0.060964488142673086,0.05999235435676303
4213.7,1950.2515758458062,94.2,0.010377581575759678,0.01006091396706185,0.009434709587742581,0.008592993201719091,0.007690203898506868,0.006893224994144974,0.006347724721514373,0.006192753561912653,0.006631713637698943,0.008114376994583115,0.01187236469202336,0.021778317221460047,0.049764995995682,0.10229403028424804,0.12633684790821406,0.11544529943708311,0.09896315632356266,0.08535451946276827,0.07569489572219879,0.06945304812828179,0.06565992987037372,0.06321427472114993,0.06142887827881334,0.0604275652464676
4213.8,1953.5849525121662,94.2,0.010054584652997573,0.009773984363836854,0.009215864391549465,0.008457623078317725,0.007636433798398158,0.006907119505417957,0.006413098882559782,0.006298793656179743,0.006776867946719317,0.008310720427921492,0.012154102580601395,0.022213467860440206,0.050346703872671685,0.10266637421629204,0.1267281401499478,0.11589602592800442,0.09937630613008429,0.08574319718069183,0.07608659350659558,0.06992071551824879,0.06619276400714823,0.06379025919023334,0.061974505923325054,0.06096184536221839
4213.9,1956.9083393389658,94.2,0.009758546695889093,0.009507806610520352,0.0090086272088921,0.008327775041717708,0.007586455755482478,0.006928400262697473,0.006482488204476532,0.0063721992655838035,0.006820438066939584,0.008417898821149251,0.013111230806152825,0.027721989844903757,0.06669047824215167,0.11473405471467328,0.1271041598274696,0.11519333077551139,0.0997550073981669,0.08666063854945419,0.07707561350304805,0.07062661032745432,0.06664384046873736,0.06401009780528864,0.06218241693283721,0.06112628544714758
4214.0,1960.2417160052837,94.1,0.009697831624622231,0.00945388679361749,0.008968861711380989,0.008308207122135187,0.00759059940543496,0.006957516234551472,0.006537994860857615,0.006459349645545751,0.006953757531367559,0.008633140895752326,0.013481516054595213,0.028280642123723176,0.0669662909327097,0.11444152219524581,0.12687196300566167,0.11504573231273253,0.09962050597382117,0.086551792916139,0.07700008770787246,0.0705826579897539,0.06662089103703125,0.06399310852633255,0.06215704487905738,0.061095808755952774
4214.1,1963.5920891188077,94.1,0.009444356823730578,0.00922669676294605,0.008792092669465243,0.008196289758631223,0.007545021313810266,0.006969636261352606,0.006596735379532449,0.006558281210554493,0.007096334330402683,0.008839065252539616,0.013787583959463058,0.028628114485254954,0.06683413459790435,0.11394790772832426,0.1267850824625542,0.11514027501582326,0.09974104994528941,0.08671819024072004,0.07721844370000831,0.07083399791721075,0.0668768769312478,0.06423202933943936,0.06236729294387884,0.061290130666725104
4214.2,1966.942327916244,94.0,0.009444989663267355,0.009228870384714968,0.008798343650636534,0.00820997436780693,0.007569872431334297,0.0070094147969838,0.0066563079114885125,0.006646393296788422,0.0072306615336686685,0.009057839461267874,0.014159742871398685,0.029155305622487224,0.06705284655220424,0.11371074860523275,0.12664832478268795,0.11502249573996953,0.0995538799242165,0.08650226742502926,0.07701464798031371,0.07065980977993587,0.06673029515934469,0.06410409209323399,0.062243279514177005,0.06116724504939241
4214.3,1970.2825674286987,94.0,0.00926084404890335,0.00906511493213153,0.008673935468350732,0.008136769225780705,0.007549968425425295,0.007037019352705997,0.0067236956188952614,0.006749867885145105,0.007375035525512835,0.009261260404288414,0.01444771484593164,0.029439073313808503,0.06681569537671177,0.1130310090468583,0.12612908614276372,0.11441022702809785,0.09875588985529134,0.08564512980357404,0.07620031129990733,0.06992616106623396,0.06607212724811821,0.0635128075797681,0.0616985672506269,0.060647555982401326
4214.4,1973.632806226135,94.0,0.009137357778357648,0.008957482849486803,0.0085971735640058,0.008100762131684652,0.007557232264227859,0.0070839067672530415,0.006805051166661742,0.00686411440595783,0.0075277700640441125,0.009468431506036375,0.014723844030094484,0.02967292140537539,0.06650907118016625,0.11230069664802013,0.12546935234925885,0.1135145705665752,0.09758596488976076,0.08439478411936593,0.0750094779506932,0.06884489522309119,0.06509463809516865,0.06263171475961345,0.060889687793118666,0.05987838958972507
4214.5,1976.983179339659,93.9,0.009239804386658883,0.009056743166054496,0.008691075811485614,0.00818933426237559,0.007643051452932839,0.007171790076037803,0.006902044565851739,0.006980986599716587,0.007681418278001021,0.009686973254411643,0.015036667386081537,0.029998885696636748,0.06640283748336967,0.1116791891842883,0.12472562618589511,0.11256357379836966,0.09644712401174281,0.08321310809133231,0.07388485496033567,0.06781468170703844,0.06415571378968599,0.06178203349619733,0.06010844369823252,0.059136344901506765
4214.6,1980.3334181370954,93.9,0.009159012316084852,0.008991633656361369,0.00865645133509687,0.008194892046243045,0.007691112428958123,0.007258455064807633,0.007021627722009522,0.007130720531032704,0.007862915338888872,0.009902858545335182,0.015262566323744564,0.030055880172325068,0.06580175403763242,0.11052223309452701,0.12346406115550798,0.11107986212968322,0.0948138917992596,0.08161170429998242,0.07240840280579108,0.0664792268464335,0.06293792371570668,0.06067631418065789,0.059093665626318896,0.05817486948927655
4214.7,1983.683656934648,93.8,0.009353745054516593,0.009179601325170612,0.008831994032383349,0.008355684912636342,0.007839040511602903,0.0073992994288428985,0.007164351750168025,0.007288060771935833,0.008051431455243582,0.010142097782126382,0.015545115026098707,0.03020129363109874,0.06524364072697482,0.1092882020777,0.12232819038871288,0.11009804132562945,0.09390626940966469,0.08079304361839629,0.07168370402436866,0.065839724506096,0.06235560065603174,0.060148477584307074,0.05860406876114049,0.0577140833455099
4214.8,1987.0338957320844,93.7,0.00956650887227111,0.00938648196293144,0.009027972164522556,0.00853861784837038,0.008010371211640648,0.007563851248513841,0.007329912090774714,0.007465843155912518,0.008254738698875273,0.01038124292853914,0.015786343834380656,0.03021009655780374,0.06445442640542808,0.10792855139622477,0.12123582582566132,0.10926098247360845,0.0932074699527513,0.08022333987694395,0.07121838711669227,0.06545650268277785,0.062009403894947614,0.05983918531370354,0.058311724785817,0.05744499191075664
4214.9,1990.3742699625946,93.6,0.009819501414960317,0.009632278160895418,0.009260211533025338,0.008754041556569605,0.008209939199960542,0.007752338761255152,0.007515299175515238,0.007659175149526558,0.008467919750333782,0.010618169903786603,0.01599515197781022,0.03011064702010614,0.06344856345184406,0.10646313588493697,0.12033389908615388,0.1086996561290779,0.09272064550072219,0.0797945164910118,0.0708565466747118,0.0651641999737051,0.06174620534278215,0.059608152532533716,0.058093395749581105,0.05724756423377966
4215.0,1993.7245087600309,93.5,0.01013715800445714,0.009939660331370817,0.009548042343210774,0.009017013067995398,0.008448454364815127,0.007971718633732455,0.007724493715309833,0.007869770346758282,0.008690937106945703,0.010851814920957641,0.016174033925949453,0.02993670980118177,0.06236916615561466,0.10513505550072715,0.1199079070067671,0.10883969006895367,0.093020223065953,0.08013949059141662,0.071216455343422,0.06552869958262332,0.062080514387762215,0.05991825414712888,0.05837611718436905,0.057526308363199365
4215.1,1997.0845236409384,93.4,0.010483196487846253,0.010276196864870695,0.009866336329274644,0.009311696666369395,0.008719247406608283,0.008222712227227187,0.007963035361221829,0.008105404566773585,0.008931471287937523,0.011088227879042033,0.016328309115408172,0.029703147791895045,0.06126395651729133,0.10409882700434685,0.12018845555814738,0.1097935565706053,0.09405969616296232,0.08112593098512674,0.07214355645919218,0.06640793363297862,0.06288742501425255,0.06066127624177719,0.059058358659088886,0.058186070014520995
4215.2,2000.4345385663707,93.3,0.010841967410933634,0.010628425221372069,0.01020575436413261,0.009633796644321182,0.009022914414270892,0.008509845614351178,0.008238028962390544,0.008374474832770446,0.009198658113185263,0.011338236241982672,0.016476345913454097,0.029445896452285566,0.060137836171374345,0.10307340429264891,0.12061350361913273,0.11103206566604286,0.0954527973708344,0.0824677223416448,0.0733914893204946,0.06757035298440082,0.0639424279228739,0.06162848884348978,0.05994328446101023,0.05903999828876523
4215.3,2003.7945385663568,93.2,0.011200321941094422,0.010985930102817195,0.010560860051997833,0.009983639979994921,0.0093648179186011,0.008841672562617827,0.008558826656934866,0.008684571325876068,0.00949595480804879,0.01159897098499785,0.01660796712744196,0.029148953573210075,0.05899953523316052,0.10220854578285214,0.12152448731294568,0.1129695276995949,0.09758631606368218,0.08448950306365625,0.07523731107584694,0.06925656783336868,0.06546792655334127,0.0630193388681914,0.061214282498586625,0.06025444940002765
4215.4,2007.1445534916727,93.2,0.011255755817990768,0.011076804953302228,0.01071759827697768,0.010220717629306023,0.009676954719064506,0.009207861742356068,0.008951009968223832,0.009073571445266758,0.009849522688743067,0.011860264888501153,0.01664523925114821,0.02862726802964661,0.057516081323437315,0.10108829214538838,0.1224031328962489,0.11495799931345477,0.09975623734300099,0.08649157712653117,0.07701750464921221,0.07085979141613326,0.06692090929131767,0.06433868084002405,0.06240401986440629,0.06137622031461152
4215.5,2010.5045683725775,93.1,0.011588130185026264,0.011425786528959122,0.011095365909631404,0.010631926052198858,0.010112564903669932,0.00964974010211797,0.009380575937054735,0.009475246941721917,0.010202189564446197,0.012130559540396673,0.016737375675496956,0.028298381074114705,0.05648252872193208,0.10042000835099867,0.12332698016230403,0.1167197896328382,0.10162903432865998,0.08821928070797377,0.07857250752345572,0.0722579985293491,0.06825480909443485,0.06553563745712357,0.0634923255160254,0.06239733768888015
4215.6,2013.8545832978962,93.0,0.011960817190508422,0.011819117943056104,0.011524962719950953,0.011101425475079658,0.010610497966111652,0.010152901143186736,0.009861373991681193,0.009907828460556314,0.010561749860926643,0.012381249605370574,0.016795911088868732,0.027946111647824384,0.055446347906082806,0.09961770820329373,0.12402807194731243,0.11844264045577994,0.10362912682271029,0.0901056667295913,0.0802423784907896,0.0737329102232918,0.06957839842358052,0.06672978508222174,0.06458509101436126,0.06343792726539971
4215.7,2017.214598178801,92.8,0.012670621907251442,0.012525705120449,0.012219740231129131,0.011769521454021692,0.01123257241245231,0.010709849819413458,0.010339172482823773,0.010299957472560978,0.01086676625185922,0.012593355211919904,0.01688049712741472,0.027788498769570878,0.054935660415771026,0.09932341531916987,0.12453705036662875,0.11951416869243063,0.10484463139768352,0.09120014310631644,0.08115773341736064,0.07450852502848242,0.07026558273837913,0.06734991304953182,0.06515506761250013,0.06398163823170962
4215.8,2020.5746130597058,92.6,0.013457617026280256,0.013310167656442516,0.012991407080655973,0.012508806785549905,0.011913114571546559,0.01130544544478247,0.010831389290525614,0.010682253989266182,0.011142066447965686,0.012763793534907157,0.016925372818077555,0.027623891079033853,0.05448598503683069,0.09888497786108039,0.12431659323853514,0.11964573971768667,0.10524116298482378,0.09164336033899377,0.08154026875619401,0.07482026509888343,0.07053319843461822,0.06758778635339946,0.06537380932530072,0.06419077440272421
4215.9,2023.924613059799,92.4,0.014340770881258041,0.014190006965938794,0.013853969063474822,0.013326942494419423,0.012651222802173668,0.011929788338054947,0.011321431580565994,0.011036303532136367,0.01137253301484586,0.012886541555075954,0.016943119977810294,0.027517890131550052,0.05434567166269878,0.09891249635406266,0.12409015535282036,0.11931684333896189,0.10496994352781991,0.0913411746815483,0.08119006934107452,0.0744406893261347,0.07017518073931411,0.06725198817471807,0.06508130261521324,0.06390373959636388
4216.0,2027.2846279407038,92.1,0.01576712024390993,0.015563005116670718,0.015108529474781588,0.014399295492753024,0.013497431902649586,0.01254015328495774,0.011721556357529627,0.011274804169279815,0.011505032158239892,0.012964680249641493,0.01701899881912239,0.02766926833105473,0.05479094432808962,0.0993436625646253,0.12340255581134145,0.11820161676803266,0.10401661312573887,0.09054812708519713,0.08044902215567602,0.07374352190565446,0.06951121899331324,0.06666195634082601,0.06452931441034454,0.06339514910097785
4216.1,2030.6246429106968,91.9,0.017122002087989235,0.016883932923600447,0.01634359776554936,0.015485716151811732,0.014378138132255556,0.013180999341107993,0.012121883799607741,0.011466003510275586,0.011540725349934616,0.012897986656642567,0.016809677411526388,0.02667852471120092,0.050913393766813995,0.09589449017634225,0.12494556974671386,0.11844901119285352,0.10247741271523189,0.08825972978078751,0.07806899090301175,0.07155028489164902,0.06758875845908721,0.0649779391454575,0.06302465958676202,0.06194814671457245
4216.2,2033.9647027903643,91.8,0.017955713152548868,0.017757724213615985,0.01726445439484583,0.016412077453484473,0.015228987423843945,0.013872463829116142,0.012606552535806895,0.011745294177209086,0.011648999403945435,0.012881490829318158,0.01672550731093734,0.026649356038125002,0.0512812509565074,0.09661426864182183,0.1239653714833854,0.1166888120888491,0.10103198788593787,0.08709757040574687,0.07700579151310857,0.07052572752851752,0.06661766504050352,0.06408413425016635,0.06220735181680843,0.061172509285915826
4216.3,2037.3047177604765,91.6,0.019393716787637683,0.019169104859139374,0.018587563936372106,0.017558835266987087,0.016117996330973355,0.014469661170712059,0.012939761331274597,0.011882405375601882,0.011665771225372207,0.012848451161954511,0.016731639225253687,0.02690064079101039,0.052271489629019,0.09795874502909822,0.12286693814311825,0.11454224392027125,0.0992296416192373,0.08566983728049343,0.07573675254405149,0.06932211168145944,0.06548082683204792,0.06303616786453249,0.06124743369146432,0.06026113029376459
4216.4,2040.644777640144,91.6,0.019594284307670653,0.019513174659000977,0.01916413768963852,0.018347308535980336,0.01698016753233802,0.015225180773936135,0.013469676346340184,0.012166405238246253,0.011745698795743767,0.012780362197276173,0.016570418305103616,0.026745058513916585,0.05241418904439092,0.09839222154478153,0.12184266703043502,0.11287407733874497,0.09781728486194322,0.08449558369523215,0.07464827039782154,0.06826969823966554,0.06448027694255463,0.06211233395103412,0.06040115200797247,0.05945768342676082
4216.5,2043.984792610137,91.5,0.020229251077100118,0.02022512822242053,0.019980586019818104,0.01921374059934114,0.017770424435144143,0.01581664095423944,0.013819342443739118,0.012311812451340519,0.011755046855106768,0.012717669524253544,0.016503044109831312,0.026814171523053508,0.0529686868460161,0.09916605905993053,0.12092389453534859,0.11126012648322596,0.09639272777231882,0.08328007693481455,0.07351880196027016,0.0671834596011616,0.06345088870931948,0.06116212184941613,0.05953002899397059,0.05863030339104928
4216.6,2047.3248524898102,91.5,0.02018165252613026,0.020317945986449832,0.020315829137139668,0.0197915386015437,0.018456958716495924,0.016420227229953063,0.014220801850507803,0.012504763224959229,0.01179083669401823,0.012649751881269346,0.016372893339295043,0.02668304829647739,0.05301190145973334,0.09935407041174857,0.1202326121858634,0.11022294984333744,0.09549326840515801,0.08248817815591372,0.07275218417690475,0.06642788177219792,0.06272746838970587,0.060492456051308645,0.058916100429261126,0.058047373834525
4216.7,2050.6649123695943,91.5,0.020046746556335215,0.020293199154931694,0.02049054603011262,0.02018111200422535,0.01896218235825803,0.0168806744010285,0.014532188850414523,0.01266002714282215,0.011832108110534117,0.012620968664297964,0.016309849563976957,0.026639680609039262,0.05312209707702928,0.09954793534545152,0.11975497452916456,0.10944754442300908,0.09472787707237132,0.08173655716360376,0.07199882568297253,0.06568825649051781,0.06202559420850829,0.05984554446497205,0.058323385205887264,0.05748433810759387
4216.8,2054.0049273395875,91.5,0.019776172052794794,0.02010296825397242,0.020457903192590325,0.020340841196206372,0.019260277794902855,0.01719573000864952,0.014768784087707518,0.012796851425801527,0.011892103881210793,0.012633797476447883,0.01630113497843265,0.0266441745520396,0.053211969053893436,0.09966498186169304,0.11948164508796072,0.10900785727566666,0.09429981250068269,0.08132783701850421,0.07159932086013557,0.06530128024021085,0.061659886962925695,0.05950833368557803,0.058014036689405864,0.05719034217686895
4216.9,2057.3449872192605,91.5,0.019504255904460557,0.019865138920490025,0.020296945646450678,0.020292816847591856,0.01932343090815959,0.017320603648673313,0.014897276305296941,0.01290061272112267,0.011970898807790257,0.012698957618833294,0.016366593499899655,0.02671857844666267,0.05323675450537996,0.09934629908626831,0.11888346956612929,0.1085057222935614,0.09393698134353248,0.08103717117011221,0.07133108022681148,0.0650406811614098,0.06140946418896594,0.05927470387348155,0.057798927583690596,0.056985970539340874
4217.0,2060.68500218937,91.5,0.01916111546196826,0.019521312378908917,0.01997083440847397,0.020025560914595206,0.019160470327167653,0.017273869184816777,0.014935397251344228,0.012981628321230843,0.01206945648804157,0.012808234179378548,0.016489114295865148,0.026841995782528345,0.0532270742357289,0.09888647838124975,0.11839869216946791,0.1082824745979109,0.09389141404518554,0.08107314058079788,0.07138655568965789,0.06509123682008544,0.06145073967555613,0.05930907487682883,0.057829563306937795,0.05701523552725252
4217.1,2063.9668461831475,91.5,0.01907045465313797,0.01936677528962148,0.01970631502564247,0.01965649854118879,0.018769168806425516,0.01697581318699425,0.014790495632952457,0.012974509081982557,0.012159490540564132,0.012969340510869896,0.016716776129662384,0.027121560052805475,0.05334956216595605,0.09830670135090812,0.11795169831909581,0.10840513148263593,0.09432515712855266,0.08162651037283335,0.0719549409558429,0.06563156385714365,0.06194946092533936,0.059763195976157306,0.058245060807949306,0.0574104573151886
4217.2,2067.2386958129428,91.5,0.01887990837898798,0.019090270742372385,0.019284619660827024,0.01910045525788124,0.018187938226775918,0.01652002300352503,0.014541847737564036,0.012916823589512641,0.012237910230387066,0.013141818368895606,0.016961822580497842,0.02738806878648338,0.053333323818599065,0.09753893814498756,0.1177642616679241,0.10900334693680172,0.09521548048521569,0.08258448981294572,0.07289407095825474,0.06651991353474915,0.0627738156155775,0.060517212595066434,0.05893590528919511,0.058067432931656934
4217.3,2070.5205398068365,91.6,0.018003801916984825,0.0181756182041616,0.018335881631006662,0.01818877847368089,0.01743806545871765,0.016033864166183173,0.014325481937866421,0.012898453456655013,0.012335378730522947,0.013297377493080995,0.017126727795555116,0.02743658795947029,0.052835602200771783,0.09638321407394121,0.11795001351307574,0.11019146376459775,0.09658251261009665,0.08390885459091398,0.07415265923293542,0.067709996217137,0.06388373836876413,0.061535198257570874,0.05986885888979956,0.05895426891354382
4217.4,2073.792389436663,91.7,0.017147812553236937,0.017266121990333536,0.017358556127703192,0.01719752697311512,0.01655585523827803,0.015388790238768612,0.013964662647014174,0.012776176318738702,0.012371405261610114,0.013423578744568036,0.017282459834805527,0.027484936827553312,0.052346316363316506,0.09537604094438598,0.11871061691159637,0.11206593491562522,0.09841326828871684,0.08547183869486294,0.07553535555569406,0.06898734559872337,0.06507346214869046,0.06262989352519263,0.060873792907449646,0.05990952742606614
4217.5,2077.0642390664584,91.8,0.016339522141979996,0.016396979645518048,0.016401266980977307,0.01618806049317073,0.015602882983686837,0.014626662837166824,0.013471364963878556,0.012539445933489516,0.012326922193123384,0.013504104746276347,0.017429259835090322,0.02759423144518659,0.05211195093336318,0.09476450915306518,0.11950455201531919,0.11366032634349461,0.09970350750861041,0.08642200471470893,0.07635080432060663,0.06976151804920852,0.06581042023019261,0.06331297585784765,0.0615007947058271,0.06050471769815915
4217.6,2080.3460830602357,91.9,0.015590861950541872,0.015588861951846807,0.015501559163461114,0.015218481934399784,0.014650579650984184,0.01381239228755885,0.012883306813247866,0.012192504324193661,0.012180467814760938,0.013502606565966023,0.0175195064447121,0.027683274096467942,0.05193020396882091,0.09444329724982585,0.12074838659484045,0.1153243285072078,0.10065432895853128,0.0868361369670005,0.07659930014396026,0.07000787265900857,0.06607356007120162,0.06357147025513875,0.06174105404879124,0.060732149891876336
4217.7,2083.6179326900624,92.2,0.014048428285946518,0.014069640188719533,0.014055729580467847,0.013924146442175,0.013595115618234942,0.013056335197587681,0.012427728853470694,0.011979090473028524,0.012116968168211064,0.013498284407046581,0.017587873522930376,0.0284340678494122,0.05515627451974275,0.09727387702454195,0.11988579229177038,0.11512504155260889,0.10130901092645234,0.08778862609807085,0.07754909739585078,0.07081937429127115,0.06671984876764268,0.06410720330497063,0.06221452013755779,0.06120254006243964
4217.8,2086.899776683925,92.6,0.012395686262606245,0.012452120508096845,0.012531989011821856,0.012573769864988253,0.012499729621022327,0.012263031297732423,0.01191765968116071,0.011672312077460894,0.01190706557415187,0.01328358241160853,0.017270345405170008,0.027903938039665194,0.054269651075522306,0.0967587516596068,0.12083172470745855,0.11605823902880592,0.10138641492432797,0.08729707863920108,0.07689470583191259,0.07017659161018573,0.06615135204932385,0.06359103768472675,0.061760952580628935,0.06076012008308041
4217.9,2090.171626313752,93.1,0.010774669136567789,0.010861084721719299,0.011020358952031975,0.01121247084692613,0.011367831792511184,0.011415759238148221,0.011349796233485589,0.011308409151912929,0.011632662352890781,0.012979636940844464,0.01682808815901452,0.027231215669587725,0.05332211824420655,0.09622882017435047,0.12162839565842222,0.11684016637256332,0.1013910562709923,0.0868006088068372,0.07624165075333877,0.06954422867569786,0.06557184754866681,0.06307962696927814,0.06129011276152047,0.06032141170537361
4218.0,2093.4534703076456,93.8,0.008925460134813315,0.009045908684494378,0.009294744945339264,0.009657592800530681,0.010081405395692808,0.010474765124346341,0.01075575330526657,0.01096027325189429,0.011361387424362152,0.012604757633124167,0.01618403066523119,0.026180764071281632,0.051877029304521115,0.09524346431904863,0.12195631523641846,0.1171202556478739,0.10096279682158286,0.08594776534408122,0.07531171807648822,0.06867069074574357,0.06478546963710546,0.062359929890805375,0.060645363595043564,0.059695106717984045
4218.1,2096.652485781085,94.4,0.007573229694036444,0.0076983139894196695,0.007968341726019365,0.008389155622595547,0.008933123621394408,0.009522761537832087,0.010048229749625917,0.010466894377618023,0.010967359032884368,0.012155806752406339,0.015536381747975687,0.02527340460848963,0.05086741397771765,0.09473252165180995,0.12231108239619524,0.11732327667517466,0.1006013054924817,0.08528517662727154,0.07458019216763279,0.06798519341499751,0.06415460882005228,0.061799207926210784,0.06012198571832925,0.05921125068372234
4218.2,2099.851501254594,95.0,0.0065245103578216454,0.006643783103226686,0.00690899982741426,0.007337838724505437,0.007925774696459303,0.008619477405078417,0.009308546514028381,0.00989547228918198,0.010488855707534217,0.01163417700283071,0.014851216655904468,0.024408372945688005,0.050153627680528855,0.09466194628762746,0.1225950190410477,0.11720641982742004,0.10012616006361828,0.08470092070034198,0.07406415841659825,0.06755243793500659,0.06381316818102709,0.06147624595176367,0.059843005692532085,0.05891602264391133
4218.3,2103.051282497177,95.5,0.00583084938186237,0.005938934660745789,0.0061827841219073846,0.006585571966569566,0.007155421678652901,0.00785980392691425,0.00860579472118288,0.009282927847895145,0.009945834342496176,0.011084346440089262,0.014213679072824819,0.023739460509916675,0.04990097840105089,0.09507653461874589,0.12296840533171341,0.11730048575696557,0.10018039265106485,0.08487371678448663,0.0743620872828642,0.0679123481431524,0.06419021950054833,0.061831871112639165,0.0601701180609445,0.05922339028014534
4218.4,2106.250297970686,96.0,0.005236149710843286,0.005334371482527003,0.0055578049886661094,0.005934031146778674,0.006479670271392471,0.007179086066801511,0.007957818200550982,0.008699804650063247,0.009412852575751807,0.010535547813507313,0.013574784672756168,0.023099009978942896,0.049758983826960285,0.0955626244233882,0.12314799820884972,0.11724862735934773,0.10035956931616258,0.08542026500062615,0.07510383867138355,0.0687449906801801,0.06498425719255803,0.0625863820080654,0.06083576454883654,0.059869670716466664
4218.5,2109.4493134443114,96.5,0.00472455457461581,0.004813736305177726,0.00501907096199749,0.005367562545177853,0.005884365502948292,0.006569612983454663,0.007361935318797914,0.008151126879602445,0.008901134822057215,0.010002603115859918,0.012944271097946616,0.02241742881386331,0.04949944396396648,0.09588336157282316,0.12319357056443743,0.11745755947892554,0.10122161418918449,0.08690223638034077,0.07708023441254909,0.07098406276137845,0.06731375000270358,0.06489894498389731,0.06304607133190751,0.061884195441057735
4218.6,2112.6490946867784,96.9,0.0043689360006967,0.004450703649917333,0.004639979491550201,0.004966742845225353,0.005459488993856898,0.006128313759746512,0.006936809707120899,0.007796670058786294,0.008672397441939575,0.009843172621328411,0.012271826136293828,0.018641504759423395,0.03736375248325708,0.08243571022188846,0.12294857846573555,0.12142055897341451,0.1048021228699131,0.0900289233101424,0.07993470092203496,0.0735505115366418,0.06953115608144472,0.06674367339024309,0.06460538172998323,0.06344311683367768
4218.7,2115.848110160334,97.2,0.004182824278010162,0.004256662654328043,0.004427616737029766,0.00472282426337487,0.005168737008106272,0.0057773334660310965,0.006523603424446115,0.0073407916722708555,0.008205197932978622,0.009367099287271407,0.011717718241260664,0.017851192216331038,0.03633877077524436,0.0822868265869979,0.12346438844386165,0.1222972695159644,0.10659489692247863,0.09248279831781563,0.08256305064171514,0.07602825223536955,0.07174344121759646,0.06869314048023145,0.06634759683999046,0.0650910297408418
4218.8,2119.047891402801,97.6,0.003931899381155983,0.003999018629722841,0.004154707176184236,0.004424413235727393,0.004834184607732302,0.005399321051484583,0.006105090741475433,0.006899842099798038,0.007761904244461659,0.008906676301836045,0.011149056783728949,0.016965859430486452,0.03498370313392846,0.08162645974772324,0.12402457000948956,0.12337266726315728,0.10837893348162017,0.0947635630807735,0.0849440079710346,0.07823696819994201,0.07369292946442815,0.07040129288425871,0.06786696055875273,0.0665289218578223
4218.9,2122.2469068764262,97.9,0.0038154417336158097,0.0038754903339058857,0.004014449363796124,0.004254452103913425,0.004618104206293428,0.005119530219202957,0.0057505234055716965,0.006478185967944988,0.00730113905298984,0.00842477890653418,0.010604386000899003,0.016222177215688013,0.03400697681745836,0.08163146831090322,0.12502213727889563,0.12437781470549773,0.10969761475884479,0.09636834759223012,0.08658701235739087,0.07973673502958316,0.07500110627357666,0.07154363330553089,0.06887905520103445,0.0674883313829841
4219.0,2125.4459223499352,98.2,0.00372481953887621,0.003777887899996246,0.0039004294642797288,0.004111241119045938,0.004429403220221989,0.0048674017530209255,0.005422101591202518,0.006076877662155736,0.006850618050355793,0.007945203756894606,0.010066550976818198,0.01551103108596372,0.03311550859100298,0.08187839766241031,0.12637906094515305,0.12541695886043536,0.11063302733959571,0.09734910916670093,0.08754825533522738,0.08061198294400938,0.07578068353034426,0.07224530008840373,0.06951563509653245,0.06809199460032474
4219.1,2128.6100494017182,98.4,0.0036915510673887772,0.0037371145085884796,0.0038428294900390314,0.004023943855168009,0.004295423030663434,0.00466763863852101,0.005141023104827852,0.005712275076915814,0.006421906765196144,0.0074768877860564445,0.00954782274829607,0.014863943928725719,0.03237329309373571,0.08229341047877718,0.1277247065069938,0.12608264197820673,0.11081791494192868,0.09735568336030058,0.08750461825398002,0.08060345678818782,0.07583450186259869,0.07238311660773426,0.06975688081675584,0.06835042971373562
4219.2,2131.764252946275,98.6,0.003672034944002999,0.003710931642937568,0.0038008538452023286,0.003953995799533471,0.0041820361158041,0.004493430934981056,0.00489169161153254,0.005384846787895985,0.006028878906359683,0.007033474013356362,0.009039883146815362,0.014212553867231813,0.031546510445875565,0.08251665631564144,0.12933189856474603,0.12698028655055943,0.1109398394846817,0.097098007791981,0.08711192420923881,0.08018230820741283,0.07541994789309425,0.07199284871426748,0.06940905708299631,0.06802721851855985
4219.3,2134.9296281214542,98.8,0.003653613898679046,0.0036864393985875077,0.003762002048617622,0.0038899925960495076,0.004079422084639076,0.004337519887113503,0.004670145346958199,0.00509368668852465,0.005674463015033881,0.006622104212798301,0.008552600923457063,0.013579008671181907,0.03083507990769855,0.08311179252180322,0.1308522618732131,0.12738783353261499,0.1104759817853208,0.09625138853324869,0.08615912194284281,0.07925233508841775,0.07456384530319295,0.07121832348595142,0.06871303896068813,0.06737153357749133
4219.4,2138.083831666011,98.9,0.0037191474548135877,0.003744714135893074,0.003803226347387405,0.0039014651666552293,0.004045756226633022,0.004242284900813407,0.004499910397775783,0.0048440231371623,0.005352623717552029,0.0062388756385287,0.008102987000843154,0.013029164416120552,0.030359012159547148,0.08425305539959979,0.1327335522613483,0.12785623263983137,0.10990676238852767,0.09521581675603029,0.08498990944872539,0.07811498122130055,0.07351653358402103,0.0702714923384278,0.06785819546573443,0.06656529730340979
4219.5,2141.247958717794,99.1,0.0037057524328387875,0.0037259832376900157,0.0037718918653473856,0.003848780413979679,0.003961422570459138,0.004116147601216571,0.0043236986509417995,0.00461415890592539,0.005068754836352424,0.005895242858229246,0.00766895753064314,0.012417188728556747,0.02955374646063836,0.08459059872264608,0.13412325875558515,0.12817308281774645,0.10932349860795111,0.0942636804558869,0.08396511457780026,0.07713963846110844,0.07262132444124916,0.0694582851963915,0.06712199255388915,0.06587098127985598
4219.6,2144.402162262236,99.2,0.0037781065902784136,0.003790946495901352,0.0038197934148038277,0.0038679959270910723,0.0039390420774726735,0.004040086229485615,0.004185421352920737,0.00441163245937153,0.004805571273873448,0.005572820759898877,0.007271772716434491,0.011897224395310685,0.02903358120740107,0.08561492857137562,0.13579444602131785,0.12836836134334179,0.10852083455776919,0.0930652900714685,0.08268365814255083,0.07591780959933266,0.07150297558544333,0.06844854018346644,0.06620560673081277,0.06500188115743587
4219.7,2147.566289314134,99.3,0.0038478141695189164,0.003853116832534532,0.0038646210504988615,0.003884385946232934,0.003915295747350485,0.003966238616036308,0.0040554114190164475,0.004224779087700192,0.004564273773664593,0.005274952290504779,0.006896705586823208,0.011388500761645113,0.028466898333285792,0.08645576768485631,0.13757378753071597,0.12900753092464473,0.10823103876238636,0.09232842477231638,0.0817888477858356,0.0750251699915729,0.07067231071080608,0.06770075881373312,0.06552815924039225,0.06435478153782516
4219.8,2150.7204928585757,99.4,0.003931529860968058,0.003928217277084034,0.003921562447156421,0.0039103540903114905,0.003900354536795003,0.003901508971114635,0.003936096484587362,0.004050504700278308,0.004337640339151691,0.00499508449242502,0.006540256473548104,0.010905897510436439,0.027951869306700166,0.08735585766377202,0.13919773040417405,0.12926911130010693,0.10760715135468843,0.09126565773359438,0.08060790596628416,0.07388559139543745,0.0696815939824698,0.06676205771926805,0.06465924336995982,0.06359967524582438
4219.9,2153.8846199103587,99.6,0.003937584154005334,0.00392929324166436,0.003910567941082651,0.0038815343291194104,0.0038458076268949263,0.0038151421264689548,0.0038151589087289392,0.0038945910610167127,0.004148112036716964,0.0047744315309672224,0.00626589694300941,0.010137451655804647,0.022326645129392905,0.06750186246359474,0.13659436139269981,0.13245213640159156,0.10774537176631821,0.08989102727549118,0.07876154208239922,0.07195627436573832,0.06788803125469092,0.06524571289674977,0.06329639724423694,0.06221998097626372
4220.0,2157.0388234549155,99.8,0.003946107936743035,0.003932741954014076,0.003902800768459779,0.0038553222192816627,0.0037950404034644046,0.0037349778897433172,0.0037031104895138755,0.0037497322274086826,0.003967988361818195,0.004548098183801181,0.005959220771727668,0.00964568170318115,0.021335085826829733,0.06588891311951615,0.13703156655786553,0.132957915791945,0.1074557047182132,0.08911316866498399,0.07782393215070271,0.07106540907410111,0.06708526380473213,0.06454919652874787,0.06268880250227196,0.061639210110169484
4220.1,2160.2085079816943,100.0,0.0039484917711107665,0.003931039720343811,0.0038921884332052095,0.0038309222079753176,0.003752145480563982,0.0036704260362474773,0.0036146033610077173,0.0036350063011869947,0.003820502252703343,0.0043488535652066755,0.005652809116883183,0.009049466656071335,0.019538215522823275,0.057190092807035436,0.13787090149235878,0.13774388381164795,0.10783599673392441,0.08756465423821076,0.0756628518287977,0.06874329370401562,0.0647952378251169,0.062409017544245944,0.060704298072300454,0.05975500463410451
4220.2,2163.36675116437,100.2,0.003957855658647036,0.003936452039067895,0.0038887927479247077,0.0038135046025415055,0.0037159596236989276,0.0036119831227106117,0.003531861324038031,0.003526379545701604,0.0036821390613211214,0.004168954051798254,0.005397843785744983,0.008620945503847987,0.01862113763727143,0.05511506202244697,0.13752420445287789,0.13823009472164205,0.10735707285269007,0.08658035569645672,0.07450896383792771,0.0675810624994802,0.06369481678411994,0.06140040169970128,0.05978451880926225,0.058882379539018904
4220.3,2166.5265612852427,100.4,0.003951163640545882,0.0039269932616682966,0.003873151068213592,0.0037880001508247808,0.0036772174931946557,0.0035574284806454636,0.003459714345116436,0.0034347128358877756,0.0035665222219456775,0.004017422228362625,0.005178086583980627,0.008238756378423499,0.017769927082686137,0.053090643777209755,0.13715116692688709,0.13870100359006896,0.10679047203567223,0.08548150770833575,0.07323878444379954,0.06631002578911463,0.06249359223387856,0.06029842079140649,0.05877812275542923,0.05792734094580717
4220.4,2169.694683757518,100.7,0.0038653324889771573,0.003842310750897157,0.0037908093287111985,0.0037089118124291826,0.0036015765258431013,0.0034842399492803692,0.003386326241616701,0.0033561692951029442,0.003474003815891206,0.0038936343602214885,0.004982560679670331,0.007854899738186882,0.01679341410449443,0.050351149013464644,0.13557882076368308,0.13910571991046633,0.10642261054064697,0.08467527706453515,0.07229619474785212,0.06536072652411118,0.06158775778623569,0.0594613395981051,0.05801176562123393,0.057200146740462
4220.5,2172.8544938783907,100.9,0.003842561607330026,0.003818263752423938,0.0037639003183164038,0.003677403965825469,0.0035637990144492698,0.003438727920242348,0.0033316514922402426,0.0032901845986806743,0.0033920777996776035,0.0037845660240165323,0.0048171213740747015,0.007545646280730489,0.016031185493339345,0.04818443096377593,0.1341033924979433,0.13940853609481865,0.1061424947857257,0.08406383136638715,0.07159332803167301,0.06466071884991641,0.06092171589999399,0.058844938501081204,0.05744654123507248,0.05666357331297359
4220.6,2176.02261635081,101.0,0.003892275439887618,0.0038636685285117042,0.0037999568813547263,0.003699121301910316,0.003567277216950328,0.0034220178815456384,0.0032948430973099864,0.003234368389935825,0.003317146386786251,0.0036854520233486716,0.00467531574827213,0.007301201652361913,0.015467989016740584,0.04661161972555612,0.132856185355792,0.13969795466110269,0.10634483917130538,0.08421318592323138,0.07173818028640848,0.06479560744114664,0.06103891756524831,0.05894692953716955,0.05753857059418809,0.05675104094167995
4220.7,2179.182426471683,101.2,0.003870409604109964,0.0038409811454426413,0.0037754694282668704,0.0036718132556502496,0.0035362104821667494,0.0033863467598995597,0.0032535598398025865,0.0031856206157062556,0.0032567772688001416,0.0036035507903899367,0.004546087813710998,0.007045935508106207,0.01479527626183519,0.044494112407083806,0.1307909569703739,0.14055475462025036,0.10728777004278393,0.08503268464514203,0.0724708997123844,0.0654512438638395,0.061626182848544465,0.059477967965052905,0.058025582810951645,0.05721497634080001
4220.8,2182.3505489441022,101.3,0.003916754280139842,0.0038835607809017277,0.0038099446589686036,0.003694008708710987,0.0035430345848079157,0.0033764572994071317,0.0032272930376234504,0.003143969371755012,0.003199445046598141,0.003525633998398484,0.004430246300207405,0.006835267217603416,0.01427505990573203,0.04287442124930099,0.1289850043429654,0.14127416617177485,0.10826783459986526,0.08601077276303663,0.07341840355567841,0.06633610174110956,0.062435170013474636,0.06021350572969165,0.0586991119441363,0.05785564880779404
4220.9,2185.510359064975,101.5,0.0038923273632953093,0.003858956823379649,0.0037849247044795327,0.003668259381715401,0.003516129139018539,0.003347747579182648,0.003195661531942189,0.003107319559910948,0.003153573004998524,0.0034612963973614606,0.0043241056389334166,0.006616161565744393,0.01367422449744975,0.04085668749553463,0.12631637304966506,0.1418038144100361,0.10907656564735965,0.08681462065460746,0.0742123513005825,0.06708638784091832,0.06312025631815456,0.0608333365492381,0.05926530731679915,0.05839408459954702
4221.0,2188.6686022475355,101.6,0.003936003125862526,0.0038993795787640325,0.003818381376698903,0.003691245104540853,0.003526144301830851,0.00334383100064341,0.00317826532192139,0.003077388174849318,0.0031109026363010978,0.003401790229495778,0.004233180725419079,0.006445451449598715,0.013237122873678944,0.03941356139616681,0.12431359002374844,0.14234813007094627,0.10992237313749222,0.08767424246208233,0.07504231208566432,0.06785137026084674,0.06381096040913126,0.061457317415434906,0.059835815527771466,0.05893683606413312
4221.1,2191.87110127158,101.8,0.003891488051292141,0.003856107887169644,0.003777741728109883,0.00365446472626016,0.003493886545473522,0.00331581743056038,0.003153041317313785,0.0030521346411736703,0.003080847633476296,0.0033580094330603726,0.004154844981607813,0.006269978188466361,0.012724358620642844,0.03757270019138503,0.12131906562647629,0.1428470933896533,0.11062160204928606,0.08824100460361246,0.0755370743514607,0.06829274591083712,0.0642029811445628,0.06180877642596821,0.060157053582975135,0.05924276435889297
4221.2,2195.063733414601,101.9,0.0039178824157159835,0.0038804747288321657,0.003797780340897053,0.0036680200973978256,0.003499433216373449,0.0033127469855014483,0.0031415218875876843,0.0030324541611153263,0.00305222193637269,0.0033164290644525887,0.004087429531484503,0.006134296279391504,0.012353176828480056,0.03625633703771071,0.11910514720282797,0.1434892179130161,0.111399700688837,0.08884976448907687,0.07603137139204584,0.06870906933305321,0.06456499362272604,0.06213352054339648,0.06045508157538011,0.05952692560528999
4221.3,2198.25636555747,102.1,0.003854072563052555,0.003819288117064269,0.003742181182505415,0.0036207037335344375,0.003462065253368882,0.0032853473387116088,0.003122230203190155,0.0030176730563670185,0.0030365399797807587,0.003291094122717317,0.004033862204464797,0.005998350228479739,0.011927206030076049,0.03465415952143579,0.11614127734628057,0.14422042206369542,0.11213341047484168,0.08922187179800385,0.07618983065146172,0.06876355133882622,0.06457798840432294,0.06213759959074733,0.06046107872303469,0.05953436075655223
4221.4,2201.4572560585616,102.2,0.003864976399530067,0.003829415527767834,0.0037506387822452162,0.003626640197774971,0.003464822042350974,0.0032845204802407304,0.0031175841555135374,0.0030087776642937192,0.0030220688644383153,0.0032672173434863954,0.003989581901233145,0.005897757768428921,0.011625965930384194,0.03349661377471493,0.11364664120609133,0.144980557594441,0.11277348230670116,0.08951183900458429,0.0762838018712103,0.06876329177324099,0.06454199394380587,0.062096878982830755,0.06042572327703334,0.05950236942666042
4221.5,2204.6498882014675,102.3,0.0038659284311940503,0.003830368682691246,0.0037515838716122504,0.0036275295562847323,0.0034655202371996646,0.003284730636121869,0.003116741871716024,0.003005861903196559,0.0030151426007159693,0.0032521138748672906,0.003955624889834754,0.00581132840469043,0.011354003555788375,0.03244486933227081,0.11140770673617348,0.14564912980035302,0.11324576546475544,0.08958254540043299,0.07614768400834891,0.06854596190851119,0.0643087258610628,0.06187805530071223,0.06022803709674415,0.059316162909459055
4221.6,2207.8425203443367,102.4,0.0038566571755766456,0.0038218702673236916,0.003744737484002088,0.0036231313429097725,0.003464033236689962,0.00328606233238245,0.003120134689536503,0.0030098725301444056,0.003017473277146974,0.0032486756593756907,0.003936904760501086,0.005747869349638483,0.011127655743845544,0.031508465463487255,0.10914808952931154,0.1463261486875854,0.11392555476903564,0.08993746663389558,0.07628514248214964,0.06856276495422993,0.06427636801473259,0.061838022627381604,0.0601939032395293,0.05928582984979071
4221.7,2211.0351524873577,102.4,0.003910717135520798,0.003873852559017401,0.003792301969306664,0.0036641085479478877,0.0034969355715331967,0.0033104395368067346,0.0031365581421880936,0.00301950666815041,0.0030213480272748886,0.0032466332081900647,0.003925261351393305,0.005710776413301541,0.01099457707403566,0.030934309956718108,0.10772887468056025,0.14699261775325365,0.11446296828108855,0.09017476632689748,0.07634442008844297,0.06853232017047786,0.06421409616689645,0.06177479039872549,0.06013845142054517,0.059234737960368225
4221.8,2214.237651511517,102.4,0.003952261057372034,0.003914157653202424,0.0038299812608268875,0.003697878589184331,0.0035259034412809327,0.0033342896330216384,0.003155521629580144,0.003034088800399684,0.0030318396770186522,0.0032522534286015957,0.0039218637661723055,0.005681906175314169,0.010866903532151905,0.03033776463838233,0.10604975894575677,0.14785603160138258,0.11543776009342493,0.09081466340831407,0.07671242342612951,0.068735942679694,0.06434531766451386,0.061884700620334444,0.060243057133648956,0.05933662851542415
4221.9,2217.428670157642,102.4,0.003973984850245733,0.003935822413450563,0.003851540234604771,0.0037192926274649154,0.0035471176112985264,0.003355195146665825,0.003175917392720717,0.0030536334524338357,0.0030499032879866194,0.0032673732652841016,0.003929689012281566,0.00566656663916854,0.01075737089635171,0.029766206458679327,0.1042881195936054,0.1489557262226481,0.11679189074763194,0.09180385931875105,0.07737210573359526,0.06918561007059451,0.06469459522215128,0.06219358292630078,0.060530933289097484,0.059612976678643105
4222.0,2220.621302300548,102.4,0.00399149312477762,0.003953642459536241,0.003870051173458943,0.0037388496740050426,0.0035679315147278054,0.0033772377633989738,0.0031988759948084486,0.003076940890208843,0.0030727238455683114,0.0032882019551002313,0.00394450265025814,0.005660668321385924,0.010663002687843221,0.029215064631204195,0.10234996010487818,0.15021646565342214,0.11863908940231715,0.09333468753575239,0.07852547228697952,0.07006713392747209,0.06542891207439226,0.06285210672873476,0.0611392813478066,0.06019395899864829
4222.1,2223.864094307519,102.4,0.003982408951497246,0.003946326715179647,0.0038665254779969046,0.0037409883531617865,0.00357696012215613,0.0033933470792069016,0.003221154273153812,0.0031036451322268965,0.003101616181975739,0.0033163945564189876,0.00396648484271442,0.005659052630349054,0.010560701779162065,0.028591706583207876,0.09996535947160848,0.15145373687413513,0.12078941301464641,0.09519032816828205,0.07997207049892163,0.0712126577591068,0.0664050428332473,0.06373204258776734,0.06195039959255174,0.060967314324297
4222.2,2227.1068863143746,102.3,0.004036003802200218,0.003998657030334518,0.003916195663933173,0.003786739019703576,0.0036179721919809018,0.0034294361350520916,0.0032527989379907067,0.003131788680564994,0.003127372616635501,0.003340624985318637,0.0039887775526534115,0.005673044772460503,0.010526662528006053,0.028252132038293798,0.09837899474756225,0.15240851899725505,0.12251776687987434,0.09676437984843378,0.08127935776720306,0.07230497416350269,0.06736218966615476,0.06459927549984,0.06274719371817185,0.06172543597954274
4222.3,2230.348274905693,102.3,0.004011956037244922,0.003977316122213562,0.003900675004123453,0.0037799738984404764,0.0036219623533361865,0.0034446625361471677,0.0032780880311314682,0.0031647130404168756,0.0031648195728222954,0.0033788578778318674,0.0040215070487340495,0.005681859521246748,0.010431619525479578,0.02761794540537913,0.09578687579684168,0.15369626468171083,0.12509379168089907,0.09924063346112462,0.08343831824982317,0.07416908554854405,0.0690180965874241,0.06610062672491683,0.0641226147170614,0.06303245910721285
4222.4,2233.591066912664,102.2,0.004063538302640614,0.004028023315794185,0.00394957282242046,0.00382625217602609,0.003665131228756351,0.003484681555912591,0.00331536872873892,0.0032000068863402066,0.0031990455744969437,0.0034128393146603065,0.004055118670080991,0.0057097079348349625,0.01041676297030706,0.027309733081117515,0.0941127954221915,0.15427332880930664,0.12679115746520234,0.1011152894206403,0.08524230146162429,0.07581575584474838,0.07050993254301714,0.06745351227984737,0.06535703260167919,0.06420358155721201
4222.5,2236.8239603534794,102.2,0.0040240831045419674,0.003992362618603029,0.003922055433230891,0.0038109829981886035,0.003664949964863238,0.0035003301769262374,0.003345278934028159,0.0032408139126186837,0.0032464219572866434,0.0034618068145460708,0.004098245201237227,0.005727579367209075,0.010330239369671828,0.026704801416470414,0.09159350962528225,0.15511083914702553,0.12883936236212065,0.10321204852947323,0.08722148437780372,0.07762338983231347,0.07215134930263745,0.0689421050016652,0.06671397774093006,0.06549023673940758
4222.6,2240.066752360335,102.2,0.003994015080101336,0.003965864536771545,0.003903214035847002,0.003803664756329232,0.00367183969919867,0.0035221126145843786,0.0033803770211859297,0.0032858249154702176,0.0032969050931807146,0.003512616523108512,0.004141868359118241,0.005745277864943606,0.010248448022071923,0.026147827691412304,0.08928455799092694,0.15586077332800374,0.13070751700817398,0.10510413620486225,0.08898550538254527,0.0792167149063852,0.07358865681202731,0.07024207533791368,0.06789803957291254,0.06661277197958912
4222.7,2243.309544367306,102.1,0.004039745064469089,0.004012044220800041,0.003950308821707917,0.0038520162004362464,0.003721499241710321,0.003572726173053507,0.0034311998213180568,0.00333587493055586,0.0033451328563944395,0.003557793626246352,0.004181413439134498,0.005769728828277974,0.010212548969109968,0.025790526868396592,0.08754634594116036,0.15630086229448834,0.1320616795292546,0.10644301885053699,0.09021365928758422,0.0803192428132253,0.07458105324252508,0.07113878590423661,0.0687144223899652,0.06738656961738214
4222.8,2246.5509329586243,102.1,0.004014678814607413,0.003991146739535987,0.003938276331390571,0.003853201621347865,0.0037387760803526847,0.0036064997027129312,0.003479061877055804,0.0033931145688430014,0.003405736937670968,0.0036149944893349916,0.004226099309960736,0.005781722558371584,0.010119873265633225,0.02524942104671133,0.08539261496768823,0.15653885680886323,0.13286037727314537,0.10703362458078071,0.09068810337340265,0.08072990461575877,0.07494609724367177,0.0714676288415988,0.06901416825359388,0.06767084695443062
4222.9,2249.79372496548,102.0,0.00406795809849324,0.0040455689574274796,0.003994991407564997,0.003913039054471436,0.003801862508387431,0.003671985816646822,0.0035451376666769964,0.0034573576824536113,0.0034655881920809552,0.0036678955374890103,0.004268413727002052,0.005803496012020946,0.010079493974963435,0.024924771064737762,0.08388543904352103,0.15658729425217732,0.13353961461381636,0.10762062481616694,0.09118407535774244,0.08116110906303972,0.07532910054086375,0.07181243340239192,0.06932827563420398,0.06796870341159823
4223.0,2253.036516972451,101.9,0.004133300536998352,0.004111994258003558,0.004063559815382514,0.00398443823079859,0.00387602938395698,0.003747827147636762,0.0036205643230127825,0.0035296683387382463,0.0035320104914383075,0.003725783052079367,0.004314210708741689,0.005827693137704028,0.010043016659370678,0.024625324787032953,0.08253868496331021,0.15655204955594745,0.13397327584498886,0.10794515102166526,0.09141280325917127,0.08133037374113633,0.07546568814069769,0.07193244346540675,0.06943849236399847,0.06807378291435304
4223.1,2256.351995821597,101.9,0.0041391528785925495,0.004121928024846775,0.004082178551673093,0.004016028832110023,0.0039233940437598,0.0038111494360039276,0.003696863610995197,0.0036132363183338217,0.003615616349820564,0.003801644996682468,0.004372843123590507,0.005849751690743403,0.009961156388288187,0.02411997157935742,0.08043307690683714,0.15624428784513483,0.1342095215449889,0.10790209370656331,0.09121696215530492,0.08109100002469148,0.07522720285892731,0.071713146685461,0.06924087723942131,0.06788750034712616
4223.2,2259.668454776621,101.8,0.00423130007805639,0.0042147767180951,0.004176324418068495,0.004111676587640646,0.004020026233600285,0.003907292362654735,0.003790136782366226,0.0037007742738405834,0.003694689643912383,0.003869996480143366,0.004427885617298236,0.005884221853334358,0.009942800380292091,0.023877346482130777,0.07927114087335757,0.15602809056200784,0.1342698155604334,0.10775530228335,0.09098651255365535,0.08085742248888607,0.07501045835169315,0.07151702841634952,0.06906354369564377,0.06771985843805498
4223.3,2262.9739804534893,101.7,0.004325256049625085,0.0043097359575345155,0.004273225103380281,0.0042110420214819,0.004121532556272497,0.004009422103511512,0.0038901607406037495,0.003795209661024676,0.0037800607866254007,0.003943309629853355,0.0044857652382378835,0.005917914811533048,0.009915030185312899,0.023594180268951256,0.07795722988965607,0.1558519182788642,0.13435765591463117,0.10748503070062777,0.09054353779173915,0.08038914116833638,0.0745700805342637,0.07111871485849332,0.06870391105231173,0.06737997894978953
4223.4,2266.290439408397,101.6,0.004419862015432936,0.004405744921052046,0.0043720115001565675,0.004313535351095013,0.0042276507187869175,0.0041176020414494625,0.00399727616307261,0.003897120335479983,0.003872610550076109,0.004023090007373688,0.004549502978611411,0.005957770647639452,0.009896239478997657,0.023325962376974447,0.07656797930658911,0.15513371274912968,0.13413654682488063,0.10712963363026408,0.09014240141653283,0.0800088231844065,0.07422014817716391,0.07079997979078004,0.0684140391843522,0.06710561759709997
4223.5,2269.6059182577487,101.5,0.004516933902324394,0.004504660702311194,0.004474600644677719,0.00442106476035984,0.004340110923731226,0.004233080788868088,0.004111832019751385,0.00400547015641093,0.003969432142855303,0.0041040396802819205,0.004610503731168238,0.005989556807650302,0.009859740706376166,0.023017396661141262,0.075128912312354,0.15457630438827327,0.13368512928906168,0.1062819113967091,0.08922667529780785,0.07917629037157117,0.07347682324398092,0.07013065773912427,0.06780551891397517,0.06652894682841816
4223.6,2272.921397106895,101.4,0.004617061363964808,0.004607132289946595,0.0045817475665328265,0.0045345246131832575,0.004459929676666464,0.00435690921972983,0.004234752392457151,0.004120884820959504,0.00407077248932225,0.004186118677047929,0.004668732181709728,0.006013766704465936,0.009807433109471393,0.02267022803014113,0.0735502654699994,0.1536101921317385,0.13293424938616596,0.10530970144497653,0.08829884245714908,0.07837464775243716,0.07276950601949184,0.06949121672290359,0.06722172178985387,0.06597520613786034
4223.7,2276.2378560619186,101.2,0.004827381903489589,0.0048156878406414826,0.004785751516214141,0.004729998223307111,0.00464181714203462,0.004519703109346225,0.004373701611397556,0.004233444628983835,0.004157538139524524,0.004250566241436742,0.004715712283864843,0.006046615338543417,0.009818129162826017,0.022572221960024865,0.07275713190121941,0.15226292409990258,0.13157521679239023,0.10391293163848321,0.08707147128774478,0.07734295959941735,0.07186717890671024,0.06867550568533293,0.0664753354390442,0.06526665158221462
4223.8,2279.55333491127,101.1,0.0049364379110705655,0.0049281258489705165,0.004904894285253821,0.0048581159120297335,0.004778827271951471,0.0046620523078915515,0.004514270591360914,0.004363110437502294,0.004267892686618988,0.00433593085051825,0.004772249933066215,0.006065752502447529,0.009761019115470403,0.022239044585884257,0.07129948121321061,0.15130301149975553,0.13082891035165098,0.10298776286229613,0.0862178004518854,0.07662717508310847,0.07124650084122562,0.06811590456910548,0.06596313773384463,0.06478015233506675
4223.9,2282.869793866178,100.9,0.005162541833938196,0.005153034907028939,0.00512622113485868,0.005071860822850842,0.00497925881021678,0.0048422971374597916,0.0046678728889132815,0.004486172991175292,0.004360623784556686,0.004402470025975203,0.004818802151523617,0.0060976800416733395,0.00977561198917221,0.022177297197125648,0.07071972028291594,0.150138795814302,0.12971166580638288,0.10192269862157097,0.08532176249331419,0.07589436304266592,0.07061337228040632,0.06754367865603121,0.06543806249492798,0.0642811068095595
4224.0,2286.1852727155297,100.8,0.0052607993125113805,0.005256308586096416,0.005239657592701762,0.005199392541549816,0.005121721026848277,0.004995670167199136,0.004822959707455373,0.0046308230755905035,0.004483821751723568,0.0044974759258122245,0.004882493277833234,0.006124031093816799,0.009733047587842847,0.02189696203445119,0.06944086762793092,0.1487900864964924,0.1285931766981754,0.10086668423238196,0.08444233614334043,0.0751724956157157,0.06998232745561979,0.06696880646979335,0.06490947323347393,0.06377879999490686
4224.1,2289.5395833749376,100.7,0.005392669200744073,0.005392023439581298,0.005382913974507956,0.0053525377087868,0.0052841238455135,0.005162312461136436,0.004984500787889412,0.004776119918465266,0.004604009661751952,0.0045887263146656325,0.00494509001252507,0.00615705781593518,0.009718721117281424,0.02172484331815702,0.06858323320954596,0.14788384966975723,0.12804627410877756,0.10044018925126658,0.08412852308736386,0.07493414116292724,0.06977737211055221,0.06677984933562005,0.06473424668242073,0.06361207405514752
4224.2,2292.8944157105,100.5,0.005654484723428789,0.005652088766397316,0.0056379242251282284,0.005597116726399758,0.005510754029379861,0.005362324701028208,0.005150462667468768,0.004904844130231145,0.004698233792210107,0.004656137128482893,0.00499578925085264,0.006202108418436319,0.009771884605802597,0.021802899179869866,0.06856532298798183,0.1469634726186734,0.12702508870635498,0.09951122716599475,0.0832852162257117,0.0741690869059312,0.06907807872718552,0.06614026624036523,0.06414900094927262,0.063056952616854
4224.3,2296.2592336847447,100.3,0.005910015311262775,0.005906179154140828,0.005887649795652116,0.005837510082365442,0.005734660938610178,0.005561305511894343,0.005317108495003491,0.005035756873963293,0.0047957377026600695,0.004727420404742328,0.0050505745227335365,0.006251532022799906,0.0098314965485396,0.021901904954154852,0.06866652970217409,0.1463513983162612,0.12632833174277514,0.09889620816681388,0.08273060539192795,0.07366424867462161,0.06861529694657151,0.06571652563576368,0.06376113368474615,0.0626890398296866
4224.4,2299.6135443441526,100.1,0.006185473933302079,0.006179314250408029,0.006154419342870776,0.006091710723381583,0.0059680679591217235,0.00576501786457625,0.005484261822225779,0.00516448573327063,0.004890323033719131,0.004796770402522679,0.005105810954465094,0.006305857946560594,0.009906854564240623,0.02205310380027681,0.0689110049926526,0.14554775294904074,0.12540941660280083,0.09807557598140164,0.0819483657738564,0.0729190165437781,0.06791853029613243,0.06507626765728555,0.06317573906902817,0.062134164831840984
4224.5,2302.978362318563,100.0,0.006292580675295786,0.006292826945160673,0.006280964843264012,0.0062363265213016845,0.006131523860790423,0.005941312048546599,0.005660524396345796,0.0053250172091287296,0.005023002516107803,0.004897007241687549,0.005175232533368015,0.006346924807783174,0.009912232930278033,0.021964196545081555,0.06844338559883098,0.14500497690030786,0.12511302577661865,0.09773356006400237,0.08152726103563984,0.0724664052286061,0.06747669870415153,0.06466715428502877,0.06280286430815255,0.061781452291141736
4224.6,2306.332672977971,99.8,0.006573100920206224,0.00657161413264531,0.006554368452586812,0.006498028860787279,0.0063723969647408105,0.006150796116527642,0.005829965939170603,0.005451595873812473,0.005111336195555848,0.004957122897336246,0.005219282585605962,0.006388776176763862,0.00997602164699889,0.022125067680123827,0.06888062656277627,0.14473970851229917,0.12461437594618732,0.09722890472546246,0.08100916544964273,0.07196000368412449,0.06700274753550049,0.06423349852060446,0.06240717007998503,0.06140641863373471
4224.7,2309.6875053135336,99.7,0.006675876619727838,0.006682025630337802,0.006680225349423471,0.006645086211120374,0.006541070170840647,0.0063331936842931525,0.006010173786529431,0.005611310310818529,0.00523789720474818,0.005047530611849896,0.005277649396250428,0.006420374559888573,0.009979231916012904,0.02206465216668204,0.06855886396691438,0.14440692973051145,0.12474297157088392,0.09739554042897053,0.08109072893162497,0.07197587122037577,0.06699183946452758,0.06421849270536688,0.06239507601268491,0.061396178043648
4224.8,2313.0518031600213,99.7,0.006624123462978365,0.006645359843315997,0.006675933383189585,0.006689584724250821,0.006643988124675775,0.006489938221345723,0.006198444895435633,0.005797982073835993,0.0053940694373794396,0.00515911869205086,0.005343394187465902,0.0064408921628847865,0.009938061264041573,0.021866583654891993,0.06784625125215703,0.14401354713907943,0.12488097643925739,0.09754343051847451,0.08115450347066307,0.07197922148167975,0.06696981558747296,0.06419226589487932,0.06237159175009408,0.06137465066449336
4224.9,2316.406635495584,99.6,0.006746002178262711,0.006773478772266665,0.006816274463557709,0.0068458448742864594,0.006814540976238055,0.006665196878062707,0.006361895586829371,0.00593299376247361,0.005492320326997086,0.005223056367306256,0.0053818430378727656,0.0064638188594441995,0.009954908375157062,0.021884279447663954,0.06777520382016436,0.14367248354424575,0.12508187183805516,0.09795415561015901,0.08158081169380933,0.07237282123379804,0.06732696537861901,0.0645164852378768,0.06266780083254851,0.061655843437235784
4225.0,2319.7709333421185,99.7,0.006502670926794323,0.006551094394208914,0.006640970486683379,0.006746352200674437,0.00681434744389682,0.006768881149478136,0.006543339896139332,0.00614085781126666,0.0056754972833703175,0.005352896157893363,0.005451225439186185,0.0064684687191025525,0.009858917711450596,0.02150453288598973,0.06648423222663118,0.143496661188758,0.12594099669633232,0.09882666008556329,0.08233548874409323,0.07302335275019672,0.06790296313124553,0.06503749171870034,0.06314506312891512,0.06210946755488077
4225.1,2323.121470612554,99.7,0.006433987310524914,0.006493639407571516,0.006608527312680348,0.006753857383622076,0.006873448604823635,0.006879915242870891,0.00668846660765556,0.006288453136796917,0.0057972191451631785,0.005436981133489157,0.005500054096689796,0.0064875733951421655,0.00984367552943724,0.02139931924283828,0.0660074298537634,0.1432697752547263,0.12659291103067177,0.09969623900338948,0.08318869771300973,0.07380383920036152,0.06861006826264937,0.06567933115999755,0.06373136039676638,0.0626658868270041
4225.2,2326.482006284118,99.7,0.006349981245924811,0.006419243322260564,0.006556044090965215,0.006737551225861564,0.006905978273124205,0.0069646677081047215,0.006811492713671548,0.006420626119048573,0.00591044647747421,0.005518573557657674,0.005551528211420034,0.006514505782588934,0.009843495316388347,0.02132156332679623,0.06556663669853026,0.14324710012090475,0.12773257859634826,0.10109611716591221,0.08453848966161116,0.07503493105985347,0.06972739693496811,0.06669509804521695,0.06465931404845213,0.06354628166506679
4225.3,2329.8425419556993,99.7,0.006285119531358795,0.006361363345669207,0.006514315116501424,0.006723039370847246,0.006929189078752074,0.007029542025509662,0.006908304373658479,0.006526710029172433,0.006003204294350226,0.00558788202706293,0.00559938258636798,0.0065477309331591765,0.009867598063379081,0.021324747621486992,0.06539425012784993,0.1430445465504589,0.12816009059543154,0.1017478495462385,0.08520915139683018,0.07565797288822784,0.0702930872148357,0.06720735753789575,0.06512612931539317,0.06398897537991612
4225.4,2333.2030776272636,99.8,0.006057059515762261,0.0061429312364060145,0.006319830093414637,0.006572668175373556,0.006846909978689061,0.0070335158735069046,0.006994137127292443,0.006659684181675582,0.006137085792417855,0.005692707164013305,0.005667130085103601,0.006577955433686883,0.009842623114476742,0.021125176934940145,0.06446160819607011,0.14254262827650585,0.12892330670747693,0.10274781609677969,0.08617759103880619,0.07653798625506379,0.07108562241748458,0.06792328080842894,0.06577856646108443,0.06460784663598469
4225.5,2336.553614897599,99.8,0.005988614079992095,0.006077965952329527,0.00626357456040791,0.006532638691234788,0.006832341907744797,0.00705186959172536,0.007044442487390917,0.006728895728080817,0.006207373834197101,0.0057532645243590745,0.005717477313245326,0.006624446176471126,0.009896954136725908,0.021204084765578682,0.06450208960933171,0.14256013772285664,0.12961239133050664,0.10364828365923126,0.08704497100638955,0.07731586433915899,0.07178405605035725,0.06855564709409977,0.06635553574995545,0.06515510036836326
4225.6,2339.914150569163,99.8,0.005942859679987337,0.006033942237596387,0.006224114294934902,0.006502178780883033,0.00681691608088942,0.007057353432298033,0.0070723408304904966,0.006772941857818288,0.006256844185077011,0.005800740881531728,0.005762498761998553,0.006673015594227634,0.009963760267325206,0.02132060992059299,0.06462668619618327,0.14233996156657477,0.1298599831313901,0.10411906728200804,0.08754258993480836,0.07777883283738572,0.07220427193078804,0.0689356601229803,0.06670127487351449,0.06548276509675927
4225.7,2343.27487965672,99.9,0.0057298855603587035,0.005825498572029394,0.006028306841263287,0.006332743945110601,0.006693954943747923,0.007002283302901977,0.007093292736933933,0.006850504638471491,0.006352654477901178,0.005883852064903205,0.005820786509268343,0.0067034522381375925,0.009951626328100172,0.02117321805763389,0.06393034580681478,0.14197811543145142,0.13041415613165278,0.10487735724693882,0.08830033530087847,0.07847504177763637,0.07283132819458434,0.06950045489015635,0.06721487456212347,0.06596963623832892
4225.8,2346.625416927155,99.9,0.005703615034323966,0.00579866882681551,0.006000663163370264,0.006304817313681577,0.00666784134593367,0.006982291769622401,0.007085054155978411,0.006857540963781738,0.00637355996935161,0.0059145588674134044,0.005859560009369775,0.006754943761289994,0.010034287199295363,0.021345329667930055,0.0642938129132807,0.14215413122875264,0.13085474336574351,0.10540216430585302,0.08875649469973655,0.0788535915271172,0.0731619834483269,0.06979981137702523,0.06748900642578756,0.06622986923720135
4225.9,2349.9859525987363,100.0,0.0055338514955984115,0.005630212039723059,0.005837080919774116,0.006153828514604197,0.006543096801630311,0.006901965798888555,0.007062554075300907,0.006887517094856895,0.00643133080325234,0.005974331854526413,0.00590765519785837,0.006785891852157955,0.010034868983089262,0.02123835555383405,0.06372706890711953,0.14188377684836426,0.1313293640930937,0.10592698610684148,0.08919823218135983,0.07922077256710768,0.0734811525239419,0.07008651080308757,0.06775086896652839,0.06647848571263049
4226.0,2353.3464882703006,100.0,0.005516172066257887,0.005609893171832052,0.005811117375612266,0.0061192894341782255,0.006498542951777042,0.006850254616051058,0.007013310904091471,0.006854184363498286,0.006422081027386157,0.005987855698939748,0.005939283592292173,0.00683587032680485,0.010116311168709575,0.02139259152549489,0.06396894554285708,0.1417973235887939,0.1315061963811578,0.10623875985183526,0.08951706357951054,0.07951336014511667,0.0737467385626799,0.07032718154665175,0.06796986175946124,0.06668593267623572
4226.1,2356.6665033304557,100.0,0.005454903245539039,0.005545579382826731,0.005740710525234966,0.006040657189539876,0.006412544527841787,0.006763858499494265,0.006940767892877256,0.006810709735172896,0.006412542605464127,0.006004803660050509,0.005972401166449236,0.006879627006189694,0.010169939388593894,0.021439835298585872,0.06379918458375376,0.14124369008879403,0.13131700422754441,0.10618844572453397,0.0894919272406265,0.07948404980595833,0.0737119207164309,0.07029158254094683,0.06793671710345092,0.06665473595648466
4226.2,2359.9765033305116,100.0,0.005408624887871185,0.005494789497138452,0.0056803875501773415,0.005966093224033441,0.006321706878389795,0.006661793871095484,0.006843250483257268,0.00673934012301869,0.0063801270404171976,0.006007952628562337,0.006000380057224621,0.006925651879176926,0.010236006414688241,0.021532366479545074,0.06383120674224613,0.1409986712859902,0.13105691513607848,0.10585970716246103,0.08914308418001987,0.07915412263310594,0.07341142169316701,0.07001988545502143,0.06768967042256513,0.06642069929343686
4226.3,2363.2965183906695,100.0,0.005378019271604639,0.005458261222056992,0.005631074902868537,0.005896970173672246,0.0062282087299518835,0.006547295546414781,0.006724714060423324,0.006643805791557169,0.006327653357055635,0.005999254809268426,0.006024155716601604,0.006971978162500733,0.010301684305927053,0.021610058252845975,0.06378141452906515,0.14023509223233926,0.1305172845924349,0.105404200450944,0.08873971843916081,0.07879956248183179,0.07309227267156608,0.06972800169353516,0.0674220047069726,0.06616677611164257
4226.4,2366.616533450941,100.0,0.00536243558490149,0.005435634132091983,0.005593097828927204,0.005834847625798463,0.006135464394534656,0.006425844986938651,0.006591810193293926,0.0065298544159786386,0.0062583773055542675,0.005979797165198861,0.00604449695203877,0.007022435192136718,0.010382387036014054,0.021725314549664077,0.06378648947342747,0.13968951852168773,0.1297927859027041,0.10450976877242013,0.08780649241075163,0.07791652959452638,0.07228410205561694,0.06899514414641823,0.06675509981420008,0.06553498605938625
4226.5,2369.936548511096,100.1,0.005224540785532056,0.0052929277039406725,0.005441005267771756,0.005670631620322127,0.005961369217470497,0.0062533892819857636,0.006443227233432944,0.006429418171251059,0.006215451039849836,0.005982432495218382,0.006071062082166142,0.007052307442491261,0.010386638292365032,0.021597134449997307,0.06308644853735065,0.13911283264203136,0.12933374109580711,0.10374018431793738,0.08692023409805329,0.07705031816741992,0.071482162494519,0.06826596092520452,0.06609183285265428,0.06490687577943696
4226.6,2373.2565635713677,100.2,0.005091739688992847,0.005155177683672804,0.005293382626210043,0.005509675322655071,0.005788034216815635,0.006077417148334617,0.0062855970993351785,0.006315626584875066,0.006158945637675561,0.005975166332058247,0.006092569498803848,0.007081337739507199,0.010394006579534057,0.021477530606060287,0.06238534200929304,0.13837945092351533,0.12872734676205394,0.10280350750560216,0.08582555808683606,0.07595495655855365,0.07045459675357348,0.067327681695671,0.0652380817739614,0.06409862642043551
4226.7,2376.566563571307,100.3,0.00498643915327297,0.005044591057571808,0.005171830566321035,0.005372222745979498,0.005633086617355129,0.005911086694605103,0.0061255913323987905,0.0061877310238494165,0.006082322122993292,0.00594939312582702,0.006101903644702985,0.007106590064900036,0.010411122080073387,0.02140964163139113,0.061922873189279685,0.13813450386043635,0.12853644911023115,0.10221138789258329,0.0850338932143385,0.07513644157276228,0.06968410309644447,0.06662664837650825,0.06460154080595773,0.06349606532785235
4226.8,2379.8865786315814,100.6,0.004650181583957757,0.004708217225508809,0.004837299984737413,0.005045792163025512,0.005328370853316911,0.005651150085816237,0.005938965882341981,0.006093143582064424,0.006070229171334008,0.005983062486847651,0.006138509470354646,0.007106096377129476,0.010302683829920323,0.020934368892377018,0.06022035842399538,0.13738088329791032,0.1285567339228694,0.1016817306757483,0.08415900466759678,0.07416122975468734,0.06873444769959916,0.06575217273125614,0.06380683497233122,0.06274471643994
4226.9,2383.2065936917365,100.9,0.00434373241425386,0.004400722629643104,0.004529168046468242,0.004740841754574176,0.005036890215111616,0.005392952211013517,0.005742012118991518,0.005980952568613019,0.006041447133947307,0.006006115396535914,0.006170494529673935,0.00710539530733199,0.010199612987457562,0.020481051405782137,0.058574180449382014,0.13656240661980623,0.1285875486903712,0.10117752807691721,0.08331093592910725,0.07320931046434967,0.06780334370561368,0.06489235184395832,0.0630245596998497,0.06200509050949954
4227.0,2386.5266087518917,101.2,0.004062771849577441,0.004117978097876863,0.004243813560290192,0.004454715024408199,0.0047574517070333696,0.005136994784523419,0.005536507955817622,0.005853382212006374,0.005998384838239327,0.00602141824573607,0.006200932013391862,0.007106926716519579,0.010102426638493844,0.020045287614880856,0.05697226670589355,0.13567508327325897,0.12863247409975564,0.10070076342798952,0.08248998495885755,0.07228021146684586,0.06689008226800973,0.0640464835772651,0.06225407579462015,0.061276589807996114
4227.1,2389.8267451127595,101.5,0.0037786933275138,0.0038318092187500496,0.003954201394923237,0.004162659987397664,0.004469298972627176,0.004868668816137087,0.005315854997740659,0.005712152155531069,0.005948894969912963,0.006038538634623669,0.006236055542410463,0.007108917605733103,0.009993372952291493,0.01956620034387936,0.05523900455861953,0.13479945797860657,0.12918424387512575,0.10080382619258156,0.08221039895520206,0.07183681978406732,0.06641455826511014,0.06359831261779106,0.06184740804956852,0.06089346045596659
4227.2,2393.1168818880715,101.9,0.003432423019834341,0.0034836626943581684,0.0036031651354563768,0.003810426732002228,0.004123756749523974,0.004549077999555404,0.00505631969991197,0.00555274674936048,0.005905499467825429,0.006076074862598044,0.006286399452698692,0.007102181165824723,0.009825748786945664,0.0188943048310947,0.052877888423575256,0.13331371927770638,0.12971497005345037,0.10079874009080916,0.08177960699449942,0.07124574813680312,0.06580160107268516,0.06302229015699745,0.06132285502024907,0.060398490601406916
4227.3,2396.416942493503,102.3,0.0031386434257847052,0.003187183940067122,0.003301468249723656,0.0035024862075152294,0.0038128889323143797,0.004248045341467666,0.004793186644100138,0.005368527241611779,0.005829007243680114,0.006088393769017759,0.006325304651819543,0.007096711048272083,0.009677405538576515,0.018295745055124712,0.0507345872142899,0.13143040724873112,0.1297294762157964,0.10051372267373025,0.08124113298099397,0.07062026634055572,0.06517188177783685,0.06242839810285531,0.060778238865749096,0.059883556060803575
4227.4,2399.717078854371,102.7,0.0028852195896812614,0.002930749829582762,0.0030387546889039697,0.003230846010221658,0.0035324727265553103,0.003966322721068319,0.004531758878531453,0.005165757541869272,0.0057218314281381275,0.006072977020358606,0.006347040510579037,0.007083018298012426,0.009528623176601487,0.017715404062017933,0.048665229068739206,0.12953441356605278,0.12992102164470049,0.10033758404383757,0.08076865602280371,0.0700520371744551,0.06459892725425746,0.06188882386021011,0.060283460932871284,0.059415778772163266
4227.5,2403.017215215114,103.0,0.0027221548842542758,0.002764562088307645,0.0028656225009722662,0.0030465079464245754,0.0033332562870966756,0.003751999973452642,0.0043115047702243624,0.0049652642595368,0.005578826899931582,0.006006982502102625,0.006332555641101958,0.0070647399062265664,0.009426345512256035,0.017307473678376224,0.04711735838986284,0.12739469863068045,0.12911190863956332,0.09935078597174443,0.07969740095252373,0.06900548539641524,0.06360660937632515,0.060963484669901744,0.059430933674005225,0.05860712991951066
4227.6,2406.307351990426,103.3,0.0025869161071553396,0.0026264253157477564,0.002720906720038545,0.002890802810037258,0.0031620024684080907,0.003562518547351392,0.004107995564802856,0.004766622882364853,0.005419869921181293,0.0059153353000662625,0.006296356832581291,0.007036479462806377,0.009330728085044725,0.016942488908181542,0.045714830900965994,0.12528833922690027,0.12837103411543738,0.09843883064390278,0.07869472721912243,0.06802730814742763,0.0626825523189935,0.060102625653259044,0.058637208718173746,0.05785393180709443
4227.7,2409.607488351294,103.6,0.0024630999524394882,0.0024999799151483085,0.0025884286743276743,0.0027480867275309876,0.003004404457193206,0.0033864930116376092,0.003915280323761096,0.0045717200283058035,0.005253887152369987,0.005808295727926596,0.0062437444949934836,0.006995050090293454,0.009225435478724868,0.016573698408698417,0.04432349464797942,0.12297802649624563,0.12733797976448893,0.0973419577408951,0.07762358992638631,0.0670449979848945,0.06177565423843902,0.059259072256507096,0.05785630236282592,0.05711156347553129
4227.8,2412.9075489567253,103.8,0.002410196633034166,0.002444565225467823,0.002527117095757512,0.002676327240224988,0.002916263528382476,0.003275083725229189,0.0037753909537128457,0.004407040822420741,0.005086935887362258,0.005676136263838632,0.006166188398178366,0.006952541724292359,0.009165312372364407,0.016363449721309296,0.04344931090139791,0.1211728038899297,0.12647096759208232,0.09651245301157056,0.07682283887622166,0.06630480548977026,0.061088487778390085,0.05861836161923992,0.05726246492209975,0.056546916670011556
4227.9,2416.207685317593,103.9,0.0024143495644938246,0.002446203768151377,0.0025228038132126423,0.0026612744992898945,0.002883804412422471,0.003216469128065643,0.003681389779135607,0.004274435486392505,0.004931009329849412,0.005535330771421684,0.006076084943114676,0.006913993254642093,0.009148389996716976,0.016303254402802368,0.04310523258209643,0.1200990698091467,0.12563728569284374,0.09579258552484501,0.07620621635496176,0.06576556231113065,0.06059695137232028,0.05816081116058699,0.056837130426121305,0.056141881058391144
4228.0,2419.497822092905,104.1,0.0023617381380346756,0.0023914822617808044,0.0024631765417555316,0.002593088919557039,0.0028024776862838182,0.0031169328382111925,0.0035601099682959596,0.0041345712959800955,0.004789538790187382,0.005420867909876796,0.006005472435470876,0.006870770261233,0.00908324483485148,0.016094323758645435,0.04232201880690023,0.11853840254874339,0.12482893260565134,0.0952371199756728,0.0758082563943997,0.06544844173371,0.06030960184417181,0.05788674101960876,0.05657854933688787,0.055895063612678625
4228.1,2422.8000031902357,104.2,0.0023710185054000078,0.0023984733058102104,0.0024648250266036736,0.002585283507679014,0.002779706029603214,0.0030722136451778286,0.0034862482647427767,0.004028910304951708,0.004663318598700065,0.005304355997434029,0.005930266799232291,0.006841537487417547,0.009077095032143963,0.01606570588185506,0.04212515536261831,0.11769534878097619,0.12397784976037848,0.09468138538695665,0.07544320313866935,0.06516169160967486,0.06004760967628063,0.05763631843579346,0.05634228135269071,0.05566952387862972
4228.2,2426.091841582398,104.3,0.0023838786646182865,0.002409129693393363,0.0024703717674422663,0.0025818734851318754,0.002762281254255589,0.003034481725041177,0.0034217784826457726,0.003935155923172829,0.004549666684397978,0.005197426570050297,0.005860164836999505,0.006815974075510867,0.009078521175589577,0.016060034518114226,0.04200389295687431,0.11687383503162489,0.12300133257480675,0.09415402354906587,0.07521953198854206,0.06505757672797972,0.059970018310229786,0.05755737540611416,0.05626249531607773,0.055591957751944976
4228.3,2429.3940226798445,104.5,0.002339148557579045,0.0023628798137718624,0.0024206240549883916,0.0025261254973363563,0.0026975255646416547,0.0029575629674698984,0.003330661340304919,0.003831996062055241,0.004445320022476457,0.005111549779262405,0.005807527646600593,0.006788036609984032,0.009039630595218126,0.015925092854902036,0.041496503272468926,0.11583109073340796,0.12247329951247106,0.09397544862067272,0.07520680529450426,0.06508544751563375,0.05998922300895153,0.057562591935266194,0.056261615079254014,0.055590603655974895
4228.4,2432.6858610719214,104.6,0.0023423388147967477,0.0023643677586593775,0.002418185437892165,0.0025168674951533665,0.0026777393341795848,0.0029227546049660678,0.003276322708340858,0.0037563120988560153,0.004354782748680073,0.005025660702216133,0.0057508173661418764,0.006769849856797,0.009048232830269506,0.01593418141606362,0.04140950894130461,0.11501132802740578,0.12136485401153001,0.0931627010913716,0.07458568437319008,0.06454137148107289,0.059477320011697844,0.0570770180778804,0.055807561053619725,0.055158154659603595
4228.5,2435.9780487944354,104.8,0.0022934524554641595,0.002314557741249361,0.0023662283352803857,0.0024612060266135435,0.0026165147476734495,0.0028540604270004353,0.003199037084368819,0.0036720627325129676,0.0042709602048100585,0.004956062267414381,0.005707115274677835,0.006747324686348162,0.009020094575134073,0.01583229262057206,0.040993519558687054,0.11390123072547638,0.12036555879650716,0.09243473050470762,0.07403099030021067,0.06405973402858302,0.05902391757096702,0.056644727007039944,0.055402063076309675,0.054771712140351106
4228.6,2439.280229891766,104.9,0.0022915538728225274,0.00231141005940904,0.0023601883800521803,0.002450134514388691,0.0025976645108832346,0.0028240756804254405,0.003154438040786021,0.003611064265549042,0.0041975624240921635,0.004884526435144255,0.005658306621642503,0.006733699365566732,0.009039488473596301,0.015881510670117442,0.041067399206853636,0.11347564648779387,0.1192342221185578,0.09130172355757225,0.07297432886251687,0.06306816465434568,0.05809164385635802,0.05577313994217881,0.05459313071427874,0.05400193488793325
4228.7,2442.5720682839283,105.0,0.0022878132005070767,0.002306462433717816,0.002352456237686988,0.002437585429330787,0.002577728671477406,0.002793673172621483,0.003110451528887319,0.0035520104687254022,0.004127315030402503,0.004816498901354821,0.005612471991981131,0.006722711481430092,0.00906209586589046,0.015935832358634126,0.041156566445138834,0.11320912269331046,0.11852497892630177,0.09056673588884957,0.07224299767311243,0.062353071643835495,0.057408521618015115,0.05513249776026372,0.05399866600249154,0.05343636947097574
4228.8,2445.8642560064422,105.0,0.00233208403422935,0.0023487764222632993,0.002390321528511218,0.0024678629858767187,0.002596488618726566,0.002796125803065522,0.003091353433490149,0.0035075740978567694,0.004060185568284046,0.004743064572959017,0.005563478849497216,0.006728733697245995,0.00914805097449663,0.0161703991624467,0.041769949449264744,0.11328265313613191,0.11739401433328386,0.08951369628090242,0.0712837505409824,0.06144284695462163,0.0565436058497616,0.054320536574586326,0.0532437953409021,0.052717623895207524
4228.9,2449.1660888307406,105.1,0.002326197130282107,0.002341438486385166,0.00237970119761144,0.0024517198686484546,0.0025721799198692597,0.0027607624592502363,0.003042425085124846,0.0034447096533946043,0.003988759156602709,0.004678208108907632,0.005527600287015105,0.006738490689486325,0.009209997616687263,0.01631077975535374,0.04209742602847409,0.11335803483157912,0.11701182557632808,0.08916837193095521,0.07090831670559822,0.06102632603656274,0.05611710479183242,0.0539113782673215,0.05286326497821758,0.0523562678638461
4229.0,2452.4582765532546,105.2,0.0023175500662647205,0.0023312827042776033,0.0023661507641329475,0.0024325038594302842,0.002544679018848954,0.002722201182385396,0.0029905273795669306,0.003379467473969008,0.003916054197807493,0.0046140742694761845,0.005496459820795316,0.006760592910569407,0.009298292674031695,0.016512581669289306,0.042597306848244296,0.11364122005348785,0.11676662074785313,0.08908321346837485,0.07086595662668416,0.06096002133470586,0.056030510052834326,0.053821269217481114,0.05277825168500216,0.0522757793009424
4229.1,2455.756306268103,105.3,0.002303669219497168,0.002316001878599551,0.0023477306600560195,0.0024088760760897472,0.002513505611490263,0.0026810844088357186,0.0029376470986375745,0.0033152361299478668,0.003846506078639657,0.004555053561068271,0.00547254605326147,0.006793427850741717,0.009403232090900427,0.01674043788142933,0.04311243156117393,0.11371772463053322,0.11651270085659282,0.08913321412744675,0.0710028259062074,0.06107994035730814,0.05612362365969012,0.0538992835432161,0.0528487586631531,0.052343127863450876
4229.2,2459.0543359829,105.3,0.0023249530824001564,0.0023354003316729934,0.00236294154651882,0.0024172091887126666,0.0025119438274021065,0.0026664517339912426,0.0029071440967597994,0.0032679956163903733,0.0037872481220431625,0.004499889613774267,0.005451609313957106,0.006842261799444181,0.009561436871269419,0.017119792225915264,0.044062063223863975,0.11423169830529398,0.11646157720696641,0.08947405426383984,0.07147330732188396,0.06154080198544035,0.05655003978723004,0.054294275489652974,0.05321476047880341,0.05269151731884463
4229.3,2462.352365697748,105.4,0.002293351704725988,0.0023031034982578186,0.002329067348379239,0.0023807024508885393,0.00247162878645877,0.00262120625608711,0.0028563696874955823,0.0032127919910844844,0.003732824513481194,0.004458909201048096,0.0054447000867098826,0.006891090138363665,0.009687871918564387,0.01738791268883252,0.0446359654248032,0.11422786990317192,0.11626331182357792,0.08971046048259526,0.07188991923835097,0.06198697400891254,0.05697741645858996,0.054691672931828306,0.0535808540911604,0.05303906408544256
4229.4,2465.6503954126615,105.4,0.0022948685229942957,0.0023035795931111575,0.0023272217789362818,0.0023750358291855754,0.0024604740288964757,0.002602850058249846,0.002829413914042626,0.0031771751255195097,0.0036923003976591304,0.004425471082598751,0.005442307610594787,0.006952874507384225,0.009859079816075676,0.01779154928930857,0.045607722579034324,0.11464555280798894,0.1161288893423181,0.08991560662902276,0.07227049307914812,0.062424971148883665,0.057421041933969214,0.05511552486352496,0.05397414190758065,0.05341203012864088
4229.5,2468.94842512751,105.4,0.0022925889419645254,0.002300573446703722,0.0023225824835847136,0.0023676892494026037,0.002449211534128412,0.002586415283898509,0.0028067864017579185,0.0031483909240385168,0.0036604979199759157,0.004400888496830965,0.0054466676112819015,0.007019663220892096,0.010039801784921745,0.018223471762228754,0.046623977507038554,0.11476669794623932,0.11532992979344367,0.08939252908031224,0.07198028096599393,0.062264927141144406,0.05732182255102046,0.05503715563232713,0.053900711659356136,0.05333979474507588
4229.6,2472.246454842307,105.4,0.002284174020730138,0.0022917587394229084,0.0023128478778333666,0.0023563922686347617,0.0024356021623984253,0.0025697108560086587,0.0027863969468544143,0.0031245817570825425,0.003636124284101275,0.004384856181325796,0.005458463956457216,0.0070917140931779105,0.010226354518438471,0.018665331645453538,0.04760802203680458,0.11460191789491977,0.11430485096903907,0.08858633023809563,0.07136562328714713,0.06178193529384867,0.05691839187414431,0.054676558897522175,0.05356577036475889,0.05301873082309165
4229.7,2475.544484557155,105.4,0.002268100769447593,0.0022756116117496005,0.0022964915331192175,0.002339611066749911,0.0024180934798063098,0.0025511248313192666,0.0027665071084366634,0.003103808535117667,0.003616905943288142,0.0043745956806890895,0.005474043912647838,0.007164046675727105,0.010413480656641513,0.019123440151138926,0.04866384988762006,0.11452284306034897,0.11317891844654414,0.08761315995856055,0.07058101785876096,0.061138249853585576,0.05636530764741515,0.0541771953157925,0.05310252185910077,0.05257536498536372
4229.8,2478.8524899984664,105.3,0.0023024711351522214,0.0023090101585511703,0.0023277478181980946,0.0023673940939264644,0.002440961683677349,0.002567576588347457,0.0027751285234499878,0.003103803696451575,0.0036097844329690855,0.004368439816364443,0.005491338275972305,0.007251177029425439,0.010661642913950454,0.019775480999183616,0.05023416546582454,0.1144219602773725,0.11144921019005186,0.08617482365927784,0.06947381044524996,0.06024463398594119,0.055594217783098476,0.05347584382475256,0.05244971459350786,0.05195027234742068
4229.9,2482.1505197133147,105.2,0.002332040797546597,0.0023378097015410103,0.002354856945379197,0.002391770883118852,0.0024614871889923986,0.0025831207245278305,0.002784679421744884,0.0031069309903895954,0.00360806988472788,0.004369303768488976,0.005515592259587479,0.007344552187744346,0.010921388208125316,0.020465330583722213,0.05186069036363521,0.11404368417020969,0.10953856527726545,0.08471260679941948,0.06840284314852957,0.05939372437794549,0.05485844535318144,0.05280335269321916,0.05182169798756199,0.05134868818044488
4230.0,2485.448549428228,105.2,0.0023174278874702834,0.0023235542759062673,0.0023413501571355,0.0023794037570418515,0.002450621307848306,0.002574089569269102,0.0027778707498388724,0.003103067210956019,0.0036090018753566224,0.004380094743817856,0.0055494200736530604,0.007433304399152542,0.011144484210995304,0.02105341350361569,0.05323705318182042,0.11370672585888283,0.1080139638694179,0.08358968894386605,0.06762638928025176,0.058811960920968666,0.05437403420274567,0.052365825959120045,0.05141243276454629,0.050955404820201805
4230.1,2488.7660183428434,105.1,0.002338768797719882,0.0023446973042257767,0.002362058030084035,0.0023994090255172475,0.0024696396856396536,0.0025918431028013784,0.0027941581590700416,0.003118024662092402,0.003623998683224018,0.004400419092420108,0.005591018733105435,0.007537315993833295,0.01141488802093694,0.02179212001286784,0.055001531579441355,0.11344708405970222,0.10636551945441901,0.08245442177610898,0.06693421614541555,0.058360693199334554,0.0540325981653471,0.052066829927557325,0.05113133823592856,0.05068337095539781
4230.2,2492.082477297867,105.0,0.0023632506887353217,0.0023699493653819848,0.0023883959720500535,0.002426779334123692,0.0024986479326334797,0.002622901769556416,0.002826862243634202,0.0031496836943283326,0.0036479768496257468,0.004403270027476254,0.005548120669081205,0.007467858711935258,0.011650938392417345,0.024424582738294946,0.06544830861724403,0.11094635068143081,0.10109466857815326,0.08025570205916771,0.06604679441369045,0.05784365364426967,0.053502358473962286,0.05145478026436895,0.05043441295827899,0.050005660611853325
4230.3,2495.398936252891,104.8,0.0024355043383350724,0.002440873008585757,0.0024570009526988824,0.002493069285704388,0.002561914804031775,0.0026813862735991486,0.002878722607606507,0.003193955181371245,0.0036852818039724115,0.004439371970191359,0.005610571153607748,0.0076119846488399276,0.012011312854914984,0.025363454961175397,0.06734897865192048,0.11108175107438979,0.10019984097955252,0.07975126936385774,0.06595905588070362,0.05805653948506131,0.053910200931702304,0.0519704132182767,0.05095339426583908,0.05051508383885127
4230.4,2498.715395207799,104.7,0.0024530524788380823,0.0024590381017675746,0.0024764737978885945,0.0025145713905487988,0.002586207432118362,0.002709181595536616,0.0029106141953368987,0.0032303654575308403,0.0037266967580864637,0.004488502058878404,0.0056801244654137335,0.007746002326578403,0.012340296761965618,0.02630017188293014,0.06929850999545371,0.11154146488095038,0.10000575998492459,0.07988875757648815,0.06637175139041897,0.05859472539453601,0.05448382416221381,0.05252583731350082,0.05147245182134545,0.051006582635244414
4230.5,2502.0318541628226,104.6,0.0024773050597676257,0.002483888066808037,0.0025026007543834518,0.0025426733171843964,0.0026170133386192386,0.002743421299412954,0.0029488788289651425,0.0032730517639810606,0.0037743671900798237,0.004544186565320494,0.00575769345491881,0.00789234399155786,0.012692098676461986,0.027269964695354355,0.07116689640116473,0.11197590222320508,0.10007402075449774,0.08037641501911635,0.06711344103181718,0.059413508111980914,0.055297817244979834,0.053295932145708824,0.05219042004821692,0.05168841095040321
4230.6,2505.358263638466,104.5,0.002498965038795651,0.002506275560893224,0.0025265510148112834,0.0025690544462112466,0.0026467402969219435,0.0027774216286721434,0.002987949732595046,0.0033177773733011123,0.0038254572892672807,0.0046047746959019765,0.005841649357379888,0.00804772609461599,0.013065051905107736,0.028311822558366704,0.07320070789602479,0.11261457775536612,0.10028053340301699,0.08091030866362971,0.06783025291016848,0.06016460708164528,0.05602758914960914,0.05398193759671896,0.052831107796440076,0.05229747063672865
4230.7,2508.6747225934896,104.4,0.002528099656618306,0.0025359664442530265,0.002557444577279725,0.0026018100175632386,0.002682089437228816,0.002816218061919685,0.0030310419742430564,0.0033660119976422374,0.0038802396941365405,0.004670645127557554,0.005934596847869814,0.008218648924245358,0.01346718523313005,0.029416968522636658,0.0752048662186181,0.11296555406359607,0.10018463032818625,0.08112522816801748,0.06822161065204727,0.06059721573583991,0.056454771186761676,0.054384165527977535,0.053210270939000215,0.05265734549745384
4230.8,2511.9911815484206,104.3,0.002559887486634812,0.00256818923666582,0.00259064330760895,0.0026365600126621426,0.002719081119216397,0.0028563908243933525,0.003075530628159448,0.0034162834850960323,0.003938826980524161,0.004743667961965828,0.006039375079582814,0.008405251690905165,0.013881078335008467,0.03046849146143006,0.07683624809477319,0.11302127727209832,0.1000056088919099,0.0813044948301311,0.06860172435145886,0.061035845461740776,0.056893892704789985,0.054798182806764274,0.05359975711300142,0.05302670705306294
4230.9,2515.3076405033285,104.1,0.002644647690284502,0.0026520991827414797,0.0026727766084550008,0.002715837479104609,0.002794512930136182,0.002927547410386398,0.0031426243438186594,0.0034807619224757782,0.00400523293919725,0.004823904771965877,0.006162199081821306,0.008637863789157393,0.01438870238073942,0.031669791198066406,0.0785145348613891,0.11257127787930914,0.09900769922975444,0.08064239734701362,0.06824787004423989,0.0608540252856014,0.05679214576418533,0.054719948185814805,0.05354000089545057,0.0529666161828195
4231.0,2518.6240994583522,104.0,0.0026855440927192847,0.002693072402635074,0.00271412146528847,0.0027576963583139692,0.002836929695101456,0.0029720764458622687,0.003191429510678308,0.0035364529372372147,0.004072781409583703,0.0049129509082045724,0.006292701685651529,0.008857617853351218,0.014838138797940168,0.03270633400164263,0.079801370734622,0.1118804074285029,0.09781281529014892,0.0796957607920612,0.0675783406205679,0.06034293376868939,0.05637719024164926,0.05432685616467385,0.05320355119271016,0.0526234267321463
4231.1,2521.9867918320683,103.8,0.002791767792188936,0.0027979591888328617,0.002816004705530968,0.0028548157584766974,0.0029283181138119096,0.003056486798145428,0.003269037299520835,0.003610633124020169,0.004150620924745656,0.005009562354084505,0.006438621883301015,0.009122732428465891,0.015381120377777007,0.03391724188447363,0.08129472454060128,0.11124873739918814,0.096604622080616,0.07870266510623296,0.06682652217935539,0.05976370987831914,0.05586190354583118,0.05386830130627275,0.052776572765210965,0.05224116185663779
4231.2,2525.349484205676,103.7,0.0028555506438777785,0.0028613344245824414,0.0028787179219600823,0.0029169554732768953,0.0029901919867912742,0.0031188256117605038,0.0033332696648617605,0.0036795539859595734,0.004229654066358402,0.0051091282339408945,0.006581387855412848,0.009361028020872176,0.0158570936809016,0.03498586869428228,0.08251258739220736,0.1103735965149961,0.09512139497598937,0.07740048781141681,0.06576437129734584,0.05888677908668001,0.055111294474197346,0.053185434784970335,0.052133028597935914,0.05161585784250354
4231.3,2528.7121765793995,103.5,0.0029878086155500786,0.0029915763403358356,0.003004816458340603,0.0030368371250656615,0.00310223700534902,0.0032222594882662815,0.0034284500768182917,0.0037686004181304894,0.004318404773050877,0.005211925807526444,0.006730747373496681,0.009630562982468402,0.016427938196276224,0.03629496291873299,0.08417982155684546,0.10991844852026833,0.09409101615291122,0.07659147974083541,0.06519015978563567,0.05846037614777035,0.05475665927263317,0.05285601545850607,0.05181503319049185,0.05130504208647253
4231.4,2532.0748689531156,103.3,0.003144222314221542,0.0031452491922671836,0.0031530074980298515,0.0031768220524945596,0.003231424185344657,0.0033394594240381725,0.003533895862141163,0.003864552322913902,0.004411661312084715,0.00531791901995886,0.006885012617468939,0.009910254508769903,0.017031792702200493,0.0376747740200185,0.08579832712423402,0.1094678711109654,0.0933103721936606,0.07610793757903135,0.06490896975818113,0.05827374546701151,0.05464168247621348,0.052783826086379736,0.05175610839367678,0.05123398564020776
4231.5,2535.4375613267234,103.2,0.003241121169482686,0.0032416558831131793,0.003248271017382511,0.0032703803992688734,0.003323299642278813,0.0034299294910435053,0.0036233140864600478,0.003957426496043558,0.004510830452729655,0.005436513249433011,0.007113213495385674,0.010687245670562173,0.020222588995203832,0.04698980363013103,0.09137403668650856,0.10462457487359511,0.08951215769699257,0.07407310003181664,0.06354956540118661,0.056980702313453244,0.053178660845074346,0.05118065975788858,0.05007903260221212,0.0496374370767806
4231.6,2538.8002537003313,103.0,0.0034279210995712636,0.003424618281806184,0.0034225499099631825,0.0034327127397923863,0.00347194810743704,0.003563754544734431,0.0037404406149714603,0.004053709647473654,0.004589935408200089,0.00550986921703402,0.007196959823488183,0.010850865653283996,0.020623995763663354,0.048208832265319426,0.09305911462807895,0.10537941763708933,0.09014589299303019,0.0749681614713613,0.06458531014624955,0.05810776598336172,0.05436414462826589,0.0522955955347535,0.05125014659793987,0.050642906903555024
4231.7,2542.162946074163,102.8,0.0036078851214820266,0.0036016534073044985,0.003593921832723597,0.003594915547324397,0.003621655346902017,0.0036994257827217855,0.003862166193361513,0.004164552040505929,0.004692937173928203,0.005612971929047704,0.00732290546741997,0.011048384857851047,0.021067631236599542,0.04943440937161788,0.09460887091494093,0.10609448700205443,0.0908150923101987,0.07568998010033552,0.06527032207037423,0.058738461713507106,0.05499290145826079,0.05296728983805979,0.05195332384353678,0.05137004865525779
4231.8,2545.5256384477707,102.6,0.003788647131167439,0.0037799519589198703,0.0037678764518042774,0.0037620478591236534,0.0037794534546981766,0.003846448930400949,0.003999357088048316,0.004295045871556309,0.004821777614921776,0.005749755032975293,0.007492585259784767,0.011303464247758584,0.021586547454765424,0.050714211966471856,0.09604028301882071,0.1065748371921366,0.0911325132692461,0.07595416842522064,0.06544921613730831,0.0588673696320954,0.055138998362638185,0.05317359477832902,0.05218781529142828,0.05163781188851197
4231.9,2548.88718571052,102.5,0.0038652430485727643,0.0038583220454736535,0.003850550184989033,0.0038517261803361403,0.0038788619058592578,0.003958234430937883,0.00412626668857833,0.00443955504914261,0.004985953458430396,0.005934611365785906,0.0077039430339159165,0.011567497248740974,0.022008480361662457,0.05157566399295611,0.09688804821114408,0.10661753794124969,0.09086429576341429,0.0754968158374469,0.06485950611039792,0.05823289466237485,0.05452485061114656,0.05260758341925498,0.05166118818409002,0.05113903598311595
4232.0,2552.2498780843516,102.3,0.004022421223495311,0.004014881764060691,0.004006682571185279,0.00400812178041385,0.0040369528481163175,0.004120134927359856,0.004294143355430246,0.004616185625534727,0.005175607732499148,0.006144034329210718,0.007951282700621313,0.011901664825410005,0.022576726670534324,0.052736336204653185,0.09784082341859598,0.10627765542644275,0.09006842970226614,0.0745679905264836,0.06392240046460582,0.0573354290552372,0.05367543967875252,0.05180168743760286,0.05090292458581836,0.05040203400301059
4232.1,2555.672172636126,102.1,0.004262028755078586,0.0042514345893084286,0.004236180138345307,0.004228922669363068,0.004249640866401828,0.004326981258973508,0.004498953457410177,0.004821653962054442,0.005388889892288371,0.006384959480770847,0.008245656635338609,0.012315658887109471,0.023315777126885998,0.05419216187797151,0.09883464080193576,0.10581773343547655,0.08925720348149818,0.07384145367075101,0.06327169781555397,0.05682751326184418,0.053248404635013215,0.05147916111218904,0.050518771184697414,0.05011980725608545
4232.2,2559.094467188016,102.0,0.004398591811299821,0.0043907509598657855,0.004381659269426242,0.004383711477845213,0.004416605810519225,0.004509601230354259,0.004700392751177749,0.005045429600560385,0.005637110400100786,0.006659346776219838,0.008559002690189986,0.012711300262549657,0.023908653555714494,0.055108115395432894,0.09903660645185842,0.1050051492274164,0.08847393986691798,0.07326819799441485,0.06287457113381223,0.05655272458827911,0.053054378573315804,0.05134018649573946,0.05043005843377261,0.05003518425395777
4232.3,2562.5179157418074,101.8,0.004632790897522221,0.004625398300448732,0.004617543194806744,0.004621240177216589,0.004655937442316998,0.004751512164947747,0.004946517944585288,0.005299014500650282,0.005904206993616772,0.006951879816415967,0.008909182163953868,0.013198351755917142,0.024728244698596406,0.05645785128738222,0.09951770385611496,0.10442556626470359,0.0881810843899778,0.0733884324131482,0.06325898250145176,0.0570603303005295,0.05360268096971517,0.051881661669786826,0.05095124597607776,0.05053028302975249
4232.4,2565.9402102936974,101.6,0.004861080690856244,0.004855360940824167,0.00485130356814267,0.004861289307903565,0.004904743064352929,0.005011534907624583,0.005218821953170084,0.0055837468282027665,0.006204155310487038,0.0072774279650323435,0.009290932889245165,0.013720490562447802,0.025594407439137427,0.05774866724428516,0.09988567499443297,0.1042441076888827,0.08856826068137164,0.07422150268499622,0.06427851281980793,0.0581243534800921,0.05462921026507859,0.05284279545030138,0.05182541250790017,0.051363459952295624
4232.5,2569.362504845694,101.4,0.005073020710554907,0.005071390889907524,0.005075921096613164,0.005099138719348246,0.005160295398859643,0.005287940610026944,0.005517554636791619,0.005904001430643187,0.006543854627722977,0.007641019380872486,0.009706369513403715,0.01427290055396799,0.026478275939535018,0.058958892769765014,0.10015427456375975,0.1041905624288241,0.0892326245606031,0.07535476353368614,0.06556803104347558,0.05942373736333984,0.055888117373041175,0.05404132245731634,0.05294336209291807,0.0524154853595527
4232.6,2572.7847993974683,101.2,0.005253926954366697,0.005259829329144733,0.005280241092966964,0.005327517316212127,0.005420064355124078,0.005583374462929408,0.0058492500486041895,0.006268336389513783,0.0069329168350323244,0.008052309008229602,0.010162094252751276,0.014855141967396365,0.027362954117474966,0.060082015444413876,0.10056285905556274,0.10470320684822948,0.09053155578462295,0.0770356880409328,0.06729023554371331,0.061067940055838085,0.057428094454538205,0.05547414511152259,0.05427701065907415,0.05368990515338542
4232.7,2576.2070939493583,100.9,0.005519528490919823,0.005531268362153241,0.005564429113906784,0.005632159838503014,0.005751083132804797,0.0059429626567192246,0.006237091045014738,0.006678611914233805,0.007359725532687302,0.008498054782651107,0.01066915426250797,0.015546016106540139,0.028485325139847244,0.06161873070392439,0.1012842255671388,0.10542069462721484,0.09196111636742862,0.0787402039404728,0.06895952955263229,0.06260136387925559,0.058919705286819266,0.056843688759303866,0.055545280731726855,0.05485255988574721
4232.8,2579.6293885013547,100.6,0.0057656442508382125,0.005786836321894897,0.005840215871538757,0.005939144836378554,0.006098389407210682,0.00633491785292342,0.006670463444507874,0.007141463187155089,0.00783597622502702,0.008984641345067535,0.011205267694957402,0.016262966826129772,0.029646665029172414,0.06314175179565262,0.10194339790025952,0.10597563508374738,0.09307051798058347,0.08004862384569814,0.07020849802073066,0.06374644082371039,0.059980320536926424,0.057826625157518866,0.056447860979169935,0.055704903853239895
4232.9,2583.0516830532447,100.3,0.005979790748588497,0.006014271682198494,0.006096122661842962,0.006239154376133319,0.00645593412391868,0.0067564343259899785,0.0071498808169528,0.007657656887160647,0.008360031511952309,0.00950329593457048,0.011756413977793475,0.01697955027171999,0.030774579063325237,0.06450753692522412,0.10244079765019037,0.10643734055049293,0.09401758541038413,0.08113081338427182,0.0712121742503675,0.0646517515230674,0.06081724384204014,0.05860272142537165,0.057157783387245524,0.05637462236058606
4233.0,2586.473977605241,99.9,0.006357826850102764,0.0064024453713601515,0.006504408955062858,0.006677406168599645,0.006930361402903332,0.007258889553835559,0.007647749772757541,0.008089148619754231,0.008673146962153615,0.009769030413035127,0.01243965233220634,0.019733974125006673,0.039389294414241445,0.07587026364424393,0.10277527694515305,0.10257202443813249,0.0917612110713568,0.08040159430092808,0.07121361206515016,0.0648001633971779,0.06086635719846582,0.0584682052810977,0.05697483648331103,0.056190399664977894
4233.1,2589.9008858326856,99.6,0.006710578319971852,0.006768095854305639,0.00689798363146616,0.0071134163428597024,0.007417624597070848,0.007796513189346433,0.008216018678781604,0.008653233233896596,0.009204461085658366,0.01026491040651152,0.012942898841362719,0.020341257451876895,0.040175971858768006,0.07639663530386531,0.10260777002256904,0.10257850527157139,0.09226574160783364,0.08116853059909113,0.07204083536580569,0.06561601093726124,0.06162643553095032,0.0591897927205127,0.057641947581825906,0.05683472843958395
4233.2,2593.327794060246,99.2,0.007261318162213276,0.007327785557309519,0.007473377256521029,0.007707375738331193,0.008029016419864598,0.00841099403633669,0.008810611716343869,0.009212450426592432,0.00972743608156843,0.010777683778350481,0.013510449044051943,0.02113029640958369,0.041226077997262287,0.07695300149872611,0.10219654976062091,0.1022616798071846,0.09248629426760584,0.08162378096227456,0.07248570354633005,0.06602874288267574,0.062059303517735746,0.05958751815924753,0.058047617687157736,0.05721485049602692
4233.3,2596.7547022878066,98.8,0.007863305127207294,0.007937222139216616,0.008097993029154996,0.0083508778184636,0.008685130568521156,0.009062005236224554,0.00942606569419592,0.009768771190282516,0.010235519167980354,0.011295574384917987,0.014149245425446945,0.022064862055740965,0.04253557826001077,0.07753781751434073,0.10121860081558649,0.10120775613925347,0.09205354977839969,0.08181516617216823,0.07306347192549646,0.06674890023283646,0.06268991291732566,0.060253726020178144,0.058596888312290644,0.057759309826114845
4233.4,2600.181610515251,98.4,0.008548852734878879,0.008628303014795405,0.00879741267987415,0.009055085771460775,0.00937997965329569,0.009722431471741491,0.010025749757157167,0.010298695705618404,0.010722756291777089,0.011805815140225445,0.01478954956107622,0.02298313366044371,0.04365498068701399,0.07776542356229299,0.10009614098277898,0.10008793088508144,0.09156209384655113,0.08185575873260209,0.07341064871926302,0.06722980510533733,0.06321387107636042,0.06074550239670483,0.05906753222070325,0.05821137774721148
4233.5,2603.6174946809842,98.0,0.009334165378483104,0.009414720437154342,0.009581438742434528,0.009824884856105907,0.010111928638692586,0.01038508450958241,0.01059528422282437,0.010780013135166812,0.011163131695856766,0.01229208970181167,0.015441545143015236,0.023946405773748913,0.044838177704437286,0.07803768066443978,0.09893280624164778,0.09878733564544535,0.09076805145974744,0.08156251257525236,0.07345832972756851,0.06743454732915835,0.06346004634398371,0.06095701630032431,0.05924600986205573,0.05836489625169875
4233.6,2607.0444029085447,97.6,0.010249926513333146,0.010323201521577884,0.010468166558274124,0.010665947299828817,0.010873552106131432,0.011033160990255864,0.011115960019571242,0.011199493629647013,0.011549193872381054,0.012746864281946317,0.016099013967789632,0.024977758245404394,0.04613490932156026,0.07834911961139888,0.09769505835351372,0.09724366881494745,0.08954430066333571,0.08074206247278663,0.07295436654512125,0.06712398017835855,0.06321833438661617,0.060732725619011906,0.059007827495052845,0.05813422715113598
4233.7,2610.471311136105,97.2,0.011370008051573254,0.011418891020491031,0.011505010508213152,0.011600688536121983,0.011660570895809776,0.011642630085707985,0.01155729751793386,0.011531721474117913,0.011867122750682304,0.013168828897029975,0.0167718358015403,0.026081390904307573,0.04753920006552502,0.07879396413196997,0.09667127007810035,0.09588667785045113,0.08838223999928871,0.07983153412003123,0.07225528383602299,0.06657314345746418,0.06274654513709332,0.060300926523975965,0.058593560572736694,0.05773504565835722
4233.8,2613.898219363642,96.8,0.012668575282330887,0.012670680347861318,0.01265241085687882,0.012582676353001658,0.012428655196196157,0.0121838177693591,0.01191137087766296,0.011785433476762105,0.012132085356261658,0.013566614930626057,0.017457113639013536,0.02722562110341088,0.0489658461953632,0.07923555639369827,0.09578441673002283,0.09476707617869681,0.08745200391752776,0.07904559105628815,0.07161359061305136,0.06600186522603486,0.062273138926580665,0.05983810037741215,0.05820256441404053,0.05732252231141473
4233.9,2617.3251275912025,96.4,0.01421152155298177,0.014130708805879827,0.01393873688607557,0.01361383633682222,0.013162458543995652,0.012639462635809798,0.012167978761444655,0.011957732169537253,0.012347027744552954,0.013948367152260705,0.0181653169743599,0.028450373551135454,0.05048919482773502,0.0797666286545111,0.0949421980371339,0.09354753564250867,0.0862524009146843,0.07789443014996453,0.07053138034283869,0.06503517842023969,0.06143794687255938,0.059114561521197505,0.05756234347384498,0.05672453264440214
4234.0,2620.76198662238,96.0,0.016015203844964836,0.015800268826923307,0.01534304357366198,0.014661609880471663,0.013834640135039619,0.012997914116637123,0.012332066475701925,0.012064831956734754,0.012525555923323809,0.014325281797331025,0.018900616900489182,0.029734642524175955,0.05208636434538973,0.08035055070150335,0.09422981391588899,0.0925529021571884,0.0853534941458137,0.07708063548570558,0.0697760014428109,0.0643407638872966,0.060810815111120485,0.05855148974958667,0.05705159738093127,0.056240536117074115
4234.1,2624.142001415225,95.7,0.01773215191535856,0.01736449995392116,0.016619616889989725,0.015577355829817015,0.01440091341433695,0.013298135271853027,0.01248455932604618,0.01218793927065555,0.012724798265263251,0.014709133560372624,0.019613191295193715,0.030940007591835406,0.05352189286409446,0.08083731068315804,0.0936507311392609,0.0918291563258548,0.08478366037846616,0.07660814854410718,0.06933922421217534,0.06393268054459514,0.06043629222652012,0.05821722914804477,0.056747699295962364,0.055955207857202253
4234.2,2627.52201620807,95.3,0.020135338900516584,0.019482719090124726,0.018234572778558524,0.016615320130707722,0.014937879008987756,0.01349866491722719,0.012528144416948203,0.012226652661851046,0.012881327270001915,0.015106547225617255,0.02041680151970179,0.032338944547446784,0.05521502667257485,0.08152853333997681,0.0931661491617838,0.09111267412584441,0.08422288272028008,0.07621596395392242,0.06904868839721906,0.06370365036521661,0.06024112881999875,0.058050311857914406,0.05659476996101582,0.055814451396437516
4234.3,2630.9120014588343,95.0,0.022121880755840095,0.021207015367885988,0.019520857994710376,0.017435716103242346,0.015386238885604465,0.013717614180563527,0.01265170113384073,0.012359616592178014,0.013110809318726008,0.015527879721114319,0.021168345571511583,0.03355489150566276,0.05659669040502424,0.08210347326496387,0.09304932005643847,0.09104843823345143,0.08439260765439988,0.07651136095982818,0.06936924586089434,0.06400286138678786,0.06051550706399942,0.05829986776849793,0.05682989554532282,0.0560386710617826
4234.4,2634.2920162516793,94.7,0.02416606286509381,0.02295631907446295,0.020801405914542586,0.018245175421930042,0.01583618919173985,0.013948169379815944,0.012784334461373172,0.012492530952293942,0.013327667879024693,0.01590034374375492,0.021675315935243,0.0338085230289018,0.056115904682453144,0.08232824639019759,0.09411990322925572,0.091659124295634,0.08448883254792927,0.07637446086114451,0.06916706253693516,0.0638756078253886,0.060483424958655274,0.05834089420513146,0.056862821625082785,0.056076662668222234
4234.5,2637.6720310445244,94.4,0.026121184132264615,0.02459739897549615,0.021964793361882968,0.018957404858281502,0.01623127430200601,0.0141716633794666,0.012949600961740613,0.01268116208295667,0.013608439290229825,0.01635450023311531,0.022425054004090554,0.034994200428632084,0.05751120088382598,0.08292882987682183,0.09391755099044656,0.09148439179774184,0.08459865840645152,0.07670045040195214,0.0695874944802229,0.06430984996406368,0.06089505758090808,0.058717254756809216,0.05720672078851416,0.056403642782370256
4234.6,2641.0520458373694,94.3,0.026642628657647948,0.025096968122018313,0.02242614139089695,0.019373833815963255,0.016605717405118244,0.01451412261894777,0.013274814260792274,0.013008306024122958,0.013963985468738626,0.01677933793468619,0.022981139073668177,0.03571992987141164,0.0581686078800681,0.0830331880203094,0.09384809680986628,0.09183106025693748,0.08536094328676443,0.07765068595434121,0.0705507003576316,0.06521536858767003,0.06172703247610789,0.059475447257918215,0.0579023424648642,0.05706633209464856
4234.7,2644.4420310881337,94.2,0.026986331668076458,0.025451164870979377,0.022791425626797025,0.01974108830078307,0.016964901940306226,0.014861556665460815,0.013615227106355095,0.013354677739100209,0.014338981228574056,0.017220401142607217,0.023543560098328316,0.03642523492296157,0.058767725326142745,0.08311087959560093,0.09381378386605356,0.09221527870002262,0.08612707373432732,0.07856284006210876,0.07144686163203848,0.06604277028677641,0.0624820233617096,0.06016244001366784,0.05853309596990638,0.05766714202826155
4234.8,2647.8220458809787,94.2,0.026552076973375117,0.02518443783826419,0.0227717114739141,0.01994161575913122,0.01730575945829565,0.015266815377938931,0.014037190716002667,0.013773625931284134,0.014756428470408514,0.017654463216756955,0.024019712882428372,0.0369162873603848,0.05905939031272837,0.08315417777755472,0.09430170911792991,0.09354128891898641,0.08797394799865704,0.08045682161676197,0.07315519664092832,0.06755278026435338,0.06383940515748134,0.06139739478562388,0.05966935429364393,0.05875053949434329
4234.9,2651.202060673824,94.2,0.02598177789654239,0.024784671990932722,0.022632193571162473,0.02004862786330964,0.017588787183715444,0.015653376367374076,0.014477258379515058,0.01424062032935363,0.015244482758191999,0.01819272662844898,0.024730252325266964,0.03806385791375844,0.06030998973757303,0.08311601189979087,0.09393191442082266,0.094345441861846,0.08978049690661295,0.08260619306192683,0.07521431106834185,0.069366048275325,0.06540464478306524,0.06278471682401493,0.060935205151687835,0.05996305242357833
4235.0,2654.5920459245167,94.1,0.026112254229741078,0.02499952808831781,0.022968668265100516,0.020475324515691336,0.018021402309798543,0.016001634128162866,0.014700610736489596,0.014399655520766315,0.01556287340077072,0.019210191666200013,0.02748939329373887,0.0433035525890603,0.06543812319616761,0.08449284814746463,0.0930039948585779,0.09336698024766567,0.08843153958305532,0.08038938541808725,0.07278023367262887,0.0676635901501941,0.06453104109236509,0.06235924097578711,0.06056022082924411,0.059598411986558325
4235.1,2657.876448457727,94.0,0.02637393129478714,0.0252428717915561,0.02319155632476833,0.02069151845030216,0.018252236890909126,0.016268506184956386,0.015022353513606647,0.014793770450370924,0.01604558498123141,0.019786624938837455,0.028104135673551377,0.043751615796687494,0.06555248227320022,0.084706275977058,0.09396911247194135,0.09510713724370763,0.09038247139458293,0.08205004364243246,0.07412639659329592,0.068850497214551,0.06562768323350271,0.06335907019106268,0.061480928633552714,0.060474404931558146
4235.2,2661.160850990821,93.8,0.027294602149888814,0.0260118279612683,0.023734665810741632,0.021031221634713833,0.018470176342822577,0.016458623331053863,0.015264642354756278,0.015144165610752599,0.01654469952827547,0.020451018184957426,0.028884583800620183,0.04441451303929008,0.06590493090916126,0.08493391939330412,0.09463613830316314,0.09632245510762155,0.09174350981357615,0.08314924838850356,0.07500387455416714,0.06962824793025887,0.06636932210967202,0.0639617259927728,0.062015558782442505,0.06094160209847367
4235.3,2664.4452535240794,93.6,0.028000652236219035,0.026601224019321107,0.02415820742082109,0.021316823541892658,0.01868662596426517,0.016677610112785707,0.01554524619465944,0.015532624680662787,0.01707503053701813,0.02113353265520021,0.02965742424267182,0.04503752046943676,0.06607559867391541,0.08483761958252756,0.09477176927507076,0.09682010456487723,0.09238862839202429,0.08373182283319158,0.0754997039700882,0.0700839295426971,0.06679286652619007,0.06434796516844041,0.062369527650938276,0.06128039562832735
4235.4,2667.7396426935948,93.3,0.029343253404782065,0.027620186077757708,0.024735951176720356,0.02155556281565715,0.018791877370165636,0.01684009633946764,0.01587890216221199,0.016053442783927643,0.017666635614787658,0.021436528303550674,0.02891056006500929,0.0426239010450446,0.06348731299689897,0.08477842088101839,0.0968418377277276,0.0996084573955061,0.09609019049828231,0.0883542532458393,0.07994534876906771,0.07341204010201349,0.06908133668977554,0.06616833049684406,0.0640568328358804,0.06292909382998343
4235.5,2671.024045226689,93.1,0.029904078478384204,0.02809197054045598,0.025090763109335733,0.021823516600347814,0.019025850286189368,0.017089996097227216,0.016186060523045567,0.0164549050766109,0.018200309068689365,0.02214257245024503,0.029813944465022005,0.04362205378740289,0.06414203990416885,0.08473218447540766,0.09643435155345166,0.09918088739750172,0.0956872739846227,0.08799090242301688,0.0796355232397509,0.07314938880086157,0.06885140051033235,0.06596112988457091,0.06386681441729172,0.06274811059122151
4235.6,2674.308447759899,93.0,0.029890479201379154,0.028185835000009426,0.02532171352826124,0.02214355482775009,0.019356304686815377,0.017372079672267983,0.016415817940729466,0.016704634701690584,0.0186508748315192,0.02316373809216793,0.032015652928117186,0.04710898194178949,0.06688589294011348,0.08437620786487927,0.09385555384194508,0.09577632578984076,0.09119028174856876,0.08252538368137509,0.0744243792498487,0.06917375317955911,0.06598417177134251,0.06362667876571254,0.06170019172718227,0.0606543801313192
4235.7,2677.592850293109,93.0,0.028871832652418924,0.027423939659678803,0.02493900478095497,0.022110064107460064,0.019568436985795343,0.0177277490087005,0.016845673383727763,0.017172778586098766,0.019148453058722457,0.02369918154726527,0.03256288247976293,0.047480258934161995,0.06673846805600696,0.08351010885712488,0.09244567694050736,0.09405076811346649,0.08943560098441426,0.08098099188593091,0.07311605556192219,0.06799098010606296,0.06489995998682117,0.06262963218416584,0.06079572135133824,0.05978317403230916
4235.8,2680.8772528263194,93.0,0.027770942109155598,0.026579593083322764,0.0244851765036996,0.022029296858722378,0.019757689322056193,0.018074972600585843,0.01726757802073631,0.017622365956942346,0.01961435140729046,0.02419856155623476,0.03308560421484465,0.04784965591105341,0.06656926496990583,0.08250345103918776,0.09067677483089268,0.09179690868129722,0.08711196890848086,0.07893390743492804,0.07136131633950625,0.06640737625354133,0.06343878881827913,0.06129521557192781,0.05957237123298153,0.05861757228775248
4235.9,2684.1716419957183,93.0,0.02672858544421426,0.025765315161646127,0.024028957209379045,0.021928723809664548,0.019923938221648542,0.01839995620151794,0.017665218738072107,0.018043441612559122,0.02005170205844152,0.024682889932016488,0.03362685845308212,0.048276084643787,0.0664250883814063,0.0813237274443206,0.08840358470973866,0.08874042693940444,0.08387913397241387,0.07605678882798388,0.06889693584080211,0.06419350483830791,0.06139909318755431,0.059429272032110785,0.05785946162446962,0.056984644528978196
4236.0,2687.455542116037,93.0,0.02554354615350451,0.024813695571542543,0.023457184892129883,0.021751234581079356,0.02005503284350777,0.01871882596713094,0.018065110784487234,0.018462474435519974,0.020478223798314606,0.025153263679033082,0.03415082597102169,0.04866554906369657,0.06609116812857253,0.07976994070014852,0.08558576640891272,0.08504634213675114,0.0800550546693204,0.07273668894452442,0.06608976306151874,0.06167632189685968,0.059061456130652785,0.05731632225701538,0.05592578030511591,0.05516614030515327
4236.1,2690.6278125963545,93.0,0.024236917266993934,0.023735289673560096,0.022764585067557744,0.021480721656587883,0.02013379444573684,0.019020837818318214,0.018469127337440227,0.018889842626384244,0.020912587437624166,0.02563393587909234,0.03468956668096119,0.049043385235740006,0.06576482407011251,0.07821882292938365,0.08280511826010518,0.08147232758471883,0.07639106034993201,0.06952679029523795,0.06337673243592387,0.05926154041948099,0.05683385598848659,0.05525628611789297,0.05402168246759735,0.0533445767366659
4236.2,2693.809714543218,93.0,0.02290780231099911,0.022609388206903624,0.021997746537373804,0.02113037570023669,0.02015074133715653,0.01928754787122586,0.018857867208901233,0.019311710445748923,0.02134521231480481,0.026113672073159115,0.03522071523507706,0.04940444139575697,0.06546451181094928,0.07685330196750689,0.0804465559913319,0.07851828862460186,0.0733894815935397,0.06688450241611264,0.06113400481301788,0.057267800478781675,0.05499682208353274,0.05355232513915673,0.05244175421812844,0.05183038073279434
4236.3,2696.9819850235353,92.9,0.022328972357263423,0.02210697578610159,0.021637459878911722,0.020948013849696995,0.020143336340338595,0.019422632724846338,0.019097164548106973,0.019635871936655776,0.02177154410435595,0.02668690047434412,0.03592816929750486,0.04998459232572503,0.06539149713567494,0.07579279906026294,0.07853821620824368,0.07614760180418212,0.07102543321857387,0.06483784009826306,0.059441985219065574,0.05577669183363595,0.053639033981685964,0.05227703133997909,0.05127172954317811,0.050688423276287635
4236.4,2700.1538929667677,93.0,0.020322499818316995,0.020334144240867828,0.020309599673896343,0.020190281286596008,0.01994503364699965,0.019641416751980677,0.019529117139810908,0.020111077321943765,0.022216777138298692,0.027117592054960653,0.03633467175064148,0.050175377706677696,0.06508766943373037,0.0749272226977046,0.07733581313381686,0.0748813165124675,0.06990744775260554,0.06397460803368647,0.058787121515673356,0.055235843219623784,0.05314476633902548,0.05181341765379473,0.05082741416757229,0.05026073370926329
4236.5,2703.336156312189,93.0,0.019146697929395766,0.01926146130827155,0.019448398950293672,0.019628495193758724,0.01971482915809353,0.019698911246622878,0.019777869891906965,0.0204614418404735,0.022635798996131877,0.02762558656140005,0.03690907958006368,0.050607534205521366,0.06507063475466408,0.07439662480303895,0.07653718991368012,0.07405969914331063,0.06920722600541625,0.0634526269187462,0.058406842945904855,0.054932256254863615,0.05287203748486874,0.051556137773989714,0.05057905077594134,0.05002015833403274
4236.6,2706.508064255389,93.0,0.01801182359916121,0.0182076154965296,0.018569442917468985,0.01901410484550856,0.019415920195858947,0.019694986698812082,0.019985508498470868,0.0207914500552527,0.02305047869210794,0.028139578599589266,0.037495033119619325,0.051071963091976195,0.06516466558767949,0.0741154689159424,0.07612152661223806,0.07368777842094666,0.06893169687533589,0.0632732555638362,0.058295249822936546,0.0548578932116633,0.05281074157544768,0.05149603550961478,0.0505143125299237,0.049954921247512114
4236.7,2709.6803347357063,93.0,0.017026551711361318,0.017276621050926057,0.017764673490562637,0.01841364117833123,0.01907829055168676,0.019623962401003954,0.02012699815856808,0.021072877007528086,0.023443784973822344,0.028656621436918325,0.03812874755406079,0.05160064964479678,0.06536943941431174,0.07399620469572608,0.07588002515173188,0.0734982508403833,0.06881224813297483,0.06324967042192392,0.058347554638325645,0.05497745992904539,0.05290065223449188,0.05158786883390267,0.05058976169063643,0.050064956710109174
4236.8,2712.862236682602,93.0,0.016107748712448085,0.01640067108898445,0.016990902170964616,0.017815824943751647,0.01872155649669545,0.019525354027956042,0.02023940075592699,0.02132754782091917,0.02381131025115455,0.029156905655035155,0.038739504362178157,0.052140171490456924,0.06557292143782298,0.07380233536371085,0.07548787731861692,0.0730969784818439,0.06849641726991532,0.06303506941108089,0.05820699936437071,0.054869266887830524,0.05280972308080997,0.05149715233059514,0.050500044890665854,0.049970782894268914
4236.9,2716.0345071629195,93.1,0.01471749345585808,0.015076181384285835,0.015824211063204408,0.016926993805596792,0.01821738654828772,0.019424249892392678,0.020429009716575543,0.021646077226536033,0.02416109246859728,0.029557267077700664,0.0391532425729308,0.05242611035729286,0.06553521002663049,0.07341027891627303,0.0750040218265612,0.07276499996851905,0.0684115615318742,0.06308738751910847,0.05831641106361408,0.05494722234830984,0.052888459266681474,0.051535247136290735,0.05058336458974162,0.05003779402806332
4237.0,2719.206415106003,93.1,0.01394638143107741,0.014328187909536775,0.015138560745169099,0.016366946071803223,0.01785597841378478,0.019298340063223052,0.02050268626979137,0.021848486621536642,0.024460815346089525,0.029982110580235574,0.03969283840664788,0.052906098791013496,0.06571846808733338,0.07328197522232073,0.07478115333748164,0.07262898461009432,0.06840326253329877,0.06316652070841047,0.05843116804805542,0.055067011532776884,0.05299750034609845,0.051635077170093725,0.050678383719108336,0.050130921744566584
4237.1,2722.288378765836,93.1,0.013230339919955673,0.013628652609213964,0.01448789005615091,0.015823658407259158,0.01749404409818019,0.01916277918164234,0.02056493819885623,0.02204023966532221,0.024747109123925085,0.030388333811047743,0.040197427615058554,0.0533096578746926,0.0657718953354768,0.07298160161808553,0.07436660068565457,0.07232147427685434,0.06830226778553844,0.06325741575664487,0.058646112071515696,0.05532474608833348,0.053252519531042375,0.05187617239780948,0.05092040226570993,0.05036627701540653
4237.2,2725.370342425553,93.1,0.012616024253242928,0.013022404654731744,0.0139142657653125,0.015331443394748678,0.01715576757720876,0.019026270290031993,0.020611058729607463,0.022206850270734303,0.025018387112472885,0.030750808335584915,0.04065042906338596,0.0536683157763268,0.06580839109109253,0.07277673751221303,0.07420264051563107,0.07237168057921785,0.06857689053999365,0.06371493236654603,0.05913049278169376,0.055799662300921725,0.0536993099937042,0.05232022215434503,0.051252124438662894,0.05068459768142365
4237.3,2728.452306085237,93.1,0.012023909096261333,0.012436831836137766,0.013356034945607732,0.014846717668736955,0.016816377969743723,0.018887224311374427,0.02065778654321912,0.022373673999142536,0.025266403590647243,0.03108334020687144,0.041036241466272466,0.05396134695010504,0.06585277419090721,0.07266449207912055,0.07421982301636776,0.07267188385636579,0.06912251436728423,0.06436547349323316,0.05976726789438033,0.05638262714349272,0.054251375666841996,0.05283222989856353,0.05172154139733325,0.0511357872333274
4237.4,2731.53426974507,93.1,0.011529646659242925,0.01194572121395356,0.012883464592825184,0.014429249074815,0.01651780087533276,0.018760019654835043,0.02069637997358814,0.02252363017457444,0.025490448527681498,0.0313870217067279,0.04136985360072627,0.054182583887550234,0.06580270367387273,0.07243276036580716,0.07408058077143075,0.07280203518144021,0.06949381088345256,0.06485759433706324,0.060256889127776755,0.056831750409810165,0.0546749588564355,0.05321303991002231,0.05207791183818561,0.05146742887216185
4237.5,2734.616233404787,93.1,0.011051012432919694,0.011469717353224771,0.012424852963165789,0.014023238049624387,0.01622394358247608,0.0186360527022914,0.02073655515267332,0.022673357763473644,0.02569955984675263,0.031665144197232466,0.041681483552572035,0.05434987219438196,0.0657968327745882,0.07235064124058595,0.07414115270422754,0.07309427328384678,0.06998912152333395,0.06542287866719777,0.06083179192553071,0.05740530240684973,0.05519841622859832,0.05372722106482076,0.05269100809951952,0.052061118358711175
4237.6,2737.6985701807553,93.1,0.010659801160361436,0.011080965486206778,0.012046453166441226,0.01368538512464555,0.0159807358025361,0.01853383824013516,0.02077932396667035,0.02280416078278083,0.02589002979678859,0.03190654766995243,0.041923227161474404,0.054473787012148625,0.06573564389676535,0.07227140891884996,0.0742484119802141,0.07348182544725405,0.07052098534904175,0.06589824621563327,0.06121035631963606,0.05770436596822973,0.05546341228668865,0.05398120286334767,0.0529442146500231,0.052301976434904446
4237.7,2740.780533840439,93.1,0.010287065873433811,0.010708359550539132,0.01168298550777607,0.01335943602602095,0.015743073678672462,0.018437438547036757,0.020822026786548126,0.022934897665693135,0.02607595631322787,0.032138487772876756,0.042146197585991356,0.05456248031653992,0.06561374323224718,0.07207330083203843,0.07416321725705884,0.07359440252900919,0.07072903314706246,0.06604047886693609,0.06126931916681417,0.05770198137005194,0.05545082367086378,0.05397604830665886,0.05294454389681667,0.052310467857955886
4237.8,2743.862497500156,93.1,0.009989689842349415,0.01041052292383698,0.011391287949580617,0.013096107831660297,0.015550212501801115,0.018359731285301974,0.02085691766676672,0.023036679250539864,0.026208751584706886,0.03227781631932552,0.042223338170105346,0.0544720094425936,0.0653550696741702,0.07184583755703342,0.0741895455702635,0.07389558035594301,0.07111738468336253,0.06631123360504439,0.061387465080090575,0.05773226883320727,0.0554635257356565,0.05398523367060038,0.0529545263682151,0.05232447481703454
4237.9,2746.9344675521374,93.1,0.009694290626590137,0.010115008432344055,0.011102482240697605,0.012836803762218917,0.015363932037534457,0.018289464139529792,0.020893262899567618,0.02312519427877379,0.026308073205808576,0.032364186536834344,0.04223216069872914,0.05430012780886317,0.06499249266142977,0.07147117435265112,0.07403006271851566,0.07400693678676194,0.0713660428398315,0.0665208263051551,0.06149446224799345,0.05776911125855241,0.055480002131270405,0.05399102243458167,0.05295583276556655,0.0523292113226329
4238.0,2750.0164312118545,93.1,0.009461016129980413,0.009882028883901757,0.010875595754322943,0.012634702512818235,0.015221904889539924,0.01823946161342482,0.0209200418330322,0.02317549574311451,0.02633943861138579,0.03234666760012437,0.042096774612786596,0.05395272622152738,0.06444906703882221,0.07094039573694497,0.07376526719738513,0.07410209443447019,0.07173131399290462,0.06697864559149203,0.061917360386994025,0.05812739726855434,0.055789069431560374,0.054258061009895796,0.05319291803139992,0.052558502394732545
4238.1,2753.049663810927,93.1,0.009098460619347085,0.009519878730409057,0.01052284181905096,0.012321191950958875,0.015004454493538535,0.018164798025508105,0.02095190742623515,0.02321591907982708,0.02631719221405063,0.032229799995512724,0.04183019409597036,0.053455355567457,0.06374175686548449,0.07022363482860433,0.07330001345396737,0.07403669571102699,0.07204924907352796,0.06752201306039159,0.0625053158472248,0.05866531858979586,0.056258321547040295,0.054662882683781604,0.05354985314881893,0.052898766415256905
4238.2,2756.0833744102233,93.0,0.009150257351178404,0.009571116635869103,0.010570912211279815,0.012358461538970652,0.015016363531073627,0.018137595539116664,0.020887687983928788,0.023130679351730094,0.026218816557600656,0.03210660194256095,0.041628829030696646,0.053084261668173746,0.06319448868409523,0.06970784729181584,0.07309794866665907,0.07428941177057781,0.07269263531253803,0.06835106201991525,0.06332762485895463,0.05940677354542575,0.056915173332331884,0.05524907270262267,0.05408258232140021,0.053410639759301576
4238.3,2759.117085009403,93.0,0.008898973504326793,0.009317673757723395,0.01031788410717254,0.012121229620346296,0.014828872519820614,0.018030294529698385,0.020838595854238258,0.023074321410680186,0.02610279034036955,0.031903836695119245,0.041296107420028136,0.05255000276682299,0.062461366139171325,0.06892755537293012,0.07247822853436066,0.07398058681073322,0.07274278778821432,0.06866853844923287,0.0637414079019289,0.0597965151788916,0.057244193037468936,0.05552457521633164,0.0543189104894863,0.05363234283930544
4238.4,2762.150795608653,93.0,0.00871322669003309,0.009127821857195732,0.010122051608305703,0.011925150354344402,0.014651912707895088,0.017895138011254825,0.02073812377183822,0.022968786229359776,0.025953616610748954,0.03168694943011051,0.04097849836745743,0.05208052349726417,0.06185443002030959,0.06832678124246817,0.072062165588969,0.07384958683084786,0.07288156184482092,0.06895892196838323,0.06405216167157823,0.060062441233839844,0.0574584867249383,0.05570062060763089,0.05446731843721155,0.053769650135457106
4238.5,2765.1840282077683,92.9,0.008914725326077415,0.00932487520632549,0.01030251379006245,0.01205906771328966,0.014687887971603862,0.017795442965948233,0.020537264872361002,0.022746340155426824,0.02575329900340153,0.03150640884336732,0.040783593046260204,0.051792913824463334,0.06138974279627371,0.06770272607695353,0.0713672407413225,0.0731669986122977,0.0722833220549771,0.06847718051683262,0.06364513808126067,0.0596805062424464,0.05708655048297501,0.05535198246870461,0.054139330045046355,0.05345574607707902
4238.6,2768.217738807018,92.9,0.008800204769909935,0.009204745636510973,0.01017084395780141,0.01191159692140178,0.014527016899104015,0.017632688704175233,0.020380540822853132,0.02258399300048313,0.025558597964995947,0.031248499486573357,0.040424408925340626,0.05128442931999399,0.06070995186023499,0.0668834981688588,0.07046062012495174,0.07223909978512322,0.07143324236443463,0.06777156154931499,0.06305665074766775,0.059140385351638854,0.056564928562307035,0.05485627135364668,0.053667711243628,0.0529976982563855
4238.7,2771.2414616778383,92.9,0.008711200257551054,0.009109578270672162,0.010062061343176675,0.011781200835985073,0.014371048112746702,0.017457899524378335,0.02019859310002062,0.022391095977001958,0.025328976404332373,0.03094381937412251,0.04000481712768437,0.05072194357292045,0.060012333099538365,0.06609487034812815,0.06962358010172108,0.07140852175154738,0.0707061044706295,0.06721453702617489,0.06263649474299172,0.058773028197926035,0.05620767964190125,0.0545110712300041,0.05333571672642912,0.05267296746260195
4238.8,2774.274694276911,93.0,0.00839090100545763,0.008781751192972004,0.009722873795968845,0.011440048358573695,0.01406259189803658,0.01722776780700902,0.02004550706175807,0.022249168524967368,0.025122963015618442,0.030616366267373577,0.03951544932037946,0.05006641882026232,0.05924470691578483,0.06526851271291245,0.06874638521804051,0.0705054295557035,0.06987030265752714,0.06652409934239137,0.062083389159186556,0.05828055422095505,0.055734270357764425,0.05405354717813239,0.052896464823181714,0.05224083444784103
4238.9,2777.308404876207,93.0,0.008382291146557919,0.008765612534193019,0.009687508352540515,0.011366369050916755,0.013926955213592688,0.017022027765619334,0.019795434481566804,0.02198310631332052,0.024830271754249452,0.030251505623940217,0.039038539477277,0.049487508770309815,0.058620656707958956,0.06465667922869742,0.068168766734372,0.06999561955135936,0.06950954569770205,0.06635921075551537,0.06206279434327144,0.05830414763743357,0.05574656302355957,0.05404965513433435,0.05288343622207591,0.0522228471227188
4239.0,2780.342115475457,93.1,0.008141499429331841,0.008515265012289497,0.00941837843084233,0.01107484727760895,0.013625669020759424,0.01674093357116083,0.01954999092149617,0.02174389427427958,0.024541588135213874,0.029855725927348708,0.03850534888517379,0.04885838342090239,0.05800983063681544,0.06417009667191222,0.06785060319705588,0.069860896843331,0.06955236385152007,0.06651406944773708,0.062254510328151796,0.05847173407149854,0.05587641350082026,0.05414810687224083,0.052963767583230584,0.0522901515444674
4239.1,2783.3893601324385,93.1,0.007910249819435517,0.00827336117460056,0.009154732782522355,0.010781847803444423,0.013309670093998213,0.01642724868756561,0.019259600277435115,0.021451637337019745,0.024199119823529056,0.029404624882040223,0.03793234047794773,0.04824865820185611,0.057484870942951787,0.06376767366795558,0.06758272484348804,0.06973471801561965,0.06954995413799116,0.06664240783708415,0.06241149710106009,0.0586532650889715,0.05598670061794177,0.054269174223915695,0.053019136086791575,0.05236306162482284
4239.2,2786.4366047895364,93.1,0.007750609736178299,0.008103346050504246,0.008961333751163762,0.010550544283674107,0.013032010119618279,0.0161128262146458,0.01893150254766483,0.021112337017983363,0.02381769229996589,0.02893999750436482,0.03738807548887898,0.04770626960449495,0.05704009743905432,0.06342867896399294,0.06726171544351467,0.06936782772436959,0.06916147761192071,0.06629607846320841,0.062132659162278676,0.05841761126627795,0.05576005205343516,0.0540494574943412,0.05280370171723523,0.052150805247962
4239.3,2789.4845549204474,93.1,0.0075908288007977475,0.007932894060530939,0.008766537687315421,0.010315551257737218,0.012746122570327277,0.015783082271805107,0.018581250042175642,0.02074704601938154,0.023409868047035865,0.028452833361707855,0.036829542444092235,0.047146428195538354,0.05653868133029126,0.06295882298522752,0.06672409808559035,0.06871996073994259,0.0684715809559497,0.06566260632836075,0.06159185905975456,0.057942185915715275,0.05531140775708291,0.053625059424244975,0.052398746482974747,0.05175737165902799
4239.4,2792.5417758806593,93.0,0.007709299311492181,0.00804126425105253,0.008845406143322167,0.010325845650017223,0.012626193681900644,0.01548635511812856,0.018146844793093343,0.020268240506621342,0.022932951590508736,0.027976713911885605,0.03638437163035347,0.04679496999909256,0.05626442572276969,0.06262960452487351,0.06616716824196639,0.0678606844364846,0.06742584017799004,0.0646276604336844,0.06068236989350033,0.05714930337525041,0.054592068524209024,0.052960691150783626,0.051782960163389964,0.051165673285353805
4239.5,2795.5890205377573,93.0,0.007577610274786283,0.007897693737201806,0.008673705620451394,0.010105084971942192,0.012337815906057679,0.015131703517997178,0.017757846452808125,0.01987010583116313,0.022510828454413503,0.02749774185619778,0.03585371919587367,0.04625785534566192,0.05572867098057523,0.06201155806190959,0.06531496224467732,0.06671366363384394,0.06611834816695004,0.06336483733696566,0.059567950054817714,0.05616428945377212,0.05368737461181177,0.05211626900000353,0.050990296115412344,0.05040282409678066
4239.6,2798.6362651948552,93.0,0.007454384710256902,0.007762222473033666,0.008508771622366294,0.00988777371188182,0.012046196344140213,0.0147635871266221,0.017346464508682317,0.01944785571985522,0.022067706388661516,0.027003773041481677,0.035318559540969394,0.0457376879613297,0.05525883347483968,0.061561427980973096,0.06479170572774824,0.06607612858899352,0.06545425506887585,0.06278538677119978,0.05910251690934308,0.05577177652436926,0.05332658271177648,0.05176762281264512,0.05065755410077567,0.050080873965434904
4239.7,2801.684215325583,93.0,0.0073471310294629735,0.007642877265024668,0.008359847735126418,0.00968521177254171,0.011765210372046073,0.014398100081793284,0.016929293822112515,0.019018997182118122,0.021623527518744492,0.026520030728538972,0.03481102814067318,0.045275797606921575,0.0548992217085761,0.061283077659147235,0.06448851824860753,0.06566412916642271,0.06497453611074899,0.06232757961485063,0.05870666412438301,0.055422272846389155,0.05300831117814314,0.05145575487533294,0.05036181069237339,0.04979618584149615
4239.8,2804.731459982681,93.0,0.007252120133121202,0.007536050357594715,0.008223968311545466,0.009495791777434275,0.011495259253032308,0.014038359346219083,0.01650935049225743,0.01858478198117298,0.02117541020087668,0.026037855889643757,0.03431027678011946,0.04483691891258211,0.054622691814414266,0.06120915730642142,0.06455311073789305,0.06575403580180651,0.06503026118116609,0.06234171665145022,0.058682590040025524,0.055370248247073296,0.052958664892508445,0.05138548638994333,0.0502931155781057,0.04973047162240204
4239.9,2807.788680943009,93.0,0.00719851337212816,0.007470601232222723,0.008129829726767143,0.0093462795601563,0.01125608279568993,0.013693763593722985,0.01608415507026011,0.018136806675178994,0.020715621442580268,0.02555801040157465,0.0338347482732285,0.04446526025852087,0.054469084559163265,0.06130124362024256,0.06480265383873673,0.06602038448040086,0.06519826238113097,0.06237082563258637,0.0585838518203927,0.055195538872574904,0.052781579353760856,0.05119944506310183,0.05011978527239857,0.04956720367046205
4240.0,2810.8359255999903,93.0,0.0071429114418762665,0.007402878175132997,0.00803450630198647,0.009197413121813554,0.011019239350665967,0.013354818342087911,0.015665838566404695,0.017692837731711163,0.020262138029523653,0.025094004653874312,0.03339191785097842,0.044161758247643214,0.05442452160894168,0.06153423180442824,0.0652000091997161,0.06646291454165387,0.0655750593426006,0.06263361245601924,0.05873820917514376,0.055277738752968646,0.05282423921556674,0.0512351122057129,0.05014467811671003,0.04959018267654478
4240.1,2813.981239574835,92.9,0.007128681616621894,0.00737603835766699,0.007978023869819259,0.009081546126223885,0.010804426118150674,0.01302001102427991,0.015241059409641126,0.017239948673599598,0.019812636216595663,0.024643360837442046,0.03296153310335584,0.0438623818528545,0.0543762993526923,0.06176848066060678,0.0656067362845626,0.06692345617014149,0.06597589214496785,0.06290845900616793,0.05890490378623593,0.05537975360694161,0.05286996463459636,0.05128936739868583,0.05018395156166866,0.049623842664559895
4240.2,2817.1365050153063,92.8,0.007157124352848729,0.007390507453286795,0.00795823782361571,0.008992522922307207,0.010601482324010128,0.012676305527463344,0.014797413259988599,0.016777397934835424,0.019381980664034067,0.02424588034850779,0.032619328389691574,0.043666983826213444,0.054407095481918646,0.061995146822707285,0.06587653370330998,0.06708489105578842,0.06595730723694877,0.06271515490341247,0.05861788367526927,0.055064461094011974,0.05254496758738833,0.05100071391190488,0.049909977326962014,0.04936097410044454
4240.3,2820.2917704558695,92.8,0.006980446763194104,0.007200170923946514,0.007737438732494489,0.00871976041221876,0.010261797093100964,0.012276373577154215,0.014382699781251434,0.016391953592505806,0.019029398616238414,0.023891129028440948,0.03225290624883438,0.04335401962394924,0.054271272439741586,0.06208969614718213,0.06613374979914041,0.06738098948555586,0.06623457607223465,0.06293495038516793,0.05878667275675369,0.05518303282562854,0.052631162349896406,0.05107014779810096,0.04995636102379172,0.04941129647474291
4240.4,2823.447035896341,92.7,0.00705003065440776,0.007254321302522268,0.007748706218130938,0.008650093291721367,0.010060152978470243,0.011915892504002972,0.013916176953436991,0.01592936011808541,0.018640544129401367,0.023565148856812865,0.03198473265737627,0.0431746802771089,0.0542679690120579,0.06226627578682885,0.06646438941349288,0.06772854755377668,0.06658271362751347,0.06324397560304702,0.05907543641929473,0.055405930205341,0.0528619998829026,0.05125898750707334,0.05013078515095729,0.04959592578545625
4240.5,2826.601334550555,92.7,0.006900116133483862,0.007090630950866398,0.007548406838808657,0.0083906639093159,0.009716445005535793,0.011497326696377647,0.013476721317235183,0.015542001203529155,0.01832676451974745,0.02329026871537916,0.0316888738183086,0.042887224459123574,0.05410781300562619,0.06236409642438139,0.06679841710234889,0.06824095374268001,0.06718645049084762,0.06387438325937594,0.05968025924569665,0.05596814622255124,0.053330408252475044,0.051708078731385616,0.05052822308664273,0.04996850698852449
4240.6,2829.756599991118,92.6,0.007007350117017911,0.007179721934539989,0.0075930101011571025,0.00834849300260114,0.009535349150512136,0.011149201154258511,0.01301383304284231,0.015083782413209575,0.017961329027684384,0.023024089675376447,0.03147793641096638,0.04275678277714124,0.054142675970710284,0.06266466343527256,0.06735225094864626,0.06900656323343891,0.06805155476427661,0.06475788076031966,0.0604874488751294,0.0567101382395432,0.05397290844623609,0.0523392731978224,0.05112087665187965,0.05054131448697129
4240.7,2832.901913965871,92.6,0.006907500822955256,0.007064703627239249,0.007443626175479557,0.008137849846436004,0.009239260026545619,0.010766264438247838,0.012595065771400371,0.014710674395398912,0.017678907275698628,0.022801853825289157,0.031234465104047773,0.04246820505218604,0.05393156089593702,0.06271908283217259,0.0677646625598647,0.0697267683494848,0.06895939022732636,0.0657097688841216,0.06137650514027728,0.057508033729827775,0.054689955090208485,0.05301972783146891,0.051751172442856715,0.05116083918004802
4240.8,2836.057179406434,92.6,0.006809854630455596,0.006953579313589301,0.0073017124537096065,0.007941259007160542,0.008965978715035515,0.01041331673523355,0.0122052492993453,0.014357746562286652,0.01740887435350443,0.02259028331762199,0.03100439149375598,0.04218912097745501,0.05371865829954362,0.06275504512044405,0.06814928512489347,0.07039584233794016,0.06978481174536437,0.06652598482307065,0.06209482297917021,0.05811678013196139,0.05524632150715034,0.05355158678604153,0.05226134815240106,0.05166765446007742
4240.9,2839.21244484679,92.6,0.006694030739392428,0.006826107591902397,0.007147478454205829,0.00774029446387373,0.008700348244544399,0.010082004593721253,0.011845562295675497,0.014034330114890388,0.017163923951502333,0.02240257208220999,0.030800055500570512,0.041942652846127554,0.05355961705817653,0.06288825335776066,0.06867862108709395,0.07125223590984252,0.07084063296159017,0.06759806722340758,0.06307587476272322,0.058974110513686916,0.05603857153118008,0.0542955731534383,0.05297481367595793,0.05236390695377277
4241.0,2842.366743501004,92.6,0.006591831954558425,0.006715885664376346,0.007017226671592893,0.007568090196891627,0.008463262134753813,0.009776615008859771,0.011510566778981551,0.013716804133120776,0.016918734738078336,0.022226244456064206,0.03056257578871684,0.041688917319549594,0.053372653085526515,0.0629180596576531,0.06895717183645828,0.07198484053587245,0.07188623935688367,0.06878164127148069,0.06410842979212754,0.05999086699032718,0.0571479356938298,0.0552677736452524,0.054318361366163165,0.05358943831555977
4241.1,2845.690897528814,92.6,0.006412723004056894,0.006548070656734075,0.006863254916572247,0.0074125245822629264,0.008255966175027685,0.009435941041202297,0.010933595051169196,0.012668673614109794,0.014683687728447614,0.01758947965503716,0.022945499263028482,0.032703250238451075,0.04683007147690429,0.06177794095355792,0.07275054390961315,0.07788947766567868,0.07790189700374012,0.07407117007524586,0.06863267110432521,0.06363763642434062,0.06004880012890599,0.05774249093826252,0.05625486397339566,0.05550139167714082
4241.2,2849.015051556512,92.5,0.006416947207844795,0.006542731474913412,0.006835532993370681,0.007344761336189083,0.00812571679558726,0.009220588336689971,0.010625319719397413,0.012293753956405829,0.014294184379891162,0.017214355946603494,0.022556717867033647,0.03227816512265123,0.046526987792767684,0.061942792370703145,0.0734860667306072,0.07888199283408534,0.07883373855560508,0.07483360471205895,0.0692415186432835,0.06413597803029004,0.06047778734114188,0.05813069506587694,0.05661275364748584,0.05584501797010024
4241.3,2852.347948194583,92.4,0.006437695402929694,0.006553889936444302,0.006823958938146802,0.007293341024682593,0.008012399165140183,0.009023867300228862,0.010337180262036266,0.011937270485279223,0.013919905559079033,0.01685345713008104,0.022186243993119525,0.03188351926106177,0.046293759299293,0.062269638749726415,0.07447910470883556,0.08012591590029731,0.07990601900038476,0.07560583275540551,0.06974558311223289,0.06451460169177617,0.06077175260741284,0.05840813208678267,0.056856427280152784,0.056091201998929266
4241.4,2855.672102222281,92.4,0.006277310027595352,0.006386943420651339,0.006642640021093661,0.0070881868393178615,0.007774221528928772,0.00874651372904883,0.010023868846511724,0.01160148915676347,0.013572405859040067,0.016472361704324198,0.021716973490821176,0.031318372488228836,0.04587454146752955,0.0624631895128466,0.07538582602243506,0.08124279981108762,0.08077276237234535,0.07612755189874437,0.07005006097822736,0.06470964886925812,0.06093836273681297,0.05855846763212477,0.05700596390813297,0.056231169192886565
4241.5,2858.995067765287,92.3,0.006330422731044378,0.0064304536902774455,0.0066639511899240205,0.007070791303052791,0.0076977008432449956,0.008590270679950813,0.009778175686579425,0.011283609320980026,0.013225351776623904,0.016125457415821904,0.021343196481483796,0.030905904468168707,0.04564837023275372,0.06283301798206532,0.07636439199019276,0.08231012294557859,0.08153429412334513,0.0765682445913147,0.0703046194428802,0.06489184507746644,0.06109278040084232,0.058704731455706496,0.057141532457613456,0.05636218815421265
4241.6,2862.3291493479605,92.3,0.006202882431913949,0.006297481282546601,0.006518832197681911,0.006906035681445951,0.00750538499045083,0.008364754944020357,0.009519518406169925,0.010999087832620174,0.012917334025860506,0.01576836639920759,0.02086945710592577,0.030303010866682717,0.04520350981989656,0.06309177189511403,0.07742732075936772,0.08360986081035952,0.08257780632252185,0.0772519480775027,0.07072884726549891,0.0651897896459249,0.061330705550557904,0.05892777576670808,0.0573510343578919,0.05657312236205862
4241.7,2865.653303375655,92.3,0.006104611635591746,0.006194200263512886,0.006404424386160703,0.00677334527774311,0.007346547333853589,0.008172904170092182,0.009292229389780537,0.010739961763857988,0.012626645633396924,0.01541909185776533,0.020394071878998287,0.029685504349248087,0.044742106051248405,0.06338245485046312,0.07859506766140012,0.08500330438105176,0.08362303506296573,0.07784036399177047,0.07101269196749836,0.06533479613989394,0.06143075034275109,0.05902177153075242,0.05744684586658391,0.05667019532604276
4241.8,2868.9762689186673,92.3,0.006002460452115297,0.006088331941916273,0.006290306092960703,0.006645704179366103,0.007199474185829197,0.008000716750158024,0.009091330476731607,0.010508651928050151,0.012356647081730489,0.01507749455519394,0.019918002714757212,0.029072058185512496,0.044286750964276464,0.06363693967091946,0.07962911039593232,0.08622022695685747,0.08459519542027893,0.07851420182691425,0.07148178846634978,0.06569166234821391,0.0617324195227167,0.059297975199644304,0.05770845738532986,0.056924828492738146
4241.9,2872.310350501337,92.4,0.005772665234404211,0.005858401314546507,0.006060894403159011,0.00641796360286557,0.006976338645015561,0.0077857387958583085,0.008885682732270656,0.010301597620031683,0.012106473196330077,0.014705459620267274,0.0193277064065532,0.02825073022218799,0.043569809587040695,0.06375782807299167,0.08087910319636997,0.08803169657445448,0.08636012748748266,0.07996224047685944,0.07261392240796376,0.06657497339308602,0.06249862052675851,0.05999027329343015,0.05836926534370492,0.05755298955248768
4242.0,2875.633316044349,92.4,0.0057009515214487445,0.005785194040460968,0.005984139810045768,0.006334946452265772,0.006882916319092154,0.007675344531631445,0.008747790792081192,0.010119173643828338,0.011850999515443777,0.014329645153836572,0.018767300956261383,0.027511935322381803,0.042984599097850205,0.0639936203866894,0.08210021318666488,0.08961187961578758,0.08782617881115883,0.08119227746735383,0.07363167571332517,0.06744123653707139,0.06326405016643527,0.060692429628840285,0.05902184687340621,0.05818004817502957
4242.1,2879.1224563395954,92.5,0.005443414857799798,0.005530019538782125,0.005734648849101797,0.0060964004222504725,0.006662690212627334,0.007481426230229434,0.008581143877128196,0.009956136840765248,0.011624499048488992,0.013934766483153938,0.01809963986055578,0.02656652701754643,0.04210368289753366,0.06393312385243571,0.08318686601777216,0.09132250783729019,0.08966185969173109,0.08288085051166925,0.07507120319838455,0.06865889609329522,0.06432510637644522,0.061656325346135216,0.059916152135168516,0.05903773562203647
4242.2,2882.6016803911116,92.5,0.0053553278686116115,0.005443210580191064,0.005650360130279565,0.006015049630552939,0.006583548141630688,0.007401405749189079,0.008488908687889771,0.00982113886188681,0.011390443186540831,0.013529670485474427,0.017445314318508105,0.02567615295329617,0.0413394676945289,0.06403099040229024,0.08434965906625509,0.0928907789347166,0.09120991061512902,0.08424966203779054,0.07618633954415414,0.0696337125084877,0.06525720507704534,0.06253966553355804,0.060713074053347305,0.05971043291367212
4242.3,2886.0809044425123,92.5,0.005277336201713645,0.005366688762746384,0.005576920128235818,0.005946120309325431,0.006519609321894323,0.0073393279700093555,0.008415109570664946,0.009701424398995675,0.011165606362712887,0.013122772899216342,0.016770370540647995,0.02472396192933926,0.04048502750039513,0.06409205514043655,0.08553271701376934,0.0945082295047955,0.09280878425222344,0.08566410966825393,0.07737793794913862,0.07064500526147346,0.06614445712402102,0.06334216962174197,0.06144777743856646,0.06040474102783666
4242.4,2889.5700447377535,92.5,0.005231347043009886,0.0053222518695524605,0.005535651163300196,0.005909189014769494,0.006486632389840096,0.007305104919212883,0.008362417374370212,0.009592346095660911,0.010940998917243028,0.012709644943922632,0.016080782207430196,0.02373133239727782,0.039559146811966074,0.06407599150983599,0.08656667094355308,0.09585197789860067,0.09408260655739693,0.08676571513407544,0.07828641391861997,0.07139784208050343,0.06679007282140643,0.06391605302907183,0.061966983808897175,0.06089303362030312
4242.5,2893.049268789154,92.6,0.005065683088711286,0.0051592719672163894,0.005378978788370531,0.005763786992996086,0.0063589790045918415,0.007200654193476044,0.008275020739129777,0.009485015620617562,0.010735992018123846,0.012305000950329202,0.015365088764076922,0.02265186117075182,0.038480843230880704,0.06399952252397817,0.08778004700417132,0.09748937574724581,0.09562803070969701,0.08806222417545563,0.07931923686601962,0.07223862341958832,0.06751156230309896,0.06456463549049239,0.06255946118847901,0.06145025521218773
4242.6,2896.5384090844004,92.6,0.005048626731039326,0.005143319713708687,0.005365092926316024,0.0057521155750350356,0.006347478678117804,0.007181562189093259,0.008228369072504172,0.009373954593831276,0.010512745575178896,0.011916716145929283,0.014738370349009917,0.021745821807775997,0.03766440664834082,0.06427385023473674,0.08926458603370745,0.09915333298877708,0.09700290967458694,0.08909592337134538,0.08008072402910778,0.07283183360696684,0.0680136665000869,0.06501390565535856,0.06296861585459768,0.06183597586320001
4242.7,2900.016353879943,92.6,0.00502328030924196,0.0051185897017858835,0.0053408818949837724,0.005727271772634591,0.006319615726504422,0.00714390685281336,0.008163172250327054,0.009250677746715211,0.010289596977688734,0.011548291167966367,0.014149252588734786,0.020864678724369357,0.03677657253727736,0.06442732232107372,0.09077090635942757,0.10102042428980884,0.09867474329011919,0.09037740573581812,0.0809158934467133,0.0732879265662381,0.06818063426209336,0.06497720930127143,0.06279727832476947,0.061578369345315236
4242.8,2903.505494175069,92.6,0.005005924952113431,0.005100862090862897,0.005321841466451875,0.005704585102582699,0.006288397432972598,0.007094552939898174,0.008078651878311893,0.009106914483525574,0.010061240692068388,0.011205227929588559,0.013632000506837745,0.020105748155207256,0.03603714217667027,0.06473394272520386,0.09241029774574779,0.10291537833988398,0.10030994556927328,0.09166841723419497,0.08190644719539764,0.07408240456063148,0.06886609131912244,0.06559448273878132,0.06336359544177829,0.06211434197643398
4242.9,2906.98471822647,92.6,0.004975860182906336,0.005069277226877811,0.0052864509059483734,0.005661671592426968,0.00623200660400181,0.007015641991489515,0.007964919883538443,0.008944579075322728,0.009837010215053588,0.0108971667574859,0.013184175942195979,0.019432031298420863,0.03529279147978398,0.06483020052101622,0.09374910908232523,0.1045142117992193,0.10168136172006983,0.09277392069520905,0.08278816239222807,0.0748111626143661,0.06950033346963454,0.06616357161652625,0.06388391930237507,0.06260739293058057
4243.0,2910.4738585218315,92.6,0.004926559246115688,0.0050172857427285104,0.0052281718057733215,0.005592177405896791,0.00614468445141733,0.006902799881187648,0.007819949453359733,0.008764115263916142,0.009617892584240386,0.010621802872686815,0.01279459709119126,0.018813348104784605,0.03446540067986598,0.06455626954017783,0.09466836637130868,0.10586523550956357,0.10297391349151742,0.09394146226068227,0.08381224564330436,0.07570501400460242,0.07029025782956234,0.06687113201112083,0.06452833466880918,0.06321810909706292
4243.1,2914.07210809625,92.6,0.00490381365623773,0.004990718408123693,0.005192688608548048,0.005540889317898702,0.006068590846887627,0.006792243443094641,0.007669454685760512,0.008578397953272372,0.009407917739034825,0.01038343148266342,0.012476846720709376,0.018288172452410288,0.03365348730586849,0.06406433639638011,0.09526547487820577,0.10695002792593417,0.10411726949755143,0.09512661163520754,0.08497229076035506,0.07677298544147723,0.0712447330392034,0.06772044731735569,0.0652943566122614,0.06394034193545937
4243.2,2917.6815401844965,92.6,0.004867778570615938,0.004950289540807802,0.00514223075123831,0.0054732508399442095,0.005975121048842325,0.006665111214706977,0.007507583807261097,0.008393144734328955,0.009216597068727028,0.010186047450269999,0.012227025297686609,0.017855184414858512,0.03288123218774671,0.06339546869357948,0.09563036219232389,0.10799303564521634,0.10539332057892185,0.09655146658481335,0.086409318041222,0.07811098798555134,0.07244726884589128,0.06879535687701423,0.0662669869103821,0.06485968711171455
4243.3,2921.289711466559,92.6,0.004805910879147859,0.00488408009619345,0.00506629170297503,0.005381152802711861,0.005859714394337092,0.006521190432776885,0.007337499258331955,0.008210618902948002,0.009038130760090857,0.010008602416134495,0.012001728515688662,0.017441107717547286,0.03205714752664675,0.06250907352036515,0.09579681861680832,0.10893153658661434,0.10654579255255185,0.0978671742515056,0.08779719826104837,0.07944520874611513,0.07366135437089717,0.06988198605432203,0.0672479242054724,0.065786060307249
4243.4,2924.8991435548055,92.7,0.004608630297347607,0.0046837437973668945,0.004859854827080396,0.00516664796314175,0.005637717617117335,0.006298604769032454,0.007130754961687241,0.008038140585175236,0.008900314460056074,0.00987318282852416,0.011800830531473627,0.017017770568846142,0.031100512464325877,0.06124269959644049,0.09573705705202128,0.11005472861081493,0.1080100512228559,0.09942689150964236,0.08932993723226502,0.08087319224539587,0.07496206751312975,0.07106590133294469,0.06833318945357093,0.06681988445859682
4243.5,2928.507314836752,92.6,0.004634458092177801,0.004704686297764359,0.004869422551835428,0.005156162659247798,0.005595838195496906,0.006213029328561555,0.006995527651786488,0.007865897757679612,0.008723743624499077,0.009718789383804492,0.011651567013125794,0.016776666612603745,0.030599207739484314,0.06077298024159554,0.09635922108267334,0.11129269256579531,0.1089866168920336,0.10013808446036111,0.08996379935020549,0.08148212499622341,0.07553208386550544,0.07158332171920895,0.06879858884223121,0.06725612451666292
4243.6,2932.1167469249986,92.6,0.0045272711290110035,0.004594053478095311,0.004751279958211257,0.005026207549161039,0.005450149676756653,0.006050671828329264,0.0068232076365516555,0.007699225794522326,0.00857770096681827,0.009589769870532101,0.01150278427899363,0.016498160828569444,0.02995797185080481,0.059941215917699985,0.09662651934777532,0.11235719378798967,0.10980006388948313,0.10063119175664732,0.09034325348915004,0.08184266867871512,0.07588468336038985,0.07192114097700464,0.06911257447866294,0.06755543425416777
4243.7,2935.714996499417,92.6,0.004432048232943765,0.004495568064190398,0.004645628267689392,0.004909148754723317,0.0053176304684716775,0.005901138989885976,0.006662178230376789,0.007541467302925856,0.008439425601505594,0.00947121992960801,0.011373779899691556,0.016263187534780694,0.029408206744035006,0.05922199237336327,0.09698420890303387,0.11343916470221375,0.11041764260841189,0.10071178667400685,0.09021415881338116,0.0817019706713887,0.075785957207623,0.07186134674097097,0.06906985118240319,0.06751760430911058
4243.8,2939.324428587779,92.5,0.004442727158818413,0.004502426396651801,0.004643669485329453,0.00489189518862824,0.0052768077578375545,0.005827776784707491,0.006551631731834815,0.0074023881661145876,0.008296726956024417,0.009347504534526001,0.011259420422784909,0.016087211600847716,0.029033079045756305,0.05885752658170536,0.09773042327957485,0.11488217899228141,0.11137077266881198,0.10101890727217505,0.09019041966393646,0.08159364487830076,0.07569248471865432,0.07179855846481756,0.0690214592781189,0.06747103325943445
4243.9,2942.932599869726,92.4,0.004452872024949922,0.004509234391383623,0.00464280142200858,0.004877794893428541,0.005242488431076921,0.005765737017060789,0.006457914128262036,0.007283925595880807,0.008174151400156975,0.009240133617227472,0.011159496673150682,0.01593596046966446,0.028721338734427587,0.05857026223501589,0.0983819602037148,0.11606746380304592,0.11206222531984893,0.10109544450252474,0.08994213528997833,0.08126079835131647,0.07538317693034716,0.07153589399380549,0.06879005740054092,0.06725115483564487
4244.0,2946.5420319579725,92.4,0.004355745440243987,0.004410802751864259,0.004541674398453054,0.004772893278698948,0.0051335557181637365,0.005654745056757449,0.006350881648182931,0.007189315152524449,0.008094985902609346,0.009164278788961918,0.011055768702203367,0.01573233814341263,0.028268184413909977,0.05796004281127478,0.09868902482330892,0.11724436753557584,0.11305456100052291,0.10160015685890238,0.09010720719849463,0.08129205067463267,0.07540354463505743,0.0715853427477906,0.06885582334534951,0.06731826228506374
4244.1,2950.1542473448094,92.4,0.004353574440715728,0.004406895540087998,0.004533811670336314,0.00475828377866874,0.005108693147078223,0.005615778753565217,0.00629530608022484,0.007118740503339251,0.008015410670859034,0.009077477108828105,0.01094387304831785,0.01553883613013278,0.027897444912980976,0.057571873008781256,0.09921043618962667,0.11854844550545088,0.11416316961521986,0.10220048129467765,0.09033953393927398,0.0813643017325018,0.07544218350641692,0.07163357654916824,0.06891008012182115,0.06736984844962579
4244.2,2953.766462731427,92.4,0.004363689396166586,0.004415624237865904,0.004539360958599088,0.004758318684231893,0.005100124608064999,0.005594847590155245,0.006258599832994755,0.00706534978905257,0.007947830320425503,0.008995604467855665,0.010832324451156778,0.015353562509370623,0.02757569685334311,0.05727434519687516,0.09969744112097209,0.11972776681439781,0.11528810512307332,0.10300688642041142,0.09087981816315223,0.08175928277387587,0.0757768906220122,0.07194216579385593,0.06919662271207916,0.06764039142960605
4244.3,2957.379799139774,92.4,0.004378229484096094,0.004429082998346094,0.004550314770737715,0.004764830795035775,0.00509949186702624,0.005583457507050447,0.006232406105921426,0.007021368678393083,0.007885287608736838,0.008912073644868889,0.010713281853831084,0.015160388039288097,0.027253672161164047,0.05696637691486187,0.10016087571919037,0.12094830043578685,0.11642313925045886,0.10370719946361225,0.0912377552089968,0.08195576632649863,0.07592612503368028,0.07208486387390635,0.06933424992033506,0.06777027007944704
4244.4,2960.992014526611,92.4,0.0043905899343492805,0.004440665719588153,0.004560067073113349,0.004771247586316095,0.005100376646411042,0.005575642050211714,0.0062117356578873595,0.006983491011331414,0.007826624467051886,0.008827992263306099,0.010590366783763822,0.014966716109898463,0.0269455788129983,0.056644136394753096,0.10037110018877214,0.12167892473558556,0.11706378256516685,0.10401764717948306,0.0912963773440413,0.08190091369652704,0.07584469109436988,0.07201018419241664,0.06926858703388532,0.06770657293858433
4244.5,2964.614168581781,92.5,0.004319583751146157,0.004370185375878261,0.004490916395168648,0.004704725422214914,0.005038497986904738,0.005521302068077087,0.006167631456180355,0.00694743973539438,0.007784892784410458,0.008755286230686277,0.010455050018738171,0.014716255363147114,0.026471454347762928,0.0559330712210183,0.10015357677654707,0.12229821749217647,0.11785010552912756,0.1046062927144975,0.09167424510525232,0.08216257684673636,0.07606320419369572,0.07221850165645353,0.0694680888003894,0.06789733708211133
4244.6,2968.226383968502,92.4,0.004469816765948967,0.004518053664591298,0.004632924471288753,0.004835334854874922,0.0051490299469736526,0.005598576309797849,0.006194795978904861,0.006912657255395145,0.007695231161324429,0.008635629982198413,0.01032023206397372,0.01456228617939316,0.02633761544234714,0.056044241557990725,0.10071900604324031,0.1229452602215326,0.11820233377217387,0.10461780621639746,0.09149737321007258,0.08191787861903678,0.07580196843991449,0.07195613775228507,0.06921394185276748,0.06764796295984365
4244.7,2971.839720376849,92.4,0.004523097589895234,0.004570428086386413,0.004682974638726248,0.004880664501927379,0.005185734998017818,0.005620451948998989,0.0061931098441033346,0.006878664910394027,0.0076253070342125785,0.008532352034183583,0.010181061563932956,0.014370121322834809,0.02609071742367519,0.05592145219500177,0.10114075597730347,0.12370519145591488,0.11874909713694717,0.10479000221957357,0.09142849125330298,0.08175813454227579,0.07563011843622165,0.07179721266303375,0.06906948988009178,0.06750840358126751
4244.8,2975.4519357635827,92.4,0.004604117266505688,0.00465027269587761,0.0047597612620577075,0.004951157818396213,0.005244705771173047,0.00565970593168921,0.006201429175232872,0.006845690182027254,0.007548914575208933,0.008420710004478289,0.010039494248346272,0.014195670580254493,0.025928759550069094,0.056040573477644344,0.10177890979061911,0.12436909098274433,0.11903990745573925,0.10468993960813915,0.09111257128584836,0.08137746526149178,0.0752581716578781,0.0714547640644438,0.06875673521683055,0.06720902971861728
4244.9,2979.0641511503036,92.4,0.004699033638857084,0.0047440854871486585,0.004850612986714497,0.0050356586390343985,0.0053171544527027634,0.005710972613965399,0.006218828188168384,0.006816875477025525,0.007469936949496206,0.008298784101449876,0.009879978820532981,0.013996098920821758,0.025748218212295462,0.0562557897641146,0.10292794595207203,0.12606427710932214,0.12059571374633703,0.10576642494521155,0.09178709099682009,0.08184498911113228,0.0756521527430062,0.0718218662541741,0.06910415473494738,0.06753786482096122
4245.0,2982.6763665370245,92.4,0.004793560114748645,0.0048379907852680384,0.004942572025511397,0.005122764292852832,0.005394097693981286,0.005768712428129356,0.006244084644864537,0.0067954489033919575,0.007394759405820085,0.008174443527841347,0.009713157179826846,0.013794182561727085,0.025610737747928013,0.05668856172621531,0.10450252461691538,0.12809153305371812,0.1222463678660844,0.10673579418958669,0.09226222270841325,0.08210267508741886,0.07586180253673322,0.07203472972266453,0.06932014105553296,0.06774503049692589
4245.1,2986.2009232466917,92.3,0.00502588602552682,0.005067276189439364,0.005164041434571647,0.005328413863189353,0.005571634659191176,0.005900297867875186,0.0063081901219777135,0.006776178630948778,0.007296399696520189,0.008023647189253589,0.009539398544967317,0.013636579495079253,0.02569088541930948,0.057831736949983004,0.1070929793242814,0.13065764086495663,0.12395117349701779,0.10749783076032171,0.09245799633247073,0.0820932467291891,0.07584495535401153,0.07205637871736525,0.0693731624502865,0.06780334762829178
4245.2,2989.715521374528,92.3,0.005149760296639788,0.005190886149911243,0.005286246947623451,0.005446055711747465,0.005678515124417717,0.0059855539611758145,0.0063560608131957965,0.006769776474616642,0.007226677372663986,0.007894098697792463,0.009359467146037788,0.013425548444214216,0.025613193180771092,0.05865971350488339,0.10954254916087168,0.1334912493706237,0.12599130905200204,0.1084728368618687,0.0927697004993357,0.0821643582068533,0.0759083060991452,0.07216991495315904,0.06952442683910265,0.06796243090124823
4245.3,2993.241000065446,92.3,0.0052841475261008325,0.005325334486268067,0.005419817885565169,0.0055756404455017386,0.005797551156771921,0.006082137141461728,0.006412859501838378,0.0067682693400163575,0.007157224386906033,0.00776034354703378,0.009173857985781022,0.013219793007590483,0.025609265142975225,0.059779429055480525,0.11232962621483815,0.13632242663667,0.1278494147702438,0.10930657170303691,0.0930414495450996,0.08226446131462571,0.07603417101162867,0.0723589484753239,0.06975764717355011,0.06821141153223312
4245.4,2996.7555981932824,92.3,0.005434549613974711,0.005475672230780329,0.005568663419520809,0.005719243788107301,0.005928268021733162,0.006186513063777046,0.006472124977683,0.006763493371509298,0.00708018061456332,0.007615863242175767,0.008974881157278744,0.01299848061714025,0.025602214258586976,0.060926272212624914,0.11481980515214521,0.13821682357544535,0.12846993301410442,0.1090136744641836,0.09240785859047039,0.08161746176048035,0.07550128026103564,0.07195131553532164,0.06944948996662927,0.0679600783599296
4245.5,3000.2801549029496,92.3,0.005608628882318927,0.005649232477788406,0.005739215104907674,0.005881727712921959,0.006073362129901444,0.006299079211520269,0.006532670390924714,0.0067544486777855696,0.00699665954472486,0.007465856013069421,0.00877417570323104,0.012789983646728257,0.02567914159528457,0.062292908746444636,0.11701728043832227,0.13892063208179986,0.12776049137458698,0.1077586264231361,0.09115037349279251,0.08051873519380717,0.07457439692790757,0.07116957567305572,0.06878468904779864,0.06737001438787996
4245.6,3003.794753030786,92.3,0.005796395659091767,0.005834026269660195,0.0059164358307605405,0.006045991487835253,0.006217275922080125,0.006414501331285173,0.006617483336268066,0.006823097734749935,0.007092191600875369,0.007616526778513233,0.008840408951072869,0.011860279032718328,0.02012055244063226,0.045886919156953546,0.10568792651181708,0.14166467602649765,0.13122342991636024,0.10922262156935383,0.09190767801765894,0.08138561366703465,0.07560034028441416,0.07213974986761641,0.06967194027812908,0.06830796046437916
4245.7,3007.319309740538,92.3,0.00600885203536864,0.00604498361270973,0.006121722206515856,0.006237706732462516,0.006382384560716233,0.006534694088201165,0.006673032377524825,0.0068009781714227354,0.00699391113280788,0.007458055317988355,0.00864447232180288,0.011659070620717667,0.020029921690849016,0.04653263521979532,0.10713990835668218,0.140976360481737,0.12956105808581073,0.10785219726123985,0.0909755475398164,0.08071284542087384,0.07504621062749887,0.07164062033805803,0.06921397667539927,0.06786391469581231
4245.8,3010.8339078682893,92.3,0.006234296888709204,0.006268527145074235,0.0063386028201871105,0.006438910047423742,0.0065532765190589905,0.006655673825261609,0.006724705698804981,0.006772311196605685,0.00688944351363423,0.0072952289137377035,0.008445128961210354,0.011452750933118613,0.019933483637024085,0.04718516206227556,0.10824282274098024,0.13970754918775888,0.1277195608324913,0.10665062551164184,0.09033526987999886,0.08033202086237531,0.07474898136405665,0.07136142803622715,0.06894856027808816,0.06760960839825664
4245.9,3014.348505996126,92.3,0.006471201877196204,0.006502725623886551,0.006564149363380257,0.006645209502956211,0.006724084796465044,0.00677092776897252,0.006766763524989351,0.00673445062981773,0.006780984003557756,0.0071365417962638705,0.008259946817165211,0.011276715146826866,0.019917543481694902,0.04812017744807413,0.1096928046201202,0.1386430607235214,0.1261227180696646,0.10572287692631302,0.08997304669304085,0.0802205516968201,0.07470236188046725,0.07130837609313263,0.06888487861528472,0.06754539685532157
4246.0,3017.8739846870435,92.3,0.006718750736357511,0.006746096295541887,0.006795467470969387,0.006851667615102928,0.006887766933633903,0.006872134940871736,0.00679131921458264,0.006681810386601456,0.006666166409754886,0.006982923943766213,0.008092832842166008,0.0111377216668545,0.019989033681515042,0.0493072034291976,0.1112910376465576,0.13769521371251053,0.12479816615564937,0.10509740562662122,0.08988992106814947,0.080360755713857,0.07488367536667248,0.07146208489182057,0.06900754215110433,0.06765839741810761
4246.1,3021.262494684098,92.3,0.007010445575154887,0.00702942500179094,0.007057734390881871,0.007074828812839449,0.007050448016460841,0.006955577876719032,0.006788070943041413,0.006602109011766219,0.006534471274762643,0.006828364419720113,0.00794330138216238,0.011041969354839148,0.020159317839265604,0.05072558082328628,0.11293165505697152,0.13682608389530387,0.12371420281373204,0.10471634109556943,0.09000245500722269,0.08065715590883346,0.07519942363738989,0.0717399240142555,0.06924197042289514,0.06788205761399854
4246.2,3024.6410298695932,92.3,0.0073034978053536466,0.007310839458724604,0.007311014739814778,0.007279207534016887,0.007184595909413755,0.007005035758328364,0.006753550988764962,0.006502183159680801,0.006398277575510588,0.0066852509913818805,0.007821951871896238,0.010999529264585042,0.020445694794851508,0.0524103216385891,0.11470229713820969,0.13622177286533496,0.12307186665810471,0.10484328342065687,0.09063187635507046,0.08144923450496852,0.07597656734943951,0.07243756875127576,0.06986368483696796,0.06846788451886691
4246.3,3028.0295398666476,92.3,0.0075819327437095085,0.007576238818418405,0.007545739529382439,0.007463262984758365,0.00730055967863444,0.007044995842184587,0.006722796079278896,0.006417490074209002,0.006277870006168195,0.00654224276205626,0.007667297686802533,0.010826312220039802,0.019802209306746088,0.047418006106272434,0.11128152100307032,0.14046584037239365,0.12527714037856214,0.1057582887796813,0.09113339014835982,0.08178393350450086,0.07623133732071975,0.07270209611879361,0.07011672335429744,0.0687032055762605
4246.4,3031.408075052209,92.3,0.007829640873553522,0.007807029321312413,0.007738914951595269,0.0075976879202018805,0.007361004186604307,0.007029550237650842,0.006646347784135115,0.006307133980748314,0.00616315490094221,0.006449252559536282,0.007625386425911704,0.010902630509789893,0.020232124268512872,0.04897106111966076,0.11364055418977913,0.14032179860851743,0.12485105667456332,0.10587875423263736,0.09163203548239104,0.0824083963847707,0.07684613855302005,0.07325748833317056,0.07061419878148423,0.06917241531635261
4246.5,3034.7973080037823,92.3,0.008034936770443072,0.007994275292293039,0.00788742214401912,0.007688504379689333,0.007383597928001137,0.006987803101547588,0.006559146641803494,0.00620186885258263,0.006067069608051907,0.006386857120460543,0.007629262122414382,0.011055301305691623,0.020820055391467602,0.050894367261487876,0.1163787908936207,0.1402419994217243,0.12427408328563225,0.10570661056032656,0.0917821329002476,0.08268673091375753,0.07714231437992904,0.07352713460749866,0.07085374080383217,0.06939764359595098
4246.6,3038.1858180008367,92.3,0.00819739749618417,0.008138338457646534,0.007993291765637078,0.007740097414144627,0.007374972979871009,0.006927385383899669,0.006467980166330515,0.006106349410608059,0.005992050014303276,0.006356063987564962,0.007679436525503047,0.011284518683982657,0.02156064627659416,0.053136107024613834,0.11944320860898759,0.14073613139135846,0.12410550430053915,0.1055550009188668,0.09171432358168746,0.0826794103025353,0.07716741380916296,0.07355945450737215,0.07088236484692123,0.0694235881011513
4246.7,3041.564353186332,92.2,0.008531935889803693,0.008436166633617253,0.00821575351893238,0.007857824629449284,0.007379888934112418,0.006837854069202851,0.006324351495378959,0.005958521729780531,0.005889030666810546,0.006346055850242628,0.00783752286588042,0.011867983015557282,0.024167481259236994,0.06515564729749593,0.1256852761221889,0.13649532292589317,0.12187585108664381,0.10506557240295285,0.09194755302970402,0.08319475067155488,0.07776603248830682,0.07408553358770596,0.07132823770807384,0.06982935116780865
4246.8,3044.9528631833864,92.2,0.008620346691869613,0.008505528700984333,0.008248030686302301,0.007842262735003281,0.007318632435340134,0.00674580244691983,0.006223662510195143,0.005872007643464645,0.00583725491355122,0.006352994076275275,0.007952477594884872,0.012243415947125275,0.025386752430742,0.0685329050220399,0.1280708853299648,0.13647428974130624,0.1209161358082451,0.10383866903677987,0.0907447249372018,0.08211248451437368,0.0768141293053703,0.07324539558340301,0.07056410099737898,0.06909806160057559
4246.9,3048.3313983689477,92.2,0.008678497805351619,0.00854500755270295,0.008251945192539701,0.007801949928058791,0.007238354204269033,0.006641413575290455,0.0061166820980952065,0.005783586621989412,0.00578675212767258,0.006364883969500475,0.008080024729215764,0.01265256273389359,0.026694133328740877,0.07185110488130893,0.1300171489227738,0.1361513252866081,0.11976425885838742,0.10252358465218572,0.08952650839019477,0.08104360036513707,0.07587663202408221,0.07241480100903364,0.06980835114025019,0.0683747980854615
4247.0,3051.720631320521,92.1,0.008922362917532683,0.008751457512504194,0.008386668180670126,0.00784627817309755,0.00719706309718946,0.006539807629311471,0.005990004287794593,0.005666484445061471,0.0057107244970671465,0.006368267321856893,0.008242138938333084,0.013212006473297337,0.02848531223196321,0.07590356631290938,0.13158173432364068,0.13507941103076535,0.11809117655364479,0.10095747724035217,0.0882064108396927,0.07992737917781506,0.07489921416196546,0.07154096232344626,0.06901444679031675,0.0676165300313359
4247.1,3054.9855968639768,92.2,0.00884036035034671,0.00865948217818273,0.008277829411144577,0.007720645977694377,0.007062782752178142,0.006409964114465596,0.005878430282788782,0.00558553522790738,0.005673953043498178,0.006400007247413722,0.00840584095886706,0.013713528221526276,0.030039477463008203,0.07901779278072159,0.13214164466983427,0.1334930555136183,0.11618693852504232,0.09938063458563832,0.08699877041467084,0.07895722162751882,0.07405985381625535,0.07078430873214361,0.06832458652442606,0.06695458020816052
4247.2,3058.251128979914,92.2,0.008938737775669439,0.008730009602048996,0.0082976304436518,0.007680832999832093,0.006972352180868546,0.006290525115875547,0.00575571315366179,0.005483644021580713,0.005616995605387143,0.006425250713753826,0.008602136093030562,0.014358472521834725,0.03201893612272862,0.0824775783934608,0.13223290554050535,0.1314492262334734,0.11411546804756478,0.09786027076321244,0.08595264198594851,0.0781766911769632,0.07340017528278413,0.0701843490484092,0.06777837430389648,0.06643049025907416
4247.3,3061.516661095681,92.2,0.00900650833975137,0.008771807357450393,0.008293894950885033,0.007625787778682625,0.006874558579338016,0.006171282521371931,0.005638651997562228,0.005390145549105263,0.005570140076593922,0.006464826807086733,0.008826358286555796,0.015080890261785848,0.034180783855391486,0.08579154675093947,0.1318602633096447,0.12909582157676205,0.1118923450487842,0.0963260549420738,0.08499248998827523,0.07757239960239926,0.07289765390159669,0.0697260661490496,0.06735114404032105,0.06605454613670644
4247.4,3064.792176322371,92.2,0.009059305436956015,0.008800969336913196,0.008281719793528115,0.007568067305446171,0.006781840815389999,0.006062658637281339,0.005534462711132825,0.005309655206130586,0.005535362798624882,0.006517441266629972,0.00907655701747792,0.015878907124650267,0.03651030588900618,0.0890042040327261,0.1314634579534999,0.1269937624098025,0.10989886705442893,0.09486435644433494,0.08397241026354997,0.07679865877548456,0.07224388406406919,0.06914168975962791,0.06680879764192005,0.06554209905624464
4247.5,3068.057708438308,92.2,0.009059855007429053,0.008784609727994514,0.008236671204468754,0.007493532897567597,0.006687626142830229,0.005964012530920297,0.005447037570217104,0.005248844249224599,0.005521644286155111,0.006594263755942714,0.009365531414494548,0.01677102805201781,0.03905887073700385,0.09234536600829822,0.1311917666741946,0.12492174057598734,0.10773735685883182,0.09305512942441699,0.08251006138262715,0.07556842500767114,0.07116373141389692,0.06817359879782464,0.06592008032221415,0.06470048639662386
4247.6,3071.3232405541908,92.2,0.00902551703314887,0.00873931608766383,0.008173086287804974,0.007412665948097849,0.0065996900300888004,0.0058797871376263825,0.005378378555249819,0.005208313283130469,0.005529563408490735,0.006696221229949364,0.009696685930538455,0.017759157705173733,0.04178260165589831,0.09568522968631105,0.13116356091907833,0.12312193832510343,0.10552412280480256,0.09085638577780264,0.08048917523919817,0.07371046110063346,0.06950181224238594,0.0666751663830359,0.06457460884861294,0.06341111566923577
4247.7,3074.5882060976464,92.2,0.008969566822078855,0.008676003957076569,0.008099107215723853,0.007330961156121491,0.0065179533335419215,0.005807819631336366,0.005326196404206145,0.005187400361359237,0.005560493402000534,0.006829168822277137,0.010079224982180602,0.01886739808155429,0.04476419731685484,0.0993342379462781,0.13170133341925397,0.12198112144006738,0.10383305777288569,0.08898431194301255,0.07863555174202748,0.07198716273031397,0.06794191576009183,0.06527302717735074,0.06330133670684832,0.06220517040451231
4247.8,3077.8537382135837,92.2,0.00889609881131179,0.008598795450788163,0.008018445992057267,0.0072512946702573645,0.006444861120220862,0.005749647499484321,0.005289935958874392,0.005184490453621155,0.0056114417745801405,0.006987223196547041,0.010504533124581437,0.020069279586632426,0.0479094664679499,0.10315800630920285,0.13268452936461544,0.12136604319750104,0.1025476941876258,0.08737153551372852,0.07693162501472751,0.07038698664676965,0.06644340654912637,0.06393812626349908,0.06209296515347563,0.061088548509914506
4247.9,3081.1292534402737,92.2,0.008807842559080572,0.008510921015976903,0.007933201975352955,0.007173274183854991,0.006379816150637709,0.005703261090544474,0.005268596394861342,0.005198216873810539,0.005682453593796053,0.007174100792254137,0.01097704218830555,0.02136361394577191,0.051118668114795096,0.10669650497651964,0.13357939741270664,0.12109311629146044,0.10188330600500642,0.08650502106438596,0.07600986708038399,0.06951579597762063,0.06565500053077505,0.0632292198674605,0.06144575149685741,0.0604713346232383
4248.0,3084.3947855561564,92.2,0.008709833680605237,0.008416364423087174,0.00784671489065427,0.007100336382299169,0.00632567812998387,0.005671971373206634,0.005265568325894574,0.005232938217206348,0.005778750322855177,0.007395471322547558,0.01150976313730786,0.022772390261650625,0.054379190216245266,0.10988165083176148,0.13440706190078153,0.12127423039241873,0.10201557504097945,0.08659533129972437,0.07606694464140208,0.06956889971821467,0.06571990033374495,0.06329766895317698,0.061510618471817304,0.06053130218067474
4248.1,3087.599844057899,92.2,0.008622853595949751,0.008333580817576104,0.007773416691716703,0.0070418253356938545,0.0062864062403530175,0.005655617818195539,0.005277421267069523,0.005283297082197759,0.0058939172157839725,0.007645088340788537,0.01209835152429166,0.024300419823359714,0.0577413996472095,0.11287020461997746,0.1351540975632698,0.12180250234473608,0.10285173785526058,0.08755940105578833,0.0770202046122446,0.07046793585615488,0.06656186956050163,0.06406886843731897,0.06221731292965428,0.06120255535468076
4248.2,3090.8049025598107,92.1,0.008706640223091295,0.008407616493258455,0.007832121469680512,0.0070856148011276794,0.006321055553139031,0.0056896627044453595,0.005320471571099874,0.005350198631330672,0.006019544440779999,0.007916316316369751,0.012674947003707854,0.025034338759230588,0.056683467106866794,0.11236438948772368,0.13875281226160457,0.12423768374710607,0.10412196787269436,0.08843043868587415,0.07769358651336106,0.07100407433382337,0.06706673209115009,0.06453065916482023,0.06262901925612019,0.06157244099084504
4248.3,3094.0099610615534,92.1,0.008604964211162022,0.008313979157968197,0.007754424139209876,0.00703015354951229,0.006292158038338375,0.005691312237772027,0.005359866092217968,0.005442099380050046,0.006195873455691292,0.008261496465799864,0.013520011615768901,0.027855752380995927,0.06475347224221194,0.11797054460352505,0.13615078909407027,0.1230661001820211,0.10516239847263639,0.09034819461271663,0.07984119792415767,0.0731343857923897,0.06903208475160255,0.06631277943503892,0.06427095468610175,0.06315387288654213
4248.4,3097.215019563296,92.1,0.008499495151936135,0.008220877006373703,0.007685108376217343,0.00699161650817003,0.006286709473798159,0.00571901207211378,0.005423644087392613,0.005553928023424925,0.006390025852481475,0.008630106544561877,0.014323866713078752,0.029742115096236952,0.0680565334915592,0.11991132042983564,0.13618630582614222,0.12317718136920235,0.10569380531509337,0.09108926833671188,0.08062909981398109,0.073901316366747,0.06975498103508375,0.066970233117249,0.06486774007384498,0.0637153253459463
4248.5,3100.4300623313998,92.1,0.008387398947848176,0.008123433609706597,0.007616704399490663,0.006960432717625384,0.006293605278033642,0.005764001998895013,0.005508395999054053,0.005691763697642918,0.0066176863805605364,0.009047881946937994,0.015208139831143512,0.03173362677458916,0.07136175428013171,0.12165258567300431,0.13568901749409282,0.12222142121699672,0.10485138449698544,0.09046602812363458,0.08015907391424228,0.07350762771906469,0.06944064184701139,0.06668560562448958,0.06461391967380198,0.06348043801946678
4248.6,3103.6351208331425,92.0,0.008442140517344536,0.008179723004636132,0.007677119683012957,0.007028821205598483,0.006374765213122363,0.005864201686863487,0.005638692988160032,0.005875335260950363,0.006906834197348321,0.00957132411029344,0.016302914625594633,0.03412518404665026,0.07506338819477346,0.12315548017390074,0.1342933909415233,0.12008965894152908,0.10278637906527291,0.08866560656505827,0.07863353179518552,0.07220365695350324,0.06828789529165537,0.06564716266146581,0.06365455278373436,0.06256638581201703
4248.7,3106.8401793348853,92.0,0.008294482872793328,0.008056741122376629,0.007599307717820832,0.00700745407184822,0.006412128900083981,0.005956287237122289,0.005787182435882785,0.006094248214428421,0.007241963731641115,0.010140781541860705,0.017402050725862744,0.03631402469651037,0.07807918519037226,0.12401175670961706,0.13269566540702146,0.11784344931765242,0.1005651180564501,0.08666426463718481,0.07693830400530786,0.07077164065429113,0.06700917318279366,0.06449022779044547,0.06258835330805171,0.06153511973587623
4248.8,3110.045237836797,92.0,0.008185555950355866,0.007975223917795543,0.007570752603751253,0.007044776068746255,0.006510903107153589,0.006100026681451941,0.005947687576864732,0.006266694374198653,0.007548235127526777,0.011345934861053732,0.022240808900085597,0.049756473089412674,0.09541632822985277,0.12812536918064302,0.12802810451053262,0.11281156503769212,0.09650028963078908,0.08324955323426052,0.07374500698749614,0.06745657035851674,0.06353665147678736,0.06091915388575085,0.05904083790347688,0.0580399377891352
4248.9,3113.249750280161,92.0,0.008071202060493865,0.00788460991217076,0.007523739763313353,0.007058680265828351,0.006592992247753081,0.006246657609241039,0.006166658335635963,0.006577255980450224,0.00802337211163346,0.012137462080915477,0.023616202725480404,0.05181773787354917,0.09708435024104607,0.12771725915906537,0.12625789872464224,0.11105032102698936,0.09531500153147236,0.08270758898230979,0.07369631976455032,0.06787104625395328,0.06433712378797173,0.06201289275858649,0.06015756743954909,0.059159433247496375
4249.0,3116.4548087820203,91.9,0.008144929542747195,0.007968549986428097,0.007629625670440556,0.007195879540103202,0.006768589608433956,0.006468632316175057,0.006450652021453456,0.006958247482507219,0.008581211616341164,0.013048094233241212,0.025198693429561787,0.054256774246199416,0.09914254559580021,0.12783506115119508,0.12538804221878136,0.11017621335216221,0.09461417048104816,0.08215186598109427,0.07325837923409592,0.06750085618422924,0.06398995723088988,0.061637342663882086,0.05976617755224993,0.058762037376818725
4249.1,3119.662362366855,91.8,0.008217320246402595,0.008055005178516058,0.007744717386255222,0.007346159138926768,0.006961742359712057,0.0067190743770333145,0.006773255671190687,0.007388946104421859,0.00920440701404451,0.014037277688898389,0.026837090331073826,0.056716108678148955,0.10108311924622135,0.1279989295395394,0.12473581146849622,0.10952654296528515,0.0941148621909791,0.0818201378998721,0.07311116338289209,0.06744710705590698,0.06391558126510957,0.06152094235115692,0.05974620181925282,0.05877395570756258
4249.2,3122.869915951754,91.7,0.008329877688312386,0.00818047957218472,0.007896156931151789,0.0075338208604299375,0.0071955108712166965,0.007011118216181257,0.007144395297903688,0.007881883209940698,0.009909452368981449,0.01513516167491391,0.028602195233670864,0.05921157054679996,0.10298276318745543,0.12829451576899512,0.12461222506645155,0.10972135823869383,0.09456684015714655,0.08239901714803162,0.07371826307467585,0.06801757311718482,0.06440782051845231,0.06195051724305732,0.060131824171914754,0.05915391511472452
4249.3,3126.0774695367054,91.6,0.008485483735986135,0.008347160132927878,0.008087404052951889,0.007763525874856443,0.007472865861360239,0.007350234877489614,0.007569890305356983,0.008442611131796715,0.010710245241468292,0.016359810038576773,0.030522327688581867,0.06173620368700989,0.10480968682034798,0.12852945441567448,0.12481435388983922,0.11050927786866739,0.09570688352391009,0.0836020834694285,0.07493039965770895,0.06927412538384572,0.0656971464215736,0.06323936130542598,0.06143641910954839,0.06043302291653372
4249.4,3129.2850231215402,91.5,0.008673968664459861,0.008549734779335369,0.008319289542654323,0.008038773277973482,0.007803673324975862,0.007752444719859087,0.008070995893908922,0.00909568956522337,0.011620434497017499,0.017708393246851136,0.032534217949118927,0.0642164142101654,0.10619932432267024,0.1284157331594531,0.12476692487866416,0.11113795863743905,0.09677906994434275,0.08483270945159736,0.07618079684125828,0.07045804773954359,0.06678512783976041,0.06422332183686395,0.06234582638856568,0.06128301414185214
4249.5,3132.4925767064915,91.4,0.008903128050064907,0.008794899721327791,0.00859633970293066,0.008363979974644734,0.008193757037176468,0.00822133160274593,0.008649460910430097,0.009845560969538722,0.012644969774023474,0.019185989561156358,0.03465160106539479,0.06659060503107893,0.10717987152622936,0.1279504480581673,0.1244574465958645,0.11164941175313943,0.09785134143771484,0.08617364181241438,0.07755008424185006,0.07180774244208891,0.06808832952603121,0.06545657313455458,0.06341946159347664,0.062329462750484906
4249.6,3135.7001302913905,91.2,0.009418796539286588,0.009309992244427839,0.009113276891408393,0.008890106238240521,0.00874359860497213,0.00882058100331738,0.0093431226391745,0.010713235735843917,0.013827459687377048,0.020914064852644444,0.037163214817998745,0.06937116490015868,0.10834679529991284,0.12755181646922914,0.12424123858548408,0.11214693457674302,0.09885122237797554,0.08742940502355558,0.07888603905193084,0.07312315300735094,0.06931559014537143,0.06656524632564471,0.06442210848994068,0.06327988321887357
4249.7,3138.9076838762253,91.0,0.010032547717146359,0.009920480961858864,0.00972095516929363,0.009501873012329893,0.00937525327429746,0.009501543719664132,0.010124859883893052,0.011686104263531788,0.01515076716629305,0.022836566409531515,0.039888433772932545,0.07214108449177069,0.10919440464192874,0.12691243084710527,0.12381269576482073,0.11230221496201492,0.09940236688630417,0.08819639201023827,0.07975557293793355,0.07401615872508338,0.07016142558312047,0.0673347578301201,0.06510926040659147,0.06393829184579108
4249.8,3142.1152374611765,90.8,0.01083088330280911,0.010690852180276844,0.01042743447028306,0.010105724680269297,0.009868808978563542,0.009994481130896932,0.010967644481554264,0.013699700174756172,0.01994854222720591,0.032811235201201217,0.055551819747050306,0.08536145670436175,0.10922783455709205,0.11746183283277414,0.11295463830889228,0.1023109277104251,0.09021757719376473,0.08080580449692777,0.07495996115926327,0.07148394337271721,0.0687131996120489,0.06609671519940537,0.06393039634486108,0.06297715321029568
4249.9,3145.3227910460755,90.6,0.01172663737046003,0.011574582554342122,0.011292607499151473,0.010957367899125851,0.010726174153870286,0.010891471491713375,0.011953656291819645,0.01483124334725714,0.021261108939813676,0.034229233666259865,0.056708599448607615,0.0857858187617264,0.10926086156729843,0.1179178355789022,0.11376432422760056,0.10299687331834464,0.09081840692915091,0.08154534562642364,0.07586054170328507,0.07237187508757292,0.0694818636400764,0.06676794165608374,0.06448616872325781,0.06346087891414028
4250.0,3148.5296742682135,90.3,0.013162606424706997,0.012962125246696612,0.012593001801299051,0.012158388074934915,0.011848486042155324,0.011988524510406507,0.013110263384957339,0.01615298987358191,0.02283576796962983,0.03597579093841331,0.058147420398956005,0.08632894195302467,0.1093162707607471,0.118320241937802,0.11439845969216422,0.10339177033972016,0.09107789242084788,0.08194020451357747,0.0764758127651082,0.07301245851880417,0.07000660592085202,0.06725591414734952,0.0648650864186859,0.06378972375760701
4250.1,3151.8025476235516,89.9,0.014966865744735252,0.014687248594873407,0.014181037165269722,0.013592678457497906,0.013164448001923339,0.013265274204786537,0.014465849932892025,0.017729470593397533,0.0247318533197932,0.038053139644320694,0.059783902967173945,0.08683722378068025,0.10917069122424503,0.1184380549777489,0.1147166390198018,0.1034794604559478,0.09105841022552137,0.08209241238888652,0.07684984587695137,0.07341148947723641,0.07034454210255182,0.06753459929203356,0.06515210758494482,0.0639481836977381
4250.2,3155.064586862988,89.5,0.017087430989346186,0.016698546878515255,0.016009762577282843,0.015229038547984153,0.014667806744449948,0.014746406442937334,0.016072054360306235,0.019621947315694537,0.026987968268493628,0.040422009369362716,0.06149193581899143,0.08712403094581107,0.10855839608884277,0.11804463553195993,0.11477952297560924,0.10360614864833,0.09126763878089612,0.08246081691133486,0.07740145344777496,0.07394447303428461,0.0708271648954896,0.0679075370727296,0.06555484000633115,0.06426215535750399
4250.3,3158.336589307891,89.0,0.020300433968980982,0.019669595198953182,0.018585943001705543,0.017402365570244858,0.016550943388455797,0.01652500942575586,0.01796586111247412,0.0218539744320217,0.0296486773896258,0.043189683542150754,0.06354877106901484,0.08763733395700984,0.10789607430806392,0.11724315538997694,0.1142764918388986,0.10333378778736726,0.0913489381170695,0.08276333492254356,0.07782917973935725,0.07439696461675188,0.07119931190332071,0.06823978922049283,0.06584511006227864,0.06455749767889127
4250.4,3161.5995021170265,88.6,0.02352265556650907,0.02263589060303239,0.02116965775268036,0.019633743144767905,0.01858001057923449,0.01855332203214243,0.02020809508365895,0.02446830582819495,0.03260187026264711,0.0460449018434522,0.06543466293617478,0.08781015775641068,0.10673945290240269,0.11598201346574256,0.11335014750798979,0.10278574331759549,0.0911510129892086,0.08282492783675292,0.07788648834155432,0.07447147600308682,0.07131962312286709,0.0683357109022739,0.0659009977294457,0.0646340750645136
4250.5,3164.871504562045,88.2,0.027492871799325407,0.02623347702805397,0.024234293417735375,0.022243278543650446,0.02095113242230902,0.020940272307485425,0.022836585480908226,0.027465472416493195,0.03584430937119949,0.04905295297528301,0.06742121896629918,0.08811966727247215,0.10566656140302894,0.11445662388559782,0.11199012295821577,0.1017479587274044,0.09036321707429283,0.08224149238573386,0.07743931614293138,0.07407151317463243,0.07094653185034801,0.06800063191658294,0.0656015606244666,0.06433594498014428
4250.6,3168.1335438014817,87.9,0.03160599619273626,0.02996472644736765,0.027459797368132838,0.025081557740222166,0.023634812969527054,0.02370769331073626,0.025863645164774282,0.030777531495701407,0.039219041262799556,0.05199676505977491,0.06925403337213942,0.08833184762011126,0.10461360008936614,0.113060890973858,0.11083704095104457,0.10080927564751027,0.08954905023087693,0.08150207496441776,0.07681581048486096,0.07353100246454065,0.07045333018114565,0.06754972890571166,0.06518921339852267,0.0639517829441015
4250.7,3171.4055462465003,87.7,0.035575909645256615,0.033644195693771965,0.03078141037947659,0.028168481573430146,0.026682765452234865,0.026890871111184787,0.029266150781643168,0.03431280443560634,0.042591405613214145,0.05476890207823207,0.0708377029706753,0.08834906720305616,0.10343060427914982,0.11152861525514271,0.10957591471288829,0.09981226739175701,0.08859922123482059,0.08059937672993943,0.07598445202077447,0.07280246745871218,0.06979529296198411,0.0669541742322774,0.06464851167841777,0.06344875143855634
4250.8,3174.668459055636,87.5,0.04051792952840885,0.03815957633984889,0.034774153813100346,0.03180108289685331,0.030193484488703303,0.030468618758219684,0.03296955667672845,0.038018964787188886,0.04602797479156303,0.05756823956105251,0.072458873579275,0.08848176832584057,0.1023843746776431,0.10996471692685604,0.10801443253319208,0.09826692432907737,0.08694642364057521,0.07896946603728822,0.07449749131344642,0.07146292960487344,0.06861316126362293,0.06588605714982135,0.06366755551087616,0.06250378680727868
4250.9,3177.9404615006547,87.4,0.04509213904474316,0.042514597257762354,0.038872291679468506,0.035735528485567596,0.034088865059190454,0.03439336247565543,0.03687089294609495,0.04170891709894613,0.049251067329626586,0.059997849109821415,0.07362681646438964,0.08819494057045373,0.10098575762657618,0.10815949613530536,0.10644822157935391,0.09694812134187078,0.08565331827314307,0.07770538779757696,0.07333562438101122,0.07041472324055306,0.06767576807975362,0.06504113239396629,0.0628924903096527,0.06176052091656665
4251.0,3181.2124639456733,87.3,0.05054910244441212,0.04765218782649085,0.04361735937624316,0.0401877477993014,0.03837856330339331,0.038577535679187,0.04088160081017168,0.045379160117693364,0.05238423288253133,0.06230330453521346,0.07467060489040506,0.08783730688380957,0.09953810767476103,0.10623480546958032,0.1046417319682451,0.09534997813482654,0.08412658209266966,0.07625557691049217,0.0719986189508737,0.06922303657171029,0.06659079414393944,0.06406681208813833,0.06199299797936478,0.06091296847302226
4251.1,3184.581751704149,87.2,0.05577102590361101,0.05277024230009506,0.048577804414877385,0.04497081273788483,0.04296990815998268,0.04291839335413138,0.04484885106642776,0.04883007352476226,0.05517979692774228,0.06417096056484241,0.07526503239060855,0.08710972267559831,0.0978122372190679,0.10414416613589464,0.10280514868302465,0.09388400027441512,0.08285679340634311,0.07509301144634466,0.07092497462417131,0.0682384736212827,0.06571445881451296,0.06326703644428987,0.06126087206393895,0.060215572882410154
4251.2,3187.96098238585,87.2,0.05996689929399205,0.057340493811614913,0.05351924559843068,0.050021454989760135,0.047822688460879545,0.04731681670551822,0.04861733278013144,0.051895043040833394,0.05748532032464541,0.06552521556645201,0.0754646583351916,0.08619988229617058,0.09607507926370112,0.10212803641754582,0.10107802988294211,0.09257611019108146,0.08183102032385203,0.07422228823546023,0.07013519130403048,0.06751493216136263,0.06505968544228731,0.06267676478904716,0.06071251882545027,0.059689250145057784
4251.3,3191.3412930225772,87.1,0.06610111499417093,0.06336032450632983,0.05928300250913325,0.05538994026446117,0.05268751296559732,0.05160330538703949,0.05229697873263437,0.054978196513509346,0.05992076185679928,0.06710026243466362,0.0759674619839516,0.08564775099394586,0.09468671205406694,0.10026287932985611,0.09916005745936386,0.09089354101561387,0.08045477123558877,0.07307539155681987,0.06911828117493368,0.06659344359281112,0.06421852016752033,0.06191712319641866,0.06000876734916534,0.05902143860706021
4251.4,3194.720523704179,87.1,0.07074578501334602,0.0684371383689424,0.06473330776279272,0.06081234834001059,0.05763621859670834,0.055815177871729495,0.05573790454314402,0.05771465926033025,0.06194879992544864,0.06832284651513088,0.07635572689230465,0.08531550763234694,0.09380295407806709,0.09924770458437278,0.09818878626470778,0.09010233459125053,0.07998663418858105,0.07284392955954867,0.06897317610235203,0.06645126787904612,0.06406998591574539,0.06177047520536984,0.059919761827206694,0.058939046943998916
4251.5,3198.09975438588,87.1,0.0751719809395274,0.07337435496694561,0.07013268314414074,0.06619096706089087,0.06247365189099552,0.05984155294874141,0.05896892988531594,0.06027913640211296,0.06388836288915495,0.06958356329629813,0.07693218457098436,0.08530703909131969,0.09341442303326102,0.0986581494629943,0.09762556042002879,0.08979539162662828,0.07994279079795685,0.07300371562763058,0.06920785940946049,0.066704168509496,0.06430413943233364,0.061976345918924515,0.06005732437172157,0.0590678458838567
4251.6,3201.4789850675807,87.1,0.07961624167711144,0.07820169158115545,0.07528971519298595,0.07126005940055263,0.06700118593838027,0.06363525539231207,0.062083249282831786,0.06282553672130263,0.06588482928596644,0.07099590765831,0.07778324300069543,0.08569810115742939,0.09340783538752533,0.09834117918363396,0.09728848506412671,0.08962769550724074,0.08022772774134473,0.07353104128228466,0.06980993622191072,0.06722944808051014,0.06482119495480448,0.062423424434698956,0.06043498191383052,0.05934756983750968
4251.7,3204.8582157491824,87.1,0.08386442143566558,0.08273826593415953,0.08005815447559296,0.07592754362207425,0.07120894357198446,0.06723290512433244,0.06511986592225652,0.0653738070774034,0.0679511345149145,0.07256699350033496,0.07887364312512252,0.08634692039315484,0.09361726650734631,0.09814028282426505,0.09675978107759355,0.08918806201151379,0.08021843213747605,0.07386105385157364,0.0702334907280755,0.06760951762427335,0.0651353230288205,0.06267723140587139,0.06067158227965513,0.05957324128259435
4251.8,3208.227503507758,87.1,0.08781735538696706,0.0868872425197642,0.08436236125567224,0.08014692561209756,0.07507648782992646,0.07062952580670696,0.06806526415002286,0.06790386900020409,0.07007022730608982,0.07428661133641436,0.08022149704871395,0.08734010793090885,0.09416335348727728,0.09814985073685878,0.09624430395571384,0.08863899485362293,0.08005022305032324,0.07403176883526638,0.07050492479031198,0.06785739812757018,0.06533051249227925,0.06284662038048772,0.06082632733231558,0.059726648933719616
4251.9,3211.6067341894586,87.2,0.08871259520533327,0.08892343630757982,0.08784049691971325,0.08445791992013457,0.07926129066026578,0.07413710270209393,0.07086982929077465,0.0701515732420973,0.0718925331175282,0.07581330813060357,0.08152221715978783,0.08843046185545105,0.09494761523900952,0.09854090826967866,0.09626443664094231,0.08868632628523981,0.08044567389799681,0.07472040022553922,0.07124602525301546,0.06854934465584063,0.06592105423597862,0.06337662213351568,0.06131088185593627,0.06021791271789294
4252.0,3214.985964871176,87.2,0.09184935202477798,0.092207896031046,0.091279979447049,0.08791876010459687,0.08256851424009412,0.07717951861923462,0.0736180284208049,0.07261323668559934,0.07412225158320407,0.07789970137270531,0.08353983752158357,0.09036323291723679,0.09664767292995688,0.09968481140195017,0.0967717805054305,0.08896451856618152,0.08087796435337352,0.07540352898456217,0.07195476253618592,0.06925849732159246,0.06650189973776205,0.06394564495590614,0.061787229434185076,0.060735663762005704
4252.1,3218.4812903209363,87.2,0.09523281117336058,0.09551268551400226,0.09445091008140065,0.09094425460311187,0.0854557230742354,0.07992118051030514,0.07618808923149019,0.07501983154186229,0.07643662628469848,0.0802440189678925,0.08603199497676171,0.09307404568776963,0.09931458664404763,0.10192424908919863,0.09826787792074738,0.09001847527170702,0.08200015484340623,0.07669158402444753,0.07327049507511137,0.07046365127439358,0.06760246145533662,0.064921285317532,0.06268525174788574,0.06157290333501165
4252.2,3221.9666884330145,87.3,0.09520417986297393,0.09656690582935806,0.09695419248811403,0.09436854352917559,0.08887310349323865,0.0828119368596362,0.07855752507776986,0.0770449017796138,0.07835520442512403,0.08233244832566419,0.08848235659666875,0.0959666437279403,0.10247922276542257,0.10495043685310013,0.10072812040758783,0.09205520138174211,0.08405211440098835,0.07887216243266114,0.07541882070596626,0.07243739009328415,0.06935225697448962,0.06646134758594766,0.06409156892016968,0.06292717110334232
4252.3,3225.4520865450927,87.3,0.09818636028960459,0.0993913902642825,0.09952406956501662,0.09670307956436304,0.0910913262317239,0.08500016048215796,0.08072414193764092,0.07921335937079779,0.08062873010470807,0.08487690334001702,0.09145193634187798,0.09939696366961825,0.10604271431504443,0.10802939044262655,0.1028962368883048,0.09365294988753356,0.08566198543772949,0.08062738083258486,0.07713314166707547,0.07399740323747747,0.07076152130480451,0.06772760732294314,0.06522502900158983,0.06399802820042744
4252.4,3228.9474119950805,87.4,0.09722477768593703,0.09957528055344742,0.10130217747790367,0.0995437196800343,0.09399241797466366,0.08742184895444638,0.08270854651022927,0.08096362033544365,0.08240802640524994,0.08697930932239065,0.09404411386677339,0.1025417184297073,0.10959052991596287,0.1114424596864597,0.10567934047653069,0.0960344897282928,0.08810645765623545,0.0831832134093016,0.07958847912632205,0.07622076106642493,0.07273748466283719,0.06946196378769753,0.06677793042099217,0.06547016618907814
4252.5,3232.4328101071587,87.4,0.09929477682773843,0.10152923792579145,0.10306787069389367,0.10115422569001775,0.09558626849063938,0.08908822326881748,0.08444980919192395,0.08280262277957441,0.08443635742780656,0.08932808968493984,0.09682307944946658,0.10576161060563938,0.11294850794811136,0.11432172471391222,0.10777504950860417,0.09776685209775113,0.08993357002947802,0.08511225238930643,0.08141972224439711,0.07786329960958968,0.07421711177783286,0.07079318805020902,0.06795752770576337,0.06656625907964557
4252.6,3235.928135556919,87.4,0.10113103292340463,0.10313711224857734,0.10437129673514382,0.1023006571091154,0.09683307839634901,0.09053792169074183,0.08605504639565804,0.0845473215111662,0.08637925197036699,0.09155978400366468,0.09943443349076597,0.10875280685369901,0.11604171279007452,0.11696759810798191,0.10978485400705691,0.09954783548199883,0.09181535451989217,0.08704883034764997,0.0832407180976661,0.07948701745464784,0.07567449158599551,0.07211426539070168,0.06913580799321269,0.06765558369117891
4252.7,3239.4135336691133,87.5,0.09923127467643317,0.10217373902464555,0.10481986204809995,0.10386652271946561,0.09873453756154377,0.0922550917359631,0.0875279393163418,0.08588461059863128,0.08776717352267219,0.09319545536029403,0.101404807161851,0.11116812298876699,0.11890883328370697,0.11992168376908427,0.11254625498660298,0.10225397205973091,0.09458639246536578,0.08979541410600428,0.08582516866591124,0.08181785337466929,0.07771760602371257,0.0739041603095177,0.07072824334466596,0.06914619116527461
4252.8,3242.908859118874,87.5,0.10070501434122608,0.10320548294332443,0.10529421387059176,0.10412166233645183,0.0992696788505515,0.09323685210617362,0.08882588696354828,0.08738775645712034,0.08945511276698313,0.09509077677641942,0.10357444277966305,0.11364300217411995,0.1215208684377921,0.12232541511397033,0.11467333757241843,0.10431956619724243,0.0966734388789225,0.09183420084463563,0.08771972185887894,0.0834920264078561,0.07919858229921413,0.07525966735908471,0.07196435891953097,0.07029790506256467
4252.9,3246.394257230952,87.5,0.10194392886219303,0.10393772773135675,0.10542379014755839,0.10405397524845393,0.09954354949062097,0.0940182609639286,0.0899616767529407,0.08872937684061212,0.09094184129477983,0.09672475474490927,0.10540946941350152,0.11569356252007255,0.12365554558007091,0.12434584075225781,0.11658303790419591,0.10623551572516686,0.09857947440020869,0.09365894523508732,0.08940449610597184,0.08497861428754759,0.08050399781220184,0.07645641679914314,0.07308687796767493,0.07136880862011791
4253.0,3249.8883951789912,87.5,0.10296535661559596,0.104434308953017,0.10532090091962526,0.10376889505971156,0.09961166507205753,0.09461761105737156,0.09095129658805731,0.08994911203797946,0.09230692098770649,0.0982178184226618,0.10703058654210157,0.11736984476352377,0.125174748027873,0.12555502059517998,0.11759652066818756,0.10725217170715272,0.09962424319430131,0.09468007536218444,0.09034802244119887,0.08580210266837886,0.0812195987198014,0.0771283546083806,0.07375059213768155,0.07202486462145385
4253.1,3253.4246361209816,87.6,0.10089381573392885,0.10291648057371927,0.10469742062467136,0.10399994851976546,0.10033637344236611,0.09548251948674528,0.09180985610699015,0.09078830334402477,0.09319543638444809,0.09921513124060341,0.10804224967634894,0.11835191609629778,0.126040534005603,0.12617961222631346,0.11806248499525465,0.10776750335582416,0.10025255693239302,0.09537144020234355,0.09100603109294005,0.08639672854859035,0.08173315890189944,0.0775631805921416,0.07411370695409687,0.07236724734370925
4253.2,3256.9596750175147,87.5,0.10559978916160553,0.1056824223404059,0.10496170585274116,0.10271295736988677,0.09908608825312719,0.09516176842941633,0.0923937926561037,0.09199070372953214,0.09473991844451987,0.1009444205380583,0.10987132375582186,0.11988601467160477,0.12657392340686116,0.1255249391881903,0.11670804111040868,0.10631484711961822,0.09893604704002733,0.09418221349062915,0.08986739425906135,0.08531292509511582,0.0808029125279705,0.07687519293758314,0.07362801341908733,0.07197395751120338
4253.3,3260.4947139140477,87.5,0.10626392908637118,0.10596075242018803,0.10480731842627371,0.10237261166517721,0.09888375198937223,0.09526747090500161,0.09281371778037209,0.09268936276791015,0.09569011280354463,0.1021200277364664,0.11112531191945076,0.12093826034123889,0.12695089956838917,0.12497882184877643,0.1155428991783678,0.1050778486353236,0.09789538612277268,0.09332707215848839,0.08907536650079699,0.0845757055037334,0.08016854814473956,0.07635624816757527,0.07317891755945893,0.07156931284997647
4253.4,3264.0396821790773,87.4,0.11038605474944571,0.10834473266152372,0.10510571283064722,0.10144335010098075,0.09785993583509378,0.09480303276799466,0.09302683668780262,0.09351542191190113,0.0969814459727978,0.1036398828373382,0.11286305557259428,0.12230501832574213,0.127645355153509,0.12422233804785014,0.11379364151926437,0.10347279176326411,0.09682234020816229,0.09232493563844756,0.0879951136063885,0.0835478071065557,0.07931565916387669,0.07552473949216407,0.07257494489624745,0.07104248793925459
4253.5,3267.5747210756103,87.4,0.11117350730920261,0.10893799458842122,0.10540121759442972,0.10145081348175952,0.09768945383747422,0.09462292350300344,0.09300698345787081,0.09378368800610701,0.09759734433034709,0.10460432313375279,0.11412071687941987,0.12365782059228525,0.1287399485501979,0.12472235134056842,0.11380558070297067,0.10342255268803108,0.09692316354092093,0.09250041243679623,0.08814489765766548,0.08366583592658661,0.07941561323389625,0.0756179929428754,0.07268284214495745,0.07116066331959914
4253.6,3271.1097599721434,87.3,0.1146335801053844,0.1111383535413403,0.10609044341438072,0.10112160506685987,0.09702825635266792,0.09412322188309816,0.09290709753408176,0.09415570743945227,0.09839119893692207,0.10575636361459882,0.11558565421193459,0.12522551107635083,0.13005297199752694,0.12547862372819052,0.11412700649557883,0.10368877699264563,0.09732500527238029,0.09295275326723698,0.0885404560557192,0.08399555704939114,0.07970536255680356,0.07588441170405848,0.07293286244965708,0.07140695435254027
4253.7,3274.6547282372835,87.3,0.11533180134931251,0.11194656297349849,0.1068202323448575,0.1015050004470276,0.09697130092785705,0.09378782817700448,0.09257398447824879,0.09404228746826222,0.09860201705171681,0.10631919577999924,0.1165232814205878,0.12658173808647596,0.13181838308855012,0.12741467955742872,0.11599802597953245,0.10550513095387147,0.09911149689886982,0.09462291440930186,0.09002990332764138,0.0853195044113775,0.08087894586039295,0.07693358531458559,0.0739136276828459,0.0723559543073109
4253.8,3278.1897671338165,87.2,0.11878009564744699,0.11422750527493906,0.10769243300343438,0.10138463117121416,0.0964385976960851,0.09328940747856733,0.0923655297899945,0.09421645347485987,0.09912821564548462,0.10716039302491602,0.11768915531695816,0.12803329405868769,0.13344875808908702,0.12899741881610416,0.11742829821367164,0.10686326797087813,0.10047793006289,0.09592527765214479,0.09119923603004307,0.08634778401192597,0.0817905128668043,0.07774385116486132,0.07464123993550137,0.07305196175484126
4253.9,3281.724806030234,87.2,0.11890944662446765,0.11481967482922908,0.10851477212673816,0.1019465902444931,0.0964835646915853,0.09294564891692925,0.09194299728834855,0.09396242212553449,0.09916147760205707,0.10748049210884254,0.11826721928682696,0.12893347428538032,0.13477470610948336,0.13062573300007008,0.1191056852001159,0.10853580567161404,0.10209675030205079,0.09742338370575564,0.09251338381665367,0.08754035076746408,0.08282189683621093,0.07869033747252731,0.07550887701725045,0.07392135526465617
4254.0,3285.2610469722244,87.1,0.1219422087772167,0.11683917157494768,0.10930600697073235,0.10186781278236318,0.09603904392734489,0.09252984605522613,0.09178318383022087,0.09414559968771463,0.09966605018912157,0.10826806937209747,0.11930510963840651,0.1301047869048627,0.13587867090950548,0.13143894303313666,0.11966466892985539,0.10903038136871951,0.102652914642011,0.09797137095619453,0.09302165076115351,0.08796222041778333,0.08321376114594205,0.07900815889723366,0.0758147352048189,0.0741851948831603
4254.1,3288.7904945210835,87.1,0.12410506947305196,0.11836881993625746,0.1100150253066798,0.10192544762876889,0.09575262178909436,0.0922026408131445,0.0916380264285755,0.094286857039873,0.1000913173903981,0.10892340611124757,0.12009685740706373,0.1308658789556865,0.13639233211547774,0.13152487819999148,0.11945563027612215,0.10881069690859521,0.10254396205434212,0.09791765531636219,0.09297463736296499,0.08791256515453741,0.08316479223239072,0.07895595638104036,0.07576050398611252,0.0741360198945319
4254.2,3292.3199420699425,87.1,0.12597733369180444,0.11970328670991004,0.11064592704427247,0.10199100310879372,0.09551548129627505,0.09193351370295898,0.09154340641682908,0.09446820534379136,0.10055202238092617,0.10960728435643101,0.1208823417942384,0.13152485279708845,0.13662620008475007,0.13113786022253085,0.11868713982730568,0.10805621264614697,0.10195038999190185,0.09742438690848482,0.09253308877017707,0.08751234467033316,0.08280445765345285,0.0786242094560918,0.07545249560050318,0.07384493382345972
4254.3,3295.8493896188015,87.1,0.12781465675305861,0.12094904114442773,0.11117301020807982,0.1019985491455401,0.09528756207676012,0.0917199823693376,0.09151552619667828,0.09469698690653794,0.10102443806873612,0.11026392856409113,0.12160302938781069,0.13209174991007078,0.13676812399243768,0.1306931958051817,0.11789969818532817,0.10729189672739517,0.10133889686092479,0.09690957544720458,0.0920757625126542,0.08709832936997593,0.0824344958436693,0.07828248931933852,0.07512974914817801,0.07353577250536188
4254.4,3299.3699577547586,87.1,0.12908043247953493,0.12187345648406185,0.11162079879379373,0.1020364721965256,0.09509198047313557,0.09149842014599043,0.09143384003006848,0.09483668629316633,0.10138589203781909,0.11079118502581634,0.1221867921115821,0.13256333564661765,0.13692783217538584,0.13041049373456465,0.11735094182100873,0.10676793902075053,0.10093326955768912,0.0965707281644636,0.09177217458356578,0.08682511033191614,0.08218796943162344,0.07805344790426384,0.0749171180277136,0.07333328667462262
4254.5,3302.8994053036176,87.0,0.13231334709587386,0.12341651438919529,0.11166275041859418,0.10153405632676488,0.09474406504159384,0.09154558621268072,0.09186477062057825,0.09552930772204962,0.10218109174882448,0.11159305687364998,0.12288545645656118,0.13289441859099022,0.1366075112682588,0.12942622212459215,0.11598305394414644,0.1054597521252192,0.09978852594499009,0.09561248082016638,0.09090500331988756,0.08609166487881495,0.08151378352056178,0.07745903226960676,0.07427985178854168,0.07270803765046613
4254.6,3306.4288528524767,87.0,0.13311208684859754,0.12391050867406495,0.11179410803615379,0.10140989012513094,0.09451482408164041,0.09135260161196582,0.09180810185220291,0.09564689729808333,0.10245827957679715,0.11199028454417849,0.12335766795089093,0.13339745131099312,0.13707617256248203,0.12973185165055479,0.11612083103278,0.10557727170381313,0.09994846968488838,0.09577610294870297,0.09105480334473383,0.08622827731699675,0.08163443938514602,0.07756115894660151,0.07436275670667834,0.07278249391288966
4254.7,3309.9583004012384,86.9,0.1369457751938717,0.12611156574121027,0.11298460196891202,0.10257817933225326,0.09615589143131113,0.09346963538823813,0.09416852601047086,0.09795314032259554,0.10419943320432944,0.11219952495828857,0.12137222122771674,0.13018919259882836,0.13605342329438602,0.1366645443377282,0.13098209470089336,0.1205292605672175,0.1089745734894715,0.0992202585723885,0.09196402625355442,0.08650739532589427,0.08196938763951231,0.07797433487748388,0.07473697295851568,0.07302828818301703
4254.8,3313.478868537296,86.8,0.1393313483432565,0.12714857507051675,0.11294664910414072,0.10215888904848286,0.09582122066669276,0.09340598126368634,0.094410754590493,0.09848641778940874,0.10495975453255518,0.11309239075914589,0.1223404054928465,0.13114898629052582,0.1368578882508272,0.1372316307540795,0.1313365223309381,0.12072092294234428,0.10904753825665187,0.09922238947485258,0.09193788900016299,0.08647851610517895,0.08194603372416863,0.07795546468908247,0.07472021026534613,0.073012308761944
4254.9,3317.0083160860577,86.8,0.13902646352979534,0.12688690512432094,0.1126439694179324,0.10175736392830184,0.09534005471166693,0.09292626769284935,0.09403540721022421,0.09830570260825029,0.10503028895734962,0.11341405660987695,0.12285596024166191,0.13177111386432738,0.1375146073144405,0.13788941602545016,0.1319640627350611,0.12128468945046587,0.10954082143355416,0.0996596771977974,0.09233298052926128,0.08683627162867638,0.08226684321826509,0.07824190445012556,0.07497969276158607,0.07325822986339076
4255.0,3320.5377636349167,86.7,0.14040969241119075,0.1272356364093652,0.11221790706894308,0.10110435965756653,0.0948119163191461,0.09266107135182276,0.09406179127556498,0.09862415685308741,0.10560648233556849,0.1141778394092973,0.12374986911565278,0.1326919245669053,0.13828857608489553,0.1384073844887712,0.13223825653523388,0.12137553890934534,0.1095122729532332,0.09957205704099849,0.09223047094093208,0.08674138940877071,0.08218535291860732,0.07817092227966559,0.07491566801139356,0.07319727541614422
4255.1,3323.989965830565,86.7,0.14070066171758036,0.12696343321485648,0.11153703062129769,0.10032172548047028,0.0941328354912415,0.09218451706074887,0.0938320655671168,0.09867240416307532,0.105935890004083,0.11474062820999516,0.1244709423192341,0.13344017608325398,0.1388852616691167,0.1387534905061634,0.132359651862699,0.12135054139156906,0.10941136758355054,0.09944356024385084,0.09210273532762836,0.08662696541737802,0.0820859691972258,0.0780833887232424,0.07483611187016297,0.07312155368646348
4255.2,3327.432203474943,86.7,0.14035784972885285,0.12625537481505714,0.11058284398911886,0.09933785813504033,0.09326862354481978,0.09152266246615329,0.09342378555416575,0.09857092552133132,0.1061816361245686,0.11532375527965341,0.12533932395508904,0.1344629190870954,0.13984498774334408,0.1394746736674534,0.13279097913848595,0.1215437319241871,0.10946208565282914,0.09943464491295867,0.09208169945530544,0.08661140130897507,0.08207690561462282,0.07807698550840922,0.0748300598737573,0.07311546760450587
4255.3,3330.884405670591,86.7,0.13914403088409352,0.12498617059508736,0.10931101144064521,0.09813864859756069,0.0922069362284926,0.09065415137489981,0.09280277348968308,0.09826767695106076,0.10626362732541438,0.11579480477717422,0.1261241391783484,0.13538575695010324,0.14064626615197276,0.1399591400010557,0.13292779535883545,0.12143390330335951,0.10923751231115832,0.09918554650555206,0.09184946202340766,0.08640798458938428,0.08190034711871208,0.07792110837419258,0.074688596979275,0.07298118386745335
4255.4,3334.3366078663553,86.7,0.13765577752559924,0.12344827335613029,0.10777185191812653,0.09668576735790553,0.09093204855265256,0.08963456054822931,0.0921038148596117,0.0979674078391139,0.10642658574022701,0.11639208252564846,0.12701874800069698,0.1363276617025327,0.1413323579623005,0.14023387774325186,0.13287118067262163,0.12124887938871759,0.10904403962364739,0.09897915331935364,0.09161526098094865,0.0861661824011517,0.08167722648957855,0.07772630241882818,0.0745162878722121,0.07281903662671915
4255.5,3337.7788455106174,86.7,0.1354344438872746,0.12133530653411635,0.10583624923127412,0.09497500028580004,0.08949385220207551,0.08852016872801168,0.09136831087152131,0.09768985320342505,0.10667627895116867,0.11711696202883165,0.12801432787625064,0.13725435722990253,0.14182163054044825,0.14012655168458857,0.13229523781213354,0.12046267574822926,0.10823822161269608,0.09822905668420757,0.09093700378511206,0.08556040892206726,0.0811399038874743,0.0772482537878578,0.07408300769048193,0.07240813336165303
4255.6,3341.2302220476768,86.7,0.13263543704383535,0.11876826310553416,0.1035608385235599,0.09299901504002518,0.08784291661149142,0.087242750687078,0.09052644474422222,0.09737564300080019,0.10696991225307317,0.117940833219621,0.12908848194110828,0.13815264374151867,0.14214065918398344,0.13975261477347722,0.13143944363427892,0.11944176535560361,0.10725217834623922,0.0973372217640199,0.09013873699294284,0.08484783591375851,0.08050616326623881,0.0766834404545514,0.07357068445810887,0.07192231699224375
4255.7,3344.682424243325,86.7,0.1292718802630531,0.11576079098987857,0.10095204263618655,0.09075070443020167,0.08595773820930219,0.08577230486267072,0.08955111703227114,0.09701539774884062,0.10733495069553128,0.11894538010977035,0.1303815806460594,0.13920757863537517,0.1424861388146969,0.13927580633201014,0.1303979617978349,0.11820729736021347,0.10606023776426926,0.09625898946696805,0.08917394681154335,0.08398643741908472,0.07973988181939404,0.0760000317123387,0.07295065596581347,0.0713341190526471
4255.8,3348.124661887703,86.7,0.12517098097456866,0.1122581408442364,0.09802785848485493,0.0882476652804528,0.0838124731569493,0.08403041796323292,0.08832525815795114,0.09647529296162438,0.10765063292196923,0.12005929886249131,0.1318995817001725,0.14052969296121476,0.14309703707943877,0.13905396183578558,0.12959707440480642,0.11719630146737073,0.1050783349783208,0.09538066344929781,0.08839787952697051,0.08329859719903267,0.0791293788932041,0.07545522977515975,0.07245600644587027,0.07086463684597823
4255.9,3351.576864083351,86.8,0.11845177445988436,0.10727285208062519,0.09452857741054779,0.08551553468350662,0.0814019992433948,0.08184278444559899,0.08649926291527718,0.09528982893754188,0.10745198352100299,0.12097501576071397,0.13356700800804347,0.1422933502009406,0.14440984712657284,0.13969346402608482,0.12962006972919551,0.11683907198932998,0.10462464183390685,0.09502370023114967,0.0881826072273102,0.08317692320324276,0.0790425598567151,0.07537391039317405,0.07237571889403216,0.07078682163286142
4256.0,3355.0290662791153,86.8,0.11363956330800305,0.10312376763967174,0.09104907529690992,0.0825275537555341,0.0788160940798965,0.07970280821263735,0.08495427572674445,0.0945898311681441,0.10789427135034318,0.12260162633810773,0.13594910579648448,0.1446901847764904,0.1461569855184805,0.14056746929717237,0.12980147952698332,0.11666749279348691,0.1043641473363103,0.09478913364307201,0.08799603078291493,0.08302838030038033,0.07891797587064689,0.07526384983168356,0.07227526498285013,0.07069129412273999
4256.1,3358.365066878549,86.8,0.1087418860783931,0.09882948145461691,0.08737233136716278,0.0793177152599256,0.07601385299965763,0.07738120036634454,0.08329222258130513,0.09387934044855821,0.10849175665985643,0.12456483563649705,0.13875968463251875,0.14747023702267106,0.14819193034174719,0.1417226585773349,0.13038198598382755,0.11705514128610275,0.10473062832698209,0.09511806160488534,0.08825667475516671,0.08323407034657128,0.0790951893019382,0.0754269639881452,0.07242800596819979,0.0708372433270832
4256.2,3361.700482894562,86.8,0.10364089108536112,0.09427241457540728,0.08342535226277054,0.07588057352827848,0.07303851342433443,0.07493303185631052,0.08154447451707662,0.09313639928678359,0.10916373758779209,0.1267637132604969,0.14194691750789198,0.15070367298002915,0.15068920790677118,0.14328330244167245,0.1312348683248042,0.11754022550729513,0.10508778920568265,0.09544959292231923,0.08858471116947099,0.08355020623330639,0.07938641485142654,0.07568832579259513,0.07266456837050808,0.07106142329370074
4256.3,3365.036483494168,86.9,0.09587503502676115,0.08806817486628382,0.07876171040078946,0.0721804304830925,0.06986062214760148,0.0721345815808136,0.07925868881239256,0.09174126606978815,0.10924846464644895,0.12866927631147992,0.14510598830720273,0.1539528421868252,0.1531541115673956,0.1447501512253973,0.13189712643205162,0.11775087043185165,0.10518958059577488,0.09564267635196064,0.08889713901461997,0.08391533462159724,0.07973570741972501,0.07599495618297547,0.07293593839162424,0.0713174218427595
4256.4,3368.3724840936575,86.9,0.09026088420904392,0.08299375415162344,0.07433973045062249,0.06833224592857289,0.06653014934589205,0.06937505094324779,0.07724926763691854,0.09082811469316819,0.10996018139431134,0.13120420422985601,0.1486967085663836,0.1572809113364003,0.1553134026768548,0.14570432553887022,0.13209908987832444,0.11767165648362485,0.10508937694158944,0.09559337881575541,0.0888911115527124,0.08393086093333428,0.07975614931421718,0.07601330566707902,0.07295166920107825,0.07133212624428509
4256.5,3371.717883920223,86.9,0.08472979304687626,0.077963156378157,0.06990197844688358,0.06440212772838351,0.06305887819104362,0.06644027968638028,0.07507080107086006,0.08980436122230209,0.11070171929679423,0.13394874980509455,0.15247861866306617,0.16050668055758538,0.15705359518278478,0.146130205861929,0.13187370277830565,0.11734081421529192,0.10482958443886858,0.09536075924488491,0.08864164621060813,0.08367563260507128,0.07952157459327062,0.07580902731099096,0.07277078888932978,0.07116142500508434
4256.6,3375.053884519829,87.0,0.07742937553570794,0.07180904262086488,0.06499152035168348,0.06035910624079295,0.059538175110406995,0.06331431175050124,0.07247648239222018,0.08816727384006799,0.11077362636518782,0.13625026634744236,0.15609650484708362,0.1635956268494543,0.15848318659363878,0.1459309045154128,0.13062333836105613,0.11567285922934004,0.1031939924590503,0.09395912875936913,0.08748939990975967,0.08270926967738877,0.07867770274162675,0.07505080865512422,0.07207661332124642,0.07050156206310326
4256.7,3378.3898851193185,87.0,0.07221373072163322,0.06702814609902077,0.060732734746460404,0.05653172184107551,0.0560621150620228,0.06023508143668852,0.0700270479853346,0.08681715816942151,0.11129008538693895,0.1390819359643537,0.16008481202219702,0.16667782304445236,0.15954139606627804,0.1452143254846449,0.12893169586563963,0.1137036109493844,0.10130573708575616,0.0922498846631052,0.08595767834008548,0.08134147180064798,0.07746088307894819,0.07396474564925691,0.07108995655754577,0.0695647560458286
4256.8,3381.7253011353946,87.0,0.0672860945600868,0.0625360847191926,0.05673461206180526,0.05289613445061207,0.05267361547437326,0.05711763582554719,0.06742328492752564,0.08525209175958937,0.111642551155582,0.1419423635691972,0.16418868563360753,0.16975390943245774,0.16053878434384725,0.14455221629723797,0.12745789379838682,0.11204646443876902,0.09970355103339158,0.09071984707530555,0.08449725564540636,0.07998460367460272,0.07624169235751269,0.07288195266489325,0.07011116676029605,0.06863598509165077
4256.9,3385.061301734884,86.9,0.06443745309088325,0.05954208586055059,0.053612491853292275,0.04973133884653779,0.04955940134564502,0.054212553492241654,0.06505386199632644,0.08398946211386431,0.11236877741258763,0.14518911826205547,0.16855038590629234,0.17295576054266368,0.16156959930613665,0.14383966593235137,0.12583983482666566,0.11015510041550206,0.09784376167206743,0.08898607650279548,0.08290884366889759,0.07854914310406116,0.07495935950578562,0.07173694099302946,0.06907053073813223,0.0676475219754211
4257.0,3388.3973023343738,86.9,0.05989629447612058,0.05549630866553119,0.05010265514317615,0.0465600621984188,0.046516817059596496,0.051204759596253674,0.062223616323059255,0.08184792656579537,0.11192388288774903,0.14743028680872655,0.1723686142923592,0.17590989334892457,0.16262117375981194,0.14342249450091513,0.12469495997088208,0.1088135405183535,0.09655542936295293,0.08781794638492488,0.08185967127754444,0.07760926352683323,0.07412103612985965,0.0709872045974708,0.06838813927794042,0.06699880199285387
4257.1,3391.629530667878,86.9,0.05569542890574175,0.05174890600364639,0.04684935724875623,0.04361140610978631,0.04365561487583967,0.04830360311377184,0.059369692111305744,0.07951137699353981,0.11113498526179462,0.14934519986850764,0.17595247454392662,0.1786492558893561,0.1635770850937293,0.14310846023440663,0.1238081218938819,0.10779706873388958,0.09559601243190381,0.08695520822054525,0.0810858792219388,0.07691529767636929,0.07350124020760482,0.07043248019277666,0.06788296541471982,0.06651848896893275
4257.2,3394.8617590014983,86.8,0.05328307216285489,0.04933827750531169,0.04443074323597093,0.04115753773488099,0.041122343652309386,0.0456834065793374,0.05681970225394571,0.07753266065544863,0.11073630944055243,0.1515627926070734,0.17949692240926846,0.18102755585255376,0.16411278842941374,0.14248045713180782,0.12274264940249989,0.10669180102127603,0.09458153224770255,0.08603860180660287,0.0802509735481242,0.07615702117136543,0.07282003836905264,0.06982219160459943,0.06732742737824268,0.06599036652389095
4257.3,3398.0936315236977,86.8,0.04957790835943084,0.04605642822889917,0.041610209351767805,0.03860828116882003,0.03860753336400747,0.043013491236083494,0.053965223834461784,0.07484799430097767,0.10925313433723727,0.15276959525208375,0.182545488270383,0.18321525239935454,0.16469317841795345,0.14211492292841377,0.12205536051124627,0.10599188396220567,0.09396255326396782,0.08549794316053018,0.07976799385155531,0.07572129473899089,0.07242874106154513,0.06947108306919202,0.06700747678578271,0.06568612699805054
4257.4,3401.31586677269,86.8,0.04637398239922308,0.04318251966626512,0.039098890531620516,0.036304433705916885,0.03630493725570721,0.04052916855847096,0.05124096410586363,0.07218746194306475,0.10767541444043534,0.15390191763264324,0.18563586261935186,0.1853967712569413,0.16524794150082708,0.14176454117290024,0.12141372879949383,0.10533763754406039,0.09337252072981268,0.08496869912337453,0.07928532143293032,0.07528148137317106,0.07203284807274717,0.06911596148290122,0.06668406908496743,0.0653787112468744
4257.5,3404.548095106194,86.9,0.042250595584559486,0.03964911858322064,0.03624728539388527,0.033895852621570466,0.034010478187526665,0.0380344944421766,0.048321039785063614,0.06895387467335584,0.10509305886036711,0.15406146604135995,0.18847477345915475,0.18772615454477096,0.16606589913309822,0.1417236653431038,0.12106783165403741,0.10493434810766919,0.0929937696757876,0.08462638305255388,0.07897498767068978,0.07500070813116232,0.07178119385708158,0.06889029497948378,0.06647850382752007,0.06518333051734596
4257.6,3407.7803234396983,86.9,0.03965243261413782,0.03729346729416914,0.03416891188343833,0.0319773405666633,0.03207307371553576,0.035887263356004916,0.04582853453367673,0.06626718870440992,0.10314039354721688,0.15480042438580374,0.19170362215849238,0.1902960020635045,0.16714864213227554,0.14201516761244865,0.12107906356130979,0.10485957169033885,0.09288521662822888,0.08449671972794597,0.07883615516223312,0.07486654997907677,0.07165972754197318,0.06878254441576792,0.06638114779584046,0.06509048395927602
4257.7,3411.0125517732026,87.0,0.03619646498141761,0.03429386568207673,0.031726622434993836,0.029919580725674237,0.030121721452296975,0.03373814460712796,0.04318949843719906,0.06305976355658198,0.10012993971569442,0.1543579558977646,0.19465443396911522,0.19324668836389391,0.16880419879869998,0.1429203147859827,0.12166674337800215,0.10528846953832624,0.09321303737487555,0.08475506643514026,0.0790508878915027,0.07505574862506276,0.07183121067455125,0.06893821545165618,0.06652356167330248,0.06522594437148647
4257.8,3414.244780106823,87.1,0.03306142141914231,0.03154282062250907,0.02946244897153561,0.028006545880322992,0.02831400613760846,0.031746265499221674,0.04070347637942894,0.05991496434646487,0.09696150696138835,0.15362529956818002,0.19769630886972955,0.19653640190967084,0.17081092668401907,0.14415078907876658,0.12254367274712122,0.10596414238059544,0.09374735415388037,0.08518931113457874,0.07942063128972719,0.07538454134485735,0.07212854761611419,0.06920728277134809,0.06676928647300102,0.06545965257766446
4257.9,3417.467015355815,87.2,0.030128445555232135,0.028943988633151185,0.027303790510024867,0.026180986843401654,0.026599092895460717,0.029859286191501296,0.03830875282393568,0.05674424235537727,0.09346399078535339,0.15228700934576272,0.2004648046679568,0.1997880389090722,0.17273092133830564,0.14521652167110685,0.12320176114248779,0.10639208374199266,0.0940257262041856,0.08537289076239082,0.07955302108893467,0.07549478920813245,0.07222906923779768,0.06930001795953546,0.0668549094668633,0.06554104523795104
4258.0,3420.6992436893192,87.4,0.02671470437479405,0.0259272499414479,0.024842753234083546,0.02418542672026484,0.02482431630836799,0.02796953175508476,0.03586589868361788,0.053256119060331376,0.08902675321880073,0.14946426483788644,0.20251550896940237,0.20297733602555548,0.17452716741493424,0.14601467019210004,0.12351863477273758,0.10646447080309507,0.09396804532751853,0.08525020755582371,0.07940741645096648,0.07535301112087316,0.07210270786098345,0.06918924217340477,0.0667549901578502,0.06544607103058754
4258.1,3423.880249819491,87.5,0.024517598697443452,0.023907997157652718,0.02307623176166105,0.02262594702644157,0.023332661725245226,0.026331455403999372,0.0337780103852133,0.050361479255764605,0.08541016951451279,0.14728362824744023,0.204608152685993,0.2057580407717126,0.17577224578659337,0.14625686353182543,0.1233264838500659,0.10609119334751917,0.09351848040666161,0.08477349484728605,0.07893564624440744,0.07491117557271117,0.07170450719570357,0.0688341202148574,0.0664325665569667,0.06513952347055815
4258.2,3427.061523149421,87.7,0.021799535331677458,0.021428134414122935,0.020956738964132367,0.02083963708511889,0.02172689701133474,0.024649939577807638,0.03162879621768798,0.04717162735713944,0.08080417881793689,0.14312454197314653,0.20534278808452278,0.20835725613621153,0.1767590939419746,0.14601181571106067,0.12256310461603726,0.10518112151228066,0.0926498727156276,0.08402036182154052,0.07829856612107293,0.07436262745050323,0.07121699905681043,0.06839263332246101,0.06602877250935961,0.06475507733049317
4258.3,3430.2325324525104,87.8,0.020015610466084795,0.019750762060433098,0.019442940697225467,0.019475281600584832,0.020423038858534446,0.023236993664387303,0.0298211379784318,0.04454985604566941,0.07707105309905944,0.13933597270353792,0.20526368033019118,0.21252523858025862,0.18185148273728455,0.1503711594553209,0.12612225418376824,0.10793292974026795,0.09444739056852898,0.08492690227360596,0.07863877451250254,0.07451016303872496,0.0713142149220069,0.06851399532835344,0.06614077590115448,0.06486478260818604
4258.4,3433.4138057824143,87.9,0.01835549165918122,0.018176394402003773,0.018000866615083412,0.01815294379698787,0.01914383914465233,0.02185051302001522,0.028071054270467924,0.04202538379942039,0.0734422152667925,0.1358136630795848,0.20512084316840007,0.21389329850828281,0.18224068180463515,0.14996107945110712,0.12555009532987946,0.1074759951735914,0.09414863798780568,0.08474017891802554,0.07852284207205504,0.07440485987114319,0.07123257865098429,0.06843962476576988,0.06605981910219022,0.06480035517981621
4258.5,3436.594811912609,87.9,0.017368426427791846,0.01720559092364363,0.017049152636042196,0.017199246919367465,0.01813592077813005,0.020692980839663314,0.026593977617645488,0.039972477407162706,0.07065373537468739,0.13333736644350427,0.20537523132107133,0.21508631205583317,0.1825801712086608,0.14985396432419423,0.12550524690874434,0.10766856187691973,0.09454838011277222,0.08520875246483782,0.07901193367721254,0.0748575777496365,0.07163106661118199,0.06876750084791883,0.06638979302335009,0.06508805809971145
4258.6,3439.7758180426877,87.9,0.01641064341703858,0.016268581560071195,0.016138949144413266,0.016298478436596375,0.0171968332452975,0.019624121229174778,0.025232111521185475,0.038054939924341016,0.06798905062209436,0.13086060564253085,0.20553008561246167,0.21629680781551677,0.1830605350108108,0.1499191772885714,0.125642720929182,0.10801627506498254,0.09505064009196923,0.08576932066864157,0.07956268607292932,0.07536449097473039,0.07207626776455277,0.06915804344659915,0.06674460993962184,0.06543431045148712
4258.7,3442.947095387897,87.9,0.015473822372965379,0.015356224946930562,0.015261100846311406,0.01544182703845493,0.016318368087380176,0.018637749699368083,0.02398227632168039,0.03628216526576022,0.0654848544886246,0.12850945191274019,0.2058245692884689,0.2178167173927395,0.18400209827945047,0.150516743248339,0.1263097097515136,0.1088188732869097,0.09589814098528289,0.08660917981133709,0.08033725495590871,0.0760522591926971,0.07269662307530754,0.06970483775931854,0.06724744991342481,0.065913014281679
4258.8,3446.128101518092,87.9,0.01454259995891498,0.014453755303098757,0.014402168927209451,0.01461877863426687,0.015493256607786197,0.017730467477330085,0.02284646216470051,0.034665550905423496,0.06316065400626948,0.12628414555432094,0.20612534611504182,0.21936502331338867,0.18504365987148688,0.15123418386949625,0.1270605316914613,0.10964048869122334,0.09671815024992804,0.08738095610029722,0.0810236813536916,0.0766618440212007,0.07323511121661987,0.07018911556804003,0.06768228654799967,0.06632747344313329
4258.9,3449.309374847996,87.9,0.01360920614011417,0.01355300478995615,0.013553674891194573,0.01382083189393608,0.014713836519831396,0.016896560843838285,0.021821836653274886,0.03320330156953537,0.06099492794882872,0.12404373048688468,0.2060460621649495,0.22045635521890924,0.18566126725194912,0.15154657903478513,0.12738364485416434,0.11004951779177712,0.09717042637270226,0.08781459937254621,0.081414784919993,0.07700494830267735,0.07354162591274631,0.07045150056026014,0.06792303319919826,0.06654512515137746
4259.0,3452.480384151085,87.8,0.01302464628379591,0.012971289713144188,0.012971202079841874,0.013223600219126342,0.014074275969725204,0.01617181823014168,0.02093158859451712,0.031919187660183396,0.05863538253773078,0.12061498215590502,0.2068909508647611,0.22018627176995764,0.18166300601825397,0.14749068387653053,0.12410790426781244,0.10750940647789801,0.09536266846830002,0.08664163160344515,0.08062232118249618,0.07638869733209358,0.0730012240271364,0.06998807622038274,0.0674860944080298,0.06614424453324566
4259.1,3455.661657480989,87.8,0.01238427988330785,0.012353504249902445,0.012394268567992051,0.012694821840489626,0.01358250451000768,0.01567514874583707,0.02035384846541026,0.031248746223267572,0.058448282633103844,0.12203709398457059,0.20638426091901826,0.22060125787038423,0.1842939976411398,0.14960530731956098,0.1255646624101224,0.10865337594083428,0.09618998991906158,0.08710921135734447,0.08084884396561252,0.07652232529827702,0.07307330440267874,0.07002188343631753,0.06745520729148974,0.06610538044164313
4259.2,3458.8332343758775,87.8,0.011689643857759441,0.011682686305705639,0.011764417860479033,0.01211022850460765,0.01302946172689189,0.015117575773784782,0.01972292969966355,0.030426981965154958,0.05732897427455002,0.12093417078075204,0.20579539114494608,0.21975250160307672,0.1828810570452224,0.14790921319353645,0.12387512399594697,0.10715003432703492,0.09493543894711476,0.08606959762063851,0.07995157148861638,0.07572834773519696,0.07239371038337418,0.06943312254734332,0.06693994348071418,0.06561568120888282
4259.3,3462.004511721087,87.8,0.011002944471873553,0.011019876105723796,0.011143975202733244,0.01153914196081278,0.012498764938499751,0.014598135124250695,0.019157404776772295,0.029720691462038616,0.056405682979972435,0.12001588870620693,0.2050444311743004,0.2187504840676818,0.1814869397863575,0.14624648147921976,0.12210518934784262,0.10543668004635114,0.09338983235717652,0.08471804235660627,0.07876782082752129,0.07468563787199381,0.07148892241566235,0.06865771822147934,0.06625727734555062,0.06497567208241904
4259.4,3465.1760886158886,87.8,0.010316962621065788,0.01035574443294909,0.010520543589134821,0.010964142499820513,0.011967019446309502,0.014087821324905757,0.018624910620270375,0.02910389921931476,0.05569298651141505,0.11939613918449853,0.20427983764415789,0.21773807416189575,0.18033537565935295,0.14493411560423072,0.12065089395885886,0.10392179805016444,0.0919286813740833,0.0833643001418795,0.07751956442658921,0.07355332941531363,0.07048709190799161,0.0677702588553067,0.0654388951247794,0.06420340536151177
4259.5,3468.347365961098,87.7,0.01000026019283182,0.010041500785164355,0.010209120675156516,0.010655468144395693,0.011658004660479141,0.013776558975178188,0.018321218030094073,0.028894827102314884,0.05594213835020563,0.12049341690743653,0.20451890485350824,0.2167061042522926,0.17926823448090465,0.14396651820417283,0.11965325526229391,0.10286599487217885,0.0908603066989319,0.08231471155477701,0.076520347132865,0.07261411832875579,0.06962547268759858,0.0669843404671334,0.0647067990372554,0.06349794619476175
4259.6,3471.5189428559866,87.7,0.009440838968498788,0.009495084686111828,0.009685467386018016,0.010159239640281257,0.011185584999189936,0.013316338063598056,0.017858897202457556,0.028453702006072123,0.055727758821812516,0.12065064089057069,0.20389737522828752,0.2159575782460287,0.1791205030765297,0.14411356822001511,0.11977479226155444,0.10284048391189644,0.09067918363851499,0.0820088400816912,0.0761560178152323,0.07220354622212145,0.0692362750456513,0.06657751772772202,0.06432744547569771,0.06308781357431287
4259.7,3474.690220201106,87.6,0.009202307414246736,0.009254258192477183,0.009440051420609689,0.00990630579376732,0.010923083285499022,0.013047028174681527,0.017611483674354677,0.028383615397516545,0.05639074761680393,0.12232673551838,0.20407886167726033,0.21491392158906933,0.1785339247841023,0.1439416578704538,0.11968824993775246,0.10268620693800384,0.09043634130126539,0.08169060793365096,0.07580467295261534,0.07183200751889349,0.06888053155790394,0.06623996675679346,0.06400514241503488,0.062764503804576
4259.8,3477.871792139669,87.6,0.00872939267024376,0.008789007336038799,0.008988406499366063,0.009469758057733575,0.01049792879606513,0.012625389977563937,0.017195045576429122,0.028056085726404865,0.056512654190194175,0.12280106746404172,0.20286740252195273,0.21341002603716483,0.1780394338742051,0.14406952375201326,0.12003329098884105,0.1030518474957743,0.09075072663791915,0.08192937418289852,0.07598847705289,0.07195968510549794,0.06898245516248976,0.06632914118529697,0.06408170667883148,0.06282530845988336
4259.9,3481.0430694847623,87.5,0.008572127578660946,0.008628049087126836,0.008820450545358394,0.009292131915950979,0.010310203344170743,0.01243592980412017,0.017050203684974667,0.028170814659791505,0.057575456406702884,0.12471359973328475,0.20231384145205317,0.21141911320085774,0.17675031641531685,0.14342743756613388,0.11970447605475758,0.10288038624472755,0.09067053034886463,0.08189857406746258,0.07597542803048507,0.07194311333677227,0.06896744953987557,0.06631742564101548,0.06406881866837053,0.06281007722756833
4260.0,3484.2146463796507,87.5,0.008225551315337927,0.008286631282708437,0.008488252825110888,0.00897080663900762,0.009998642453925403,0.012134293709823501,0.01678202605252135,0.028083819596773918,0.058164078335650876,0.12560756834443335,0.2008353509736373,0.20914235265709852,0.17532870162310768,0.14260488412719627,0.11915425737109349,0.10246888730714146,0.09034395502788349,0.08164285421449184,0.07574878566109662,0.07173439156957864,0.06877731884023325,0.06615213995144541,0.06391126486265034,0.06265786688348808
4260.1,3487.3782045030803,87.5,0.007845277494486236,0.00791458687669078,0.00813081287937355,0.008631813978928945,0.009679689749272616,0.011836527023926591,0.01653142060790899,0.028028345892180367,0.05874915170082609,0.12633938285390012,0.19925407725147398,0.20697251265170163,0.17399870319788727,0.14179820243760677,0.11853284443030543,0.1019049726103035,0.08981075838274084,0.08115738745717654,0.07528181620637438,0.07130099826878568,0.06838193373239443,0.06580332941571021,0.06358292300044197,0.06234154788642206
4260.2,3490.54176262651,87.5,0.007532310981956225,0.0076086352785804424,0.007837954631039323,0.008356664146040492,0.009426410191481849,0.011613739684810465,0.016378820647981872,0.02812663542876703,0.059580095948365226,0.1273579807221288,0.19804297920272523,0.2050255627501332,0.17275582722927174,0.14107639455505985,0.11799909722343928,0.10141657053105887,0.08935523361363341,0.08070306013597564,0.07484170262867591,0.07088748641988586,0.06801860268740169,0.06546001283565801,0.06327179776355449,0.06203780386192583
4260.3,3493.705320749779,87.5,0.007275087541690838,0.007357878110085294,0.007600082531008323,0.008137327719539086,0.00923212140587565,0.011459327369254181,0.016314166200531333,0.028341176295185684,0.06049608264114762,0.12833558851157978,0.19700816068028176,0.20324867724210688,0.17153651724967742,0.14028841168088932,0.11734630137697337,0.10080461600353409,0.08872895599258968,0.0801106210893193,0.07422771743285624,0.07036543057111071,0.0674968625118072,0.06504051598847423,0.0628210091381007,0.06167209166704785
4260.4,3496.8688788732084,87.5,0.007108308909943273,0.007196650076134575,0.007450559046380478,0.008006635485438132,0.009130888264875221,0.011411249834305139,0.016387780345741194,0.02875410523861223,0.06164462193558741,0.12942120094351317,0.19602870456226035,0.2013886127282782,0.17008267005309266,0.13921503577535085,0.11643508237437203,0.09995441284278973,0.08791223342890551,0.0793246183650953,0.07347630954823492,0.06967283400149181,0.06686861277523777,0.06446867557596274,0.0622921884168286,0.06116845342659309
4260.5,3500.032436996594,87.5,0.007013642620243024,0.007107271462153042,0.0073728865336162,0.007949182269114424,0.009107567502021546,0.011452129521243354,0.016572122637450393,0.02930138436424712,0.06286515563249721,0.1304426297027626,0.1950656029071619,0.19939958533133828,0.1683422393940344,0.1378768140493958,0.11538607171013618,0.09911417359786075,0.0872223028018494,0.07873410178893725,0.07295053733107075,0.06920114560148602,0.06644227709615824,0.0640726444665894,0.06192541200332166,0.06081538436733763
4260.6,3503.1959951199074,87.5,0.006978883486501946,0.0070782364402424075,0.007356936909727133,0.007956795358507329,0.009156496664695786,0.011579356559963798,0.016867910734903856,0.029985329040037936,0.06415810611239046,0.13138267305448423,0.19400160931436078,0.19717021381160724,0.16621572415272823,0.13613402501997188,0.11401054709626457,0.09806926479248204,0.08644588290384864,0.07814408702358264,0.07247878563640946,0.06880191982091328,0.06608941607679134,0.0637427035415845,0.06162472041103768,0.06052490447263247
4260.7,3506.359553243337,87.5,0.006976776159212919,0.007082644499522254,0.00737650515133781,0.00800419610652124,0.0092520161534516,0.011764069185566689,0.017238449142544437,0.030741122828977323,0.06540707350856222,0.1321300154246864,0.1928355398711526,0.19489156237520242,0.16405507031406794,0.13433913226949534,0.11260771717584543,0.09700733897157528,0.08568753253161054,0.07758470139708343,0.07210747444981648,0.06845996265543447,0.06583420236128452,0.06348243082131387,0.0614677628966325,0.06033275445836496
4260.8,3509.5331001549325,87.4,0.0072244959632905455,0.007334888572000296,0.0076419475288438,0.008299208431769642,0.009608942571974671,0.012250143907641446,0.018004132291317188,0.03210565098956735,0.06762412384176184,0.1339858715639557,0.19220474804368348,0.1924634269617982,0.16149748517530418,0.132172948877887,0.11090142453671753,0.09576063759102264,0.08483255093715983,0.07701656136707659,0.07171945889294049,0.06818004067174772,0.06561299722839321,0.06330172491818845,0.061327427313570396,0.06021082579340786
4260.9,3512.697148195063,87.4,0.007314116395063429,0.007433440916320524,0.007761794105115079,0.008458934966240316,0.009840632005980541,0.01261647967929101,0.018637199021686854,0.0332423433531705,0.06926626311341699,0.13495818474237084,0.19119254856674225,0.19038317232228655,0.1595796449576566,0.13072761818169482,0.10991894938941685,0.09517541182339757,0.0845469147058958,0.07692575019892131,0.07173389257473756,0.06824633598386615,0.06570338104820068,0.06340649940392001,0.0614505616216438,0.06033817421557977
4261.0,3515.8607063183767,87.4,0.007435709014197751,0.007565487706673391,0.00791895628247625,0.008663519061482917,0.01013122409541948,0.01306778355875907,0.019401560241434752,0.03456786099303967,0.07106057636412756,0.13588952203311416,0.1901230992030666,0.1884556033196136,0.1579154599877559,0.1295088783503536,0.10908500219125883,0.09465839046158324,0.0842755604995048,0.07682205983038734,0.07172479816588645,0.06828317021585942,0.06576450032884554,0.06348306330439138,0.06154560136977402,0.06043696572246376
4261.1,3519.0397785100586,87.3,0.007659234673793327,0.007799900711813843,0.008180655683075728,0.008978933884837031,0.010547599777022692,0.013677635307319145,0.020392784347028854,0.03624625026983886,0.07335527677633077,0.13727323552557272,0.1891639814259295,0.18645837699612652,0.15628437674045365,0.1284866114611873,0.10856866460779256,0.09451419645795942,0.08437879083883304,0.07706243656588875,0.07201768038425967,0.06858204950641274,0.06605392771434744,0.06376028914210122,0.06182006151480177,0.06070608391134946
4261.2,3522.2196212735084,87.2,0.007930372619130264,0.008083738522524222,0.008496386538305737,0.009357595172345627,0.01104443625490439,0.014399806878413178,0.02155260569736149,0.038165730290037655,0.07589159050849667,0.13876475455313203,0.18829337440048755,0.1847347240649395,0.15501806331184534,0.12779175596425163,0.10826975167261613,0.09445396109843106,0.08445090734760173,0.07719677980055062,0.07216723178848605,0.06872631177495114,0.06618577035387492,0.06388345344410103,0.06194147165072061,0.06082802951148838
4261.3,3525.3994640368423,87.2,0.0077720799100380955,0.007909523674940626,0.00829797710835809,0.009187965954529574,0.011173416374117116,0.015745644648311345,0.02650671133400795,0.05019944561941425,0.09213245096004706,0.14224543265697828,0.16917830920703844,0.15600055913711972,0.12998842243056488,0.11244197364984443,0.10137156167042068,0.09327216304828485,0.08810979227309067,0.08475887795861421,0.08116549295039915,0.0774033168073599,0.0737859214322651,0.07050867596756315,0.06787525994572943,0.06654348379717025
4261.4,3528.5785362285947,87.1,0.03422309704591167,0.03422309704591167,0.03422309704591167,0.03422309704591167,0.03422309704591167,0.03422309704591167,0.03422309704591167,0.03422309704591167,0.03422309704591167,0.03422309704591167,0.03422309704591167,0.03422309704591167,0.03422309704591167,0.03422309704591167,0.03422309704591167,0.03422309704591167,0.03422309704591167,0.03422309704591167,0.03422309704591167,0.03422309704591167,0.03422309704591167,0.03422309704591167,0.03422309704591167,0.03422309704591167
