fid,dist,dtm,cond_1,cond_2,cond_3,cond_4,cond_5,cond_6,cond_7,cond_8,cond_9,cond_10,cond_11,cond_12,cond_13,cond_14,cond_15,cond_16,cond_17,cond_18,cond_19,cond_20,cond_21,cond_22,cond_23,cond_24
4148.0,0.0,103.8,0.01198644609704315,0.010556599204897245,0.00846071589627111,0.006480079060522783,0.004968777266714205,0.003961941352902488,0.0033913699145425814,0.0032133673286311097,0.0034924250811053897,0.004574763330950572,0.007836297395031996,0.02068625140644812,0.11346899442090115,0.24792781387249,0.08860576070284332,0.05748674263827771,0.05247909657413158,0.04852500158842944,0.04040806185198605,0.033858076335382604,0.03108674161128816,0.031210742198165022,0.03256405231478908,0.03356083310511374
4148.1,2.8188827572434962,104.2,0.011435794474760364,0.010148778078369404,0.008226898358208988,0.006371370776663876,0.004926123020915404,0.0039446448014391275,0.003375139277065597,0.0031798725392913705,0.003415823493245842,0.004392865535104077,0.007337368225998872,0.018768866112032663,0.09997600154190141,0.2613495370555457,0.08646935152289108,0.05541862352678996,0.05142470815150688,0.04850008530889999,0.04042119398328471,0.03363604425483274,0.030764520570437548,0.030925933611846236,0.032394488984371875,0.03348660838323187
4148.2,5.647345237221441,104.4,0.011651461095855218,0.010253544399450297,0.008209825472647328,0.006282232683942928,0.004811598476445103,0.0038285647056700255,0.0032638741263317167,0.003069768447991117,0.0032943489325534363,0.004227012013827352,0.007009472797551019,0.017614186358657063,0.09186570285226328,0.27146231332825216,0.08338730003136144,0.05309056778609208,0.050205373084870754,0.04821149134414956,0.04011163248374304,0.03308137271544849,0.030137959299593692,0.030402948657823715,0.032084811698529475,0.03334117161867147
4148.3,8.466227994576442,104.6,0.00987508247434432,0.009849290074650194,0.009027587612579338,0.005897393104267863,0.004275059686734891,0.004103005193689037,0.004089056292455208,0.004082979686660355,0.0040868333741900425,0.004104815471953841,0.004407847849110736,0.013189244614123546,0.13884241710081144,0.13598449552697622,0.13113265368723676,0.1257838916806175,0.122212148915438,0.12028471620971676,0.11951860709325675,0.11944671537495007,0.11958347160673861,0.11966487211697109,0.11964408269263357,0.11961880359450573
4148.4,11.29469047428768,104.7,0.010765499373636382,0.010716926282601904,0.009240234975755995,0.005356129918101477,0.003923667495549199,0.0038153198169310794,0.0038061289397052257,0.003802583529260883,0.003807076801837157,0.0038226540114291406,0.004029227106828823,0.010996312872154607,0.14341979724359694,0.1363087478249995,0.12874451001199538,0.12059175837573913,0.1153780993686206,0.1125449997077703,0.11136149741396636,0.11117809815536515,0.11134893539029672,0.11144850560629478,0.11145271162164137,0.11143495570876132
4148.5,14.123152954265626,104.7,0.011785155344868624,0.011678292051371759,0.00932526423877564,0.004934949228697082,0.00367318442454984,0.0035904879392334023,0.003580191388539271,0.0035758532671690446,0.003579785304745521,0.0035960679014051438,0.003779690062808028,0.00944031442316299,0.14322429110476892,0.14685106145293123,0.12802532800213876,0.10884901630875321,0.097891686638984,0.09198999733371356,0.08918986441749299,0.08839189325342289,0.08854067021161892,0.08878307383965431,0.08884566718999486,0.08883467849856451
4148.6,16.942035711620626,104.7,0.011914945355501732,0.011756501635812842,0.00919835586006343,0.004912113691584122,0.0037152979963566064,0.003619825454266599,0.003598035568216881,0.0035906138625459885,0.003604080949058588,0.00364866145506391,0.003931217517361119,0.010278401931523842,0.13258128657040463,0.15669392415653374,0.13043766557399034,0.10577314789622834,0.09223615615254949,0.08498061811442309,0.08141869155106035,0.08024874032566397,0.08030965959135153,0.08059666332250232,0.08069708168229715,0.08068761245451622
4148.7,19.77049819159857,104.7,0.012137821286900751,0.011943751962952812,0.009035525469027904,0.0047645802118605534,0.0036896950463560147,0.0036115246810198894,0.003592769031414798,0.0035880432243926836,0.0036035208840065696,0.0036487357597874124,0.00391559971254872,0.009871579675265597,0.12862841904865818,0.1610758351383372,0.13124625661783304,0.1041556680685061,0.08984526037059484,0.08226635054618485,0.07849908150860462,0.07719764846092825,0.07720850612504358,0.07750364177411802,0.07762032900373274,0.07761420778279139
4148.8,22.598960671309808,104.6,0.014315678560736607,0.013236062036508968,0.006970087712251715,0.003970245831973273,0.0036838805162206813,0.0036798963508375537,0.003681177305432757,0.0036855062362812024,0.003691820102465658,0.003699945718582534,0.0037650445603872053,0.00677800530103994,0.13445241415906714,0.1636730431558626,0.1316675127029856,0.09722149507392024,0.0824728842150261,0.07548224573364706,0.07207132727134415,0.07092972184194216,0.07098121895730589,0.07125406312828883,0.07134950345796817,0.0713468581908093
4148.9,25.41784342893242,104.5,0.01478036691572918,0.013358233376328634,0.006617732473154492,0.003914145042396573,0.0037043082656642644,0.003702757680033307,0.0037056879072657496,0.003712142939647388,0.003720963371304921,0.0037318196165714267,0.00380855115191678,0.0069714319533406505,0.13287714081404667,0.16442048219909103,0.13218037852345826,0.0977286248818806,0.08306003876157209,0.07614929610197976,0.07279520664716425,0.07168976971067194,0.07175255973426803,0.0720220555025788,0.07211506460228219,0.07210960281568525
4149.0,28.24630590864366,104.4,0.014845374389424942,0.013349735783116845,0.006544082730751471,0.00391681710761689,0.0037255704152628663,0.0037247077398942447,0.0037284018038013724,0.0037360452489225127,0.0037466925055713576,0.0037597787260615113,0.003851608438170084,0.007256359930551141,0.1318281366867093,0.16310580442317021,0.13246054431724388,0.09982844138914675,0.0854816545891859,0.07866305858911243,0.07540012871826511,0.07437414454128215,0.07447361183771826,0.07474081346519187,0.07482538530008584,0.07481727306007165
4149.1,31.16692228195049,104.3,0.015356444279983988,0.013517746068727701,0.00632463951328084,0.0038770931109260885,0.0037245410943082175,0.0037246165411450602,0.0037291471509256087,0.0037381159998145924,0.0037506897907048056,0.003766497448802501,0.003883940615043989,0.00773099583919672,0.13380472282280909,0.15873448780570873,0.13223533691453387,0.10306478697281872,0.08935426783342718,0.08269672101252584,0.07957185617679227,0.07866003008294029,0.0788063326068571,0.07906736342143288,0.07913761976486468,0.07912937360705324
4149.2,34.07788432236525,104.3,0.014746424624658024,0.013212449744827331,0.006478201521200363,0.003945564777496491,0.0037925854633311554,0.0037944570554303285,0.0038017871407399232,0.0038155891522826217,0.0038348525805633033,0.0038590761648505346,0.003996318028349341,0.008285524572402496,0.12492129482816852,0.169124282271218,0.13403597762333352,0.09824694763014104,0.08524736714282212,0.0795985959269171,0.07674278974369533,0.0756150733208976,0.07550208237873075,0.07569544393599963,0.07579600554581623,0.0757994711056391
4149.3,36.99850069567208,104.2,0.014626974778529148,0.013255890948183618,0.006655017639113419,0.003973577500683289,0.0037930627770641494,0.0037941014175770322,0.0038009136893919215,0.003814289812403774,0.00383375156948824,0.003858983973610519,0.004027019556583151,0.00887279717441341,0.12861426385610475,0.16102246097112427,0.13382532790520638,0.10368229486334478,0.0912174464548318,0.08552643971664455,0.0827301203153784,0.08173025963471553,0.08171230297436732,0.08192726407030852,0.082008630776223,0.08200646626729843
4149.4,39.919117068866505,104.2,0.012231670781310232,0.012019181232043808,0.008741932835944703,0.004658257761827688,0.0038068544884308354,0.0037701139056911747,0.003766690147723116,0.003772217448852641,0.0037889131139999684,0.0038206546892253176,0.004111300278576917,0.010895878976816256,0.1281890542451942,0.14999418592754699,0.13299372559977027,0.11519467091430463,0.10462718230014871,0.09897033390012742,0.09638677576782186,0.09573672021578254,0.09593150810235314,0.09615294995910867,0.09619517767257421,0.0961823542136589
4149.5,42.83007910903811,104.1,0.013041922719737958,0.010875713216375543,0.008117233712278975,0.005864662162911982,0.004350645101431495,0.00345115142042412,0.0030181235379723704,0.002989489658220951,0.00344423265765893,0.004735803175231973,0.007967010740430104,0.017474898324389726,0.06458227564757796,0.28125958231911413,0.09358846607688244,0.0570447582694836,0.050894290670279896,0.04659833770496825,0.03820486119972739,0.031471363625392226,0.02872421146710622,0.029182638772441594,0.031194374237356912,0.03274968878941737
4149.6,45.75069548258729,104.0,0.012741823175049901,0.010708199139889305,0.008074929584666926,0.005888677662712655,0.004400776817598476,0.00351123787124398,0.0030858453905693666,0.0030708162458558787,0.003554512460208257,0.004909449694937007,0.008284612563395332,0.01814268601687084,0.0657893456555213,0.2741181039928526,0.09821951696816843,0.05983913455552814,0.05213980116779732,0.04659214728358065,0.038027364499655186,0.031545823733673414,0.02898436602233692,0.029497303973569092,0.031446630817236254,0.03291353481170284
4149.7,48.67131185578172,103.9,0.012172932602640938,0.010408480390580569,0.008033613952242403,0.005981393846387084,0.004536854400249483,0.0036509295286975578,0.003218394659095064,0.003198043175041692,0.00368479428296822,0.005063392769647101,0.008537389923325086,0.018814093416083585,0.06725021701250566,0.2647239148074666,0.10493321682748621,0.06316594184847565,0.052599325049746105,0.04563637623172676,0.03754361834540407,0.031795799949164705,0.029612243451582133,0.03017485769454185,0.031939920560076614,0.03321358654231446
4149.8,51.5822738960657,103.8,0.011744528730849904,0.010158427251917249,0.007968405478949349,0.006026089161456892,0.004632297001552691,0.0037695395146048636,0.0033534164362008264,0.003354907800411942,0.0038777010622530555,0.0053131038198892385,0.00886565299372349,0.019278822256041262,0.06800951397162562,0.2600460714230523,0.10778430886318396,0.06477556992387619,0.05316210848179915,0.04542210051561484,0.03723008240184863,0.031655963591124936,0.029633623208740387,0.030290474276782997,0.03207531532998916,0.03332218055188369
4149.9,54.50550840582072,103.7,0.011265232039380083,0.00986992790535142,0.007893155773084843,0.0060903187587382415,0.004766936380535002,0.003937816820996151,0.00354346142725252,0.003568998260703091,0.004124492697489756,0.0055946196389095055,0.009149088814596017,0.01952781913105536,0.06849738243237705,0.25696154652118924,0.10955066108642977,0.06588519456342748,0.05362168131473244,0.04528921080150098,0.03690604943885983,0.03141842287845532,0.029535580519846127,0.03030381754501823,0.032151976177978145,0.03338632659779961
4150.0,57.4261247793699,103.5,0.01111972262177885,0.009814358231593939,0.007942713981488844,0.006211645055064758,0.004926620043179212,0.00411898000192829,0.0037433867656958093,0.003793835432734395,0.00438382900372647,0.0058898929776615835,0.009457480116415676,0.01992481639261391,0.07031825320809992,0.2553061719866849,0.11008428062525512,0.06631419951294135,0.053674002353550715,0.044964137602843804,0.03650785416212654,0.03112674749657905,0.02937245111468466,0.030248453795644333,0.03216263855761687,0.03342082912907525
4150.1,60.41297931210235,103.4,0.010616994858407065,0.009516653470567718,0.0078956755218993,0.006348036288440549,0.005168228769681356,0.004417845261284993,0.004079441224003354,0.004160709717525765,0.004768859913445485,0.006236867659304571,0.009616810308164771,0.019717228592379826,0.0703429913621598,0.2558640016981621,0.10953792256781904,0.06636367468113437,0.054017068866485815,0.045225385853429265,0.03658891267113882,0.031168222543665865,0.02945154751579958,0.030368011469040668,0.03227954719304049,0.0335123368068758
4150.2,63.399833844949,103.3,0.00995346300056654,0.009117995013901136,0.007834798214589139,0.006546834969649267,0.0055191455222917424,0.004844381348943489,0.004538728513649512,0.0046239339525274425,0.005192467041618257,0.00653120182326518,0.009648690511989716,0.019421905018413118,0.07020718253763343,0.2554226954035313,0.11010473830816925,0.06722807538890965,0.054717413071782635,0.04567086214222691,0.03686199169267651,0.0313959170260361,0.029658984543952,0.03052423707599886,0.03234473007035859,0.03355055033104349
4150.3,66.39649865748268,103.1,0.009704893403974029,0.009019416269344148,0.007939633466825127,0.006821417592738176,0.00590382483711892,0.005290288808994007,0.005011301335804625,0.005088672897163521,0.005594236587237141,0.00678394860917772,0.009670054714477657,0.019286453789978727,0.07175624583488774,0.256677447223459,0.10831389284570243,0.06686850563431047,0.0550318405259127,0.046193402676735544,0.03733492699620354,0.03179166265069672,0.029983178012088326,0.030762509615839966,0.032481806303202375,0.03361365066830918
4150.4,69.38335319032933,103.0,0.009048323753864558,0.008600347647898167,0.007866205868519776,0.007066504190277474,0.006377787982916233,0.0058981182683924376,0.0056646739679050186,0.005690929168540918,0.0060277472437675625,0.006928554905667129,0.00944275236702171,0.01864953901009037,0.07170937052048862,0.25822591502064624,0.1063078645724762,0.06688861752231623,0.05640372942436665,0.04786946017840024,0.038568869457538214,0.032634831069096044,0.030575157702554936,0.03115020979869385,0.0326902739402765,0.03368119126910817
4150.5,72.37020772306178,102.8,0.00883394525085028,0.008521545705002105,0.00800134506888714,0.007419839299030403,0.006902103040607171,0.006518798361819898,0.006286591482987038,0.0061999729715761795,0.006314746232216278,0.00693665768836135,0.009187951484337618,0.018318553378151598,0.07459177029989576,0.2596820981549554,0.10246537763631254,0.06619095830391124,0.05805467544250307,0.05021938908425919,0.040139515819566735,0.033516012409060145,0.031087797009578633,0.03144687643691062,0.0328308240793282,0.03374315344938896
4150.6,75.35706225590843,102.7,0.00830661322633471,0.008169970175346224,0.007946985738059825,0.00769973312894699,0.007471522705646195,0.007261728855061407,0.007026072690232238,0.006738205650673938,0.006521265412322833,0.0068009709257578176,0.008755974677399542,0.017667408261603235,0.07641704089905538,0.26066942052280806,0.09860765464154092,0.0655559597529132,0.06043539453897714,0.053697747009013815,0.042396716551619244,0.0347008676961394,0.031724628722749525,0.031784268850233464,0.03297597220301971,0.033799014121148385
4150.7,78.34391678875508,102.5,0.00825778271733475,0.008216014470704223,0.008163380577283488,0.008120569360719808,0.008068428299966337,0.007927019821581394,0.007586656407389935,0.007039089577983169,0.00652917214772878,0.006589990120298973,0.008422077108007428,0.0175130490332867,0.0821039624294413,0.2587260113561961,0.09480543553072952,0.06507094962167263,0.06316176048707628,0.057606031858216875,0.04478518642083336,0.03585256749720644,0.03228898327025462,0.03206692229286345,0.03308806412459127,0.03385614344421569
4150.8,81.34058160146901,102.4,0.007980598176107585,0.008045583746033654,0.00819439006211784,0.008410808658364594,0.008603373073076147,0.008577528560278758,0.008126407406258019,0.007293240611652166,0.006498514363392019,0.006374900442429873,0.008105850514151252,0.01729885666584186,0.08662610947487244,0.25510902566792254,0.09215034178767552,0.06490225527276325,0.06581460709400748,0.0615415235390241,0.04725394913454596,0.03709919882104173,0.03294682379378214,0.03239325289881462,0.03321690992254967,0.03387601769818095
4150.9,84.32743613431566,102.2,0.008234891388821662,0.008338335562424883,0.008555669859410128,0.008846909375385115,0.009070907235663792,0.00896919391278765,0.00832692513004163,0.007289007478049878,0.006376666930005851,0.006229340875867541,0.008028004203929394,0.017774906608415814,0.09540120419956774,0.24703899563757212,0.09070268942920766,0.06527124249347369,0.06765265739534104,0.0638490902738801,0.048734438455277425,0.03792089076666972,0.03342776212495173,0.032665025833894155,0.033338736975139525,0.033935375979177534
4151.0,87.31429066704811,102.0,0.00863666140039058,0.008747808288978936,0.008970264340804172,0.009242816762133007,0.009393530349641554,0.009149180710196773,0.00834234449469418,0.007202351794090699,0.006275629563774142,0.0061742001846198675,0.008106181228599664,0.01856867305121499,0.10521922764442823,0.2367157629384607,0.09038562846611416,0.06627535637689823,0.06900152838729137,0.06462142498675971,0.04910157473346369,0.03817131821255905,0.03361839370244804,0.0327913832763097,0.033398393877925224,0.03395593933836498
4151.1,90.32470592074378,101.8,0.008949573498312189,0.00905552298079366,0.009258782456296114,0.00948439866449292,0.009550145961914487,0.009196052281263654,0.008302700029177157,0.0071414579353764555,0.006247148300423537,0.006212724782599893,0.008296377557688804,0.019489255117038747,0.11377421289414545,0.22671535407595536,0.0910378187341701,0.06751290871230917,0.06906361826463026,0.06302638710947056,0.04782295396319822,0.037528902701891964,0.03331566012511512,0.03264756232439144,0.033340461638996545,0.033916831989937564
4151.2,93.3339749349469,101.5,0.009825903718908851,0.009836339396312033,0.009847232136564662,0.009799281955736797,0.009562525147096603,0.008982842886485813,0.008033005552552699,0.00695694050096944,0.006191662646254244,0.006284111260475467,0.008577741746117834,0.020784618407157097,0.1272548439902942,0.21396226889799266,0.0906285406996161,0.06888474368542351,0.06964217892173187,0.06118304630442244,0.04576198243599169,0.036099936259358485,0.032393815489451624,0.03212522607441242,0.03309907396207118,0.033846211051626184
4151.3,96.33445822951361,101.3,0.010480724129030256,0.010385004615262691,0.010194693335976932,0.00988807744363301,0.00940750595912471,0.008692365847660918,0.007768472435023059,0.006836048823269708,0.006244184102830333,0.006517754254725735,0.009116339699743752,0.02248265121440614,0.13642124281280357,0.20303892315214891,0.09221812641104597,0.07103011229319185,0.06964071153531197,0.05879316566084372,0.04373041115768125,0.034882483053072476,0.031692706119521075,0.03174743291096586,0.03293445257444933,0.03377823136765981
4151.4,99.34372724371673,101.1,0.011318661845279392,0.011043975856846426,0.010540630009491495,0.00987593348188653,0.009104547311156615,0.008264261559246786,0.007411661303022388,0.006683264324249496,0.006330865737243829,0.006857672689056447,0.009869815897869165,0.024656376883770297,0.14488955897875722,0.19303583204614372,0.09430773289436903,0.07385057342539962,0.07014877747100604,0.05678792499006432,0.04186855946778574,0.0337055030006624,0.030998302140859,0.0313643583349089,0.032770151490069704,0.03371551134878291
4151.5,102.3541424974124,100.9,0.012316396411561015,0.011770306412999424,0.010836781034708622,0.009741599138740342,0.00867164795285841,0.007733772804408859,0.006984563895896971,0.006494056745440269,0.006433356402938108,0.007288598633364842,0.010833984851333842,0.02728621984441898,0.15231887462159874,0.18361225883696777,0.09639085777711223,0.07785562727276162,0.07300214163337339,0.056814800680358636,0.04110940646646847,0.033073055626002476,0.030614204620275583,0.031185940826984948,0.0327188740084069,0.03368719488242629
4151.6,105.36341151172074,100.8,0.013016324879364438,0.01220243424410874,0.010884210856463879,0.009455063501328232,0.008194783768006223,0.0072299937345330955,0.006597355959436295,0.00632908895536314,0.006558697275729339,0.007777269870817995,0.011925652177738302,0.0300425284627414,0.15566856544963248,0.17732120272278715,0.09946765717697778,0.08301974126903819,0.0772443916261719,0.057982502861198174,0.0411298354705698,0.03301376188890968,0.0306554139390457,0.03130183295067472,0.03282051397737473,0.03376213342810752
4151.7,108.37382676541641,100.7,0.010984046793534081,0.010934645054991086,0.010670702425378632,0.00975409032009976,0.008565820560323045,0.007948098607622833,0.007734804713220715,0.007647090184994273,0.007615614281973474,0.007636249244333466,0.00920215931950426,0.040500454372363534,0.1532269890796005,0.13361695881574354,0.12853364179000396,0.1244295199636947,0.1216598352104552,0.12000363489165469,0.11925423233027954,0.11911795930452938,0.11920851319037837,0.11926079828005993,0.1192657034568306,0.11925764286644575
4151.8,111.3731600246238,100.6,0.014922128111201343,0.0132783265257907,0.01092593928812664,0.008742046329047959,0.007114286445592236,0.00609600635674778,0.005644914898707276,0.00576769790556273,0.006634248265303514,0.008861033946644638,0.014820807224407276,0.037220582214392214,0.1579304294175773,0.1685289178923697,0.1057008349746607,0.09248149598301797,0.08493785331333213,0.06109835907125809,0.04233707693610141,0.03373011229662683,0.031225167742086522,0.03172232952785024,0.033053008451976486,0.0338737162720277
4151.9,114.38357527842774,100.6,0.015329615034922741,0.01343680698887542,0.010799019509912331,0.0084294794919213,0.006720373223604597,0.005688434235199731,0.0052695634955047125,0.005481675398366915,0.006558991906239415,0.009279641207458713,0.01636871523743036,0.04111625230788628,0.1533719746746853,0.16832965490567448,0.11036658324087487,0.09461128307412732,0.08409606206026948,0.06124315342348973,0.04330252044783226,0.03471572652362822,0.031987141128747745,0.03218104031565678,0.033239964411529384,0.033919964233791844
4152.0,117.39284429263085,100.6,0.015826311167673978,0.01364312837518959,0.01069644942702391,0.008144647754926463,0.006364630770917769,0.005322331965819091,0.004924389433261669,0.005192773474772437,0.0064187728116404715,0.009553393690536744,0.01771797346179315,0.044645167778673236,0.15059427550430599,0.1675885111989247,0.11330899595873235,0.09560458663592394,0.08321395697305797,0.06123203701302297,0.043974093837141404,0.035425510812775306,0.03252361801820984,0.03249351526248426,0.03336264441441639,0.033949857401916764
4152.1,120.40523536951362,100.6,0.016126244694570496,0.013728393786748594,0.010567891732574884,0.007902094461507745,0.00608477057360255,0.0050403739407314475,0.004652954335189215,0.004944815758483854,0.0062450920322651825,0.009643699170756815,0.01863083018260644,0.04730801865498638,0.14941256300893432,0.16651803133522863,0.11413296108908898,0.09463788846534375,0.08106176042737696,0.06026792666255103,0.043937438564305355,0.03563663587103878,0.03271996466645353,0.03260686065176696,0.03340004647912902,0.03395089209553514
4152.2,123.42761853514894,100.7,0.015980891709681776,0.013562973385528858,0.010387261201113532,0.007720934705362012,0.005910363366502379,0.004871427399484681,0.0044833583257240725,0.004768045117654898,0.006066174919143946,0.009530975489428694,0.01889140573994299,0.048647787253895604,0.14950675061628768,0.16546562170187815,0.11368888506523402,0.09265934597639573,0.07808667340130818,0.0583646133931415,0.04310402408386634,0.03528071004950413,0.032546305715468134,0.03251337551701479,0.03335088758828677,0.03392147547021521
4152.3,126.4400096120317,100.7,0.016479720019684934,0.013838578251074792,0.010434389845855726,0.007632895080386044,0.00575920935633229,0.0046892351129754675,0.004275801825320332,0.004525965303303816,0.005777869270596288,0.009238414614612875,0.018971429792409133,0.050584679290793806,0.15341862026377948,0.16288843942328693,0.11170793843005546,0.08976354075621461,0.07449675288146251,0.055956922462093266,0.04188702466104334,0.0346367088573197,0.03215259822395547,0.03226542889880164,0.033212530087421636,0.033841710899922245
4152.4,129.462392777704,100.8,0.01649645965483709,0.013856193662945788,0.010439599803098946,0.007617673324937795,0.0057220916307610245,0.00462862813924027,0.004184758736589172,0.004386111324940731,0.005548365073285476,0.008845587476468724,0.018423311676479606,0.05095465016695021,0.15884887304344122,0.16040890719614095,0.10904932026510637,0.08702382759564077,0.07137462180344667,0.05348751488712953,0.04030328780599164,0.03361823938712911,0.03147904738022524,0.03185192472474751,0.033004345293198116,0.03373995727700126
4152.5,132.47519877876465,100.8,0.017029063031789356,0.014220285519063122,0.010618048253679234,0.007670975912553211,0.005703256561862655,0.0045643146804955105,0.004080334868612983,0.0042281479014275565,0.005298323094379921,0.00843261835863054,0.017877644237108758,0.051739447109944624,0.16722081276243025,0.15635061073094106,0.10543593401196771,0.08449878448518017,0.06907919405642585,0.051626159727703465,0.03898120214768097,0.032668191270469105,0.030786395502449652,0.031389184124720734,0.0327521941326014,0.033607201185920955
4152.6,135.4875898556474,100.8,0.01750101986157662,0.014570002974267054,0.010823996903477896,0.0077712982044121255,0.0057367393389162104,0.004552995331264693,0.00403034050747633,0.004129635096377611,0.005116653466316976,0.008086880081908355,0.017288336971563463,0.05201496853865932,0.17662268435449444,0.15185989899202496,0.10154349652106498,0.08263296538663781,0.06817208008120383,0.050914607967328766,0.038357350914757955,0.03213922548730165,0.030360406856034874,0.031087326177628567,0.03258258732126917,0.03351646739994375
4152.7,138.50997302120336,100.8,0.017760075475907407,0.014803503213674305,0.011006740492088255,0.007898797514169836,0.005818028569100945,0.004597826491088447,0.004043015902519103,0.004104824994162796,0.005029766063201078,0.007867966403850476,0.01680370189361099,0.05190124237958459,0.18587337312495456,0.14705845238144966,0.09767096626282017,0.0816585210217419,0.06899681716365805,0.05166913743446049,0.03867254810382225,0.03222145412371121,0.030356470784056424,0.031063504132251885,0.0325674939830569,0.03351084829769221
4152.8,141.52236409808611,100.9,0.0180878232169237,0.01476620670419939,0.010746715669734237,0.007634783122892695,0.005647801598349408,0.0045394854775321495,0.004090087933948929,0.004248356553095011,0.005242664745605917,0.007968743867736279,0.015757982620902267,0.04646514824630364,0.21194638222774415,0.12749804066391696,0.08347023362695266,0.08729952994911322,0.08618006423633198,0.056471479086401606,0.03566266109815851,0.02727907212097933,0.025642291091644887,0.027501889674720576,0.030527824694498624,0.032496170396951615
4152.9,144.5447472637584,100.9,0.0168173541135321,0.014347783621298526,0.011017393722868023,0.008146498478184874,0.006137820139539314,0.004916680156146366,0.004337203554706187,0.004363808340258648,0.005220574712556281,0.007844392702180555,0.015986779156336832,0.04928153670526402,0.20291531717760183,0.1367932263001647,0.09012770503056235,0.08343650618219187,0.07767844553647746,0.05744007125313613,0.04095737029364126,0.03303827469623762,0.030695825633028584,0.03126989330131418,0.03272201163499567,0.033643717172424224
4153.0,147.55713834064116,100.9,0.01629858928334953,0.014054262339261117,0.010964050096412204,0.008238264610543992,0.0062934481287984624,0.005095144496696318,0.004524590904545759,0.004559020591780605,0.005422960170604582,0.008025954873415342,0.015986033705949792,0.04875273787304859,0.20995070248894113,0.13190467917310944,0.08706200292349797,0.08504182388582934,0.08348178238296797,0.06090958983342539,0.04217536942627535,0.033455728057278235,0.03089174965556055,0.03140557048782691,0.03281794998144192,0.033718458355252376
4153.1,150.58847467964125,101.0,0.015480020286904638,0.013533205300912333,0.010783319026427688,0.008286304948196873,0.006460527009153915,0.005318960740504425,0.004779826088610814,0.004840058685625951,0.0057261742208247176,0.008308741939691684,0.01601209403510197,0.04780355869288226,0.21635914509543033,0.12760503058859313,0.08418097266148555,0.08644003689383845,0.08879969408279918,0.06307119328826492,0.04228243531705914,0.0331216469603654,0.030595557843226456,0.03125180080764968,0.03278676844636935,0.03374688934879205
4153.2,153.609534096489,101.1,0.01458628829764773,0.01293519654326543,0.010541532482990924,0.00830107400042692,0.006619608238659092,0.005552900055557029,0.005057768811845414,0.005153934798883478,0.00607327542646254,0.008656667848325314,0.016188583655171833,0.04728512691134222,0.2207589485056269,0.12494175383088284,0.08245825064674593,0.08718157517813992,0.09218153233811208,0.06403657694542936,0.042120620144999246,0.03281655573237645,0.030350825928096303,0.031112746460085536,0.03274566001160746,0.03375668332882357
4153.3,156.64087043537273,101.1,0.014262832629069699,0.012692889069278956,0.010414178208358884,0.008276843612674467,0.006673448963118267,0.005667226678176041,0.005228037800406562,0.005389236228362205,0.006396091474827433,0.00909781389852495,0.016778062701610166,0.0482606131433497,0.22480279930552458,0.12261206425092101,0.08142351967017103,0.08780878651716888,0.09362982307863021,0.06374227168854735,0.04146135950435571,0.032273003425819076,0.029960093398489405,0.030880965788058254,0.03265163278923326,0.03373318711834558
4153.4,159.67192635702466,101.2,0.013288378554150911,0.012002224567936872,0.010082908845069103,0.008224467773945796,0.006793691571997891,0.005887852740155946,0.00551325101847619,0.005725254024798257,0.006771614745420848,0.0094693385302902,0.017001186542722424,0.047980764731098774,0.2268395230685165,0.12179478910962775,0.08102174271622545,0.08834917577289676,0.09457980393726739,0.06319653349635783,0.04082128269214424,0.031828587385782744,0.02967428137907068,0.030734831959655883,0.03260876543166711,0.03374017495061213
4153.5,162.69326711904628,101.2,0.01289385053994123,0.01169768336819067,0.009904920151132838,0.008160816153120875,0.006817874233211881,0.005980765512339457,0.005669049804191946,0.0059506005640190245,0.007081993553775177,0.009880641260403557,0.017543800715232673,0.04903296737394861,0.22989931146083115,0.1198906799076246,0.08030304321878307,0.08893308963802737,0.0955204921841034,0.0628252181555196,0.040287626105631885,0.0314198827431265,0.029396748489478246,0.030581554833877894,0.03255225255737792,0.03373159708636551
4153.6,165.72432304067362,101.2,0.012455706979270372,0.011363677376458315,0.009712946503370151,0.008092168148481913,0.0068390359289977375,0.006067844998092221,0.00581311418782315,0.006155727637264003,0.007361104504114497,0.010251312775351656,0.018064624968414454,0.05018381143173176,0.23196615011507496,0.11873346681297764,0.07992850485994953,0.08913440725351272,0.0955944482451203,0.06240479800392722,0.039942637414285935,0.031200819188738616,0.02926956910030572,0.030525197214461643,0.0325409655699376,0.03373925433024845
4153.7,168.74566380269525,101.1,0.012458613682423996,0.01134135765403451,0.009666746738048907,0.00803956017796832,0.006797988760678763,0.006053251029233248,0.005841659715722874,0.006254433206164818,0.0075790888402243834,0.010678945956706293,0.01892647577386537,0.052541794091317526,0.2338331395222314,0.11726151606562443,0.07971711520979463,0.08936969711614094,0.09500690515074063,0.06162785927680004,0.03948438240173028,0.03093563944889006,0.02911101046427714,0.030442193363760445,0.03251123720394185,0.033735978593834905
4153.8,171.77671972423082,101.1,0.011910070784982034,0.010930621143415474,0.009436329298712782,0.00795629880573244,0.006811837633585822,0.006128702546011561,0.005962675036165028,0.006421110647310787,0.007805911097895966,0.011003490003092344,0.019476851219695304,0.05386253404476784,0.23271431048438518,0.11797916995152728,0.08037300809827377,0.08897797925752454,0.09327084130577167,0.061117166652831234,0.03954821973806961,0.031128148763138127,0.02931084226003222,0.03059445520863941,0.03259221430513564,0.03376894472734765
4153.9,174.8080560632309,101.0,0.01185369960061104,0.010864806721906324,0.009362535426375829,0.007883593832578539,0.006750396669545237,0.006089007872039235,0.005960206224872242,0.006486060863453333,0.008000581060274951,0.011452363185568864,0.020467946897073114,0.05644111288607398,0.23174277163173215,0.118136797064556,0.08087387166745583,0.08844226102484463,0.09126597805237276,0.06039648845567522,0.03949518067478937,0.031240063599078355,0.029444213797672897,0.03069568960249033,0.03264306219941601,0.03378765465370402
4154.0,177.82911548007866,100.9,0.011757097082181088,0.01076412622085735,0.009261432077211784,0.007790403413229726,0.0066734045151792855,0.006037048289906892,0.005948149175591293,0.006545618588263503,0.008199791813878688,0.01192483951491858,0.021488935150981388,0.0588480807065114,0.22954885472102496,0.11871875265613525,0.08147441767908548,0.08767206218792252,0.08906768928627398,0.05966250969127622,0.039473297004727355,0.03138222644048255,0.029598963104866104,0.03080841770883246,0.03269787827181948,0.03380673327558211
4154.1,180.81454677216723,100.9,0.011430196998868908,0.010491825284425483,0.009065026497959854,0.007662786195013713,0.00659938694936971,0.0060071126806650966,0.00596502652655025,0.006631370920246256,0.008409759593476012,0.012367700198227385,0.022367990580159928,0.06059997474720742,0.22609058554887934,0.12012232436089985,0.08256887535193534,0.08727186342085215,0.08719720320514614,0.05904967378205352,0.03951332350027914,0.03157214279292509,0.029792823850957214,0.030948430560270756,0.03276670070048752,0.03383083779522198
4154.2,183.78999631798828,100.8,0.008485208795242493,0.008464730879240092,0.008418773042391902,0.008345915680574254,0.008255840303690485,0.008166920835386431,0.00809527069163175,0.008052056067994688,0.008045169234606223,0.008321646767759462,0.017711352742766206,0.11096395138670219,0.13314528750603907,0.13047181756080595,0.1268562585459593,0.12380122234298467,0.12172217107896555,0.12050546853141111,0.12000156811871648,0.11995001654136882,0.12003014347505017,0.12006821433883869,0.12006693479948394,0.12006356932687895
4154.3,186.7748413726867,100.7,0.01170526260114331,0.010607136278035197,0.008988273594503047,0.007454999611295948,0.006335994426904505,0.005747191048391898,0.0057643298199704955,0.006584732536129284,0.008734993849258894,0.013526658223826558,0.025174213431737,0.0668378256172762,0.21834255643222214,0.12179166555179714,0.0850204208096549,0.08797621952264226,0.08533999843371323,0.058348926469090186,0.03959556830084939,0.03185446152465009,0.030084328306116702,0.031160895653141202,0.03287128408746981,0.03386539128657076
4154.4,189.7502909185641,100.6,0.011756983950187483,0.010604679519509875,0.008921999334235297,0.0073471308929707385,0.006212900715345361,0.005628928793503558,0.0056703978939392705,0.006553210416835148,0.00886710874149076,0.014066577734191845,0.026557881643284938,0.06976827477334692,0.2133750699259597,0.12349132916312988,0.08693760141414063,0.08878208271702774,0.08434917458031302,0.05787639551993264,0.03953882853691124,0.03191886429326945,0.0301777443864466,0.031235580169250005,0.03291063167101753,0.03387274753883497
4154.5,192.73572221065268,100.4,0.012285915780022414,0.010943705581631562,0.00903278488808879,0.00729525320773619,0.006074745476790555,0.005456357221909661,0.0054987576880353465,0.006432598751432967,0.008937138150885825,0.014719150716130565,0.028572829520995983,0.07439016256328604,0.20780709292650498,0.12538533213633551,0.0892666832182773,0.08932878594437133,0.08256358269710014,0.057062940521690295,0.03940677932838953,0.03195342483159844,0.03022886179973838,0.031254726883764954,0.03290240925363789,0.033846446834876094
4154.6,195.71117175647373,100.3,0.0122292439640617,0.010879568997448625,0.008961138218177908,0.007221118400993146,0.0060026712697912295,0.005389819387446873,0.005444225957002959,0.0064120957349387865,0.009028920424119355,0.015166529972707857,0.029886361646950105,0.076873834286212,0.20217044937659326,0.12816228968552554,0.0918777583764514,0.0896200762015814,0.08068968759776637,0.05615438965408572,0.039311181162293395,0.03210787117178097,0.030415413751492933,0.03138918300449803,0.03296487376898322,0.03386433257261508
4154.7,198.6960168110559,100.1,0.01260302174084333,0.011123040106473124,0.009053030711233671,0.0072081390826615735,0.005933647806999099,0.005295370166662271,0.005344039640887987,0.006337251008590845,0.009085669167264034,0.01571920154940531,0.031753395011776334,0.08066288918909084,0.19650308909437184,0.13092741334020833,0.09467408575491819,0.08948448152909004,0.07822675418284389,0.05499867826292754,0.03916546604797754,0.03224508918122119,0.030563667299407148,0.0314664861179969,0.03297567850421022,0.0338449625107932
4154.8,201.6714663570495,99.9,0.01300669588983355,0.01138717802431509,0.009159445212164607,0.0072091069406417605,0.005880763354173833,0.005220203592438227,0.005266505654700506,0.006287579274160873,0.009165531270089492,0.016280950099706332,0.03356859220000528,0.08408419239429929,0.19175447027201784,0.1331013400420291,0.09680138460904181,0.08872462831851542,0.07555136101405657,0.05365125295490468,0.038846662691079975,0.03225719651202966,0.030629733665714472,0.03149820788236395,0.03296654760423204,0.0338197318391181
4154.9,204.65689764913807,99.8,0.012890638816790314,0.011292986859672886,0.009093796790347532,0.0071679106320197365,0.005858683484071635,0.005215704793076511,0.005285311163043718,0.006351824581775528,0.009341589325495319,0.016732823841801532,0.03448302870721396,0.08509734593786974,0.18893118936759365,0.13476248697539883,0.09842068798498865,0.08873390650724716,0.07421630465210319,0.052702069819923494,0.038442211690641256,0.03211521022353703,0.03059469827081176,0.031500289922966475,0.03297412570806101,0.033823553814349795
4155.0,207.63175899041244,99.6,0.013248526962967286,0.01153762177709333,0.009211190360015189,0.007200863139509682,0.005849946107351859,0.005193071667394949,0.005268960884791362,0.0063735283818625935,0.009495926532466904,0.017312987189951543,0.036027787141717844,0.08761501521980614,0.18585207854581942,0.13634057414849687,0.09999245981709745,0.08798966242566117,0.07204114859959884,0.051457043599457714,0.038010220798390684,0.03200587004597647,0.030585237660057954,0.03150361795304339,0.03296554092642207,0.03380665675738983
4155.1,210.5267546726295,99.4,0.013384651676841348,0.011626166952111593,0.009251151460713621,0.007213943332543611,0.005855676174120658,0.005205393856080902,0.005303128554325782,0.00646114111890665,0.009720836127576417,0.01786517683502365,0.03705071300901221,0.08888489322072576,0.18445567118102982,0.13715078346664156,0.10081074114280562,0.0874975174656145,0.07065055471799071,0.05049004628422854,0.03753542758204083,0.031773129671822976,0.030459786502501248,0.03143336058096809,0.03293023513826432,0.03378662811435582
4155.2,213.42175035484655,99.3,0.013090478904085278,0.011424467050374256,0.009156685883457706,0.0071966198336556025,0.00588680589575787,0.005272409151066063,0.005410834257187393,0.006635925262029598,0.010017138569302161,0.018298598211066597,0.03728516115015237,0.08849940201792623,0.18416068056690557,0.1378870357279222,0.10158993694501513,0.08760442469097769,0.06983758326425733,0.049591436635661915,0.036920727792515026,0.03139439667866241,0.03024199622819113,0.031331243408927484,0.03290308209405649,0.0337883758321225
4155.3,216.3167460370636,99.1,0.01319270784134513,0.011502606022545674,0.009210713538484731,0.0072382945065028155,0.005927965366157548,0.005324265505981936,0.005489691264588227,0.006776382472246557,0.010299306607373217,0.018852258625670262,0.038090692890162876,0.08954388423238427,0.18371441930401433,0.1384842249539786,0.10242429778872739,0.08767777153841305,0.06919491513477963,0.04906536522915292,0.03665530647390342,0.03127693573143717,0.030193901606476215,0.03131386522974265,0.03289800839163106,0.033784871669419424
4155.4,219.22172452225666,98.9,0.013343108463918875,0.011614916061048187,0.009284281471960395,0.007290703618302636,0.005976254700108875,0.005383020833999114,0.005578027286480052,0.006932960082692062,0.010610146236865603,0.019438550454544984,0.038885155881711146,0.09070751051424797,0.18375483341904236,0.13869865780504056,0.10295261450948096,0.08771289743382488,0.06862710306644981,0.048536014187362926,0.03632794514162028,0.03108050482609912,0.03007241661411965,0.031243428752759976,0.032865031028960406,0.03376902756177512
4155.5,222.1167202045284,98.8,0.01191444065039181,0.010877906940831817,0.009292331615275703,0.007740041600898753,0.006588019190486174,0.006004082288536166,0.006130990165127548,0.007324861640351963,0.010612620446995612,0.01881837071016448,0.03927700603633633,0.09233657766367083,0.17259440393418224,0.14800282335262732,0.10986818730920038,0.0858610291672778,0.06555441309023465,0.04926663568034779,0.039330960924674745,0.03458357331782053,0.033112991882213075,0.03327577614720054,0.033836931970863314,0.034148592525901425
4155.6,225.01171588674546,98.7,0.011632179940616577,0.010664517860146147,0.009177224792143494,0.007714393933407643,0.006631214906131957,0.0061030676499379466,0.006288544549604039,0.0075641338147135065,0.010973036483647964,0.01926807046381148,0.03940496021635535,0.09191801643806208,0.17365033970834431,0.14834297397239968,0.1104415561668178,0.08675447668916592,0.06607677539165843,0.049310736938778466,0.039179220215629675,0.03441769896142011,0.03299892960927029,0.033221653865636164,0.03382277922407583,0.03414799459926414
4155.7,227.90671156896252,98.6,0.011377538345033298,0.010471201588843817,0.00907359510543757,0.007695500002366001,0.006680983435432661,0.006212412934288439,0.006464328376916822,0.007835183404266886,0.011383003561348396,0.019766034018064992,0.03953063976748583,0.09153445384995094,0.17505592534765244,0.1487410123226417,0.1112289621431336,0.0881744117530145,0.06717241099861945,0.0497597821387701,0.039280216370791286,0.034409614544642454,0.032978150036480726,0.03321497186111118,0.03382672463153282,0.03415366986526337
4155.8,230.80170725117958,98.5,0.011078457460648774,0.010240143975137634,0.008943420903715605,0.007662592631048741,0.006728795180378492,0.006331700241390831,0.006663590121954896,0.008146719091465667,0.01184683309025714,0.020278308443657442,0.03952257181935248,0.09096056386420658,0.17686422555970302,0.14877189279930292,0.11148266110973185,0.0893408578740901,0.06828937974508527,0.050296189383816185,0.0394535571320726,0.03445179780519321,0.032987119753076465,0.03322291007554666,0.03383582048221234,0.03416085666567429
4155.9,233.69613292825758,98.4,0.010808092327464809,0.010029522618282905,0.008823922465426648,0.007633944944955559,0.006779399347278569,0.006456812323318966,0.0068768564095955335,0.008487104469420243,0.012357776942764022,0.02083228404284534,0.03954575646013005,0.09049499981772775,0.1787536485263769,0.1487152185255444,0.11165815052158896,0.0904985566891912,0.06947613419180461,0.05090305378001637,0.03968016017015584,0.034539175153520014,0.033018818541195497,0.03324751624031825,0.03384579687878248,0.03416093788464719
4156.0,236.59112861047464,98.2,0.010831609343626212,0.01005944681879486,0.008867898114243001,0.007698696133426704,0.006872310400331665,0.006591103836647602,0.007079587169064248,0.008810669218664954,0.012879170912219568,0.02154623601105325,0.040219632847953636,0.09138687651150522,0.17996342594177953,0.14858971889446246,0.11150707761495085,0.090688565550124,0.06988038853754998,0.051263551345261615,0.03993480640489229,0.03471539619855415,0.03313244050093579,0.03330851643360507,0.03386997838904495,0.034169156586895365
4156.1,239.4032808111083,98.1,0.010520306190806726,0.009811571623245155,0.008717759388394124,0.007648678094113353,0.006912980535996862,0.006720986854312996,0.007318747454350202,0.009207220993141215,0.01346907082552549,0.022115753160935368,0.04012148178991774,0.09080180251828184,0.18198012842112135,0.1478271313668141,0.11053394755619211,0.09069591316362988,0.07031648085312207,0.05148110960631954,0.03996920374161633,0.034701670899850316,0.03312484998503144,0.033315020923487794,0.03388008031079161,0.0341773356198727
4156.2,242.21505960760453,97.9,0.010534650550073238,0.009834245895275713,0.00875690117228199,0.0077109286460774334,0.007006090404309048,0.006859785309097168,0.007534239048564851,0.00955882057866731,0.014034946978493262,0.022861402481081036,0.04085709194765412,0.09186260920020173,0.18255725545722426,0.14732172394009832,0.11008251527938623,0.09057968965004458,0.07057742823064704,0.05183384864159789,0.040255417658073646,0.034912149405265845,0.033263313087983665,0.033387868273328784,0.03390742634727039,0.03418563498521854
4156.3,245.0268384039513,97.8,0.010194415516050253,0.009557688002183153,0.008579523131960946,0.007637289333070029,0.0070293087961826,0.006981863409531121,0.007781669983104103,0.009989324045666527,0.014675235643360544,0.023421334681482903,0.04070594824347617,0.09122126956204478,0.18427469812537345,0.14631067562434977,0.10874399948609059,0.09010620872192736,0.07066822760376916,0.051878763167254684,0.04020657868502881,0.0348547616029971,0.03323275821566628,0.03338217428821377,0.033911229688360967,0.03419029414549431
4156.4,247.83899060473772,97.6,0.010207300877615738,0.009578303596686044,0.008615324072381254,0.007694760051994624,0.007116807761813169,0.0071158811562535,0.007997084868038329,0.010353379538213435,0.015272964615736738,0.024215163482240978,0.041592287526241806,0.09252943097435043,0.18405162182613338,0.14574931366840305,0.10814528988444108,0.08942370711626212,0.07030439573498297,0.05185669870878586,0.040307594069712724,0.034969831966508505,0.033320162782595995,0.033429968392029295,0.03392850874627054,0.03419445818938005
4156.5,250.66076309727438,97.5,0.009883123359340785,0.009316468437309287,0.008449785430412074,0.0076294049830998795,0.007144912823248288,0.007240637235762292,0.008247549704628706,0.010790933046782922,0.01592365779405498,0.024817144786801755,0.04175089844854533,0.09244564260434228,0.18446029912488637,0.14515384075108542,0.10759930431011183,0.08935302298592539,0.07048521974482463,0.05195979035087615,0.04033338225335373,0.034980721204128866,0.03333546267199811,0.033446564475746066,0.03393845134400298,0.034198795095299515
4156.6,253.47254189377063,97.4,0.009524883798933964,0.009032240988339896,0.008278151328650729,0.007572168422149529,0.007190200567371054,0.007386196310585755,0.008515942213325647,0.011231293115700926,0.01654412703166996,0.025403833404514093,0.042096867753900064,0.09250843807077919,0.18367162548181998,0.14506323937292392,0.10736134791467916,0.0889431766040944,0.07029337283690046,0.0520219202098143,0.04047240047005372,0.03511104960303376,0.033427650152151545,0.03349513580150424,0.033955172769827825,0.034202253254275276
4156.7,256.2843206901174,97.3,0.009136744139608655,0.008717892277429466,0.008078525468040415,0.007492561584137452,0.007221398148001721,0.007527969894602442,0.008793580417315799,0.011695964682714636,0.017192289341561206,0.025997579878717217,0.04246962484955486,0.09268638327788618,0.18290195278666196,0.14514896763013713,0.10750706393668802,0.08901047219659232,0.0704484677641569,0.05225324483854345,0.0406834993632024,0.035271052402380744,0.0335314148321991,0.03354757626069714,0.0339727635182692,0.03420583922340308
4156.8,259.0964728909038,97.1,0.009095700238617232,0.008694354757802466,0.008084975157983567,0.007536122913054472,0.007309770892749258,0.00767944999816399,0.009050911988646616,0.012140977404272372,0.017910254507319836,0.02693439269307518,0.043684832274089,0.09439782234442468,0.1813546759697418,0.14507419086733903,0.10805828520270071,0.08941290907429514,0.07078878955595097,0.05262587114558779,0.04101085214619295,0.035517999414800085,0.03369026365358477,0.033626064175936395,0.03399859066909326,0.03421116956994124
4156.9,261.9082516872505,97.0,0.00871969538526617,0.008388801146779723,0.007891119855221706,0.007462503221092947,0.007350582869486055,0.007837331325384703,0.009353815362028464,0.012640609007536201,0.018598344796063475,0.027619678802235526,0.04435645216873254,0.09490991939098382,0.17972175900274126,0.14570813499703406,0.10926024129835907,0.09041955759973147,0.07158546671973623,0.05327940673221089,0.04150042714757589,0.0358536109824249,0.03389286319199741,0.0337222564806613,0.03402966258345048,0.03421802019974173
4157.0,264.72003048371363,96.9,0.008342532472458686,0.008074279065159062,0.007678902650618355,0.0073652402077104065,0.007368590378340433,0.00797978994462867,0.009657485190056804,0.01316949005796422,0.019344295518367947,0.028355208263589563,0.04504954408693603,0.09546360197323829,0.1782969636763422,0.14644329388377475,0.11096846067307788,0.09229787839669733,0.07314762002425922,0.054356153493200075,0.04218384247048074,0.036273952170259194,0.03413171214710983,0.03383365845183303,0.034066795747847343,0.03422791882438814
4157.1,267.47010321002824,96.7,0.0083504710010466,0.008088408862077207,0.007706656375521771,0.007415928911165888,0.0074567648325931666,0.008134458409438022,0.009940291835011992,0.013696270119203133,0.020227309666798095,0.029509319852785973,0.04658339790532876,0.09769740267176179,0.17728852080699928,0.14705157228474267,0.11308306336373365,0.09457114986939764,0.07465227645179748,0.05513504643274465,0.042594355009578165,0.036511757414802004,0.03426965672215058,0.03390244894134381,0.03409258313429577,0.0342366241258245
4157.2,270.2301213259193,96.6,0.008054026744145331,0.007836667565140792,0.007530384521191361,0.007329230204199672,0.007467408678770146,0.008261936055174345,0.0102370314752219,0.01425352230784847,0.021060257974039983,0.030373898687029128,0.04748304955892674,0.09872726102591033,0.1765540809945147,0.14792792624503495,0.11512650672219615,0.09675155185492958,0.07614177468075099,0.05595057204208504,0.043047536245204056,0.03677742522324911,0.03442106631320186,0.03397657462122485,0.03412038650875643,0.03424659432209547
4157.3,272.98013950767654,96.5,0.007816267695367866,0.007633105721046853,0.007386140854001953,0.0072585394212773225,0.007481785300186677,0.008386381836237628,0.010532226286190847,0.014824440428573914,0.021931261744131264,0.0312921935025697,0.04848471268063623,0.10005048584561961,0.17632359639379633,0.14877446021814303,0.11685347458026779,0.0983696360730491,0.077016469430027,0.05632553651466609,0.04323827900646588,0.0368928726872924,0.0344914905233303,0.034014034052696526,0.03413623890929539,0.03425355233215006
4157.4,275.740157623571,96.4,0.007567739150610328,0.007418941662583125,0.0072320839757022285,0.007179855721726705,0.00749122798180913,0.00851040474624304,0.010833293085983279,0.015405580500182143,0.022795114311288306,0.032173776926674016,0.04946771499539111,0.10139226863409016,0.17613269080959243,0.14936150786486455,0.11800054944736954,0.09917253106263839,0.0772263082119389,0.056343228965536174,0.04326102746728288,0.0369271510899383,0.03452211561316263,0.034033640479767126,0.03414574586406729,0.03425838299919295
4157.5,278.49017580532825,96.3,0.007357718699141885,0.007238383242846306,0.0071042499954737754,0.007120476714606499,0.0075157170376710805,0.008649241134567581,0.011154071268247882,0.016013237536604753,0.02367326744396439,0.03305148961067776,0.050494317590349225,0.10286281075394661,0.17591246139206826,0.14973437950564264,0.11885880430156759,0.0996741686641243,0.07724223921337328,0.056269630037424745,0.0432398485009958,0.0369385717513105,0.03454091387576353,0.03404782727990186,0.03415322867028774,0.03426241015333066
4157.6,281.2502482681512,96.2,0.007128947763713905,0.007040567983566402,0.006962386492209336,0.007052118167713053,0.007538348985837915,0.008795834636650325,0.01149404558826837,0.016641421356896325,0.02452423097677835,0.033838627067743196,0.051439743821721645,0.10430272918227963,0.17553908915177063,0.14948960001134037,0.11888661877954011,0.0994438537795218,0.07690612954322079,0.05609982568189575,0.0432014780744099,0.036947383419388864,0.03455769925091076,0.03405947217684768,0.03415882931032895,0.03426526849890534
4157.7,284.00026644991186,96.1,0.006910875759090052,0.006851887134497634,0.006827886027799219,0.006990783842728898,0.007570679333107019,0.008959180112978249,0.011862109362750926,0.017300618742282454,0.025360280035566153,0.034558564591095506,0.052347054837689276,0.10585274470303241,0.17552677113461282,0.14923547730868966,0.11848693635467022,0.09846496745268936,0.07585248721148577,0.055452708339000914,0.04288223762609693,0.03679195254828108,0.034482889494483894,0.034026723277667675,0.03414749835454965,0.03426170153924993
4157.8,286.7602845656865,96.0,0.006732076464745261,0.006698812865773895,0.006723423883607471,0.00695449564634708,0.0076258709335746055,0.009147567964564646,0.012261017469719318,0.017986522089465905,0.026178219703568928,0.035239258963593985,0.05327736334551656,0.10752316869111435,0.175439614978949,0.1487240099806812,0.11783614853280547,0.09730272614767733,0.07468664526088416,0.05472353847092851,0.04250005596924596,0.03659223037020724,0.03438015035807712,0.03397943270197082,0.03413032161333879,0.03425572349829928
4157.9,289.51030274744375,95.9,0.006551954411169083,0.006543725920888089,0.0066162624342168495,0.006916113644574918,0.007682258283018393,0.009344276011640784,0.012677885567097983,0.018684927761087017,0.02694715273591318,0.03581765159603527,0.054108244344993166,0.10919638503433789,0.17562060510972247,0.1481804630948805,0.11683403549020059,0.09554876508827631,0.07293176303859139,0.05357028847740861,0.04184529332767841,0.036221727564714944,0.034176488053176884,0.03388156546816287,0.034093742736765985,0.03424248399085417
4158.0,292.2703208633348,95.9,0.006202114710211217,0.0062277951009787605,0.006364196317699971,0.006753939348287899,0.007640015572758407,0.009472393254350503,0.013059393053163702,0.019350651049062757,0.027559281365997425,0.03603566703306877,0.054309345419463514,0.10998989787019411,0.17607874228528503,0.14762517998656058,0.11548973782788206,0.09356044041630646,0.0711638026762366,0.05247466531774105,0.04123248449659409,0.03586852240235998,0.03397464893981043,0.03378061142637568,0.034054751954302555,0.03422808277318437
4158.1,295.0107770297294,95.8,0.006079853840191968,0.006124771952649611,0.006299937705367498,0.006749531733877232,0.0077248049033218705,0.00969669502627225,0.013500429054516313,0.02002891510828108,0.02820539645520454,0.03652462150604342,0.05518714348402393,0.11178577401138817,0.1759852024918802,0.14690058254324195,0.11451881013636404,0.09211689573258151,0.06987097499393995,0.05169994289379815,0.04082956989545123,0.035655891751623696,0.033863463971144335,0.033727558863413415,0.034034330257900654,0.034220163090798915
4158.2,297.7514338854007,95.7,0.005980649280620054,0.006043458700471867,0.006255594473924474,0.006763513622128591,0.007828016296803414,0.009940521328345482,0.013957265652373249,0.02069155863132138,0.02878593204323061,0.03698070440957048,0.05610502731219598,0.11356563469147377,0.17551503083785042,0.14609723389165483,0.11371446409546963,0.09100803538536478,0.06893538716546166,0.05119270331846303,0.040602646004195546,0.0355553209354004,0.033820934229813096,0.03370748014697348,0.03402722124203136,0.03421664959292818
4158.3,300.50208835298884,95.5,0.006136969750849952,0.006205638943380648,0.0064337486521526275,0.006974486929455004,0.008101076208708416,0.010325130858398176,0.014517851106588212,0.02141387631879662,0.029457785295815636,0.03774004854316203,0.0577618439542177,0.11662472907198847,0.17459514890060052,0.14480433447018934,0.11312221910663253,0.09056126729837229,0.06864749444831057,0.05110477197055732,0.04062798172059741,0.03561726519430839,0.03387959740168822,0.033743501499645154,0.03404339808362233,0.034223607819615615
4158.4,303.24254451938344,95.4,0.006070115858488494,0.006155993380511204,0.006420462129267956,0.0070213797509673,0.008243565472650882,0.010620334349684455,0.015032381757374449,0.022081475641302795,0.029923802324657994,0.03807163608033095,0.05864708181861614,0.11847898681977848,0.17387623252052942,0.14404433567806177,0.11316767019812375,0.0909691166823972,0.06912638864903077,0.05152004492666319,0.04094354244313117,0.035840796529855765,0.034022567775040445,0.03381839966517116,0.034074130110867504,0.03423642378992781
4158.5,305.9832013749383,95.3,0.006015325879471229,0.0061185863865790375,0.00642032704249551,0.007084093896503139,0.008407516055394247,0.01094560726163468,0.01557800577293954,0.02273819370411429,0.03031853303382032,0.038357519311346094,0.05955549276621461,0.12038532866203375,0.1730701084326522,0.1432987241211153,0.11348431197040858,0.09185447157556921,0.0700412063266048,0.05221203098833273,0.04141792436298814,0.03615595108790841,0.03421739619786044,0.03392020899761807,0.03411567463859076,0.03425376656775105
4158.6,308.73365588284685,95.2,0.0059952189832475,0.00611527794954191,0.006453886705091394,0.007181107014023938,0.008608369528141516,0.01131107483056099,0.0161555009756023,0.02338088538481099,0.03067459731091032,0.038666594588516436,0.060549801589114,0.12228927701222876,0.17220818391877174,0.1427024093852476,0.11412328010951213,0.0931666416330254,0.07131276963982781,0.05312572757075887,0.042019092555322934,0.036547643586514404,0.03445645388060637,0.03404619861653134,0.03416640768092001,0.03427503784343694
4158.7,311.4743127384017,95.1,0.006369106226701948,0.006348041260600906,0.006453278643443847,0.006912941775325341,0.008140604325128267,0.01099386992641412,0.017137707158345096,0.0269921262328592,0.03227437252349302,0.033957288384333845,0.052914102082647296,0.14079231023759692,0.18155599578723697,0.12241809996901121,0.10642218384413678,0.10507661519738863,0.08092413322132465,0.05445945723666229,0.039766546740428656,0.033090944964125596,0.031212731530063206,0.0318594983762338,0.03317462691798212,0.03389666830960366
4158.8,314.21496959397695,94.9,0.006583556734786221,0.006569134593189841,0.006695455447934624,0.0072020703567323265,0.008524820554522469,0.011559804628181847,0.01795679582160097,0.027682958326139623,0.03235349967531453,0.034374479896511004,0.05475054033624999,0.14532506908795836,0.17880690042207387,0.1213696327467917,0.10723964393263537,0.10693056055846849,0.08211348914450405,0.05498757101940321,0.04005069973498422,0.033270375641525796,0.0313499445103719,0.03195927163652861,0.033233349251611616,0.03392340208023097
4158.9,316.95542576037155,94.7,0.006868875308525632,0.006857490222430761,0.006992540498937463,0.007536252740598548,0.008947057123262483,0.012152131489641506,0.01876735004080451,0.028318504958849442,0.03248191318415508,0.034886593478213136,0.056773122880297316,0.14998124496030732,0.1755660907302566,0.12049430454322776,0.10883289819390675,0.10925002332447803,0.08325817853707512,0.055424227022831646,0.04014063943513077,0.03335773464367598,0.03146309057214798,0.032028890982442715,0.03332090789963336,0.03405627180263061
4159.0,319.70608022793937,94.5,0.0067619031681682654,0.006928764003435174,0.007380373635836596,0.008319101078773384,0.010105543858791359,0.01334471709814058,0.01871433871762086,0.025722360476892987,0.03218773174753282,0.04109676440774289,0.06711531343106111,0.13257134362125353,0.1688112651090119,0.1405905105349157,0.11691104061332187,0.09758346327394071,0.07449681770578631,0.05480226894219882,0.04291704956369269,0.03709303310490173,0.034802041797189306,0.03423203680687522,0.03424329103106232,0.03430262907984468
4159.1,322.4669677664119,94.3,0.007179344204075563,0.007350582630368046,0.007816853652689798,0.00878777169751714,0.010630212789307484,0.013940272773034546,0.019333455508756234,0.026227185548971632,0.03267013286882284,0.04207543170129433,0.06931059679903767,0.13500991268333082,0.16768248726901,0.14022960356828829,0.11755142872326878,0.09808303776809207,0.0744210233003077,0.054491425154693254,0.0426470532105015,0.03692364517985303,0.034713254113545894,0.03419367083350564,0.03422917001569595,0.034295435808803953
4159.2,325.23812276029355,94.1,0.009081622422907418,0.009172897704022123,0.009409171730947323,0.00990574851016837,0.010940734035761882,0.013154833699538444,0.017660360568191678,0.025610463968765516,0.03775348388390634,0.05522479400926149,0.07811750713545772,0.10145752507186757,0.11924589056088095,0.1294673352609983,0.13334751730975622,0.13312295499904753,0.13085692094444848,0.1283291465687963,0.12662649813162657,0.1259350979041503,0.12579718746816954,0.12573870869821,0.1256366966428684,0.12556943255449224
4159.3,327.9990102987425,93.8,0.009949938971237398,0.010045453465771109,0.010291660021962454,0.010802444001545057,0.011839951338930706,0.013995364011281437,0.018337747876025504,0.026179393805661103,0.038630421854390085,0.05668457520765606,0.07952602473185796,0.10196090807086548,0.11887255654013654,0.12872196405208475,0.13264054308229142,0.1326234381671279,0.13058842629789708,0.12823424673476583,0.12662003510771438,0.12595256732574212,0.12581460885532614,0.12575745301405156,0.1256602832980533,0.12559606837242226
4159.4,330.7598978372151,93.6,0.010581708867689584,0.010680447297179691,0.010934495545852956,0.011458431953783333,0.01250994590215763,0.014662927585238192,0.018971369178133808,0.026813056362013622,0.03943872598960044,0.05768893417134972,0.08021162593899986,0.10187367737925417,0.11817215142522963,0.12780407009536784,0.13178864993624953,0.13194512504307818,0.13009155361487468,0.12786892301590042,0.12631670325382155,0.12566041477417983,0.12551692605585207,0.12545701614315669,0.12536067768146403,0.1252971035062547
4159.5,333.53105283098034,93.4,0.01129344453993333,0.011395164277115264,0.011656461710226733,0.01219219759070408,0.013254946640006055,0.01540170947365688,0.01967418915998803,0.027512163209459713,0.04028190448606149,0.05863918205669932,0.08074271272771683,0.10161354683250635,0.11732885829868,0.12678260555835488,0.13087423529911182,0.13124361282999503,0.12959985314783218,0.12752217594928875,0.12603384007329865,0.12538607552657896,0.12523450451771467,0.125170845915056,0.12507471545009188,0.1250114710908705
4159.6,336.2919403694529,93.3,0.011667555409405138,0.011773254347526147,0.012044967265429382,0.012603039909569949,0.013711617515369371,0.015944834958936026,0.020347569061844664,0.02831048662517999,0.04109047682636219,0.05919400914217574,0.08071972945341095,0.1010009553076012,0.11641382090964134,0.12586233272821473,0.13011183735287524,0.13067017838264838,0.1291814417005998,0.12719860813650588,0.1257462393664991,0.12509916621814046,0.12494050552388758,0.12487437163980789,0.12477848876922634,0.1247153835415609
4159.7,339.05309954633196,93.1,0.012459715079605284,0.012568872039187662,0.012849227085421116,0.013422566910467127,0.014551293210193569,0.016800007418936266,0.021205004199526745,0.0291864348239065,0.04203622532409734,0.06007158451386869,0.08109336468212985,0.10066938112773971,0.11559342264096445,0.12488399195734759,0.1291995424986203,0.12990722332185142,0.12856977548806908,0.1266940231215779,0.12528986729506295,0.12464855291478555,0.12448291158339247,0.12441284831211556,0.12431646521120181,0.12425317469915823
4159.8,341.8239838817048,92.9,0.013271040908802314,0.013383826564352008,0.013673430086171676,0.014263941545045577,0.015418715620709548,0.01769841288339679,0.022132593098637236,0.03014722570547733,0.043022718040274105,0.06090827708129666,0.08142524825595579,0.1003814758581466,0.11488439622344683,0.12402385599531195,0.12836335875494626,0.1291565684868162,0.12790914037193252,0.12609963238962218,0.1247268099778858,0.12408950048382245,0.12391878927031266,0.12384579746684676,0.12374871959792663,0.1236851042082689
4159.9,344.58487142017736,92.6,0.013061261038608671,0.01313372287903151,0.013458387908844282,0.014295970299586293,0.016014523689818306,0.019102051129070003,0.024031955864695538,0.03090271041164406,0.04003439335931412,0.05544566866179236,0.0868534520402085,0.13326758032394737,0.15529303743424858,0.1434542236169592,0.12161112992219729,0.09555095678924273,0.0702780906688594,0.05219821731939494,0.04194840246506786,0.036989240283932696,0.0349805160800087,0.03438295418632203,0.03428416268152304,0.03428337309706813
4160.0,347.356026414059,92.4,0.014100710896337758,0.014127499212609272,0.014384358768585112,0.015159898749228094,0.01684744695750103,0.01995309984323834,0.024954062929146162,0.03193614691141933,0.04123302853670223,0.05687004383275589,0.08800955427568571,0.13263288306884458,0.15459534086518834,0.14429607844091275,0.12234357011380918,0.09512939028328818,0.06930279171059406,0.05136821468838519,0.04142646029219057,0.03670062798902807,0.03484064887916645,0.03432859016799187,0.03426937831311124,0.03428006559229288
4160.1,350.1561871236656,92.0,0.01690542569553785,0.01664400077002676,0.016435788180435056,0.016696064393966592,0.01791702674913918,0.02069453755183984,0.025659327350478246,0.033104453722106575,0.04329328081554907,0.05982098579432961,0.09095300997107043,0.13298219495176578,0.1537366770860975,0.1447015526201862,0.12251143730122888,0.09406197528439059,0.06783257398894633,0.05024106745049963,0.04073327126695677,0.036311502029665946,0.03464700829378535,0.034252000020725884,0.03424928794823678,0.03427695084958364
4160.2,352.96634726150006,91.7,0.019458090608115194,0.018878696001894277,0.018198363324902024,0.017996997064633563,0.018867555112000334,0.021463998392505818,0.02648710721477986,0.03429576340411323,0.045043659125268046,0.062038537584260256,0.09278120535450352,0.13256080439405044,0.1528292008711043,0.14538332102825263,0.12329579368142937,0.09381133100188387,0.0670794762185217,0.04959089148737055,0.040311090988364585,0.03606570263298603,0.034522093529344766,0.034202685533308505,0.034237125675588245,0.03427586543745769
4160.3,355.7765073992281,91.4,0.0219289643314179,0.021931810223972687,0.02193625016551678,0.02194884262080466,0.02197166286757498,0.02200806942522522,0.022258664634716194,0.027221208698885335,0.05553127938134175,0.09531972029293,0.10313921972019,0.10382174047362357,0.10431524872906818,0.10471697846379698,0.10492484622176529,0.10501278089665318,0.10501651468563737,0.10501181309921646,0.10496231646706017,0.10489224824443782,0.10482781270075363,0.10480480823101333,0.10477558772611015,0.10479679808179977
4160.4,358.5766681089511,91.1,0.02399382270193887,0.02399203367214522,0.023993011303249875,0.02400037257847192,0.024018593271133294,0.02405099342345514,0.02422739195902387,0.02821093215422062,0.054053903546697334,0.09602089736318478,0.10575516812544303,0.10654640749746226,0.10707081631232392,0.10747156735312091,0.10770367758749992,0.10779762107056319,0.10777852326535028,0.10775838106006277,0.10771684002877978,0.10765445256609382,0.10757576246999392,0.10757324577852234,0.10754395559223384,0.1075407717814498
4160.5,361.38682824679546,90.8,0.026404413444029568,0.026397825886388563,0.026390101031424987,0.026387516970817832,0.02639754431226396,0.026427149020237448,0.026529930651855212,0.02905786386306585,0.04998086119634118,0.09476477826297432,0.10950528329703393,0.11051253004905034,0.11103743473579952,0.11143951098700598,0.11168299876434708,0.11177291472339192,0.11174450736289744,0.11167958082973392,0.1116236940633003,0.11162547748231016,0.11160307375873953,0.11156161978662277,0.1114839328494976,0.11148424384774716
4160.6,364.19698838451353,90.5,0.03079664829706396,0.02980232301171909,0.028363291893878064,0.027211416359693517,0.02704742633011146,0.02851258741212561,0.032287639034094644,0.03919081457133212,0.05034502042156918,0.06742465806518529,0.09132500807756024,0.11779810939272475,0.13697931007756256,0.14074258979726487,0.12907874772563038,0.10790333733563316,0.08478730636012351,0.06495128698363542,0.05048306957864615,0.041630656116800654,0.03717579825370008,0.03525447956789159,0.03453914503003366,0.03434235428007171
4160.7,367.0071485223579,90.3,0.03354762901271804,0.03291976503728221,0.030660905074948074,0.02935044532888543,0.029051464085873415,0.028965334707337115,0.02907690402869753,0.03122579140327599,0.04864978816253704,0.09159847356161199,0.11465481552996151,0.11864818400323342,0.12094221027770174,0.12258884864075574,0.12342830388618044,0.1234301033444675,0.12284165663304973,0.1221390146626205,0.12168846883589808,0.12153969858134439,0.12154190418962225,0.12155927721118515,0.12155778816877812,0.1215535435965795
4160.8,369.8073092319645,90.2,0.0384711512621957,0.03683612843217441,0.03159242058518956,0.03003494448535682,0.029989126797902166,0.03000118721837017,0.03007407134774472,0.03192951213747498,0.049599416025221825,0.0947025789411443,0.11494612413458419,0.1164737616623815,0.11711644864236119,0.11761810162904263,0.11793106750652095,0.11803536777254285,0.11797864004842017,0.117859201566155,0.11776859362618611,0.11773145451966785,0.11772872292411404,0.11772951125434038,0.11772512125948068,0.11772072001340653
4160.9,372.61759391510907,90.1,0.04867847294802317,0.04139183693290944,0.0333124005017525,0.02790306845239812,0.02583840766268236,0.027238320408527323,0.032549412507408525,0.04214745337452346,0.05581287931176068,0.07469757591266672,0.09929309304333149,0.12270058666587697,0.13837250010877267,0.14368922598981126,0.13506993100161158,0.11187880788360213,0.08492203865125043,0.0639331198907103,0.0504955915909492,0.04270393682913787,0.03846348298069826,0.036271322278361585,0.03519655065930214,0.03479420209000482
4161.0,375.42775405282714,90.1,0.04064546829530558,0.03951007014663619,0.035646376892893496,0.034377889450745644,0.03432276150319346,0.03433076917793697,0.03439483322805228,0.035684461453703895,0.050044181865389975,0.09142368693568423,0.11257488512493548,0.11432143846355508,0.1149900795086995,0.11552825144589414,0.11588293259914559,0.11601918732774405,0.11599359046233261,0.11589658500762233,0.11581447514489132,0.11578179636722347,0.11578184736892087,0.11576945081819089,0.11576332422774617,0.11576851505132049
4161.1,378.26819415965167,90.0,0.045700930828534575,0.04332822897087335,0.03679361973295706,0.03514324354097785,0.03510499867961366,0.03512416005929018,0.0352018150493404,0.03660783441616158,0.05135872000297655,0.0921303146717256,0.11225274388007153,0.11394515338938307,0.11461201739047973,0.11515017918391018,0.11550948566682136,0.11566150235200029,0.11564346275862386,0.11554549783346545,0.11545130426585966,0.11540333189919351,0.11539769755510017,0.11539938461016883,0.11540720667960418,0.11541453854666837
4161.2,381.10847583579186,90.0,0.04639536010923447,0.04488670682611485,0.039176947878847804,0.03670209377659566,0.03646797430425966,0.03643124614521853,0.03648249683875055,0.03718014961558425,0.047240898891074905,0.08627106686680833,0.11659099996862926,0.12002336630087221,0.12094338523361463,0.12169674991579389,0.12216288198239836,0.12223950712745993,0.12200271316424864,0.12167145130363233,0.12143890736918968,0.12135290319106071,0.12135732901519465,0.12137787336276601,0.12138840172125256,0.12139331682713263
4161.3,383.94891594250004,90.0,0.045615136337570555,0.04408486654394987,0.04132813882977597,0.039392436258251694,0.03882426874899084,0.039538518659417064,0.04205979538464654,0.047547832587076566,0.05751445323540161,0.07269001071404309,0.09067979962758338,0.10754584261382398,0.12124421851571848,0.13074747704097894,0.13530166365297522,0.1349037914238567,0.1314071474799345,0.12761828583755735,0.12523928417491348,0.12432805751011838,0.12410871817356338,0.1239525076638102,0.12374148730756217,0.12361175059515556
4161.4,386.78919761864023,90.0,0.04383100883194886,0.04354974353221477,0.04296731915039052,0.042424617941842394,0.042135536118662435,0.042078452440962956,0.04226096501566716,0.04359375354765928,0.05339607400302954,0.08214696138981113,0.10608846289274888,0.11279122672914256,0.11569452164750971,0.11778439563573762,0.11908449110933313,0.11950910819260252,0.11924303595860684,0.11872458672264637,0.11833082830495883,0.11817004543145403,0.11815560269245483,0.11816560772524035,0.11816850292647105,0.11816755854636767
4161.5,389.61963928036073,90.0,0.04591496723729994,0.04527436377149072,0.04436858576094083,0.04372009842614804,0.04385297492824597,0.04520926479266797,0.04816094035865787,0.05310765845977288,0.06057760227306494,0.0710252521926206,0.08417557026548032,0.09849889405563746,0.11109142459142317,0.1182209588049174,0.11700447357628216,0.10732205636310573,0.09227162226142904,0.07581603719575677,0.06059962977425657,0.04800479705235187,0.03938563200155029,0.035699973120161925,0.034571780120158914,0.034319279964110154
4161.6,392.4599209565009,90.0,0.04664274968970114,0.0466241084757731,0.0465993819004176,0.046590782230723576,0.04661803455712226,0.046696087608995344,0.04686960107215347,0.04843226331584004,0.060382632378574566,0.08596385800793716,0.09736576863091616,0.09888694288951852,0.09961294668284022,0.10018161818291507,0.10057628158866226,0.10078994517865396,0.10085403181379819,0.10080289318349601,0.10072265781318886,0.10065697344705565,0.10063248832501985,0.1006268199689393,0.10062595659039406,0.10061426043077885
4161.7,395.3002026326411,90.0,0.05526918979484764,0.05154657827600238,0.04684498329050985,0.04325195032840039,0.04168393664158107,0.04234639321694919,0.04521922488121345,0.05063984651788673,0.05993214213814683,0.07472183446117316,0.09385360491746315,0.1127698088641206,0.1291072200303978,0.14063629073870534,0.13613301580971437,0.109061268162983,0.0780147157418056,0.05676589413162749,0.04509960735977817,0.039133511059085725,0.03628955262091307,0.035066374871039016,0.03458700695821131,0.034434811872216586
4161.8,398.14064273946565,90.0,0.055162143293576285,0.05204149383256679,0.048077728046366515,0.045035641307900776,0.043707392481732964,0.044240636435013136,0.046647518529503516,0.05150780327613457,0.06044737848446215,0.0751093061740708,0.09381073521757737,0.11159858241185634,0.12757670601021878,0.14139487362897518,0.13915730227387424,0.10933423546257129,0.07538753816794846,0.05363995567377724,0.04256438845172261,0.03737858150076873,0.03523116314148206,0.034526023134124804,0.03435177876643668,0.034316710567319164
4161.9,400.98092441560584,89.9,0.05766465597295121,0.054177477128904125,0.04979842277629637,0.04648815840412889,0.04508890389919997,0.0457212679033985,0.04831095903509376,0.05328826928519659,0.06204854828166142,0.07590619314354795,0.09324573771874341,0.11026051179188937,0.12644879216414792,0.14075243668626558,0.13945064192346776,0.11120823804154532,0.07779113237375289,0.05562953072940012,0.04397809940719357,0.0382888412420039,0.03574948884211862,0.03477176260240438,0.034446554807160766,0.03435561473969044
4162.0,403.821364522314,89.9,0.05737737190052272,0.05438406645634442,0.05067513088018098,0.04795659343401194,0.04693563120579161,0.047629415555250985,0.04994884068388478,0.054491047470372984,0.0628719109561308,0.07635364757884298,0.09292967553749742,0.1088272484445758,0.12504254931483666,0.1422680824256176,0.14420913653529532,0.11322380593123675,0.0764957764216947,0.05351154297828655,0.04220652549135633,0.03707598600637416,0.03504775493342676,0.03443412413107244,0.034311520866257335,0.03429355261653729
4162.1,406.6734865393289,89.9,0.056519753897906984,0.054083083336228056,0.051216253931875066,0.049331727213146825,0.048897403128867145,0.04971112254281249,0.0516405102962176,0.055608757026886155,0.06363912919218338,0.07697771719887586,0.09281835675393632,0.10702482714147091,0.12298452836544332,0.14465506052805813,0.15221573047146758,0.1158560602049297,0.07389816905431117,0.05024767364744571,0.03977350872028686,0.035573367496656655,0.03427656336129622,0.03412082234088091,0.03421274438812654,0.03425949883459465
4162.2,409.53560114220454,89.9,0.05469248762282648,0.05336201550966248,0.05179714848847426,0.05085239880845253,0.050862548949390886,0.05175904523965041,0.05362873147352022,0.057387611568418706,0.06467735133868717,0.07650693348649705,0.09146469544460444,0.10736857346580127,0.1255698067071376,0.14547904904628836,0.1473483686628188,0.11334039233296939,0.07449912359205524,0.050939601500096104,0.04010556957461627,0.035819949024870706,0.03445578892333787,0.03420336299508717,0.034223537239078665,0.03424598885118615
4162.3,412.3877231592998,89.9,0.0533725340854471,0.05261715446717935,0.051934169718007434,0.05189375690406519,0.052582850943157,0.05374236405541955,0.05545375388931267,0.05883344239135783,0.06567791972717946,0.07696610218370023,0.09127494220881972,0.10669256256427524,0.12516190758125625,0.14663528082654875,0.14970298495866846,0.1139314124032254,0.07374335664659805,0.05011503164310532,0.03957643471886446,0.03554395750877465,0.03433935776823336,0.03416711493270745,0.03421634953866173,0.034245033768006014
4162.4,415.2398451763147,89.9,0.051938457057078766,0.05170140590787229,0.051858519773963836,0.05274023880758946,0.05416817355550998,0.05564567354530898,0.057227666472502096,0.06025765286431712,0.06670429494675248,0.0775122043161617,0.09119311970306626,0.10600710036847587,0.1244159124391991,0.14696533910523826,0.15109317161812683,0.11396884466099438,0.07280572981282972,0.04926546923641913,0.03906094708161141,0.035284832259958515,0.03423349102271716,0.03413535827447004,0.03421000384247324,0.0342443332908174
4162.5,418.0919671933296,89.9,0.050421579340754,0.050657174945259294,0.05160990731966488,0.053407827369963266,0.0556052500614001,0.05742747739734438,0.05889916094265509,0.061610826528195155,0.06771381690399103,0.07812768724919657,0.09129239996463828,0.10555097378225718,0.12368432711919627,0.14665391594607763,0.1513565314785139,0.11345430689849059,0.071843404793422,0.04852344776362756,0.03863649865689624,0.035079898404464,0.03415430386390983,0.03411318677746148,0.03420650434928233,0.03424399060045507
4162.6,420.9540817961694,89.8,0.05248044641246227,0.05191769511422784,0.051915843525556615,0.05319483017454293,0.05568213164259393,0.05844099611698627,0.06073531690720967,0.06365504760292226,0.06949553162272443,0.07932747716688572,0.09156389545231075,0.10488432812427347,0.12268616942060846,0.146390433636436,0.15192078470873097,0.11274049585736211,0.07043795450879116,0.04746002280106279,0.03804905984012815,0.03480771123473157,0.03405376861039082,0.034087080434409826,0.03420254961609274,0.034243752596877335
4162.7,423.8062038131843,89.8,0.05052629858821794,0.050559091574451674,0.0514289646208053,0.05358537001762529,0.056741480215743496,0.0598173665014232,0.0621216642330385,0.06491195544738237,0.0705152929956137,0.0799694886841566,0.09186252512846485,0.10499227787780654,0.1222723493919241,0.14447988689002597,0.14922761173438645,0.11263834792938315,0.07178427995287588,0.04858759969565777,0.038655145486491835,0.03507862552709098,0.03415051541202908,0.03411137564012713,0.03420564105429202,0.034243857389660994
4162.8,426.6583258303155,89.8,0.04905121776591244,0.049342376167323336,0.050731904748397304,0.05363430177740417,0.05760641761200948,0.06119544100724879,0.06347902755951408,0.06602306890595788,0.07154833299553298,0.08105220840352272,0.09249206508238562,0.10421718572036262,0.12011526943640713,0.14327984733760926,0.15244817334565738,0.11559533237532651,0.07320078241931524,0.04985481439926021,0.03962828064480448,0.03552545906920485,0.03426623735841572,0.03412174661336708,0.03421316840454932,0.034258764172421054
4162.9,429.5104478472945,89.8,0.047637104255996675,0.04819694509800763,0.050030471545823886,0.053491932145295594,0.0580691515620956,0.06217385180936196,0.06472490097420146,0.06726986446381576,0.07258837227468005,0.08174688885146167,0.09294820850209642,0.10470305871336331,0.12043119184424757,0.14243547531202563,0.1502996100712908,0.11545361115020228,0.07442256162898904,0.05087074068727067,0.040244973889853736,0.03586650950772743,0.03442250312640513,0.03417738441421291,0.03422859009474761,0.03426435783315134
4163.0,432.3725624501701,89.8,0.046308814560212214,0.04706134299391485,0.04922936011232704,0.05315067488384597,0.05829708316732537,0.06296690059439589,0.06586844925787005,0.06846104080390165,0.0735883488344497,0.08244156152500051,0.09350308243868831,0.10543683467439977,0.12121281701287746,0.14232826192074519,0.14886466993230313,0.11536238835836518,0.07552852197737273,0.05189212398214882,0.040905560145441604,0.03624775683391642,0.03460931835652678,0.03424974854426608,0.03425013402605302,0.034271790553006866
4163.1,435.2255258217959,89.8,0.04534061911410167,0.046144677346518184,0.04843228026510567,0.052604243044452964,0.05822012772362039,0.06353229534924082,0.06693913503545632,0.06966042854544705,0.07460573406595394,0.0831610931488584,0.09411698323625221,0.10632230842667678,0.12240473463806201,0.14316602084396093,0.14878231246486026,0.11594061841534141,0.0767724342643809,0.05295988599507569,0.04160378670702975,0.036660168125484505,0.034820162716281904,0.0343367494662214,0.03427747589023154,0.03428125010175945
4163.2,438.07805101886146,89.8,0.04437513266839847,0.0452101279488879,0.047581925085504725,0.05195838726991777,0.05800460560893021,0.06395534186885835,0.06789604000127865,0.07077145905147474,0.07555872490745023,0.08386205233941779,0.09477821078551796,0.10734469915124677,0.12392113329779045,0.14469579960767193,0.14963512883668315,0.11697367922705597,0.07808947030091692,0.05402763234548346,0.0423019655209001,0.03707682972519911,0.03503931712917191,0.03443117949401846,0.03430922796479667,0.03429286234107508
4163.3,440.93101439060354,89.8,0.043396432033065396,0.044249465572344555,0.04667750223812018,0.05121548664130234,0.05764354167215152,0.06421513147850136,0.06872055491685332,0.07179662898962481,0.07646741192403665,0.08454875516315478,0.09542907906852516,0.10836418156404752,0.1255555916105459,0.14668793812141742,0.15128170273905678,0.11849046652371195,0.07954272230281413,0.055121441455907104,0.04300394351444962,0.03749625829582916,0.03526319368739025,0.034530115640358544,0.03434468241096511,0.03430644140536675
4163.4,443.7839777622293,89.8,0.042107305813741634,0.043047151071006005,0.04563243835836682,0.05042307848446105,0.0572623077498671,0.06439807201423697,0.06939396502137203,0.07265882523238684,0.07725875353216173,0.08519523142722976,0.09613179790737987,0.10952800482420788,0.12745119790829854,0.14909939877562106,0.15336268284189183,0.12018645233371558,0.08101828369112395,0.056214021857417314,0.0437069159552231,0.03791904345963279,0.035491609008418044,0.0346345170271259,0.03438366375943151,0.0343223451597295
4163.5,446.6369411338551,89.9,0.03849492187454237,0.04001979805136348,0.043584240738759945,0.049537172431080065,0.05736259089505689,0.06487125965153251,0.06973209729519828,0.07289168440197992,0.07750615685558805,0.08550972560522682,0.09673672029338314,0.11069232614813378,0.12910385402034372,0.1506731400748136,0.15455785604267158,0.12215863556029395,0.08343307664154939,0.05818716045697651,0.04500651748330941,0.03870195520447404,0.035917776824695255,0.03483445430902023,0.03446212554937946,0.03435738684465267
4163.6,449.48990450548087,89.9,0.037556179565117274,0.039043828081308206,0.04256243407829698,0.048543374672234796,0.05662829922606618,0.06471734190682013,0.07020509536754484,0.07368074927904084,0.07830040508951466,0.08618913221712629,0.09743200778526034,0.11173645403860583,0.13070799322129723,0.15251679594591044,0.15578832294795616,0.12295189072822049,0.08419241210704088,0.058839139533797845,0.04547906322794078,0.039007923669628686,0.036095185620442914,0.034922766412227836,0.03449851021497622,0.034374504622428574
4163.7,452.3528575263827,89.9,0.036595854134299256,0.038048090728380904,0.041518053876381474,0.047509462761062105,0.055815477104177835,0.06444678111746968,0.07055808203258684,0.07436674489307733,0.0790101521249278,0.08680015985765659,0.09805784532811242,0.11265551432073306,0.13203566186984325,0.1538240934368212,0.1563546466196752,0.12329194289002085,0.08470957872827257,0.059363666761069946,0.04588512971656189,0.0392792630061434,0.03625653447704277,0.035004476033582164,0.03453378776489953,0.034391830828811136
4163.8,455.2058208980509,89.9,0.03561977715224717,0.03704023672507137,0.04046095714031502,0.04644484724616414,0.05492421338627161,0.06403973848235867,0.07076179938448997,0.07494266559984196,0.07967036843062952,0.08742028438090722,0.09871649521960804,0.11354098630630034,0.13310734720409137,0.1544715360608065,0.15604648060695275,0.12306824844964559,0.08497112689224881,0.05978001380517841,0.04624007042419818,0.03952549233316813,0.03640533421280948,0.03508094139585151,0.034567563609852345,0.03440877914337481
4163.9,458.05878426979297,90.0,0.03240816511043698,0.03415185005801357,0.03817293626514473,0.044991897500875636,0.05434128749646935,0.06393223277985764,0.07066249414748112,0.07486278323628054,0.0797276624554276,0.08763040246093252,0.09920645229554023,0.11440445425882925,0.1339255813387158,0.1542218919124427,0.15497793719897174,0.12355826986802987,0.0867701780005834,0.061663153864466726,0.047663913961228634,0.04046370713993235,0.036959884361381964,0.0353681710946784,0.034697758621817634,0.03447711782399612
4164.0,460.91174764141874,90.0,0.03151232362744677,0.033191878839622935,0.03710208350696799,0.04383111297507365,0.053284216400672345,0.0633455347141008,0.07070337789781025,0.07528705452060641,0.08026118051573912,0.08816637016687967,0.09980355903556712,0.11520554407592129,0.13489461113897103,0.15482900077149023,0.1546391462013223,0.12297601875705053,0.08649858376941175,0.06162148272554739,0.04770392223932908,0.0405148797126664,0.03699930658518172,0.035391848805999646,0.034709735597185536,0.03448382837259026
4164.1,463.7423836123118,90.0,0.03082402541878266,0.03241305919411256,0.03615456805453388,0.04269568761767166,0.052129305963098546,0.06259985718639584,0.07065365582422815,0.07571387289214261,0.08083863195883463,0.08875596315122615,0.10044585143625814,0.11600615836819947,0.13573432635310437,0.15510805053927104,0.1539985450835659,0.12237265553286704,0.08634842675335896,0.06171242659365416,0.047849513020343584,0.0406395407586595,0.03708393465351255,0.03543963006773916,0.0347329323636249,0.0344966338850816
4164.2,466.5732492043991,90.1,0.02860266798077817,0.030280323763147855,0.03420689564879604,0.04107925148043042,0.05102128393942902,0.0620353660268216,0.07043737617663409,0.07570396281446239,0.08099072437823086,0.0890413784424479,0.10093927654485946,0.116762771729981,0.13642756777557785,0.15496523382860108,0.15314555429747959,0.12236852895552759,0.08722287700075236,0.062767950818208,0.048707489484129785,0.0412328410979938,0.03744924958161701,0.03563826779910029,0.03482887707472307,0.03455034574793643
4164.3,469.41411174944704,90.1,0.02796811412046864,0.029545573609727555,0.03327645253702056,0.039903903885225446,0.04974326828393419,0.06112198537144908,0.07026457373697668,0.07605465714646824,0.08149967673301574,0.08956784120539002,0.10155236314673788,0.11760887933477362,0.13742408962532068,0.15551379735377618,0.15274781898265855,0.1217632238974267,0.08692168578841755,0.06270084591692039,0.04873652801516502,0.04128331844585879,0.037491715354121234,0.03566549491019089,0.034843512596438066,0.03455904458606098
4164.4,472.2449773413949,90.1,0.027329969062173557,0.028811715921285955,0.03235459361903355,0.038741621678316115,0.0484627882373827,0.06017024348478378,0.07004465427993013,0.07636755854635222,0.08196728346278606,0.0900492685110915,0.10213542978194776,0.1184787893767286,0.13856423363485798,0.1564006913816828,0.15281345561788656,0.12149822135548818,0.08679215352572,0.06270793690062719,0.04879284133481675,0.04134110142392238,0.03753437640625709,0.0356912902231648,0.034856825529879204,0.03456669025254385
4164.5,475.075613312424,90.2,0.024789694026826365,0.026145573014076766,0.029652860349071736,0.03652923415129042,0.047938385618698356,0.06210198569164963,0.07197750260786073,0.07561841515396053,0.07972402560998736,0.08840611431427751,0.10115590645369182,0.11688119379089579,0.13847442225610518,0.16567720228023822,0.1674830985551873,0.12356731616905693,0.08286695391896487,0.05947690784463219,0.04671788469697024,0.03991003216643594,0.03660388475217121,0.03525727824924472,0.034780184443911615,0.03462999997059546
4164.6,477.90647890437185,90.2,0.024285794711268086,0.025527319219170407,0.02879896781209849,0.03533039978364123,0.04647146310016004,0.06100608767749699,0.07191207440252914,0.0760442301763858,0.08000605246925196,0.08846626465262708,0.10138651958465265,0.11789876213790855,0.14045562682524707,0.16776262475718182,0.1680387650517023,0.12337226442158802,0.08280526864884519,0.05952874850506848,0.046804021093446266,0.03999633848677675,0.03667408359633337,0.03530246492334086,0.034804402353433635,0.0346432281087175
4164.7,480.7373444963427,90.2,0.023799322509910535,0.0249349964428805,0.027986781676652746,0.034187956565044746,0.045039245728066495,0.05985508488187901,0.0717571610469756,0.07642444765434928,0.08026375083185824,0.08849508043776408,0.10154977524969902,0.11882604617873373,0.14243385524139904,0.17015362730238515,0.16931721870880134,0.12378702050042997,0.08308374641071561,0.059769947392576385,0.04700422181086375,0.04015527796858608,0.036790374649385456,0.03537370676797191,0.03484118141326152,0.03466274905752102
4164.8,483.5779782285473,90.3,0.021970232673451044,0.02316891974016183,0.026304489085356278,0.03260621470236269,0.04363061677231293,0.05879993253795109,0.0711540133305465,0.07610589828624305,0.08002743726144765,0.08830200428786354,0.10171280438035903,0.11984939296355193,0.14428347568370528,0.17192366397999936,0.17058657271427102,0.12544992865836196,0.08470916428616952,0.06106725790459463,0.048010699491765056,0.040906801828551026,0.03732026645272501,0.035700104689098976,0.03501711358008277,0.03477497965838148
4164.9,486.4088438204951,90.3,0.021731753982619634,0.022817806353977652,0.0257172294703763,0.03164490120664328,0.04226501288306737,0.05753948957785055,0.07086770722380649,0.07643948862155459,0.08025534168634084,0.0883119043420766,0.1018679947323334,0.12070239086083186,0.14599134708971762,0.17389601359268372,0.17193495094255898,0.12627034245070964,0.08526571787146707,0.06145355484792589,0.04828510049720811,0.04110332292472094,0.03745335441739336,0.03577819333993117,0.03505438260473065,0.03479346395397905
4165.0,489.23970941246597,90.3,0.021405925993802602,0.022396228614923745,0.02509287898049146,0.030695610380458104,0.04095068338167905,0.0562864929907334,0.07050586872931898,0.07668000005207451,0.08037946332742957,0.08821230631648026,0.10192500545311903,0.12151560283600141,0.14785585852867286,0.1764731924377615,0.1742802584050605,0.1278352152275705,0.08624721787656268,0.0620930806754789,0.04872167468764267,0.041407554218323255,0.03765599481346687,0.035896948906158715,0.0351124824526411,0.03482406887833924
4165.1,492.03058741056077,90.3,0.020998330872902937,0.021911478415371798,0.024441633175344937,0.029773313051341947,0.0397147801955019,0.05508750766764318,0.0701012367802663,0.07683305876166395,0.08041820014830342,0.08807625386419086,0.10203576498651201,0.12247368198164602,0.14987833183800622,0.17901107429063456,0.1762071435851234,0.12894526784557447,0.08693765578637161,0.06255912748574688,0.0490508014876761,0.041642650850292735,0.03781514126146499,0.03599174411190847,0.035159987492559476,0.034850023435039075
4165.2,494.821232497303,90.4,0.01947602133765893,0.020438697420169225,0.02302719059197344,0.028407624476699547,0.038413523572089804,0.05396878905476135,0.06933997801528743,0.07632225456763818,0.07996169275231883,0.08771890084839519,0.10216029217139687,0.12356188482742106,0.15181445846458025,0.1807944184969822,0.17738262759829346,0.13036863263679654,0.08832840365401315,0.06368814624989387,0.04992076771051316,0.04229179104647478,0.03826767297349713,0.036272745998381456,0.03531649579938554,0.03494823948374313
4165.3,497.6218752806068,90.4,0.019185625917571236,0.02007993445161682,0.022520189923017835,0.027653537056357546,0.037350665892438725,0.052866478526121134,0.06890797367636514,0.07638735407187003,0.07989828744741893,0.08754471416529826,0.10237257948879418,0.12482064840475163,0.15438414805725295,0.1839839364162722,0.17938115328804713,0.13095065630487127,0.08850181308950131,0.0637830562936532,0.049993893248172244,0.04235122675504363,0.038312314301524646,0.0363010015821146,0.035330386849093405,0.03495511653510305
4165.4,500.4127532786782,90.4,0.021440115371496673,0.021448989458776203,0.021469434869987487,0.02193487335667476,0.028213577033246506,0.04971982526430772,0.07652493619666732,0.09465045637912602,0.09977031075304106,0.10189469123859118,0.10423463641829551,0.10672398018908223,0.10896694152871411,0.11074674564952842,0.11196551535410687,0.11259636704133376,0.11275013514645524,0.11264967795103327,0.1124738747433374,0.11237337126063748,0.11235278644298408,0.11235225866731602,0.11234996926615992,0.11234643650767821
4165.5,503.2033983654405,90.4,0.021828405304282567,0.021877737248651885,0.02200482363966155,0.022818399505609956,0.02977507596928561,0.053039613069184255,0.07676170418503496,0.0855263891314157,0.09041178079322601,0.09598009231479583,0.10249270623861313,0.10937478326530718,0.11587808215422594,0.12127716052607675,0.12497810385472452,0.12675304371750817,0.12698164457388084,0.1264638054778591,0.1259077294283621,0.1256214224550705,0.12556104933892365,0.12556819955327883,0.12556484708886526,0.1255578915989567
4165.6,505.99427636339556,90.4,0.022343532497315147,0.023231337577050985,0.025327410362051227,0.029095746184356504,0.03510207430888008,0.0437586668563186,0.0548576559854826,0.06755709013330269,0.08135923477513096,0.09672068599139909,0.11420136700652374,0.1321739908536819,0.14608279994006207,0.15020231726424613,0.14084856091855386,0.12064559257278247,0.0967962272451776,0.07519308668624619,0.058403267191785325,0.046938947012407306,0.04018323391851448,0.036722978060300365,0.03516609857723925,0.03465333843118507
4165.7,508.7849214501578,90.4,0.02203543287553763,0.02289680049179359,0.02493863573750169,0.028627761461991346,0.03454892563490161,0.04316460823543909,0.05432961697624284,0.06719823834993667,0.08121512455673233,0.09685674940549446,0.1147611743705801,0.13330651855096123,0.14775647339562364,0.15209215329435347,0.1424816126613896,0.12174614384072002,0.09739837374410551,0.07546244402447216,0.05849214315526115,0.04695264471623827,0.04017776898862256,0.03671662206181344,0.03516205247117813,0.03465067809113356
4165.8,511.58579631353575,90.5,0.020926788044044572,0.02178049701541921,0.02381028317898165,0.02749911400424036,0.03346856438053626,0.042228993824214515,0.053638286700388706,0.06676201167293552,0.08096899329415434,0.09677824617939937,0.1149853012421351,0.13409950330794804,0.1492697074890925,0.1541525464658713,0.14461980006204425,0.12355143565031801,0.09876109584399546,0.07645108862705637,0.05918606451561883,0.04740226224195728,0.040436152953471964,0.036848916124320584,0.03522345616154941,0.03468415971669287
4165.9,514.3764414001616,90.5,0.020649069638668742,0.0214783891641646,0.023457169632380415,0.027069022512593386,0.03295034020743405,0.04165762079445593,0.05311456865158076,0.06639120207703224,0.08079605020091879,0.09686390340975112,0.11547785332374712,0.13517950420594357,0.15095757139305155,0.15614951320468337,0.14641705475237787,0.12481164074943346,0.09948495426808267,0.07680033123069059,0.05932065464482428,0.04743773819616405,0.040438963854004834,0.03684497379946352,0.03521979746134389,0.03468141494250485
4166.0,517.1670864869039,90.5,0.020496599491440715,0.02130064291352153,0.023225889514635233,0.02675401434465033,0.03253111333503668,0.041155033219709716,0.052620932479704216,0.06602085382005003,0.08060690958840175,0.09691682735740025,0.11590015265699281,0.13611096572280085,0.1523864285751589,0.15778925165867153,0.14782669874360488,0.12572792698637522,0.09993907098357553,0.07695036278184554,0.05931573019668778,0.04738428330214358,0.04039176728769034,0.03681594271180623,0.03520470020744883,0.03467251330451302
4166.1,519.935840719469,90.4,0.020862678215940948,0.021631658632849465,0.023482217804653465,0.026887418021959472,0.032491415976114234,0.04092770705788684,0.0522889274208588,0.065743526038924,0.08050712596887638,0.09710727403701146,0.11651027905025264,0.1372017383211403,0.1538304738469177,0.15921977054116862,0.14883671891134598,0.12617368452850217,0.09994842681167647,0.07672364051065343,0.05902034802059343,0.047135848992460296,0.04023332994249108,0.03673127284171941,0.035164466817730375,0.034650201582998544
4166.2,522.7145634476282,90.4,0.020436412447197714,0.021190156915424464,0.023007293236166033,0.026360009138399587,0.03190032244670296,0.04028968771672538,0.05166864238378063,0.06522907518936247,0.08015707734949619,0.09696506976430012,0.11664712396907376,0.1376860038448424,0.15461320894210878,0.16011782100700572,0.14964629768002435,0.1267944432478764,0.10038579643921541,0.07701959471552475,0.05921247972877502,0.047251519636537564,0.040296056467049465,0.03676192200551223,0.03517807760016313,0.03465735139795596
4166.3,525.4833176801192,90.3,0.02080052180787074,0.021521242095078105,0.02326865670949012,0.02650747392188778,0.031886460690787134,0.04009354738447253,0.05135135456335515,0.0649308872887317,0.08000519948684043,0.09708166395295491,0.11715444699127464,0.1386138867666339,0.15580227724753223,0.16122347002689805,0.1503544826271487,0.12704596523397674,0.10032099197254929,0.07680374508341216,0.058968634692762985,0.047057423328508305,0.04017506692237287,0.03669782414516353,0.03514778206933356,0.0346406284459244
4166.4,528.2520719126842,90.3,0.019802588788220714,0.019810893288850176,0.01982856622141616,0.019962537739905663,0.023217759023022724,0.03986259078628997,0.06255394491140169,0.08388112670390721,0.1007761950875315,0.109093657798859,0.11505459591709986,0.12104733264577842,0.12589014580900265,0.12919613224927678,0.13119229436155064,0.13205682364040794,0.13210791598316676,0.131811970899044,0.13153611331790932,0.13141317793125568,0.13139800391848414,0.13140711682788186,0.13140860228312815,0.13140648266359875
4166.5,531.0307946407273,90.2,0.02222157559421166,0.02255391654684029,0.023467183971782834,0.025676371491363783,0.03090924356105702,0.041036669754111875,0.05457407550563974,0.06800854763665837,0.08115215625579308,0.09553402893785125,0.111790277245266,0.12880989626911396,0.1443170737748567,0.1560453467696636,0.16235898637001142,0.16334844869282414,0.1612051313539385,0.1586036807873372,0.15699492473861312,0.15639428952082945,0.1561931149306199,0.15598781909839027,0.15576798525003482,0.15564567087511
4166.6,533.7987722417993,90.2,0.021893028836063796,0.022218593702982323,0.023112617833000833,0.025273854962064763,0.030417605627300556,0.04048695377794622,0.05411405497843331,0.06771724808316743,0.08104957113007702,0.09569443827056798,0.11231894393275632,0.12975687612542522,0.14561946824638744,0.15754425560880966,0.1638613776532266,0.16471970637974973,0.16243037853465322,0.15974646746537502,0.15811834648869696,0.15752401912112476,0.15732671818286725,0.1571192691389955,0.15689691047014676,0.15677347141837103
4166.7,536.5675264742903,90.1,0.01949615469093003,0.01978259019281821,0.020880941722508987,0.02363017406404272,0.029450194787605875,0.040429121261114684,0.057066609424376386,0.07254121555866477,0.08134954098027353,0.09146651479729496,0.11110322285493585,0.14253210246471681,0.17929260333961017,0.20050220772011088,0.1798948478775829,0.1313722893353347,0.08958860121144115,0.0637375938550384,0.04949237240008454,0.04191888771320909,0.03796829000717592,0.035966536454658214,0.035001921854308685,0.03464767518262335
4166.8,539.3362807067813,90.0,0.020322408753410893,0.020470303754181622,0.021342769952866686,0.02382028598160729,0.02934828438047922,0.04008244830086431,0.05672818671094687,0.07244292365949642,0.0813541015853738,0.09179153029872984,0.11222801613826845,0.14470998511323013,0.1820977567927088,0.20265044381509417,0.18009274194466016,0.130282892336456,0.08841275158656219,0.06289250932689312,0.04897071603527425,0.04162402842916889,0.037817184611918575,0.03589897518959581,0.034976062473062855,0.03463605540120582
4166.9,542.1150034350142,90.0,0.020258817170892826,0.02038692044696817,0.021222741737265485,0.02364588848295455,0.02909431129354961,0.03971658803944411,0.05624052224503947,0.07188657858356036,0.08088725586140495,0.09176055198814528,0.11305906167635575,0.1465051289962401,0.18418544718654664,0.20401898358339068,0.18028518528749185,0.12983939055270313,0.08793414164729642,0.0625560679891515,0.0487658476419792,0.04150923747357806,0.037758858021576025,0.035873175445414754,0.034966277918297525,0.03463165734455308
4167.0,544.8837576675052,89.9,0.021090705930549854,0.021081802706212526,0.021703534229711538,0.02388300753667439,0.02907770628866096,0.039466587556584526,0.05590590679366493,0.07167194459522747,0.08082435814225154,0.09211406238646748,0.11423898492230991,0.14859315131920303,0.18661521948426193,0.2058715684373038,0.18079618853493776,0.12941422315205012,0.08735239210870062,0.062116615295098127,0.04848965762713107,0.04135112999995156,0.03767754653714726,0.0358362052842269,0.03495200818287202,0.03462504829636507
4167.1,547.6671369086961,89.8,0.024301722237578795,0.024529645579259827,0.025155375031711284,0.02663625928668081,0.03034736087385958,0.03886347409922355,0.052799579506766926,0.06816560517778704,0.0830043111004658,0.09890344614171288,0.1165867224707975,0.134567237536449,0.1503999816554677,0.1619600790128911,0.16789441241872943,0.16857204880051374,0.1663390810650815,0.16383165107856626,0.1623704628568493,0.1618807782936532,0.1617413880042282,0.16158081613611666,0.16140236266754965,0.16130349761154106
4167.2,550.4518271967055,89.8,0.024306269076726453,0.024533408593492574,0.0251562712869162,0.026623302559004178,0.030270647809950514,0.0386115801869446,0.05234783124916166,0.06772318050025564,0.0827749885859559,0.09900791672242286,0.11709272429321677,0.1354551445949809,0.1515770259308901,0.16330894906394544,0.16930051824926984,0.16995307447095123,0.1676716835370359,0.16513403977797803,0.16366599525658324,0.16317801553198627,0.16303715530147764,0.1628722421696412,0.16269027262553096,0.16258968663129547
4167.3,553.2365174845912,89.7,0.023843788799338128,0.023848692066800316,0.02386558737859214,0.02390391929965403,0.02445516844518937,0.03264123271903943,0.057339710623161906,0.07168047442597303,0.0939154563519974,0.11857968458387948,0.13211828213953108,0.14138816733822956,0.14852547708579297,0.15348642358123935,0.15626009018073786,0.15704128844825407,0.15654876363789916,0.1557583560481301,0.1552562884039275,0.1551084302750006,0.155121829822702,0.15515003076787975,0.15515651270824585,0.15516121705400626
4167.4,556.0198967257821,89.7,0.025004964036752772,0.025218822375827,0.025809590143410575,0.027180917250676295,0.030521223294067066,0.03822751162702293,0.05144487044938353,0.06700540116658202,0.08270236478038823,0.09980923031604841,0.11890464374874045,0.13820421770314198,0.15501012437385708,0.16709386343405477,0.17309514585284574,0.17352333970385475,0.17099323529031157,0.1683200953755198,0.16682493752605865,0.1663470007984743,0.1662054300741056,0.1660284715192132,0.16583651972525204,0.16573099869580216
4167.5,558.7946759962977,89.6,0.02569585930557339,0.026037975199701944,0.02697211810377644,0.028924411332920175,0.03262340670599972,0.03906641651162894,0.048930352064695495,0.061949848470489,0.07784527733165847,0.09730402507709124,0.12043873962947449,0.1446922153505343,0.1656140245305892,0.17934951914012875,0.18396631083046028,0.18093426308496321,0.17461261037091394,0.1688253207051971,0.16485794951514182,0.1620769177822379,0.15949382373555007,0.15678768939976953,0.15429184408424118,0.1528323053227487
4167.6,561.5793662841917,89.6,0.023948167092256566,0.0241030623851533,0.02485545665578616,0.026833726676328797,0.030929236075371173,0.038294417836998704,0.04968014008421253,0.06389728649623018,0.07934055094247698,0.09865644547910525,0.1255790844002067,0.15846981009009586,0.18722702644825492,0.1959287291762181,0.17477459977523419,0.1358216545357992,0.0987168386799265,0.07145509788894867,0.05390956973488555,0.043785366796915394,0.03848694732789368,0.03594426525978487,0.034849755641442874,0.03449981605599507
4167.7,564.3627455252622,89.5,0.026358877116654137,0.025091652474936464,0.024021765878697067,0.02464017536845543,0.028600025712016516,0.03825485246045777,0.05475974476967078,0.07027478090831864,0.07880768028177687,0.0922666730118857,0.12016208421269248,0.16084525645234443,0.20101346139282214,0.21859891682906452,0.18608889730861014,0.12702907813555223,0.08313933444529785,0.05902272861973321,0.046803361586055636,0.040634111978085544,0.037511747972601865,0.03590632441632342,0.03508184486724071,0.03474604852065753
4167.8,567.1474358132716,89.4,0.027683544078681642,0.026090490978235705,0.024621361194493183,0.02490356453119728,0.02858957397764148,0.03798820875717038,0.05431652007215135,0.06999287680697026,0.07895671081339035,0.09301792158715469,0.12162832011362897,0.16270989502227884,0.20255135471563598,0.219124302682388,0.18542684534610474,0.1260659283815495,0.08240758636274342,0.058552462215182274,0.046511796221267235,0.040459313780305206,0.037414174375476894,0.03585695008401884,0.035059224628193414,0.034733315681809415
4167.9,569.932126101281,89.4,0.02756710125328801,0.026022653245042188,0.024609595684626687,0.02492647247278949,0.028598940636220094,0.037859740084687926,0.05379895968289611,0.06914098431163362,0.07837549308042581,0.09310050900212931,0.12262597048013153,0.16436684007851007,0.20396590730350178,0.21965270041650295,0.18489033030240196,0.12515616254088033,0.08165213690161818,0.058029178857646725,0.04616324922137055,0.04023443477577236,0.037277733354028814,0.035781219639229346,0.03502032132039765,0.03470930811205554
4168.0,572.7155053424719,89.3,0.028907126634502515,0.027023999017965792,0.025207085429681364,0.025193054487314157,0.028596827552000725,0.03758985181255272,0.05330202389292451,0.06877273399468217,0.0785112544270047,0.09395415070637413,0.12429474768905288,0.16642622521135877,0.20564001118147388,0.22012679637554705,0.1836947278477762,0.12350752659601358,0.0803791280848147,0.057191586144803165,0.04563089439140649,0.03990738920544013,0.03709062800223221,0.03568456010028549,0.03497501515338004,0.03468347810293872
4168.1,575.5119495132393,89.3,0.029502734175471782,0.027483900199371386,0.025506490513721607,0.02535583436490267,0.028622482905744154,0.037396874133964385,0.05274547890989605,0.06806791797388292,0.07825519598840691,0.09451950295077223,0.1258405825026219,0.1683622124706015,0.20680370656653022,0.21980007116103245,0.1820100358371874,0.1217186559777204,0.07907261522817145,0.056331253165759834,0.045071726330593434,0.03955339924478058,0.036880907400982696,0.03557227487857351,0.03492019904363307,0.03465132571878971
4168.2,578.3198846976887,89.3,0.030079821883056777,0.027934459149802714,0.025808260115291456,0.02552999474307029,0.028662318333766857,0.037207083896000546,0.0521550385625503,0.0672956084224915,0.07796514850443552,0.09512482710839117,0.12745182494595284,0.17020398738499048,0.2077576937558867,0.21952278893795088,0.18061739010260902,0.12015583534992642,0.07788258607821508,0.0555251767079304,0.04453645579904699,0.039209165486214184,0.03667437808174261,0.035460716424440854,0.0348653433393552,0.03461901771761529
4168.3,581.1261990065769,89.3,0.030800243299875886,0.028491796121135587,0.02617610245886734,0.02573865672738604,0.028710391324622223,0.036996266767144556,0.05151738801073353,0.06649756570291052,0.07773487903579665,0.09590676591871482,0.12928431830182546,0.17207673668186335,0.20858809245003695,0.21940486170648538,0.17976078010740512,0.11910520855276165,0.07703769621341044,0.05493188787959874,0.04413083953900773,0.03894225873585734,0.0365106489650385,0.03537051389625702,0.034819958472668534,0.034591835647917735
4168.4,583.9226431771945,89.2,0.03305605731970952,0.0300921333663416,0.027053149342112042,0.02607264936271683,0.02863693022731264,0.03655177871872879,0.05083077127325708,0.06616447838773266,0.07829232088250568,0.09754872736235838,0.131663651444857,0.17383353736651136,0.20903746121462902,0.2190022003574228,0.1788047185607751,0.11810497303843796,0.07628364968014427,0.05441976095695353,0.043788126322454164,0.03872137338521242,0.03637836662241079,0.03529992341300268,0.03478595632840166,0.034572198616794184
4168.5,586.7305783616439,89.2,0.03354691516074666,0.030504474731499486,0.02736994532610417,0.026294357825243114,0.028723722610285003,0.03635025254240215,0.05008860234892361,0.06516780081899477,0.07797653981092896,0.09843848240809347,0.13360469215420526,0.1753847037844861,0.20927059021497055,0.21881292747939568,0.1787318213828399,0.11796932522956727,0.07610850417757022,0.054261164399353155,0.04365973132819184,0.03862562904270703,0.03631223160400538,0.035259421256493874,0.03476301149998561,0.03455733178941401
4168.6,589.5368926704172,89.2,0.033929324528408536,0.030873074336970157,0.027703553751124863,0.026563322488199845,0.028857241365695112,0.03615776704866995,0.04928768179738188,0.06410057562568205,0.07766579421635864,0.09936343531301525,0.13546434441109004,0.17673213524347875,0.2093772296814766,0.21862633129403816,0.17900151119164376,0.11840299313718002,0.07645297067520222,0.054491590839637935,0.043807964999291474,0.038714436449580295,0.036359627601491945,0.035280227506997705,0.03476990093584356,0.03455960152405268
4168.7,592.3333368411845,89.2,0.03442263262449481,0.03131844527060543,0.02807402832453153,0.02683592169584201,0.028968092644973343,0.035932696096405085,0.04850086792442933,0.06313424366018926,0.07747987531127908,0.10037152413265486,0.13724279243105336,0.17783517504808197,0.20934889889927438,0.21859654250139265,0.179687253824143,0.11925985008338934,0.07710662406737295,0.05492279766001876,0.044083922176742896,0.03888212771085113,0.036452224614548,0.035324263058729564,0.03478742345851193,0.034567747509382823
4168.8,595.1396511500727,89.2,0.034693129199058266,0.031596968994397276,0.028341021685383338,0.02705493155403456,0.02906789145619365,0.035748959166092414,0.047812926112360994,0.06221526606247207,0.0771765056838999,0.10115769878350794,0.13881623736308313,0.17883625021168084,0.20931976303972008,0.21858391972627855,0.18023265429247343,0.11983772173105914,0.07748029292975071,0.05512540229841283,0.044183610552540525,0.03892348262500479,0.036461395764461765,0.03531965593542552,0.03477918633290714,0.034560013052487
4168.9,597.9475863345222,89.2,0.034905495037478994,0.031828391988163084,0.028572926893064378,0.027248314063455282,0.02915324022427287,0.03557817245562308,0.04719940098787415,0.061404623961755285,0.07691295520940537,0.10187423439672201,0.14022988302533362,0.17973557473284146,0.2092851682591853,0.2184004315997124,0.18044859119126638,0.12017481885169518,0.0777195244270742,0.0552520115796634,0.0442370469959116,0.03893617290188198,0.036453721401639154,0.03530613392737002,0.034766722415041564,0.034549961152976615
4169.0,600.7440305052895,89.2,0.03455304697410132,0.031941582763623896,0.029094994855292322,0.02790070584963054,0.029603415795706512,0.03539013576589176,0.04603638815300813,0.06010902913709621,0.07695289886724306,0.10304118913218244,0.14136723336410287,0.18078242950572593,0.20976967510985406,0.216086776721264,0.17832092354631646,0.12085115391544757,0.0790506651504828,0.055941431570907064,0.04431644220117855,0.03869606597087903,0.03611670592954025,0.035011442454659765,0.03455769991605166,0.034402367075430366
4169.1,603.5602158684154,89.2,0.03499777169966578,0.03234526425190044,0.029421295610699175,0.028118068289081356,0.02966018232395716,0.03518913602337016,0.04551671768581491,0.0595799894790624,0.07701835150906622,0.10392355260725403,0.14266475001138795,0.18172721334262038,0.20986840263234002,0.21519416680109857,0.17754879059925502,0.12089233360586461,0.07942666530579487,0.05630508617506128,0.0445805544096463,0.038863534992810984,0.0362090085378227,0.03505373798038494,0.03457331974665046,0.03440878413642907
4169.2,606.3764012315753,89.2,0.035267920762480864,0.03261024931123622,0.029655538551580433,0.028287701803058046,0.02971525452198414,0.03504478082765289,0.04511162892471303,0.05914193543448506,0.07706259357302946,0.10472915592863521,0.14398780830222185,0.18287295839202752,0.21024921902258445,0.21450638723242446,0.1765814065476409,0.1204584460459125,0.07935373952724167,0.0563429801035766,0.044630365754354064,0.03889957069094993,0.03622846768809907,0.03506108379587202,0.03457456867263504,0.03440831546486017
4169.3,609.19258659485,89.2,0.03275198130489975,0.032763658792713896,0.032949143041373405,0.033547017360767435,0.034960473015224855,0.03808265139532508,0.04484166275499903,0.058027339299958985,0.07920434455160726,0.10590370911815643,0.13236739815679083,0.15472078277352458,0.17163314187722378,0.18232344305350065,0.18653570031129202,0.18565672828446825,0.1826174094656059,0.17996238046161986,0.17862056281453198,0.1781969747549011,0.1779934023400697,0.17772939536468874,0.17747357586879395,0.17733515020893068
4169.4,612.0087719581247,89.2,0.032940336687426706,0.03294537076251462,0.033118069967533366,0.033696650569539445,0.03507844168206312,0.03814096838654099,0.04481527456851001,0.0579993980923189,0.07942427048295127,0.1065125064024001,0.13319324162412297,0.15556373440158425,0.1723973408977863,0.182968317426275,0.18706320567768442,0.18611030499375558,0.18305020535909716,0.18040516264229034,0.17907844163222278,0.17866273959208945,0.1784608204715238,0.17819740657052552,0.17794260418249558,0.17780480588342773
4169.5,614.8249573213994,89.2,0.03322197315545276,0.033215405304871715,0.03336751001194889,0.033918583265249325,0.03526294850546507,0.03826676193734141,0.044868986486356864,0.05807093791198157,0.07975808626972017,0.10725253341222087,0.13418183099814326,0.15660830570125034,0.17340004848070756,0.18388119320126853,0.18787224659668422,0.18684138581199725,0.18374928795912726,0.18110645826959546,0.1797927083762259,0.17938461270050376,0.17918345516384274,0.1789195357004843,0.17866460521652655,0.17852706464514442
4169.6,617.6411426844105,89.2,0.03342712174057573,0.033412770220391685,0.03355098374547521,0.03408330811660893,0.035401637000009076,0.03836446982447405,0.04492453117074249,0.058181263582873864,0.0801444037721071,0.10800963810662698,0.13513381494454194,0.15758711839690634,0.17434218690085854,0.1847680295876734,0.18870124481557246,0.18762754589888658,0.18451935044085765,0.18188159695026013,0.18057912485134958,0.18017731129126682,0.17997682236144671,0.1797125332296468,0.1794578346893447,0.17932047541343948
4169.7,620.4573280476852,89.3,0.033474599954982254,0.033476289527777446,0.03348231953861519,0.033496901802416906,0.03352385973216671,0.033575866919976806,0.034516902864020135,0.048100438028579585,0.10203067220586434,0.1447168211078616,0.14881959218006485,0.1494368934856932,0.14992030716323188,0.1502474825942344,0.1504132499982165,0.15050299704426953,0.15047439457158832,0.15040839587775373,0.1503410939889288,0.15033873287205268,0.1503362727359033,0.15030464977837624,0.15026747738629806,0.15023676306335942
4169.8,623.2735134109599,89.3,0.03321203476352612,0.03324286073551605,0.033458456288341806,0.034088469350146436,0.03552521151628043,0.038637888889244326,0.045359565066058746,0.058696337118444124,0.08050309432493954,0.10786678638242313,0.1343708616669188,0.15636290582796825,0.17289516658163984,0.18336617608671665,0.1875839938877853,0.18689903533020732,0.1840982828848544,0.18160204208308095,0.18031971406897873,0.1799003154195947,0.17968997043275384,0.17942450195927026,0.1791697150239648,0.17903164829412374
4169.9,626.0913139717024,89.3,0.03348286778425337,0.0335017734464419,0.03369721609003239,0.03430247421681417,0.03571108145516313,0.0387968271664539,0.04553436781891809,0.05902558869245164,0.08114465360759428,0.10876672032996391,0.13530725401967914,0.15721793855300822,0.1736609525114442,0.18407323318966948,0.18826026967854956,0.18755938104990888,0.1847532898174452,0.18226156390623796,0.1809875089183563,0.18057314081788517,0.18036375404468763,0.18009852272088234,0.17984435508495555,0.17970672076559338
4170.0,628.9074993348623,89.3,0.03673692628239475,0.03400542661433052,0.030871692415179567,0.029231862344396214,0.030281519074633587,0.035088560360263,0.044711004055483596,0.05945722479582208,0.0803321312221317,0.11225558166307761,0.15329239992713795,0.18853888658695178,0.21170581040295197,0.21521298665573088,0.17852198783584544,0.1229914557741809,0.08145547179047131,0.05775258046579444,0.04548380993020538,0.03937795639689167,0.036465892381302774,0.03515691845380237,0.034602442284081644,0.034415132390612335
4170.1,631.7120135530895,89.4,0.03313311372697883,0.03314064433846255,0.03318006166300046,0.033284024290372125,0.03349614860320399,0.03402696480975406,0.03753086554500482,0.05729572769309177,0.10439457489579992,0.13652384840193707,0.14512916404573178,0.14986908529755116,0.15370645413687817,0.15649494176347323,0.1580533461233157,0.1584823108970563,0.1582205942655312,0.15779101483957234,0.15750803749269238,0.15741139433711998,0.15739866791264787,0.15738901214190182,0.15737186793500063,0.15736192876642943
4170.2,634.5152259959355,89.4,0.03317792329207419,0.03324171180057347,0.03352044774388769,0.034247091147368756,0.03584261016867794,0.039257924690553635,0.0465318171964711,0.06055770646635414,0.08259426933066985,0.10926923574721602,0.13475769341087737,0.15600415722569871,0.1721356075210745,0.1825584290089625,0.18701819944877943,0.18668955648552157,0.1841672659347466,0.18179993362377184,0.18054085016880145,0.18010954180250843,0.1798915694520452,0.17962611470470935,0.17937227805758788,0.17923453290516764
4170.3,637.3197402141626,89.4,0.03327169891360312,0.03333973824703585,0.033627701568803514,0.03437077682051466,0.03599892180723516,0.03949208935383354,0.04694127256429257,0.06122338657867904,0.08337609534887838,0.10983037436785827,0.1349452765137091,0.15588152622266982,0.17180839540782547,0.18213959777715738,0.18661652102416654,0.18637272756721682,0.18393654353649522,0.18161770293195487,0.1803724862552754,0.17994111391257792,0.1797234465005973,0.1794605303944617,0.17920927038258744,0.1790727934879449
4170.4,640.1341673316487,89.4,0.03396168501008423,0.03396686324395773,0.033973148138475996,0.033988185553033595,0.03401721476958996,0.034084249112226975,0.03584276080721351,0.05541994031510722,0.11376533838671048,0.14376650953041292,0.1456900268516595,0.14621237146054036,0.14662301361990865,0.1469288988361846,0.14711293150652752,0.14721366130892907,0.14716217241919322,0.14710152214399094,0.14708266054886843,0.1470895389383085,0.14706398834080298,0.14702900472541294,0.1469669667588736,0.14692521098272046
4170.5,642.9386815498758,89.4,0.034019694618766444,0.03402294829672014,0.03402850006979101,0.03404601850641534,0.03407315828311191,0.03414342232048664,0.03615291171390523,0.057219017624231885,0.11610234436060993,0.14362501883007237,0.14528966202953766,0.14578732146535736,0.14617375267505217,0.14649601884788016,0.14668467630951454,0.14674945522829116,0.14672526779060835,0.14667983971031803,0.14663029262106483,0.14666249958579336,0.14666193293481447,0.14657482509087366,0.14650763179405563,0.14650679942924233
4170.6,645.743195768103,89.4,0.03411958153074016,0.03412109448313468,0.034127654791970545,0.03414327943171664,0.03417002982673502,0.03424571554243009,0.036495588561659194,0.05899238125723695,0.1183122049837046,0.14390204752566088,0.14538095888055905,0.14586262134779504,0.14624616883306518,0.14654852085364495,0.14673596732260324,0.14679715722542777,0.14678531984801174,0.14673163954096732,0.14671602476931306,0.14673278489163685,0.14672108548172197,0.14662578462538556,0.1465471641595176,0.1465562009444991
4170.7,648.5576228857044,89.4,0.034112834356126186,0.03411504343158116,0.03412041416664016,0.03413535581109171,0.03416176643903602,0.034244900783347014,0.03679476861657147,0.060951149611407275,0.12074547714399339,0.14446264829463837,0.14579041468656684,0.14628109141712625,0.14667246065448492,0.14695990446785107,0.1471337898880152,0.14720007617693454,0.1472041969944394,0.14717902284858578,0.14716673749416273,0.14716587043876547,0.14714114847021037,0.1470528430683062,0.14700043848670893,0.1469894908402968
4170.8,651.3621371038162,89.4,0.03406077025395523,0.0340635933256184,0.03407115578486919,0.03408728551971968,0.0341162588915669,0.03421312770286547,0.03717791855656969,0.06343206241935881,0.12356117574448341,0.1451702896044865,0.1463940205216325,0.14693158430352332,0.14736592408599836,0.14767029916327512,0.14785514156232776,0.1479131186699871,0.14789110904362937,0.14781790774270046,0.14773900694711714,0.14772414725096442,0.14773734310725228,0.14775346990171312,0.14777914587607965,0.14780043949436295
4170.9,654.1666513220433,89.5,0.0328596855279245,0.03285809545849014,0.03286346999498895,0.03287638135242131,0.03290302296685125,0.033037233578462034,0.03716202298649761,0.0682176350754566,0.12870943632576756,0.14616465912880794,0.1471452076068464,0.14777200352902467,0.1482725930548154,0.14871745946194548,0.14902122060561065,0.14912871921867032,0.14918863870677557,0.14922541849410725,0.14908232679313305,0.14916706713653793,0.14932688603238892,0.14927823891702438,0.14906086521512454,0.14897384198374605
4171.0,656.9711655401476,89.5,0.03290614961376897,0.032905580225060106,0.03291207116579183,0.032925726438295756,0.03295343013279143,0.03311383399332764,0.0378496783147223,0.07123912483545534,0.1306340764183629,0.1459278501015865,0.1468307141158197,0.1474635852801111,0.14794414370702264,0.14840305092932413,0.14868724345954312,0.14882139626445726,0.14883114466141262,0.14879612543071852,0.14864636881495533,0.1487711286169174,0.1489287946413123,0.14886772398690926,0.1486693516314873,0.14868176719050724
4171.1,659.7714690951778,89.5,0.032884591051044326,0.03288583553691011,0.03289178053201368,0.0329063601451672,0.03293341140460349,0.033139838276980055,0.038657294255151596,0.07485604565829819,0.1325187914724664,0.14545919027939846,0.14622905201066935,0.14680999619416188,0.14735213541550607,0.14775807343719197,0.148072020667422,0.14823875539662298,0.14818459519785457,0.14807189821188074,0.14803956821010972,0.14812265954694792,0.14825523072179414,0.14828552067883854,0.14808368147504805,0.14790992647763898
4171.2,662.5618095761255,89.5,0.03293679032873572,0.03293791567468033,0.032944752535815774,0.03295955769267818,0.03298676021232978,0.03324350558847956,0.03963058899944395,0.07848855898604634,0.13415506986284037,0.14510476302409345,0.1458048092412264,0.14639022414221323,0.14692150665816667,0.14732640561564142,0.14763358072956348,0.14778267610692294,0.1476860298217137,0.14761203936446007,0.14756886348719772,0.1476333623026552,0.1477521600302947,0.14774085400648462,0.14757945394827918,0.14752623349149868
4171.3,665.3521500571892,89.5,0.033732570418154195,0.031959045012172234,0.030070369569651534,0.029675199141893604,0.032203280353412723,0.03937740113056555,0.05307001539261946,0.07306058728192145,0.09718367102602847,0.12648125900345403,0.1581845339160405,0.18559127349509083,0.20468851606398183,0.20446115529370978,0.17117228603968715,0.1231525256927625,0.08512741227010677,0.06164773636045796,0.04849340183874127,0.04138875979655045,0.037653509103171355,0.035767960578606296,0.03487828919664257,0.03456096883829329
4171.4,668.1524536121397,89.5,0.03377282133854409,0.03199931888875363,0.030130935231869157,0.029799373149028814,0.032476597925438444,0.03997441804550649,0.05426144145729398,0.07490855499484338,0.09916127471789883,0.12779072085681922,0.15835615682117327,0.18508302651391717,0.20413420655635037,0.20410825376218728,0.17138539123797641,0.12390219163780344,0.08599524516044772,0.06237433268495598,0.049016521564883474,0.041731129762042546,0.03785751171079951,0.03587679399451253,0.03493071945638808,0.03459067428077232
4171.5,670.9427940932034,89.5,0.033655338178485324,0.03192202888413693,0.030128824625267607,0.029914716248845646,0.03279495721266383,0.04067758047572701,0.05561259179805481,0.07688428597981446,0.10113696806841108,0.1290170770427829,0.15849932073674725,0.18466484567601962,0.2038556214111395,0.2041790735978566,0.17179843690865018,0.12453713214976174,0.0866415791108559,0.06290532578911728,0.049401492607716174,0.041987841147187274,0.03801351432406356,0.03596264392828616,0.034973127995443894,0.03461511639935879
4171.6,673.733134574151,89.5,0.03370623868768425,0.03196913801351281,0.03019944057990522,0.030067282044993,0.03314124199171983,0.04143955911258563,0.05710626121676601,0.07907179651096558,0.10329276359519074,0.13037612130083637,0.1587462430651446,0.18422286279957975,0.20327783150204443,0.20367523107282037,0.17161165024544248,0.12475026856841,0.08704435485874756,0.06331060932862595,0.04972888851922329,0.042221985650135414,0.03816453460979264,0.036049894065017296,0.035018969123964946,0.034642959600614774
4171.7,676.5334381291813,89.5,0.0337574775646062,0.03201410077769191,0.030269211634156357,0.030228774682537932,0.033521805757863544,0.042291016705594625,0.05877286131302257,0.08144018989125958,0.1054959267480311,0.13165418802293163,0.15887480696994416,0.18364750926215143,0.2025060639707567,0.20286890608644687,0.1710233482881415,0.12457218173368845,0.08714813152970591,0.06351875185527421,0.04993819742025861,0.04239104633332824,0.03828347901559546,0.03612371438679785,0.03506036986521932,0.034669326973581
4171.8,679.3237786101648,89.5,0.03361994079301211,0.03192169523999755,0.030267701974605033,0.030378493082101072,0.033944268844496736,0.04324040289391581,0.06057503718657724,0.08386826566794021,0.10759285382179104,0.13272793465940486,0.15879911025720925,0.18282150527358057,0.20133654330251194,0.20157250252191034,0.1700241508348352,0.12411024459496468,0.08705937039178241,0.0635958614955459,0.05006039151413527,0.042504869359280745,0.03837001682794392,0.03618041420033712,0.03509366918423938,0.03469124137675363
4171.9,682.1141190912285,89.4,0.035409834776463346,0.033229262724780856,0.03103642863700948,0.030812072167276446,0.03435933571727942,0.044141985515200405,0.06270587025039995,0.08723737179661248,0.1108099705698046,0.13467138063936407,0.15907660098265786,0.18194654611113925,0.19995748342009512,0.20005277166489932,0.16899298963240209,0.12386386271751258,0.08731871473974001,0.06404121959829176,0.05050778634165433,0.04287462968034041,0.03863844143312923,0.036353407603041746,0.03519511661476998,0.03475847955384362
4172.0,684.9144226461428,89.4,0.04003816748476421,0.03346637977919293,0.027823164448554986,0.02629686530629735,0.03072449563202916,0.04565166873607034,0.07506507253769455,0.09855664075600987,0.10959007951276083,0.12878792027197056,0.15211667033786702,0.17308166313678347,0.20172886693475414,0.22646062450454463,0.18214405885688648,0.11327913976714321,0.07250005295958331,0.05167878874832174,0.04115896589750228,0.03627622309694025,0.03453315070380477,0.0342619528660667,0.034361480164368526,0.034437762277972565
4172.1,687.6965980540259,89.4,0.04004677425485501,0.03346540715745861,0.027857336924586223,0.026440720053790428,0.031164950760300302,0.04696612453123917,0.07807507005754173,0.10152295394165824,0.1110917656386035,0.12876050635029793,0.15118805387433,0.17276010205150058,0.2023013572968316,0.2258417048200355,0.180068516742615,0.11206067817709223,0.07198658900045557,0.051474298739861715,0.04107878667706467,0.03624233762872856,0.03451667582680617,0.03425570060595856,0.03436016193921701,0.034439567098021484
4172.2,690.4783960337651,89.4,0.03618478227792526,0.03330594740136866,0.030546815823891314,0.030336009087221644,0.03486427175418093,0.047546451866511935,0.07154656123151916,0.09845628090107966,0.11720185986744215,0.1349031182888903,0.15517490048458973,0.17774916521054446,0.19968581933592192,0.20359456231249085,0.16937255372193244,0.11984074996329153,0.08261627403370689,0.06069861422013725,0.048677331526891104,0.042104502257610796,0.038466034567740094,0.03644200374343935,0.03534643741225175,0.03490261687395166
4172.3,693.2502005001784,89.4,0.03611913441975412,0.0333146708638044,0.03067911557030037,0.030655844029374955,0.03553398488049343,0.04894073517945238,0.07404380756977287,0.1011526193605425,0.1188974492884414,0.13544126884258667,0.15499467101682965,0.1775120664841417,0.19947626152408612,0.2027640282546931,0.16814751377996748,0.11903449788065792,0.0822918168254446,0.06064762113356941,0.048744112585892896,0.04220630583005598,0.038562018733329206,0.03651571186895549,0.035396851536488395,0.0349400828813399
4172.4,696.032375907945,89.3,0.03801375735893582,0.034660501128666754,0.03149464503626413,0.03121701703061282,0.03621104968983828,0.05035034890562357,0.07698149689419775,0.10475286544900281,0.12148743353190443,0.1366108056189463,0.155058573263888,0.17724685042982102,0.1990487702380504,0.20162564983163156,0.16690944603822577,0.11851894886593675,0.08234151040177926,0.0609354613204085,0.049082917888367085,0.04251211464005028,0.03880059686792821,0.036682059996200285,0.03550463891550946,0.03501849575780991
4172.5,698.8141738876842,89.3,0.03788537464297713,0.03465659817301383,0.03166640349794373,0.03161664194646742,0.03700001400410744,0.051905115642793036,0.07957680397425008,0.10725640943140978,0.1229028631393642,0.13690907436056765,0.15458875482021395,0.17651628123029742,0.19832377454854053,0.20098843041900583,0.16676739456938738,0.11890212861253285,0.0829035685163581,0.06146102175662821,0.04950448973417567,0.0428217827147855,0.03900998591019821,0.03681234764473169,0.035581689147586214,0.03507167910057439
4172.6,701.5959718674568,89.3,0.03771701690762177,0.034638962436432955,0.03185322977886961,0.03205540052863892,0.03784785533095333,0.053531028083637716,0.0821742345316788,0.10963718415528989,0.12423482881372,0.13718239867395052,0.15403207342054817,0.1755099253024314,0.1971960494931149,0.20021788226521553,0.1669715671590375,0.11977947903190239,0.08387779771990214,0.0622628080219502,0.050103010511341584,0.04323217207548919,0.03927828622969217,0.03697284849685512,0.035674364740125274,0.035132824161026636
4172.7,704.3781472753399,89.2,0.03956161391466933,0.035992713013508426,0.03275588411204204,0.03278137626184288,0.03876903291262259,0.05524588514189234,0.08521564372346162,0.11276814487710055,0.12633284572660036,0.138077318084898,0.1538414893872898,0.17464484998258759,0.19595497324213823,0.19908517837926087,0.16694344996348268,0.12073180206688876,0.08507826850489132,0.06332330464480766,0.050928336615362294,0.04382792068270289,0.039679661747191605,0.03722464657437108,0.03582669818977437,0.03524010027521427
4172.8,707.1599452549627,89.2,0.03933708852138783,0.035972424621632554,0.032995994974233736,0.033318933013386724,0.03976244746202385,0.05703955814425457,0.0878147980241859,0.11486345978778208,0.12746090442499575,0.13835930087754866,0.15342323472040978,0.17369341205273978,0.19465603243421628,0.19796990462536937,0.1667847817110161,0.12133869841857788,0.08586397717002149,0.06400113073297761,0.05143575719671626,0.044179000734230894,0.03990524465683073,0.037359663566228114,0.035904820971021566,0.03529378156555048
4172.9,709.931749721376,89.2,0.03912902756235366,0.03596223247856874,0.03324544952032314,0.0338737174487299,0.040790863056918626,0.058889586367870964,0.09042966149725512,0.11689374154879859,0.12856879458029571,0.1387469966131494,0.15324125365424654,0.17305843936303764,0.19364776789913082,0.19687117898044967,0.16622594579464528,0.1213996478319088,0.08618608861767041,0.06434372062256113,0.05171533627017888,0.044383417961740196,0.040042593088328214,0.03744568892582157,0.03595695338982395,0.03533085639535158
4173.0,712.7139251292591,89.1,0.04109025750899772,0.03741624996148617,0.034247740638652636,0.03472282030824598,0.04189319904259,0.060866333831967746,0.09359070938453722,0.11975015576379351,0.13050630392157653,0.13983351616205797,0.15352519352721708,0.17263028364695457,0.19237705113744302,0.1948253365389725,0.16449035618981125,0.1206021489160036,0.08602413057824278,0.06446135666436884,0.05192148137071554,0.04459374292222715,0.04022043624068493,0.03757923493047374,0.03605185672089367,0.03540486119482237
4173.1,715.4839973304996,89.1,0.041388532953057944,0.03775578050840786,0.034690051107576884,0.035374430954309616,0.042987336444034185,0.06281551849196308,0.09631444092695698,0.12183204190745388,0.13176259124219405,0.14050053847719998,0.1536437364033087,0.1721367244705376,0.19115470173378044,0.1930350554106755,0.16295089064080376,0.11976322582081175,0.08567943940187707,0.06435594939602117,0.05191491686027632,0.04462562730037378,0.04026164485394149,0.03761673264799579,0.03608187254105146,0.0354298607756764
4173.2,718.2540153810035,89.1,0.04841619572281825,0.03780265178155593,0.030168393556994407,0.029317014154941125,0.03850414843887274,0.06901953314518089,0.12216510256897713,0.12837132873742954,0.12112097638773385,0.12755460541731206,0.14308780628401288,0.16746697717884965,0.20497397571647985,0.2257163825479912,0.1668824870723107,0.09593315453694617,0.05753710761765214,0.040649067849690204,0.03394402659907409,0.03199950820899368,0.032195301773574096,0.03305410650080199,0.033747526957531464,0.03401868458478991
4173.3,721.0240875821275,89.1,0.049014594265464825,0.03824999711970882,0.03059129749914601,0.029895675167254908,0.03961982878660639,0.0715825828513016,0.12533569024048868,0.12965479750042128,0.12208778335533675,0.12821934264631038,0.14295036044487752,0.1663580420748349,0.20318077837681944,0.22417388694381368,0.16680569627941588,0.09647194236777185,0.05806173423346395,0.04105054447877143,0.03424258556604636,0.03220789200378456,0.032333728272382484,0.03313222941411774,0.033791272358291276,0.0340459930336443
4173.4,723.7841600449573,89.1,0.049185328847497836,0.038540537416575996,0.031017941212189325,0.03055377155900113,0.04086069585276353,0.07418812701146216,0.12793094778458575,0.13064825879876027,0.12310369898159607,0.12903485318700844,0.142836504778185,0.16504095759405454,0.20115757363120718,0.22314942506617313,0.16782985110698115,0.09785784432205902,0.059140088328353366,0.04183384936740216,0.03481641094383666,0.03262338501893486,0.03261464000679368,0.03330166459547922,0.033883098012206354,0.03410260292760186
4173.5,726.5542322461978,89.1,0.042646477911138625,0.039235457378729084,0.036647131012133925,0.03823341894068492,0.047670071070282,0.07074907963457262,0.10632284179221196,0.12895423245890114,0.13632823822567935,0.14296618314642948,0.15340644463734396,0.1688486945729698,0.1856417989252758,0.18797540552586037,0.16106728596485034,0.1204742108877714,0.08723995108099311,0.06582639864373206,0.05304441266367625,0.04541511527432663,0.04077627626351017,0.037932796116234235,0.03627107010059733,0.03556475030757327
4173.6,729.324304447445,89.1,0.04269986100054822,0.03945053022995031,0.03709434162705939,0.038994345463075564,0.04895294765581678,0.07282468880545896,0.10862102343512836,0.13039275240555925,0.13719094979431448,0.14336666127513112,0.1533273907985037,0.1685260217052042,0.18566422142398623,0.1888752547316205,0.16253271111451978,0.1218436647616761,0.08827185720462394,0.06653631272297256,0.053507180759193536,0.04570081593104247,0.040940859377625434,0.03802023115294775,0.03631496635856331,0.03559162896846456
4173.7,732.0943766486855,89.0,0.052206697976997854,0.04053887377105203,0.032644885858154414,0.03261738500300334,0.044756341267522835,0.08279700552420413,0.1365682570244337,0.13429368176838372,0.12620788671271427,0.1306508039280575,0.1417949721854955,0.16251146685994786,0.20031013404869286,0.22734891098922985,0.17339444532137432,0.10163566948719402,0.06161851750294346,0.04359085674766154,0.03612696423849462,0.033595150940006514,0.033286034766329534,0.033712220589724985,0.03410659340550354,0.034241982287337734
4173.8,734.8544491115152,89.0,0.05173617824916279,0.04062442119271819,0.03313301974683589,0.03348848513551411,0.04636707786299021,0.08570001775657204,0.13814780594365147,0.13492672009044818,0.1271418040600858,0.13128316421814604,0.1417498281190082,0.1622675249300976,0.20103920062122776,0.22950268157296885,0.17458496860859193,0.1019632654413084,0.06174933179735101,0.04369610742811481,0.03622653494370288,0.033686164599948144,0.03335610505495541,0.033758191350325144,0.0341316405467373,0.03425752693981611
4173.9,737.6244671620158,89.0,0.05146908637655639,0.040796466405986706,0.033647101478330506,0.03436895078624668,0.04799341167555362,0.08862165915047046,0.13974552877477855,0.135584226359437,0.1279997453470798,0.13188508621157388,0.1418731640919476,0.16222821430065165,0.2013833085395539,0.23018462722257546,0.17476146148130517,0.10200601221323637,0.06182767588271654,0.043793935497308395,0.03632292340478217,0.03376888968698587,0.033417706473664675,0.03379686353407959,0.034152558788104755,0.03427030923288059
4174.0,740.3945393632563,89.0,0.04454117394117411,0.04146002796937848,0.03957368701096546,0.042482474109080494,0.05449635150105469,0.08156773613052136,0.1178942004335119,0.1361530591765585,0.14069598248017187,0.14526375127118143,0.15398797287006757,0.16875011080986302,0.1863604424057667,0.1901970010642306,0.16381564680424998,0.12285334149322147,0.08908409693633386,0.0671744410234239,0.05397895050581096,0.04602681959301732,0.04114756878290523,0.03814207259411971,0.03638306693853756,0.03563913078869975
4174.1,743.1546118259696,89.0,0.045115965232000066,0.042051505251395706,0.04025541150300636,0.043396697764896464,0.05590053341568316,0.08368158616490827,0.1199648694347269,0.13741021283712193,0.14147201698333864,0.1456691240889244,0.1540248851925912,0.16836295187498734,0.18544651271536944,0.18895905517001993,0.16293301883041972,0.12254885836587083,0.08908766025820818,0.06727566897743759,0.05407668263756601,0.04610480672539739,0.04119671857877933,0.03817355265253161,0.03640030219802516,0.03565296650859035
4174.2,745.9146299418607,89.1,0.04312300397944431,0.04086092251225873,0.03997278432514027,0.04390846093903689,0.05718995659678704,0.08554836074726802,0.1212113520586264,0.13769317623481547,0.14138795046573951,0.14545700492447047,0.15361712373913722,0.167572506792831,0.1842955166383451,0.18790081106343207,0.16244393022592404,0.12248870975301304,0.08912529820462858,0.06727395063405023,0.05401112815379209,0.04600713449003729,0.041093358205941205,0.03808454845254294,0.03633079690353119,0.03559474005173252
4174.3,748.6747024046836,89.1,0.043584159678972584,0.04137454335951956,0.04061271741511669,0.04479975305860519,0.05855491079112658,0.08750700377805619,0.12295527385022524,0.138662292971639,0.1419247376350678,0.14566412783224256,0.1534813553366479,0.16701243706860863,0.18320536790988387,0.18654656211661957,0.16155601448050494,0.12223363605526555,0.08918152403462207,0.06740363270204351,0.05412398690319097,0.04608448037614244,0.041140462751181515,0.038110605485289745,0.036344885913854305,0.03560301918415519
4174.4,751.434720520578,89.1,0.04403149111440956,0.04187975153480225,0.04124672017349384,0.04568340242639288,0.059892848688523105,0.08937115494066586,0.12454617062054682,0.13955417125365746,0.14246288191379403,0.14590062375447552,0.153343863492605,0.166331627085127,0.18181283878908386,0.18475665752488554,0.16026793442672782,0.1216940670148681,0.08906059922940476,0.06741493232948897,0.05416277484140146,0.04610997229590812,0.04115515542739305,0.0381133101537788,0.03634510038576409,0.03560212822128395
4174.5,754.1947929834009,89.2,0.04641157609369575,0.04641778590160987,0.04643514594405404,0.04675413030099631,0.055508367971444234,0.09886474162618672,0.13579999036380308,0.13929985124693084,0.13952789409156385,0.13973965906828414,0.13995752734222397,0.14014476574553725,0.1402685383504959,0.14031808284933406,0.1403354690924245,0.1403133749550547,0.14029928377786402,0.14029009511258175,0.14029430135965754,0.1403135974824956,0.14031253866731694,0.14026184674142847,0.1401980965196984,0.1401731125662248
4174.6,756.954811099292,89.2,0.04713137249177217,0.047137397365772236,0.04715434490549991,0.04752857766720498,0.05707605884650292,0.10143768271600999,0.13619154280434015,0.13918072124782607,0.139400062078447,0.13960561394664683,0.13980120934232304,0.13996963633697418,0.1400836168132306,0.14014696558828066,0.14017066058028999,0.14014642537670918,0.14011849788056452,0.14009571381239103,0.1400902847085992,0.1401149277360295,0.14011382840559447,0.14008711081998124,0.14006922550672368,0.14004992695855897
4174.7,759.7148835621217,89.3,0.04373898580912901,0.04500290243130572,0.04839594258763447,0.055118966454744095,0.0665658106159921,0.0833358513673482,0.10351752953880673,0.12354914987879037,0.14169280922876085,0.15699348360214752,0.16733625684231918,0.1712389734241581,0.168134685625276,0.15725686458418525,0.13933324522811957,0.11760746251254035,0.09591358632613707,0.07674912477556972,0.06120212957000048,0.049665997989945906,0.042107723372238115,0.03782797507331502,0.03572458876947909,0.034978735428382014
4174.8,762.4749016780128,89.3,0.040378799974018824,0.0404085089197827,0.042537722581717466,0.0495281248580101,0.06545244224565137,0.09347178997425123,0.12379793780837356,0.13919139015205578,0.1449847161760931,0.1499708999835734,0.1567532574159026,0.16618874835517877,0.17528242503739913,0.1730604683294979,0.15077616090705068,0.11782942975469811,0.08853609785192762,0.067778502483007,0.05437490281217685,0.04600188029340716,0.04085181959408131,0.03776705584608796,0.0360415928206391,0.03534271615424492
4174.9,765.2349197939038,89.4,0.04210863740628256,0.04359090835440601,0.04743903733660723,0.05491974371096525,0.06751084187723644,0.0857002102607515,0.10694988657416213,0.12700298270026866,0.144230319843346,0.15823255059324373,0.167344367422547,0.17040285162717675,0.1668262660560846,0.15549658090401586,0.13694551877359318,0.1146452051598649,0.09276259919917146,0.07391004324125755,0.05908423285473131,0.048439623101750255,0.04160147905386314,0.03769804260403995,0.03572865768445365,0.035011534353702925
4175.0,767.9949922567336,89.4,0.04279073544100703,0.0443248117174979,0.04826665836818004,0.05585495039384589,0.06849235516796938,0.08655029286791356,0.10750295678803107,0.12732282723229243,0.14445252789362778,0.1583626979404213,0.1672956621296556,0.17008165395650293,0.16619984911920516,0.15466683194273737,0.1361139424225959,0.11396349457161832,0.09226387638610908,0.07356248651770213,0.058849872212895366,0.048290364667811815,0.04151381140348922,0.03765056921582761,0.03570443417526524,0.034996823451331274
4175.1,770.7568032567799,89.5,0.04190875546143065,0.04363133207485519,0.047885005115789456,0.05581928987724124,0.06867848971821527,0.08664702773268099,0.10728529502896664,0.12692560132422318,0.1440524010623064,0.1580297178988931,0.16697672190418061,0.16962331839685657,0.165533558753284,0.1539256099689517,0.13554167063061456,0.1136950025768599,0.09225742741553682,0.07370081455090394,0.05902903467346813,0.04844490715089798,0.04161852181037507,0.037710886348566876,0.03573613997400598,0.035016443103583005
4175.2,773.5186142568599,89.5,0.042759642790651545,0.0445158407688377,0.04882900317761106,0.05681980557835441,0.06966034521420235,0.08744305596864703,0.10777031393506983,0.12718565989055677,0.1442363540806662,0.1581679679848053,0.16701377849832855,0.16949039951030517,0.16518762166032142,0.15340853267836424,0.13497334197600752,0.1131804368589214,0.09183359644394722,0.0733639691334575,0.05877118348926936,0.048262093328646095,0.04150204363576766,0.03764397718309185,0.03570038975346874,0.03499405882199086
4175.3,776.2804252567898,89.6,0.04170342976482188,0.04362334792557414,0.048224373759324694,0.056571864343866456,0.06971933290982567,0.08759297027538615,0.10780424291717833,0.1271101181062562,0.14409871520760964,0.1580026176695014,0.1668184571611333,0.16921969946204854,0.16484937294508686,0.15309584480510163,0.13480597147757345,0.11320964369625329,0.09201960048560372,0.07362669080816056,0.059035678590210756,0.048476427040859305,0.04164667071521404,0.037728708002652676,0.035745922928683144,0.03502266872515844
4175.4,779.0422362568362,89.6,0.045161320324258784,0.045169222446913085,0.045209203356598164,0.04752283664925379,0.07088239018221644,0.12033883090073896,0.13549681548690834,0.13604559861302656,0.13622793088570853,0.1364051951482174,0.13656925401557632,0.13670665702842558,0.1368184519841378,0.13689380297488818,0.13692279752346248,0.1369098534224583,0.13686416018414316,0.13681743206641492,0.13678212596544764,0.1367622713253135,0.1367763970359913,0.13678278036281294,0.1367575309832637,0.13676409642760376
4175.5,781.8040472569162,89.7,0.04346772614831153,0.04347481155727658,0.043525874709816594,0.04649893232361322,0.07303781071994975,0.12268584719838382,0.13580041580465246,0.13624171272939042,0.1364239688368238,0.1365990890609769,0.13676782684170768,0.13693310523423305,0.13705994616238037,0.13712605162547065,0.13712783085796956,0.1371250225188633,0.13711157134701613,0.13707160956653988,0.13701633654194198,0.1369969040708991,0.136997447661431,0.13699135350908187,0.136983311048677,0.1369786151550202
4175.6,784.5658582569625,89.8,0.032066340200574694,0.03413273411786218,0.039823679481733196,0.05197825080646343,0.07455465330585263,0.10574991773537742,0.1287232358196777,0.1376913613269067,0.14271159057345517,0.1475589084324052,0.15330773612169624,0.16354946369967005,0.17862502237253844,0.1829108680641578,0.15659156319448556,0.11719614587406688,0.08647941474378242,0.06656565565853002,0.054058639290489374,0.04627308406869791,0.04144415713718976,0.038445471922742364,0.03666327367719347,0.03588365141384307
4175.7,787.3276692570425,89.8,0.032612747834238516,0.03473306120633003,0.04055020604713543,0.05290681105292818,0.07562003920990859,0.10645744855620076,0.12890327221129008,0.1380151565180453,0.1433599443870175,0.14826092287211434,0.153881104728395,0.16404952098979805,0.17911349057093356,0.18317531142432103,0.15643827864916546,0.1168835804061145,0.08620120781835615,0.0663539817089146,0.05390212591374219,0.04616030672588634,0.04136599330074991,0.03839382300353333,0.03662995325773831,0.035858354109349656
4175.8,790.0894802570889,89.9,0.030796753977359898,0.033263672801984855,0.0397310218247236,0.05305076864988247,0.07661702421804166,0.10674053959468438,0.12776868293149718,0.13723383567454653,0.14355639650603877,0.14909024179619748,0.1548448698614355,0.16476799519375346,0.17931457170153917,0.1828950712669663,0.15634968011924216,0.11722850960239918,0.08673067762078654,0.06690269082540809,0.05439327155725796,0.04656567549546925,0.04167257740300994,0.038609579014502064,0.036775106198578614,0.035969110987950324
4175.9,792.8512912571352,89.9,0.031294957110294,0.03382874080056718,0.04044643859520925,0.05399863147203666,0.07770893836115439,0.10746269137127608,0.12798413088701352,0.13750335532063943,0.14407312963234412,0.14970920351560582,0.15542040902610185,0.1652370893404341,0.17952923934421236,0.18258448396142762,0.15568722965631973,0.11666311791569496,0.08635739980526005,0.0666656256343291,0.05423983637528431,0.046467009032749966,0.04161052873605449,0.0385726256659636,0.036753498339109354,0.03595411570085208
4176.0,795.6131022572152,90.0,0.029531750714647628,0.03235663696481914,0.0395747014713386,0.054106797781983726,0.07871520335266256,0.10772336880506973,0.1268732720486715,0.1366801195028278,0.14416820314471546,0.15049079622398429,0.15637418845989384,0.16574451133746954,0.17901483120377457,0.18128347307886863,0.15512598691732912,0.11716503595326995,0.0872858063051708,0.06764536526314109,0.05512173924040715,0.04720045120857079,0.04216707891369151,0.03896720821494538,0.037018789285112846,0.03616323788386395
4176.1,798.404320629209,90.0,0.029776289562117825,0.03271484481161047,0.040182760020241695,0.05509993012036781,0.07993002254288352,0.10835842775811245,0.1268302968772671,0.13674348076386103,0.1446180342632497,0.1511640498783173,0.15698955894182343,0.1660358297449277,0.17870155364035,0.1803383794265143,0.15422975209381537,0.11671681354549325,0.08714350100926517,0.06763555595670287,0.055163587294183164,0.047256771345061226,0.04221707887122332,0.039004739584872425,0.03704189299135541,0.03618561065505923
4176.2,801.185579337079,90.0,0.030042276997713172,0.03310226262358463,0.04083607096002234,0.05615340417668351,0.08117333954199221,0.10894089258338939,0.12673946214286835,0.1368212090054952,0.145134592438733,0.15189161894563022,0.15756909794152368,0.16615552339810813,0.17809119393999626,0.17908984183558752,0.15316601746749509,0.11619853443680747,0.08698102419264711,0.06761082939855464,0.055203251194805035,0.04730516140317317,0.04226638269875903,0.03903806123250393,0.037064339858072524,0.03620597168195741
4176.3,803.9777111390167,90.1,0.03767012300919847,0.03767757825481991,0.037979929604482605,0.046410730313246905,0.08976891868118798,0.13166249625871634,0.13669417039998757,0.136902947258268,0.1370927330031821,0.13728474596861873,0.13746401751546827,0.1376196255124208,0.13773628065581942,0.1378067402206852,0.13782863275821558,0.13780873379293532,0.13776090235819374,0.13771032678782974,0.13766559520950955,0.13762507272990382,0.13759152692561,0.13757622688875074,0.13756910388681431,0.13755779818188546
4176.4,806.7589698468868,90.1,0.037360789587323605,0.03736821490631348,0.03772282897015626,0.04689554010866075,0.0917571810060243,0.13274598344223174,0.1374794154916682,0.13768686603309754,0.13787954560903784,0.13807715138130064,0.1382615953881831,0.13841799577506894,0.13853319775826733,0.1386016390574234,0.13861766747173684,0.1385860195791771,0.1385262236006871,0.13846582139401764,0.13841075590088298,0.13835917479911913,0.13831816468515767,0.13829652294397804,0.13828201945900193,0.13826872103438057
4176.5,809.5501882188805,90.1,0.037804564056756224,0.037812225868694226,0.038215544838388626,0.048034840412020996,0.09381346192124129,0.13327785389442565,0.13756340848613505,0.1377653314057161,0.1379579071833214,0.1381555524759372,0.13833932681201752,0.13849400082448102,0.13860812880931164,0.13867597096727227,0.1386909793462991,0.13865874978252032,0.138599895574926,0.13853994786509014,0.13848475169492683,0.13843411262698954,0.13839422707526217,0.13837188914337414,0.13835682080830097,0.1383449771041986
4176.6,812.3314469267506,90.1,0.03827723163450942,0.038285164897638585,0.038744153906498366,0.04925931361533079,0.09589768855492363,0.1337307870471774,0.13757773471952475,0.13777424145612432,0.137966140130863,0.13816325408698538,0.13834569415187642,0.13849816321363168,0.13861097672133899,0.13867804263856567,0.13869202917202303,0.13865983219025413,0.13860246030367906,0.13854305635521227,0.13848816254778967,0.13843939343168857,0.1384007564302874,0.13837748224417365,0.1383626158974898,0.13835249028393318
4176.7,815.1226652986284,90.1,0.03996624577827604,0.04227338205525375,0.04893714894184354,0.06254756948162897,0.08151742428672683,0.10029691338235897,0.11683722812857861,0.13169101174971484,0.14488816885922898,0.15578558107658308,0.16324395681590434,0.16730787790623233,0.16892303557580973,0.1682702596663891,0.16535149015210066,0.16111499344396374,0.15707807197350096,0.15420825249429898,0.1524511910484908,0.15117963598734582,0.14991403414051585,0.1486068058268211,0.14746970590536915,0.14684831535391207
4176.8,817.9048407064679,90.2,0.03592976738491273,0.03593798168268988,0.03661123747208419,0.049717895230653876,0.10076905620075052,0.13557024036192838,0.13853825383971552,0.13874285396353753,0.13895926878980358,0.13918317082893683,0.1393914985401659,0.13956919791477343,0.13970235163262215,0.13978090186960482,0.13979961869917434,0.13976842553489463,0.13970540956449018,0.13963622369543402,0.13957491454366935,0.13952329039129796,0.13947778013812043,0.13944425097491125,0.13942133833247886,0.13941136263765377
4176.9,820.6960590784616,90.2,0.03724814846030041,0.03725705584119326,0.038035791262378604,0.052033768276011305,0.10309125639078152,0.135102527402955,0.13752168914348378,0.13770463468763955,0.13789863094999835,0.1380988159299458,0.13828345013170454,0.13843784312232127,0.13855363266050677,0.13862301452705494,0.13864041629620227,0.1386148608961624,0.1385632412387887,0.13850622935433768,0.13845733576453473,0.13841762399375315,0.13838225614951094,0.13835743514112403,0.13834415184092605,0.1383365917921081
4177.0,823.4773177863317,90.2,0.03762435476175466,0.03763394015849376,0.038520106231561026,0.0534835291472837,0.10513855972531296,0.13541613386385631,0.1375440718151235,0.137724953552541,0.1379186923863589,0.13811732410149477,0.1383012668308126,0.13845606666770385,0.1385719700835625,0.13864251185208684,0.13866345014592665,0.1386415085783286,0.13859407200969354,0.13854347179989185,0.13850002697759883,0.13846316439778825,0.13843262313634316,0.13841307643060388,0.1384002607883995,0.13839241043854794
4177.1,826.3200277610222,90.2,0.03807272799006326,0.038083116642465435,0.03908178955418737,0.054983732057792514,0.10709733904797761,0.1357853001240607,0.13768062050819374,0.137860595722724,0.1380544816496436,0.1382534391526683,0.13843826241099833,0.13859375505525956,0.1387112536422966,0.13878485549998712,0.13880897433729625,0.13879075460981966,0.13874938749837332,0.13870478400142644,0.13866557643796998,0.13863380653464147,0.13860902888034463,0.13859222492023401,0.13858091254324065,0.1385750533935283
4177.2,829.1612422901015,90.1,0.04146422338926123,0.04147515157297533,0.04241726373652128,0.05767338187244386,0.10769600074550345,0.13606383888128326,0.13803570912244598,0.13821585985000642,0.13840650591516107,0.13860074933080538,0.13877955617571383,0.13892858476460282,0.13904037752353474,0.1391091827626458,0.1391295668280858,0.13910982653783532,0.13906817523152606,0.13902305490946704,0.13898397698150602,0.13895319778882315,0.13892808110209204,0.13891091689285073,0.13890117525670398,0.13889608724891864
4177.3,832.0024568190657,90.1,0.041892436638021294,0.04190418596278108,0.04296061947679766,0.05914604492993422,0.10952026158074381,0.13646131224364288,0.13823014104341502,0.13840979912505183,0.138601706993419,0.13879774205419876,0.13897761395451552,0.1391279994680433,0.1392427409950697,0.13931405546482864,0.1393371252602917,0.1393229398804889,0.13928661470640008,0.1392443536013477,0.13921062879202933,0.13918703298435509,0.1391647809347583,0.13914861179289265,0.1391420291063356,0.13913816811600688
4177.4,834.8451667937304,90.1,0.042688630099055457,0.04270128464502572,0.04385629680472188,0.060772857768935526,0.11112015615189046,0.13688220072999932,0.1385100635360837,0.13869066652255674,0.13888461068303787,0.1390822462340667,0.13926342853136217,0.13941579740985374,0.13953296984252467,0.13960643007032864,0.1396325547223741,0.13962258569512612,0.13959008114936972,0.13955167554826364,0.13952280611223686,0.1395031958842526,0.13948395140981426,0.13947089888701514,0.1394656714008606,0.13946174433669808
4177.5,837.6863813228098,90.1,0.04564232971097295,0.048189088153833354,0.05603916593244085,0.07149638642709563,0.09019011027366414,0.10659911085447155,0.12099502223787616,0.1345105140828645,0.14680891241339994,0.1568264287445635,0.16338856526364018,0.16668160997211662,0.16771170616164713,0.1668477041876153,0.16426311038125552,0.16080014875553952,0.1576531667546422,0.15554082416167112,0.1543719056451161,0.15360865883519972,0.152849619766712,0.1520475273421045,0.15134989783035135,0.15097095569463162
4177.6,840.5290912975003,90.0,0.04700602397175154,0.04701955478320053,0.048113660679262114,0.06429702080646388,0.11229166442092849,0.13810958747881438,0.13993621172266868,0.14012625844515636,0.1403271544490878,0.1405302170333899,0.14071450534068095,0.14086853520211734,0.14098566462778508,0.1410560590172716,0.14107690188697738,0.14106123232501105,0.14102264217096244,0.14097889603210007,0.1409458570102425,0.14092180337096508,0.1408992160124897,0.14088536889101683,0.14087793352386713,0.14087180593533288
4177.7,843.3703058265796,90.0,0.05107479728998925,0.05108948513969278,0.05214241471093962,0.06776029700490487,0.11310113742373201,0.13622011444664509,0.13767457088853377,0.1378576838812028,0.13804867688374287,0.13823624292768757,0.1384061886429363,0.13854819980732094,0.13865462582606644,0.1387232209163699,0.13874851973842314,0.1387379181789475,0.13871150177998945,0.1386830624038401,0.13865510303503129,0.1386365954173459,0.1386250162965997,0.13861667948856465,0.1386113176780938,0.13860928301634304
4177.8,846.2130158011291,90.0,0.05234080456209564,0.052356494348057045,0.053491263006145796,0.06960959311141152,0.11446646986757048,0.13643656303028318,0.13777791301100284,0.13796271930543394,0.13815558052421548,0.13834428868161983,0.13851573308440132,0.13865946001498433,0.13876698482748534,0.1388366392429565,0.138862819962294,0.13885442404991322,0.138831283616003,0.13880335733698282,0.1387760084625556,0.13876225043703777,0.13875272167030733,0.1387437115080438,0.138739018484249,0.13873624036656276
4177.9,849.0542303302085,89.9,0.05732969171224588,0.05734489263597325,0.05812765773959749,0.07116421509432115,0.11242652510431338,0.13664360206577794,0.13851003163283834,0.1387061708726221,0.1389047460091945,0.13909863867121314,0.13927156062596804,0.13941385935452313,0.1395195561943987,0.13958647405796973,0.1396068801916025,0.1395917334867226,0.13956259226682732,0.13952969413545246,0.1394984188786546,0.13948160420549752,0.13946651105777438,0.13945480767761018,0.1394531538489643,0.13945286808195106
4178.0,851.896940304758,90.0,0.043579360669359656,0.048813697233034435,0.060278093696162514,0.07800665947453402,0.09776977272128617,0.11391828707091561,0.1277408312831735,0.14236098564281713,0.1562520964012776,0.16604539754699482,0.16966194950093985,0.16847872898952634,0.16304331699651367,0.1503551927301909,0.12947061523984676,0.10537789946252334,0.08387487791350438,0.06735510064526477,0.05560117854031857,0.04755058883900085,0.042184693531394174,0.038745604951298744,0.036713558375022055,0.03585886750993916
4178.1,854.8191654844443,90.0,0.05511944411538144,0.055139718544174494,0.056667659870074834,0.07502437405700545,0.1187572482863049,0.1372713343984971,0.13829526686829915,0.1384861426353865,0.13868743060115676,0.13888536390555786,0.139065566640793,0.13921722247170001,0.13933300348367023,0.1394095578470039,0.13944371441707337,0.13944468415306746,0.13942816363230232,0.1394072085586843,0.13939170356074948,0.1393861413542627,0.1393808558125248,0.13937814032881368,0.13937568038843773,0.1393735875942288
4178.2,857.7334750080641,90.0,0.05503114182591807,0.05505453224106319,0.05684342176431367,0.07662969064602221,0.12046258973513714,0.13796027857175724,0.13890564522467344,0.13910300634129913,0.1393136748169803,0.13952188760045592,0.13971115481845103,0.1398717267445431,0.13999638644760676,0.14007893110543185,0.14011846801231523,0.14012315153884064,0.14010864882282345,0.14009198095031336,0.14008031652222006,0.1400762628802154,0.14007566778473,0.1400747931191183,0.1400730319604345,0.14007317726076227
4178.3,860.647784531684,90.0,0.055994914604159035,0.05602127570864971,0.05799790699571206,0.07857934806920333,0.12162065723199636,0.1379548932159808,0.1388159641978675,0.13901673034812362,0.13923147615012396,0.13944345979386782,0.13963545053464385,0.1397986541827797,0.13992564125132415,0.1400099032160743,0.14005125454336734,0.14005708947471596,0.14004425633422632,0.14002901510095325,0.14001798562426399,0.1400157283436079,0.14001652783354657,0.1400157751898282,0.1400153988445983,0.14001520196509798
4178.4,863.571908332168,90.0,0.05693698144158913,0.05696674348997188,0.059134965285523776,0.08043569243144422,0.12262268521328265,0.13798322312316222,0.1387869912277991,0.13899314104378951,0.139213434607163,0.13943073037096446,0.1396272057024717,0.1397943070977206,0.13992363050353707,0.14000954050090164,0.1400520092811978,0.14005737553515943,0.14004412762441695,0.14002789978816454,0.14001672768478504,0.1400143459159846,0.14001429759734899,0.14001357828102953,0.140014341723418,0.1400126927026272
4178.5,866.486217855902,90.0,0.06217356982441638,0.06570378684504262,0.07286689123985413,0.08312898463243813,0.09522167994678364,0.10822569194511962,0.12218428320423341,0.13682195261478408,0.15061556078668017,0.16106383243060918,0.16581145064484176,0.1647323826270088,0.1587490988336735,0.14819166735006367,0.13369377740611949,0.11692178395678188,0.09975540407757195,0.08346795913793799,0.06873748008181897,0.056081193502832874,0.046205766503407825,0.03982059166117851,0.03655861426235328,0.03540191246707651
4178.6,869.4103416563861,90.0,0.06358350938061245,0.06710989664721197,0.074193496513305,0.08421968420205908,0.09592851215531593,0.10852275510974714,0.12215584110755427,0.1365759705540021,0.15022791572263272,0.1605627693130984,0.16521815364626818,0.16406481019790026,0.1580187114104336,0.14741433472214868,0.1328855347905032,0.11609536457522542,0.09892518517493326,0.08265668586254649,0.06798089931708645,0.05542949179640453,0.04572026073041057,0.03953090704592041,0.03640960562217042,0.035312197775237225
4178.7,872.324651180006,90.0,0.06450257956133078,0.06808088120599429,0.07519860269572719,0.08513481424738606,0.09657892570737796,0.10882104090915627,0.12214805386195358,0.13635806204118922,0.14986807488969106,0.16008527239288003,0.16463604250512467,0.163403416572688,0.15731669851666577,0.14670935186310838,0.13219890355515224,0.11543856191754437,0.0983110721690354,0.08210122060731342,0.0675016818433357,0.05504573051290132,0.04545216976574012,0.039378707934060286,0.03633419709344513,0.03526800414205591
4178.8,875.2389607038048,90.0,0.06228682899107545,0.06233018021436876,0.0650232829668582,0.08728878356763961,0.124573745891513,0.13637704150352428,0.1369874442644115,0.13721380753972148,0.13745283887056808,0.13768577974170115,0.13789438500711124,0.13806948161652088,0.1382018446334353,0.13828660684518096,0.1383227171897674,0.13832066710406135,0.13829663220805632,0.138267473413061,0.13824443614802365,0.13823033479372993,0.13822486076809132,0.1382162621944978,0.138209747774805,0.1382103846273999
4178.9,878.1630845041104,90.0,0.05921483945843844,0.06440538937785563,0.0744024253768255,0.08743996110741009,0.10035706207482775,0.11205527436847638,0.12470993380754912,0.13933300168050272,0.1537187456599589,0.16402023071845862,0.16719540786164525,0.16379810454068103,0.15515259455146888,0.14096308614563466,0.12184841290216192,0.10093682826596588,0.08168077504440976,0.06595463558691289,0.05416854600658917,0.04596657552109395,0.040661762832084516,0.03748812448234172,0.03577582514479869,0.035113012081195556
4179.0,881.0773940279092,90.1,0.06352711054723284,0.06778719778211922,0.07606465552469953,0.0869654114066433,0.09840558354852526,0.1097669001923575,0.12214366749365758,0.13576990237785883,0.14896553024331113,0.1589672958285883,0.16331919381117138,0.16207787266172102,0.15634340370684854,0.14631603556224537,0.13235514774181087,0.1160391440457652,0.09931100119474566,0.08346758180757127,0.06912636885864114,0.05671401008235082,0.04686172883841013,0.040296536608203766,0.036836591577231945,0.035583237267731486
4179.1,884.0702187804754,90.1,0.05881259056096075,0.058941951397745475,0.06449965217818433,0.09488503488723071,0.12820171096864763,0.13512705776548112,0.1354813772594578,0.1357274622306681,0.13599891037130493,0.1362697485325682,0.1365210366242588,0.13673483393747685,0.13690632827853025,0.1370279931880202,0.13709737236700711,0.13711955616254784,0.137121030525137,0.1371193097972969,0.13712572413420435,0.13713791539950726,0.13715869274420586,0.1371743730100339,0.13718155103843613,0.13718911715690987
4179.2,887.0630435331175,90.1,0.05989956036838682,0.06570599371077876,0.07658217339120936,0.08987756892362316,0.10158806891573782,0.11127376586340006,0.12242059103077656,0.1364834223902086,0.15104487545744524,0.1619097444541247,0.1657231077796916,0.16300810296206544,0.15518859817682576,0.1417857482531276,0.12311809042997979,0.1023042599493284,0.0829692586639881,0.0670939666725447,0.05511435827795716,0.04669109064344799,0.041169835166478694,0.0378154301337733,0.03597517752488214,0.035252348139516804
4179.3,890.0558682856837,90.1,0.060433242602070676,0.06057548844869243,0.06621822724006936,0.09533625461128292,0.1270876764128339,0.13487539697557077,0.1353646208813009,0.1357311031187106,0.1361421567308758,0.1365518976174564,0.13692649079239247,0.13724332719686824,0.13748978265883596,0.13764847733928948,0.13771558174804305,0.13770600532840527,0.13765235283038824,0.13759061005989864,0.13753968787148438,0.13750921067858843,0.13748281409165067,0.1374638826344858,0.13744843772133059,0.13744019280692216
4179.4,893.0486930383257,90.2,0.0639509316334656,0.06895584432135496,0.0784827808092706,0.08985839180057995,0.1000711010286947,0.10927670716199875,0.11988945836047865,0.13265233382181713,0.1456721146621831,0.15589077796935102,0.16070949386832026,0.16028319873112373,0.15585735159066136,0.1474451236183983,0.13502061574961635,0.12001420430041423,0.10442890157631676,0.0895294081454242,0.07573040779261661,0.06317978782493745,0.052271502872286685,0.04384009501028141,0.03871829848960158,0.03673907843854086
4179.5,896.0435720008948,90.2,0.05331392064162363,0.054073404396260495,0.06758981983462885,0.1043253705368587,0.1281875814225088,0.1324334257016173,0.13287699898165145,0.1333168967412716,0.13382012957534972,0.13432739630030957,0.1347966282070498,0.13520103686650795,0.1355204658532005,0.13573830312663498,0.1358478146450649,0.13586663270765925,0.13583366166410443,0.13579273226959435,0.13576871701065102,0.13576357076256346,0.13576779500700903,0.1357719383614156,0.13577336812479648,0.13577524240577699
4179.6,899.0363967535368,90.2,0.06053513882462072,0.06733878380486329,0.07958171130172391,0.09294831821177314,0.1021530678441243,0.10834970917876119,0.11711734223228361,0.13041983179781483,0.1454609493266605,0.15748870300296255,0.16261999524148238,0.1612351043748902,0.15487401184207902,0.14273792555271692,0.1246706606170205,0.10388821321984358,0.08439752154103865,0.06835907753546498,0.05620508456495808,0.047571697902497344,0.04182193744725018,0.03825847423495372,0.036259818522716515,0.03545937741001145
4179.7,902.029221506103,90.2,0.06109883171794662,0.06813135981891018,0.0806004759143289,0.09370707721645088,0.10200134426554128,0.10723037715870375,0.11542015965451032,0.12858729838514843,0.14385736606564645,0.15634465432006364,0.1620082484893752,0.1611382823787618,0.15525416451401702,0.14342426274343367,0.12536673902890064,0.10440639643872855,0.0847313127632172,0.06857253821216351,0.056350761361233806,0.04767605050611392,0.041896179443308396,0.03830892079979908,0.03629274109276457,0.035483648431858236
4179.8,905.022046258745,90.2,0.055109220633914276,0.06476852946821857,0.08258961353865732,0.09950118045516416,0.1043808395852701,0.10370706443078999,0.10954924096279871,0.1250497099747722,0.14499679108754177,0.15998519342626685,0.16416921654012395,0.1614455904446505,0.15616810442713244,0.14569760212898245,0.12692835468654146,0.10397500150395252,0.08325183352592315,0.06754164607036753,0.05653176014320029,0.04896064970296356,0.04374271719849985,0.04019461384507671,0.03794138392015597,0.03693319108058954
4179.9,908.0148710115011,90.2,0.05597113114112609,0.06586590007153799,0.08381093126957437,0.10000966085174814,0.10359750293905441,0.10205850389663249,0.10746613717428566,0.12281884848562967,0.14304329678304994,0.1587615764786868,0.1638004317046761,0.1617758390540194,0.15705817995436325,0.14694068562373827,0.12816366399066845,0.10495751095274493,0.08395977527264926,0.0680428052959986,0.05688952218606205,0.04921567972777925,0.043921483193297174,0.04031757756902289,0.03802688570277221,0.037001252305468316
4180.0,911.0076957640673,90.1,0.055565830157573375,0.05883346162439918,0.08355190929647739,0.10781735618638373,0.11734387875040576,0.12013081867278089,0.12250601249770125,0.1260376820879146,0.1299740582232086,0.13326677871653136,0.13581178314076275,0.13778497274753293,0.13926714244233593,0.14024568797266346,0.14070061626773356,0.14072429131191777,0.1405249045543689,0.14030913845188278,0.14018616765135483,0.1401542351582009,0.14015364186262402,0.14014905972371963,0.140142106402089,0.14014541003921221
4180.1,914.0496852447409,90.2,0.0584283316692874,0.06861428306991739,0.08621126021067263,0.10024243186861338,0.10124004420525269,0.09834161266087951,0.10310521596545814,0.11825120751464212,0.13909360110963676,0.15628689586044858,0.1629540261224296,0.1622387975527399,0.15870868270119767,0.1495574851469185,0.13099305901537162,0.10729549018356749,0.08561887318557852,0.06913810834561428,0.057586982104596326,0.04964495913796027,0.04417413513529482,0.04045908691807298,0.03810497623508373,0.03705333850114059
4180.2,917.0996852447073,90.2,0.05283056000201655,0.05782576572235833,0.08545684128948838,0.10956099723007479,0.1173635670837688,0.11876344147810611,0.12021163427666422,0.12304435761594297,0.1262937375387138,0.12856221912139718,0.13008767887827727,0.1312679372439083,0.1321818631515798,0.13281165023661376,0.1331581371053238,0.13324840406185035,0.1331754448327735,0.13306995877107863,0.1330007336098924,0.13296852077248886,0.13297630867410126,0.13298593943436893,0.13296827130522876,0.1329603389155307
4180.3,920.1398497138996,90.2,0.05304686784936451,0.06043154370961328,0.09087678965906289,0.10697880033698623,0.1103717381443709,0.111567663655592,0.11410660602828139,0.12051094454799884,0.12824443112010395,0.13268106058249685,0.1348420188013111,0.1362534201759435,0.13728942305507805,0.1379843946563825,0.13833554699401393,0.13839302015028987,0.13828273927255522,0.13814423209279733,0.13806065651190627,0.13802415270940124,0.13804209310515525,0.13804133123922177,0.13801249641483723,0.1379954535958985
4180.4,923.1800141830919,90.2,0.0550399828204966,0.062452166332086174,0.09240529136284603,0.10383584994939518,0.10640306084426508,0.10779179404396023,0.11077259113143666,0.11904414268672403,0.12884497108828383,0.13404652289409577,0.13647359005146542,0.13802456073630084,0.13913282233745977,0.13985275615929063,0.14019683831011576,0.1402258516250035,0.1400834466297665,0.13992794829182562,0.1398373246112709,0.13981216925724516,0.13983031473609428,0.1398382265864099,0.13982656359632734,0.1398157840473374
4180.5,926.2220036637655,90.2,0.062100952587186196,0.06530621483445356,0.08600987505943007,0.10176288702780378,0.10572168442429859,0.1067193477370188,0.10977069714251482,0.11952089410524175,0.12874115900546235,0.13208541013850114,0.13371982621978015,0.13500878240871186,0.1360259679468258,0.13673708902508871,0.1371122668085117,0.13719032104604875,0.13709125160552982,0.13695263973869326,0.13686047205046142,0.13682775577235304,0.13682483293829945,0.13682433465457672,0.13682617961167742,0.1368259995956855
4180.6,929.2720036637319,90.2,0.07383835654098414,0.07560653968298055,0.08715551869844654,0.09753106358616469,0.09933984045755871,0.09990113782148724,0.10317675812050338,0.11593854194407463,0.12788688466652742,0.1307409140864325,0.13158660470390166,0.1322370921019448,0.1327514598861936,0.13310978680069796,0.13329912894943888,0.13334323804187834,0.13329785393469,0.13323479326705195,0.1331958549540367,0.13318173597855223,0.13317754824916744,0.13317995969498098,0.1331776683548713,0.13317777119904967
4180.7,932.3121681329242,90.2,0.0826166775849567,0.08292104895180935,0.08337095096635229,0.08368695342757014,0.0838363327069711,0.08411558583543019,0.0893376909963248,0.11768866438423783,0.14423352784556298,0.14805578688628931,0.1485974010824037,0.14893180279773283,0.14915859860786654,0.14925097561723005,0.14916183965259677,0.1489216220833278,0.14865546094756046,0.14847341113447066,0.14840864236645745,0.14840554151492702,0.1484231107346006,0.14843489670432516,0.1484497224147856,0.14844456638157386
4180.8,935.3523326021165,90.2,0.0780574711233876,0.07982031493575233,0.08248990468616876,0.08526985127230662,0.0881585492278309,0.0922386171412931,0.0989069668294739,0.10872688007105592,0.12095384227569424,0.13367141854358847,0.14405816172353952,0.14939077955652427,0.14786708959661277,0.13867631037385483,0.12272653704620404,0.10300305682245517,0.08298947024904181,0.06515716455409867,0.0509301811158307,0.041343833898875505,0.03665257235199979,0.03491670739522821,0.0343865466307808,0.034267728177008294
4180.9,938.39432208279,90.3,0.07355277425049385,0.07505402923360495,0.08162044600161775,0.08494907017607187,0.08530711574595015,0.0855539128772181,0.08853902729609274,0.10822340663511984,0.13493857760187195,0.141154765311133,0.14190730544646024,0.14238796363250847,0.14273979931102476,0.14296000126721908,0.14303972615654023,0.14300692872843349,0.14291728595845207,0.1428399448432046,0.1428063302305394,0.14279843870186237,0.1427828477499348,0.1427654411443529,0.14275516666083277,0.142759873958422
4181.0,941.4443220827565,90.3,0.07559325779389581,0.07634311528278331,0.07851083112928864,0.07970053210220855,0.080068879518918,0.08050276699339547,0.08431457672591017,0.10633850112846671,0.1359489775309763,0.14357804505412872,0.1448565102880127,0.1456230128499511,0.14614133849425395,0.14641635697555352,0.14642401821836493,0.14621946229270028,0.14594974008879663,0.14575380938053437,0.14567005093389462,0.14565641220206255,0.14565743732243647,0.14565368524894778,0.14564556024654554,0.1456435449926263
4181.1,944.5019355312309,90.3,0.0741850075253434,0.07505073050971617,0.07679447167982573,0.07889547568507707,0.08127583434849381,0.08488285175481372,0.09180676000800338,0.10364914296379567,0.11760622298626512,0.1291873304058092,0.1374637357789909,0.14329157554315902,0.14726726834081152,0.1495559163396902,0.15018746832760496,0.14954283332768809,0.14838856841203749,0.1474146976473551,0.14689095004066857,0.14669909347370857,0.14660733505967685,0.14650074920279085,0.14639390011376402,0.14633496909849122
4181.2,947.5681383946728,90.3,0.07565930797628596,0.07569951397608086,0.07576958788652749,0.07586033105336203,0.07598098824804463,0.07659823075749325,0.08431206015278123,0.1111902905163911,0.13059324836066277,0.13315064835212,0.13365080050502282,0.13403758387831094,0.13433532890722102,0.1345275621603554,0.13461625014357287,0.13461918240194914,0.13456461824544017,0.13451628545455013,0.1344718528495712,0.13443604122328687,0.13441031523257282,0.1343903330620079,0.13437004002100691,0.13436592571181252
4181.3,950.6356618256576,90.3,0.07256230053707582,0.07316740140264101,0.07440976341337216,0.07635822727061724,0.07923647564705788,0.08351120112322143,0.08976592230543969,0.09825238461449522,0.10842128898487326,0.11897498457326947,0.12832854848513528,0.13509027482291278,0.1383278693404854,0.13751279370830424,0.13258739753021825,0.12425891224324143,0.11376636065673,0.10222390765734318,0.09027717712058236,0.07819892269662375,0.06617442583173652,0.05453584468300926,0.0439425935525588,0.037500146634135395
4181.4,953.693275274132,90.3,0.07327638367947123,0.07330262989130752,0.07335828192996623,0.07344322591528178,0.07358353267037554,0.07462470289982884,0.08442573597064758,0.10901006448738451,0.12180328486991339,0.12330134980040021,0.1237848114736748,0.1241769045457723,0.12446779280187079,0.12466142533101839,0.12478324840431418,0.12483154872799522,0.12480116787328425,0.12477040066009062,0.12472818451611582,0.12467673966929335,0.12462196912103585,0.12459911233093271,0.12456908970337549,0.12456674298296154
4181.5,956.7607987052322,90.3,0.06943411249236466,0.0694536759427415,0.06949178173788419,0.06955829220526297,0.06967123070057378,0.07069691810239924,0.08131189209153596,0.10976038261455148,0.12513159614157737,0.12674502326380208,0.1271580205992096,0.12748937190508,0.12774516061391356,0.1279060608048394,0.12798216765656673,0.12802157249398036,0.12797715461482845,0.12796387268798887,0.12789437939628345,0.12783106590437973,0.1277742006606817,0.12773968110845185,0.12769667816480876,0.12767793602014474
4181.6,959.8184121535912,90.3,0.0662022680803417,0.06622084632575174,0.0662449778237091,0.06631050763076732,0.06640277863994208,0.0673845607447615,0.07842678767878843,0.10949063570587439,0.1266932620477231,0.1284237412809886,0.12886698010662795,0.12917217389867292,0.12938310027097102,0.12954198330520247,0.12963817623713436,0.12965521633943206,0.1296742218556391,0.12963167039150608,0.1295611195292577,0.12945713226513472,0.12937219751171108,0.12940257874239183,0.12941577960652062,0.12940447921092574
4181.7,962.8846150170332,90.2,0.06455307823377403,0.06476520520109147,0.06546673863379253,0.06701877645346765,0.06986620357025719,0.07452628412157081,0.08151172459399321,0.09108075703917577,0.10278022285846924,0.11518339022310722,0.12630713091293833,0.1343282951401805,0.13809834525106787,0.1372175469036326,0.13191635722702932,0.12314956579947017,0.11229840042515728,0.10052742745581487,0.08848285406084194,0.07642046768280035,0.06451267730383078,0.05310273492629891,0.042924127221145816,0.03731709986532246
4181.8,965.9521384481334,90.2,0.061120053989910376,0.06003466169886599,0.05851663506479735,0.05737978386252025,0.05759904467544541,0.0605743129218549,0.0686642816284676,0.08572912888298058,0.1155126915142544,0.15177152323352747,0.17160899053659745,0.16641245927578793,0.15039858751419777,0.13090689525500918,0.10706680967497549,0.08223923989098622,0.06222463827053707,0.049063345404342956,0.04147390730511703,0.03748367708914703,0.03558717691769949,0.03478179262271734,0.0344637039018027,0.03435835783917737
4181.9,969.0097518966078,90.2,0.058465777632976564,0.05705271290248212,0.05522906888626139,0.05408342122247402,0.05464432571907104,0.05813776199357097,0.06663741946105667,0.083854216982721,0.11392392244248148,0.15136940100352173,0.17223086552782785,0.16637665790030612,0.14905305419474985,0.12885186153771333,0.10520455913923277,0.08097239111647377,0.06145786549171128,0.04859505265623129,0.04117608763585189,0.037296580783765215,0.03547911444649888,0.03472800949888399,0.03444130765406936,0.03434799813981811
4182.0,972.0772753275926,90.2,0.055119363197665756,0.055119801740220645,0.05513324660967975,0.05516432512739208,0.05522441010274413,0.0559300510682599,0.06645940654357967,0.10279864587555149,0.1260623283658494,0.1281412143729482,0.12848397458015015,0.12870741280991757,0.12887793130113945,0.12894897356922805,0.12899329856337124,0.12899150323187433,0.12895392760564187,0.12889657892217302,0.1288358048049494,0.128724141928113,0.12864853373683824,0.12863741776974466,0.1286436065822225,0.12863765636289354
4182.1,975.1252254584366,90.2,0.05221368075482504,0.05219111778836585,0.05242003668356232,0.05327748506502551,0.05540450013904552,0.06013273320907583,0.06961947729473458,0.0851820517957212,0.10420118266021676,0.12130375583495615,0.13388188775684054,0.1420360748641594,0.14638045564293864,0.1477626919296423,0.1470252870827249,0.14508283038568698,0.1429412304444274,0.14134406687521991,0.14051015366037,0.14018617284282905,0.13999874499519874,0.13977949746265336,0.13956559024338133,0.13944769565991078
4182.2,978.1731755892806,90.2,0.0498973177818745,0.0498958053072504,0.049902445671465574,0.04992429012060263,0.049967686525093015,0.05042257982965398,0.05929252079619266,0.09681208935581545,0.1265115244533348,0.12942824718177956,0.12976120622373363,0.12999316183282605,0.1301406051271112,0.13020704588657842,0.13024201066977228,0.13021970538001118,0.13017854744582677,0.130140273011651,0.1300715861509379,0.1300019992731276,0.12996633710716374,0.12992721359877385,0.1299132435786414,0.12990857891092333
4182.3,981.2310997217386,90.3,0.04754101511735497,0.04754252821235618,0.04755385995953465,0.047580330888135215,0.04763001355576098,0.04811793753955787,0.057128635200312715,0.09411753604291276,0.12227241280958966,0.12499710352025882,0.12533789305682147,0.12558285658442955,0.12576271592057753,0.1258604492447553,0.1259098302746142,0.12591251754736793,0.12588960807997396,0.12585133247460556,0.12581652080511962,0.125763165879829,0.12572309755293945,0.12570959635476542,0.12568664092280424,0.12567370650762233
4182.4,984.2790498525826,90.3,0.042940572928838815,0.04268235449636162,0.042687235385572425,0.04365566175198108,0.04641351894227163,0.05190774180866228,0.061213066420633726,0.07548335921654341,0.09554230594570376,0.11994540705009477,0.1424252558096377,0.1547093039171235,0.15330156218477944,0.14062166255580294,0.121111784398828,0.09932419482748911,0.07890308640686386,0.06199656286787247,0.04956558421937894,0.04169168401105985,0.03744758418974146,0.03545096419929628,0.03463257410233129,0.03438660182108713
4182.5,987.3269999834266,90.3,0.04048119264580053,0.04010250649681453,0.03990305832081499,0.04063429559643209,0.04318085530305917,0.04857907225614361,0.05804815436684904,0.07292344979584796,0.09423403777988389,0.12057644415665379,0.14478846044044033,0.15732777366934922,0.15485775090412113,0.14097769346435102,0.12081226142030196,0.09891735592607911,0.07868459640379419,0.06202591427061052,0.04975778166436863,0.04191203919554714,0.037612058215923,0.03554660935841358,0.03467863394144255,0.03441107791334971
4182.6,990.3756882258883,90.3,0.0429302249652847,0.039199072884069236,0.034791085895193335,0.032134742681721076,0.03264915723725546,0.03773688629443853,0.049597944625003484,0.07098461512108474,0.10432099106452862,0.1473839277085503,0.1760503853828732,0.17097268517138764,0.1482964097029705,0.12376832159913563,0.10002244262566497,0.0781294937949085,0.06066976891567162,0.048772203026862804,0.041601978751724965,0.03769003495739094,0.03576876810670378,0.03491905302995314,0.03455970087608986,0.034430918111460575
4182.7,993.4336123583954,90.4,0.034584537472306096,0.03401049727749149,0.03346000457718408,0.033742947842371765,0.03581930527490889,0.04090053639151345,0.05062183392178693,0.06699875916346482,0.09181107615889887,0.1238318184588279,0.1527088175175432,0.1642389770983842,0.1564405295619134,0.13748536359967106,0.11458219233504041,0.09216204264115009,0.07285829119521219,0.05786868613151441,0.047397096718599,0.04089824597564285,0.03729505144893888,0.03549462735409483,0.03469586518554161,0.03443522951315235
4182.8,996.4815624892394,90.4,0.04176310906246367,0.03430429504684685,0.027186850115884294,0.023568155080138514,0.024094044742806443,0.030193283136347185,0.045219396252463316,0.0700535389406437,0.10112778640579839,0.14686812289835777,0.18301666432013294,0.16849245302224156,0.13931569352143286,0.12008418517488467,0.10097904980799052,0.07615168920809356,0.05497392754041454,0.041693000184157045,0.03450702342733104,0.03139798350753443,0.030998101179264114,0.0320572026037064,0.03331394909580322,0.03393803805151097
4182.9,999.5295126200346,90.5,0.037137431720649185,0.030926645391381076,0.02476688874033702,0.021511625303389445,0.021906282641624093,0.027398125309174137,0.04164386730276526,0.06689603920450626,0.09825790562307295,0.14244464560054992,0.1810056485866354,0.17062995040294876,0.14129812314550028,0.12121132832930506,0.10235709545338766,0.07776583737776613,0.05620154785686273,0.042480607370520666,0.03500923844154764,0.03172472801005415,0.031204895628044297,0.03216843840117679,0.033352521829721156,0.03394652194009491
4183.0,1002.5774627508786,90.6,0.03328287266141141,0.027960669626544032,0.022512400845996546,0.019520442095430454,0.01975078507986432,0.024607260518809116,0.03794914382749416,0.06360062148861359,0.09574291644341867,0.13807975660518979,0.1777569534992461,0.17182493841943927,0.143517281934475,0.12394417519044648,0.1066259206657227,0.082243477035722,0.059390779843007835,0.04446437205687522,0.03626075611156565,0.0325532775382148,0.031746994681209034,0.032479839693040975,0.03348545099673493,0.03399252835965706
4183.1,1005.5780626908823,90.8,0.024260246069191787,0.024261710931203852,0.02426680172505245,0.02427749861280997,0.024296974908579707,0.024394976361336283,0.027931555912087035,0.05811136026286706,0.1159484411349791,0.12809066087734594,0.12853699661897064,0.1287823903481046,0.12893847656632787,0.12900731466878604,0.129038316774595,0.12902133470914687,0.12900483863423362,0.12898213413295775,0.12894198089509656,0.12892868176392974,0.1289016456897598,0.12886593122636925,0.12885247967423463,0.12882803846422985
4183.2,1008.5788792464288,91.1,0.021116491449278994,0.021118676987683875,0.02112472206460098,0.021135714493864245,0.021154384221771915,0.021234654887744276,0.024170497098361974,0.05132876506865773,0.11222309430072726,0.1274196075604994,0.12794171477622607,0.12818954428707297,0.12835520806871284,0.12843045335374517,0.12841822905933178,0.12845142149595418,0.12846230510674345,0.12842404761276627,0.12839093400817997,0.12836740900437538,0.1283426105828957,0.1282631682175442,0.12820022905233341,0.12822317212045667
4183.3,1011.5694811925083,91.4,0.018739522653862778,0.018741833369629375,0.018748268321770657,0.018759084906870675,0.018775625625865267,0.01884041957728278,0.02128605628130396,0.045586934544459085,0.10678530600651095,0.12439861772421763,0.12501625101712496,0.12527906455839044,0.12544445606391189,0.1255495853916039,0.12559396478508186,0.12560880771549335,0.12561137494031427,0.12564450212766465,0.12567351806378427,0.1256250423597005,0.12558840696677448,0.1254982349527143,0.12543567266407976,0.12541030497305164
4183.4,1014.5702977480547,91.8,0.014729275416939308,0.014826509970653412,0.015107950310129523,0.015724593328148014,0.0169806523414431,0.01965333717676812,0.02600863530918341,0.0412501702948933,0.06941382962163192,0.10238220563872935,0.12970073693632664,0.1472661369751856,0.15414283588420838,0.1535657025615044,0.14965338652296536,0.1449014785532142,0.14070515261225894,0.13782232383763504,0.136393166982535,0.13591809688448245,0.13569856809722314,0.13540910980333215,0.1351073292293878,0.13494013328000967
4183.5,1017.560899694153,92.1,0.014218657760408331,0.014220090143546213,0.014222988618867193,0.01422972868353792,0.014242607394437862,0.014281660681716267,0.015711446131696397,0.03301978409521276,0.09369648364575581,0.12059603734125979,0.12174631009647767,0.12208284232334762,0.12230805229351961,0.12245308504475934,0.12253671473028432,0.12254766987652495,0.12253003195742616,0.12249079375796028,0.12245448380524508,0.12242513843214743,0.12244837090589435,0.12246854072640374,0.12244331888895853,0.12240571019691526
4183.6,1020.5617162496777,92.5,0.01228618652909928,0.012288030529300144,0.012291551413525986,0.012298112059330835,0.012310193218659914,0.012339455656145576,0.013354736086122015,0.02708532228710544,0.08505463967927296,0.1188379729028317,0.12051722086171682,0.12088301705816112,0.12113646255773615,0.12129865896036807,0.12137311942818951,0.12137790078311883,0.1213529752245106,0.12131044836833652,0.12125196484402449,0.1212201287425902,0.12122954254254749,0.12123703001894075,0.12123737666200693,0.12124564080892558
4183.7,1023.552318195776,92.8,0.010420917883952947,0.009954951899410787,0.009338838200831567,0.008980733729624131,0.009334768349745013,0.011118166382160512,0.016043133811158038,0.028413614854883782,0.054106971967690445,0.0924227750722698,0.1510528906224677,0.18583147097546845,0.15680598603968215,0.12580877570100374,0.11074851686905945,0.09318185605635661,0.06917713281631177,0.050325807823865566,0.039387479279218526,0.03412314863426929,0.03245180039296056,0.03274011257693308,0.033566192959662663,0.03402608420809542
4183.8,1026.5531347513008,93.0,0.00942603050582357,0.009048672520986428,0.008543819458620483,0.008250771990472592,0.008565608643244894,0.010116674745945499,0.014385792560595433,0.025197049526291836,0.04872310051644939,0.0857740509791499,0.14602055586601828,0.18850666493788115,0.15912965917395652,0.125017044272593,0.10819316223674914,0.0905335456787288,0.06734179300602268,0.04915256629970607,0.03858470212665289,0.0335217273870287,0.031998506678662525,0.03244283351738408,0.03341901705848356,0.03395993744802225
4183.9,1029.543736697399,93.3,0.008224378440297152,0.007969088011837813,0.007634020788466525,0.007476823445983344,0.007828721088892937,0.009238895637731096,0.012980729509687823,0.022320457759371127,0.04306795486290677,0.0777015357276149,0.13866242321503816,0.19103520712026123,0.1611290606358201,0.12374165972102441,0.10610124340899058,0.08939941702691488,0.06695501347436737,0.04892388070361062,0.03834641616341944,0.03327406312637658,0.03176248919965944,0.03226317849442416,0.0333153956608407,0.03392134636609414
4184.0,1032.5445532529238,93.4,0.007714148928969997,0.007487267593664556,0.00718498277801985,0.00703560119211388,0.007336996389855078,0.008579034619683602,0.011883006309081567,0.020159316648935343,0.03908273201060245,0.072126208148482,0.13249267948507534,0.1924123565435695,0.1623481389762952,0.12239235873419738,0.10414297206804062,0.08848193878744885,0.06691044812172667,0.04901538713349651,0.03837325330442851,0.033236540121241935,0.03168862389267788,0.03218909562520632,0.03326869323867905,0.033898602961209556
4184.1,1035.4645532529657,93.6,0.0070824621937776115,0.006902197428163813,0.006664413872806201,0.006561288052132566,0.006854725304002144,0.007981844986234127,0.010930808316978504,0.018258074468268413,0.035238673280195684,0.06609398083658695,0.12471218292682616,0.19304169923396652,0.16396332431190153,0.12127314924423391,0.10242359390311351,0.08790887568347856,0.06717706074902215,0.049297795112416457,0.038513098024509744,0.033282838687025064,0.03168819543480385,0.03217364503530845,0.033261204998382365,0.03389949033999777
4184.2,1038.3945532529006,93.8,0.006490571935435442,0.006350987163944817,0.0061716062893071,0.006113398344467806,0.006406508393305926,0.0074417123326714785,0.010094198615158652,0.016615423409914915,0.031834627802685284,0.06040544446298086,0.11639938393482396,0.19265301774301957,0.16592145224254587,0.1206811224458345,0.10131872487023348,0.08798892809100882,0.06793921647368799,0.04985569569624633,0.0387982946329976,0.03340526386015496,0.03172318686430982,0.03218689582063845,0.033271529519561964,0.03390200597361854
4184.3,1041.314570376179,93.9,0.0061521593795137094,0.006024304141442909,0.005857546936144952,0.005798051019331815,0.0060563461607131865,0.006987558485957866,0.00938039487943482,0.015271700253754659,0.029223059951618866,0.056130393084582196,0.10919517360984027,0.19085506974002356,0.1682621893820098,0.12136613204573093,0.10145770851509013,0.08864622514853061,0.06869982700134553,0.05027695387733897,0.038960220002384895,0.0334332766608728,0.031697307552496015,0.03215286659844776,0.033251343804887146,0.033896974142251034
4184.4,1044.234570376221,94.0,0.005851919556223008,0.005731533279285654,0.005570695509284184,0.005504370088335495,0.0057267279347571025,0.00656090321170851,0.008722387215315071,0.014066363207857147,0.026921188622520104,0.05233982557122089,0.10220434356214325,0.1876225054549654,0.1712197172795467,0.12308139142683695,0.10247798547226616,0.08986003565340163,0.06967236296556122,0.05077115466111146,0.03914474146225916,0.03346353087829945,0.031683630033878474,0.0321178273067887,0.03323000557151489,0.03389560430762518
4184.5,1047.1645703761558,94.1,0.005556743864474943,0.005442731915424488,0.005287082425525951,0.005213813398432982,0.005401642111560965,0.006145456966598536,0.008092924470948793,0.012934295018041645,0.024772253018463117,0.04879222675058411,0.09528609247603682,0.1829679668595638,0.1743049094665775,0.12523752386665218,0.10364528058784105,0.09098652545138049,0.07054951841071537,0.051211528883844754,0.03931778506512441,0.03350961581081826,0.031673543766731926,0.03209211934421422,0.033213415116253364,0.03388898911148203
4184.6,1050.0845703761977,94.2,0.0052979437435052385,0.005186816128139973,0.005030512862479383,0.004944184514261735,0.005093235135927879,0.005746052883514116,0.007487331552740162,0.011855715232942465,0.022752579805425114,0.04557860020379673,0.0887338284433419,0.17646750111440437,0.1777740832743859,0.12815494069470607,0.10494223083184565,0.09176262707158804,0.07114581165438287,0.05155925493838541,0.0394978034194071,0.03357939856512375,0.03167703524136877,0.0320697100569964,0.03318789737637983,0.03387950407111876
4184.7,1053.0145703761325,94.2,0.005238560306659813,0.005111513202929909,0.004923214780184148,0.004789713363682281,0.00487138338440176,0.00541573559523892,0.006952376255760778,0.010893934812023108,0.021028346478712552,0.04321133603644681,0.08392256082540057,0.1696833286023002,0.18008182933838,0.13017069645417356,0.10469493886844189,0.0906454232940079,0.07054730496744671,0.051406523119918994,0.039490298931757185,0.033600272572165656,0.03169821147979381,0.032076851451759376,0.03318879772880457,0.03388153498561702
4184.8,1055.9345703761744,94.2,0.005222594934840083,0.005075284963242494,0.00484828245228459,0.004661392563262868,0.004672543315310317,0.005110543786156319,0.006452533677951134,0.009985200270792248,0.019349358211223074,0.04089672857424604,0.07951849528098529,0.16249569778170495,0.1821316366933936,0.13178973421048898,0.10338421768092712,0.0881634498668566,0.06905499100918061,0.050878396306198614,0.039354199523042206,0.033588231512844964,0.031714303343274325,0.03208611133602668,0.033187762829677364,0.03387969290013372
4184.9,1058.8545703762163,94.3,0.004726842018519356,0.00466917472205384,0.004588868193842634,0.0045543735568387865,0.004676920998819825,0.005147061371104612,0.006359828635692139,0.00931600353487178,0.016854218930429245,0.036132204366073756,0.07746519258577542,0.14982312669838338,0.1791312643886069,0.14054508035986849,0.10587443214494503,0.08274552352972692,0.06418113116488369,0.0498869580458554,0.04079560977944491,0.036063379744604086,0.03421767109194984,0.033904335281628215,0.034090640207549636,0.03423603972543288
4185.0,1061.7845703761511,94.3,0.005288797677343701,0.005048333581854225,0.004666687221448699,0.004300769380724067,0.004120178651888949,0.004329305121989182,0.005324487059726609,0.008221586767270094,0.016494322531354928,0.03679034396065796,0.06832504180336399,0.14687649150561383,0.19088465049652997,0.13017568066191812,0.09756563918865357,0.08477723798183635,0.06793817785180475,0.04869233161917417,0.03640871762676485,0.030985415069884645,0.029921825516420184,0.03111505916760153,0.03279550530279392,0.03374609898106743
4185.1,1064.6146410467247,94.3,0.005275512238278964,0.005012830239144861,0.004593064634173434,0.004181108918886818,0.003946409933732564,0.0040779696035198034,0.004927154537851857,0.007486875384427523,0.014960057608745352,0.03436862916039063,0.06464097125240809,0.1387201660150899,0.19324487426269318,0.1319630125756639,0.09711282207265783,0.08405327331950209,0.06828721415943755,0.04945833032016811,0.03701956801584995,0.03139264395853666,0.030176245785631196,0.03125729500979995,0.03285754383012833,0.033774124280903095
4185.2,1067.4447117171753,94.3,0.005307755986261142,0.005015488588280111,0.00454775309847383,0.004082654322119719,0.0037921229693557907,0.0038512367951265124,0.004570989618574961,0.006836071044079164,0.013595193196235238,0.0321036159034041,0.061357517990012614,0.13104463105592792,0.1957582473200809,0.13390958202309172,0.09754179424539534,0.08481633629003746,0.06963653561573181,0.050417361048762925,0.03748404074504381,0.03158272130290591,0.030236703446337602,0.0312639004880734,0.032850167217792464,0.03377163535070516
4185.3,1070.274729384922,94.4,0.00586170952298972,0.005284082082093186,0.0044554936609494285,0.003709211573734792,0.0032401458779968664,0.0031737128119527338,0.003763811090645093,0.005902137311200884,0.013048725898416024,0.03320449671467003,0.05176585876687061,0.11937063223956469,0.2171655386457475,0.12097675649825357,0.08895614557325182,0.09474810276512358,0.083405041606697,0.04926570140397783,0.030856702895825153,0.024475630470022852,0.024123537994084836,0.02688142908716866,0.03051109569603934,0.03275537288764339
4185.4,1073.1048000554956,94.5,0.005108260325058756,0.004802667911534491,0.004310519333691462,0.003811988970136452,0.003471281421741757,0.003436825161602789,0.003950478107674238,0.005693201755181032,0.011008025231163001,0.026771483431372794,0.05397769748661161,0.11321491343488602,0.20082689225967185,0.13982418360351975,0.09920695645520838,0.08534634749153362,0.07007228527933254,0.0504145310637802,0.037175922470921746,0.031161886046918826,0.029818372708989245,0.03094305981997762,0.032675540839458915,0.03369585986079774
4185.5,1075.9348177232423,94.6,0.005033767568539653,0.00472128207217632,0.004217050289042626,0.003702968808941232,0.0033402829138193435,0.003266560823945745,0.0036953674345702255,0.005222597423715788,0.009916016518111085,0.024255846902196773,0.05055628841505403,0.10444870802307868,0.20237362548019042,0.14272247427834428,0.09885453802306698,0.08327345527082788,0.06807883398972439,0.04927735020018794,0.03652791999909107,0.03070809154630772,0.029462151468345493,0.030692491883574608,0.032542484904851426,0.03364180820647224
4185.6,1078.7648883936995,94.6,0.005112201567872513,0.004771028004234231,0.004222298768373847,0.0036627926837999726,0.0032576797178398846,0.003135886627377046,0.0034863149309662268,0.004835338340656548,0.009030399206311988,0.022193415584045962,0.04795209149573022,0.09739318742423056,0.20212062481645043,0.14504966433336383,0.0973705062320415,0.07960508741098822,0.0650607682597598,0.048031594748379765,0.03611059559669475,0.030521285639541505,0.029314401539660993,0.03057277787523618,0.032464751782311514,0.033604066416103535
4185.7,1081.5949060615626,94.7,0.005066050701740558,0.004720015657039741,0.004161606851937769,0.003588858803271136,0.0031652982397048666,0.0030126665893064277,0.003299922740919243,0.004489997579104322,0.008201970506305093,0.019966524448866742,0.044627685672330546,0.08967594412173595,0.20093021472246564,0.14747974481586035,0.09592356346579144,0.07647330647328518,0.06282135169199217,0.047396747000086,0.03611842442183562,0.03062748505730321,0.02938049546017961,0.030594780770860697,0.03246563195465611,0.03359829543938162
4185.8,1084.4249767320132,94.8,0.0050127691559615,0.004665601681991883,0.004103347930029891,0.003523175162156429,0.0030865765197690617,0.002909452573498656,0.0031440586411982828,0.004199004664486353,0.007491695149660482,0.017942732611529993,0.04125931990540705,0.08258378696694085,0.1984860940264674,0.15001720598533716,0.09483421365339559,0.0743344117573293,0.06200059953706937,0.048036394605133474,0.037069851020721786,0.031412767684217725,0.029927888341101327,0.030922205082264443,0.03261600723080518,0.03365377724505621
4185.9,1087.2550474025868,94.8,0.005118009952889569,0.0047413983505474695,0.004134862286592199,0.003511858868327132,0.00303921980232276,0.0028271638748529524,0.0030112085990989116,0.003955419586469441,0.0069273756151309145,0.016398568129493484,0.03856502277313181,0.07710789247076813,0.19642430871409156,0.15145396259667576,0.0940941059818456,0.07372876897219768,0.06288589513500253,0.049687805035961805,0.038442510683768104,0.03233793360146592,0.030513917822015336,0.03125680748425311,0.032766972511979284,0.033708576911787726
4186.0,1090.0850650703335,94.9,0.005116221190229305,0.004729183985792649,0.004106477270839267,0.003466670062942274,0.0029772120212244032,0.0027433041656761774,0.002886665513835311,0.00373154199047088,0.0064030661558231745,0.014896228858601568,0.03559178268578618,0.07111644380845585,0.19346823805887617,0.1545388609328138,0.09415460387127585,0.07353761616737307,0.06377420279081465,0.05105730911891497,0.03946139189634234,0.03295246107734405,0.03086543307150986,0.03144185215481313,0.032851448107755685,0.03373938035313811
4186.1,1092.8668630500727,94.9,0.005201253957884213,0.004788296130665394,0.004127382829562224,0.0034511096242574022,0.0029327796700071795,0.0026710442144609096,0.002773558346436326,0.003530567268868113,0.005950905941744001,0.013647898258356021,0.033105739801861205,0.06617004871534891,0.190736472038457,0.1583163183072363,0.09461800665245784,0.07360266805528183,0.06445665294012526,0.05191295744981199,0.03994983964091367,0.03316951037216908,0.030964861696703615,0.03144243791195684,0.03282825084820791,0.03377333932615132
4186.2,1095.659030666752,94.9,0.005331629296232543,0.004881675655418151,0.004167366507671143,0.0034429866712522954,0.00288759392843062,0.0025954108428600776,0.0026594165535478178,0.0033362445735223684,0.005534535762957597,0.012558521374612436,0.03102318413194419,0.06197721946137468,0.18678388011799424,0.16295491657397912,0.09576344945650515,0.07373714957881117,0.06414103083827366,0.05118298139924017,0.039152500568963,0.03247057228158107,0.030404404837552357,0.031118927298328474,0.03271041589113925,0.0336950389787966
4186.3,1098.4408286464911,95.0,0.006123724002828163,0.005292457780597817,0.004147364021291021,0.0031509574694881175,0.002476535259608033,0.0021413328211305543,0.0021785929495185606,0.002826507602267051,0.005116262468574777,0.013270952701980143,0.0304529582908709,0.04821412278675137,0.19501881396301646,0.1657068893411232,0.0858339781571198,0.07301075165607884,0.07489393480292686,0.05419628836451056,0.03463664092554909,0.026077453488374112,0.024517459762532445,0.02665848300042968,0.030166869807950598,0.03263741238389894
4186.4,1101.2226266262637,95.1,0.006096313959799155,0.0052654532723281616,0.004117964327380658,0.0031161602371307206,0.0024344775309810586,0.002086368601390029,0.0020960656000009706,0.0026716972952729114,0.004721083281448124,0.011966824866562479,0.02864067305507721,0.04483232673842884,0.18543967291528612,0.17478672571326806,0.08662922177648776,0.07311646248706587,0.07569132943824083,0.05428603815904451,0.03424545524388825,0.02567568081370166,0.024084564295723292,0.026260556422089687,0.03003834856228722,0.03256772739336772
4186.5,1104.0044246060029,95.2,0.006081504868544883,0.0052482614492871706,0.004096376625740117,0.0030875371376147586,0.002399736919950761,0.0020430976025134127,0.002029229901294452,0.002535067133361722,0.00435312820898242,0.010764336761396247,0.026905288969105844,0.04241463216152958,0.1751568048913624,0.18317463493972402,0.08698898887057095,0.07320545792812963,0.07870816611282788,0.05703069006345891,0.03593029936605036,0.02682712659877534,0.024676483434895386,0.026531371390073225,0.03003259853836941,0.03259366761099573
4186.6,1106.7862225856593,95.3,0.006078143864533191,0.00523521233171909,0.004072266453169842,0.003055257633555866,0.0023598960833341905,0.0019922512758721277,0.0019547156377338715,0.0023979982682076056,0.0040156236681635855,0.00970915347932476,0.02525689536157975,0.040232770463704264,0.16451287007115412,0.19131783717945486,0.08629060718577108,0.07358903376087039,0.08459506632420205,0.06159383834609676,0.03778664275061029,0.027709446993817635,0.025225668122820163,0.026911780165308156,0.030275434763385033,0.03269106352896761
4186.7,1109.5683979935054,95.4,0.0060992988623291685,0.005240541501630066,0.004059453166576736,0.0030296453732685594,0.002324552086417925,0.0019447818681008206,0.0018843095593905023,0.0022702228970770126,0.003707141593717766,0.008751910495973455,0.02365413744836513,0.0386330474704234,0.1535071221559875,0.19814572699432806,0.08552409608032346,0.07437540841872796,0.09233863533754895,0.0677582544942634,0.040448530709742504,0.02897741501899203,0.026139963930358882,0.027547388700368113,0.030682574275859388,0.0329070415850867
4186.8,1112.350195973278,95.6,0.0059837063537724585,0.005149177886022594,0.003994438319218858,0.0029810724150873503,0.0022806369639777647,0.001896232538347857,0.00181843589522318,0.002155242959323042,0.0034318196273030056,0.007868398218844122,0.021709567884443084,0.0367171264252924,0.14030788495021698,0.20715467829869103,0.08362096170724709,0.0739428352400703,0.09997606530038014,0.074427174886026,0.04290451396257979,0.03015107761545684,0.026950598570002156,0.02814744799290386,0.03110094796299519,0.03304408554900148
4186.9,1115.1419875127976,95.7,0.003527617098945821,0.003528175992512098,0.0035297017454497715,0.003532603505998491,0.00353773472050349,0.0035460398574582324,0.003559010762637715,0.0035780419278770618,0.003610687946098513,0.004049384287730129,0.011078762396319624,0.06407007263865422,0.10635546225226236,0.10870710781021702,0.10924065952662182,0.1093568520889771,0.10927897891759447,0.10913488054673841,0.10899858151791102,0.10891921797261128,0.10888573992255215,0.10887189338226058,0.10886620333370886,0.1088688994489819
4187.0,1117.923785492454,95.9,0.0034439311853128587,0.003444429063190675,0.003445809345126703,0.0034485431129046705,0.0034534180079495874,0.003461383226626189,0.0034738313587909797,0.0034922381570469518,0.003522277338409163,0.0038636551723609885,0.009616658708382742,0.057687720245586306,0.1047579239601728,0.10763846127298766,0.1081954922855049,0.10832021526539747,0.10824241413945988,0.10809568484978568,0.10796008642561501,0.1078802163643028,0.10784698846290182,0.10783381242469016,0.10782512885073428,0.10782362913728437
4187.1,1120.6950848267106,96.0,0.0033785051434658403,0.0033789232227722423,0.0033801172328082594,0.0033825557812998132,0.0033870033148149857,0.0033944209460901797,0.0034061755055448673,0.0034238149979821473,0.00345173167980224,0.003715842753261276,0.008423951729464496,0.051866475172665634,0.10398836380690211,0.10752638493920078,0.10808082680889441,0.10818365584185796,0.10808401499936443,0.10792316390452689,0.10778273118873685,0.10770182126245224,0.10767028472935813,0.10765792905480155,0.10764855077914119,0.10764491709164889
4187.2,1123.475462498856,96.2,0.003280937739437471,0.003281304107912342,0.003282374375572468,0.003284603846995014,0.0032887286827437143,0.003295702300705764,0.0033068637917835746,0.003323785361261102,0.0033500047832830163,0.0035539753940202687,0.007367706693653169,0.0457582147503038,0.10258783634263427,0.1070416987897912,0.10760455852549938,0.10769029501750889,0.10757054412003564,0.10739614693870501,0.10725015731065936,0.10716744391053423,0.10713684115164332,0.10712514023424861,0.1071157148841866,0.10711082369899447
4187.3,1126.2467618331125,96.3,0.003225551601007557,0.0032258141350848825,0.003226638039280675,0.0032284694433645524,0.003232015930060023,0.0032382618888758593,0.0032485697298178513,0.003264611790362596,0.0032893822564622225,0.0034458893179796918,0.0065351460167770836,0.040523658294675566,0.10266900610173162,0.10827120357986024,0.1088147484308241,0.10885185946453532,0.10868784456030728,0.10848531270104995,0.10832747861769765,0.10824282650463994,0.10821463782993067,0.10820487466480212,0.10819572055041177,0.10819000327026942
4187.4,1129.018061167369,96.5,0.0031420586538213925,0.0031422505337280566,0.0031428949936994654,0.003144435479659702,0.0031475426926125764,0.003153213316592715,0.003162811609910323,0.003178051946528403,0.0032015901346256286,0.0033223971622716904,0.005794774787091357,0.035126173923195954,0.10199046121481019,0.10920918036356149,0.10975358646052395,0.10975280707615745,0.10954849502543376,0.1093178665504345,0.1091464310433091,0.10905874016620594,0.10903214856265783,0.10902445369912918,0.10901550745093509,0.10900947035109688
4187.5,1131.7984388395946,96.7,0.0030675672420010184,0.0030676946839146863,0.0030681920988574144,0.003069477636517643,0.003072209662683077,0.0030773780988751706,0.0030863581950489297,0.0031008870644525363,0.0031234414847888946,0.0032192909064912797,0.005226017361509041,0.030595970944192915,0.10053948986344224,0.10960029334854854,0.11016674359038392,0.11014851504522775,0.10991931061811348,0.10966887092959146,0.10948644373838547,0.10939533286902338,0.10936946986042648,0.10936303444032383,0.10935448269167948,0.1093482481643466
4187.6,1134.5697381738512,96.9,0.002996953269801633,0.0029969769647057347,0.0029972286462173715,0.002998096026465396,0.0030002206831270767,0.0030045989883473816,0.003012626453711402,0.003026090907454358,0.0030473816356355577,0.0031228365061899037,0.004720349478926662,0.02627803201614513,0.09949636890425045,0.11102038928191925,0.11158434917395518,0.11151020811318389,0.11122506768624758,0.11093598422808093,0.11073437823701368,0.1106396634606001,0.11061682373754227,0.1106133096548279,0.11060537828607875,0.11059923442299055
4187.7,1137.3501158460767,97.1,0.0029168727274983867,0.002916394590794599,0.0029154574225191705,0.002914380778065683,0.0029137337405979267,0.0029146529342069924,0.002918658064266979,0.002928024881063418,0.0029455850841930446,0.0030059366876981123,0.004303552087979573,0.02282994616315705,0.10069716353820266,0.11579142431181733,0.11630040198150164,0.11595936727554348,0.11540815108188097,0.11492679046090686,0.11462122469563499,0.1144971488122589,0.11447849219763302,0.1144874824707296,0.11448131148616827,0.1144795695761907
4187.8,1140.1214151802174,97.3,0.002877774900578491,0.0028778079766897577,0.0028780696478061343,0.002878935877044706,0.0028810247426293667,0.0028853149829845878,0.002893146213025273,0.002906295593750794,0.0029269846292351133,0.0029825985282017106,0.004083998438636421,0.02001825986030419,0.09226674840279347,0.1085675245482357,0.10926908320274506,0.10925515398273716,0.10899528057419532,0.10871015513505038,0.10850220178915264,0.10839894018152581,0.10837153710894046,0.10836690908977815,0.10835876190076539,0.10835195168677729
4187.9,1142.9026738880875,97.5,0.0028215902531565974,0.002821550501382629,0.0028216406519452736,0.002822204410762541,0.0028238494235855475,0.0028275490007598813,0.002834645493986422,0.0028469447187735343,0.0028666560389308308,0.0029140640734406356,0.003807786457227156,0.017354942193077715,0.0895102164061329,0.10921741550151078,0.10997037707775215,0.10993787537712378,0.1096496991156672,0.10934110433638579,0.10911798487210755,0.10900998193791359,0.10898323267987356,0.1089799505947153,0.10897253818300771,0.10896441565725994
4188.0,1145.6730890194638,97.6,0.0027981384276758703,0.0027979245566455576,0.0027976026013298693,0.0027974731773740434,0.0027981262044740594,0.0028005655165872314,0.002806166642469439,0.0028168590048848726,0.0028349699472243286,0.002875043503606196,0.0035905277050953884,0.015117473729771019,0.08776051575828449,0.1113568374511664,0.11209340528755526,0.11196457164285417,0.11159013456588564,0.11122291546440799,0.1109701578466417,0.11085477972435685,0.11082985321534056,0.11082873186770659,0.11082003331636799,0.11081078433100948
4188.1,1148.5128425298362,97.7,0.005054832065233018,0.004484181625901675,0.0035989010337829958,0.0027252373977093448,0.002043949521561011,0.001592050571389388,0.0013500814478382308,0.0013134696668643817,0.0015650927811244916,0.002491661512015988,0.0058656316243900514,0.01994488047100484,0.055928982980054866,0.18745965705908824,0.12180011076537274,0.08149367875028,0.07191007335434449,0.05913217936561791,0.04279072998338347,0.033027867363919904,0.02961474765093807,0.030045378524198914,0.03198754096851504,0.03336478802356273
4188.2,1151.3412696545658,97.8,0.005067818296455539,0.004486079300591978,0.0035871081669664913,0.002704122305219011,0.002018259460991308,0.0015637345914399695,0.0013180983198457512,0.001272910304905325,0.0015022892990456135,0.0023619911171914435,0.005484129963386004,0.01865374297854911,0.0534175907922603,0.1834396924577232,0.1245118010312781,0.08285728189476313,0.07396449216302103,0.06121697028110647,0.04381564957358402,0.033424509593817514,0.029762447595222164,0.0300945551269581,0.03199888547905673,0.033364817980852335
4188.3,1154.1810231650727,97.8,0.005196647431476079,0.0045762486226640685,0.0036282093369210144,0.002709227697078074,0.002003634655662301,0.0015392513158836766,0.0012869803248843664,0.0012324724080202602,0.001440981734132176,0.0022416712494223202,0.005156585485318979,0.017680736711250422,0.052050257945249624,0.18022019763704591,0.12738810344148788,0.0846091235268239,0.07647546760355214,0.06368562252769068,0.04511754806052714,0.034040394174185876,0.03008569119643753,0.03026421583674136,0.03206852463693771,0.03338515546069894
4188.4,1157.010881818739,97.9,0.005200647616605336,0.004575831461947578,0.0036220111780141855,0.0026986493659036576,0.0019903307320828854,0.0015236808546123337,0.00126809686046996,0.001206635414313451,0.0013979094626203757,0.0021462228564550372,0.004852442159118853,0.016481437920463502,0.049797491606621364,0.17676172572781995,0.13000690362095066,0.08588186682556738,0.07962880192273702,0.06758295310620878,0.047283236216921064,0.035095083942203016,0.030666177596763343,0.03060085517617317,0.03223560124991933,0.033456277237657456
4188.5,1159.8492087907186,98.0,0.00519841864737182,0.004571234169811883,0.003614265598566797,0.0026884840915748615,0.0019785467329667596,0.0015102617920906502,0.0012518905388516316,0.0011843182933943758,0.0013602989016232535,0.002061748290600242,0.004578350200687178,0.015339632226000738,0.04742717873734332,0.17340610993146316,0.13279521309767933,0.08659479259854658,0.08257861920261554,0.07204992409044436,0.04981619196056329,0.036298941946108006,0.03130472203879629,0.030958716266835554,0.03240867133190521,0.03352912305812512
4188.6,1162.6790674445003,98.1,0.005212903639657295,0.004579145675325417,0.0036139379227390217,0.0026822237938939897,0.001968925374554754,0.0014984268354581384,0.0012373287788369405,0.001164216533829327,0.001326507992505393,0.001986168801119006,0.004334446772764915,0.014314327295794528,0.04532474023831656,0.17047026091657147,0.13521622152961882,0.08703576570651034,0.08530078764678564,0.07653195794729617,0.05226013884002252,0.037394703285004174,0.03185990530143808,0.03126209812993514,0.032552493433491675,0.033590331558360005
4188.7,1165.517394416496,98.2,0.005242042024080339,0.004596108812895885,0.0036163305946491364,0.002674933364251381,0.001957041633374414,0.0014844150302178042,0.0012211591164811278,0.0011433315556631277,0.0012933628643067275,0.00191536500490695,0.004113400678814923,0.01338098513803131,0.04313904731932636,0.1674224422370551,0.13799202944819183,0.0865861586380059,0.08596334255077802,0.07915295705480184,0.05374078403748486,0.03795461764398018,0.03206144762819379,0.03133030008678731,0.0325685729108091,0.03359436074502877
4188.8,1168.3571479270029,98.3,0.0052841212595907735,0.004621270695568011,0.003621649134502725,0.002667485420794832,0.0019439573430860126,0.0014691829641758857,0.0012040845260378012,0.001121988082607039,0.0012604888681237883,0.0018470169259174798,0.0039051458762984536,0.012508418766399125,0.041028435740984553,0.1647714093046615,0.13978113032085554,0.08512026720491728,0.08528845961435431,0.08096009061391243,0.054888448677938705,0.038304698354850564,0.03210239896613159,0.0312816501689342,0.03251732305835006,0.03356787693918543
4188.9,1171.1870065805344,98.4,0.005326725511926311,0.004646992218882158,0.0036276361000302836,0.002660771816756106,0.001931620423121292,0.0014546567504090684,0.0011876911944822585,0.0011014756415756246,0.0012289960883732907,0.0017821441223279913,0.00371063142601062,0.011707401229804713,0.039078231332235605,0.16146062490959662,0.14206793313140373,0.08316066954588058,0.08202762555062773,0.07938925060454063,0.05462589145025845,0.03812941886256138,0.03187422672740837,0.031061163830531723,0.0323735431463161,0.0334919460308684
4189.0,1174.0253335526454,98.5,0.005366566110167996,0.004670127329588817,0.003631614410101998,0.0026528300894818426,0.0019187875229676682,0.001440216713835372,0.001171904905107563,0.0010823176085298346,0.0012004299228151516,0.0017249057402349828,0.0035429527336813516,0.01101848768915841,0.03720816428637245,0.15775761318061196,0.14517135014054325,0.0809768064679557,0.07760185717984143,0.07615762753138976,0.05374612447641906,0.03778549903660598,0.031577395805133274,0.03079084478304959,0.03219556347531135,0.03339622140970787
4189.1,1176.9850125892222,98.5,0.005506551072384803,0.004764330317742812,0.003672483163048896,0.00265879196416228,0.0019083283582801364,0.0014236898073933975,0.001152588353487316,0.0010594209362462148,0.0011688702887166303,0.001668832274035539,0.0034022249832206383,0.010538121017930292,0.03607429593042102,0.15509980576524,0.14657089480468355,0.07844032151401605,0.07327427561880834,0.07317440890184272,0.0532720137766951,0.03775237919325494,0.03148804306271338,0.030648481594142712,0.032056771259948505,0.03331316374418796
4189.2,1179.94288344517,98.6,0.005501422307281024,0.0047576332464964845,0.003664524005419934,0.0026507283416230894,0.00190077194447404,0.0014164398625314512,0.0011448161721130268,0.0010494390091275736,0.0011526168070464683,0.0016331825841867016,0.0032889877013765356,0.010027751710655132,0.034383866747362234,0.1509968609618295,0.1492855195436985,0.07592506933544105,0.06909689985845514,0.07018113772831251,0.05274372630167324,0.037734538603395026,0.03142937451065749,0.03053384659120665,0.03195339728215809,0.033248332837247756
4189.3,1182.9025624818614,98.6,0.005595639111194915,0.004822272437515175,0.003694759918461867,0.002658361921654961,0.0018975771758444149,0.0014088607367969501,0.0011351164620160541,0.0010373315275472182,0.00113521337724759,0.001600999257447185,0.003204951201262834,0.009723961242153016,0.033561081360829435,0.14847302019253308,0.15037350275855843,0.07401966452052107,0.06646862243806216,0.06913847441720194,0.05359142190659714,0.03856574314097006,0.03193458530480582,0.03079148475908674,0.0320504910732213,0.03327473917334214
4189.4,1185.8604333376425,98.7,0.005526538076709097,0.004774668157407715,0.003672082254737441,0.0026518903719670787,0.0018985414788066193,0.001412236263373604,0.0011386059404817088,0.0010396536407939715,0.0011343298490960542,0.0015893520677129971,0.0031423672310197564,0.009346918809597453,0.032026277647348673,0.14457149958302656,0.15292730102914143,0.07239190048788506,0.06548438286916297,0.07136767314256681,0.05648604150056991,0.04023822265168581,0.03284444013300226,0.031295537383638855,0.03229506570477189,0.03338751626975815
4189.5,1188.8201123742192,98.7,0.005563055136768486,0.004803132146179655,0.003690371587352678,0.00266237908484956,0.0019041966947063748,0.001414987092483944,0.001139261741852044,0.0010380456310396735,0.0011286435211818235,0.001572470272068733,0.003081950335443491,0.009074873148575056,0.03128686020933449,0.14276523757102738,0.15382939340316257,0.07169641665934123,0.06560935766214382,0.07441848502435426,0.05984808281784826,0.042171100802425567,0.033935478232042064,0.03192552327381114,0.032608782724400084,0.03353189887264618
4189.6,1191.7779832301671,98.8,0.005439985468778009,0.004723314673387873,0.0036598834738490508,0.0026625443955226712,0.0019169819448706556,0.001430723922534752,0.0011541210641721601,0.0010507889968513992,0.0011377021771109843,0.001570398499261608,0.003025186826585316,0.008688586566733297,0.030009720312860366,0.1395552113914201,0.15611815429063192,0.07173457819507827,0.06679838242638972,0.07893395281358828,0.06379759044273528,0.04419581847164441,0.03504004464229779,0.03257237434905401,0.03294397203466445,0.033697216369999686
4189.7,1194.7376622668585,98.8,0.005416603861705062,0.0047152166106318215,0.003667921257651896,0.002678564304916777,0.0019340433639869722,0.001445701892312569,0.0011660741641516116,0.0010594630615724922,0.001141533783477502,0.0015616186167563726,0.002963806819948038,0.00835880273119245,0.029189153870258056,0.13829717518165313,0.15652283857079693,0.07169388898937634,0.06757484435551515,0.08277419095937938,0.06776439493364293,0.046387138356697874,0.03625122041485991,0.03325973094463726,0.033286449133122585,0.03385217181434559
4189.8,1197.6955331228064,98.8,0.005399061221369009,0.004712485548311135,0.0036803478586847566,0.0026979039769368107,0.001953331601986506,0.001461763720891105,0.0011786575305637425,0.0010682647546640038,0.001145090686744397,0.0015520553959005733,0.0029024520709399213,0.008049349041305425,0.028526678986860468,0.13689858761766097,0.1568179627522744,0.07222276446198458,0.0678606982037724,0.08341035950016665,0.0688630998345957,0.047161381166502966,0.03672490174932542,0.033532399453986304,0.03341403964711161,0.03390256900901721
4189.9,1200.6552121593832,98.9,0.005248694610131164,0.00461353589646582,0.003642478542169028,0.002699958148678733,0.001972782247220499,0.001485629150534772,0.0012015955787628577,0.0010885223214326706,0.001160985081972385,0.0015557995612774254,0.002849873106846153,0.007677104753783625,0.027184144647599568,0.13413365346381007,0.15775556650866787,0.07194102172216055,0.06713444324663251,0.08282811783895823,0.06901316673983737,0.04731007562911118,0.03679629104980841,0.03356189889998498,0.033423348654099426,0.03390965534934046
4190.0,1203.6130830151642,98.9,0.005230458453687475,0.004608744616360853,0.0036524180343206138,0.0027175245504904907,0.0019913791133373336,0.001502054102306061,0.001214926527309713,0.0010985381381980383,0.0011665023343767676,0.001550647348719939,0.002803767635863234,0.007437525741505148,0.02652661878443966,0.13284169711892196,0.15671008576929427,0.0716453706959795,0.06571171797377207,0.07991695959474536,0.06769872718961689,0.04702984586548703,0.03671855584815727,0.03351841433822743,0.03339196012066658,0.03388697012153257
4190.1,1206.6765777516368,98.9,0.005210029021223023,0.004600690953749318,0.003658294964340173,0.0027311306714088187,0.0020066809856209796,0.0015159557941885125,0.0012264171761048406,0.0011073288936531568,0.001171552189613271,0.0015467739145951002,0.002765521417086121,0.007233502846364793,0.02586320389530082,0.1313312752174272,0.15598168219742378,0.07088253525877947,0.06354102607026818,0.07589161434291689,0.06558162381909124,0.04636534840226564,0.03643600535076114,0.03334769749953379,0.03329506750280684,0.033832668907326786
4190.2,1209.7382276337494,99.0,0.005066621107083022,0.004501222614435035,0.0036138048813792135,0.002725408540918119,0.0020199678912720476,0.001535767953219508,0.0012470899643510626,0.0011269208843755285,0.0011889524614138527,0.0015574365816075461,0.0027417499394736602,0.006998173630885675,0.024663421180704272,0.12757645109589913,0.15698378305314611,0.0692728741460498,0.06038737112468407,0.07142764442880634,0.06376417706943156,0.04601218606337405,0.036339006262325314,0.0332749845283575,0.033234436701230434,0.033800921973554915
4190.3,1212.811548313306,99.0,0.005057990596927096,0.004499910800503223,0.0036207495661557732,0.002736806246306971,0.0020320864373224506,0.0015466661058130752,0.001256123425859082,0.0011339239825937607,0.00119320371266643,0.0015553703303594123,0.0027160244935921503,0.006858729241194625,0.024104174510822966,0.1251502713437664,0.1564931092348909,0.06814993639527492,0.057722605317413106,0.06690982999306964,0.06141155840783561,0.04548212883281122,0.03622680602951787,0.03321198551993086,0.033181431465495285,0.03376859056985424
4190.4,1215.8731981954186,99.0,0.005072386579479707,0.004514342110629564,0.0036344895007970213,0.002748914102254478,0.002042167826498227,0.0015548316025481641,0.0012626915788983531,0.0011391248478568648,0.0011967659958093207,0.001555162225151499,0.002700604834656507,0.006763027457659107,0.02364411967292052,0.1230656722592728,0.15608070841574911,0.06694377935580241,0.05533957221599338,0.0633002045280129,0.05958660628231171,0.045126896185446415,0.03617290203279717,0.03317105910534953,0.03314075512236795,0.03373283244798884
4190.5,1218.9348480772464,99.1,0.004946135740133582,0.004424162928879514,0.003591242902802768,0.0027406699285856583,0.0020524977641914505,0.001572609358765427,0.0012825309413018844,0.0011591301013816912,0.0012162466852169494,0.0015714035371703625,0.0026939931660609384,0.006595469053173021,0.022588702179923845,0.1191942939607305,0.15785003038981754,0.06571210411506126,0.05315984819875065,0.060368392713132726,0.05809927512193079,0.04478962568546959,0.036085233050760473,0.03311617339695326,0.033102046300663795,0.03370478843330912
4190.6,1222.008168756976,99.1,0.0049454474379318596,0.004427558568399034,0.0035996146121598056,0.0027520758297624424,0.002064706911669028,0.001584378042326591,0.001293513617709976,0.00116949518874347,0.001226186106496806,0.0015799417900751401,0.0026922109839726525,0.006518937212098628,0.022096283431351827,0.117479460995255,0.15829047184916747,0.06500258358859622,0.05211391450205554,0.05928590537392314,0.057886670672409726,0.04492491216773596,0.036174460339856614,0.03314183389129483,0.03309962985384532,0.033696272614702615
4190.7,1225.0698186389182,99.2,0.004814470109436731,0.004332942986205405,0.0035537116180934694,0.0027439515697520373,0.0020776723108688264,0.001606556327175003,0.0013189900726170998,0.0011963309299890918,0.001254244179633372,0.001608003264830305,0.002704118126040467,0.006383617429300514,0.021078480159737886,0.11430899089616717,0.16056365411517007,0.06394503905994323,0.05108426323742864,0.05898403706661242,0.058500337602027885,0.045295106000990105,0.03626930565848649,0.03314287226635589,0.033088641054198925,0.033692451519367415
4190.8,1228.1333133753908,99.2,0.004800212337204919,0.004326429488705631,0.0035576376431514616,0.0027558208645903385,0.0020933793447822017,0.0016234837366996958,0.0013360157045748727,0.0012135818364420851,0.0012724818899746777,0.0016274330062488686,0.0027181644477850863,0.00632854638219848,0.020569068697980145,0.11242039375659256,0.16168953879944034,0.06338662401067018,0.05061966449681391,0.059189760837048695,0.0592664966564737,0.04565848651403863,0.03634529484188679,0.03312926189417939,0.03307971490979794,0.03370196371191726
4190.9,1231.2047951024492,99.3,0.004683397033640775,0.00424044117389781,0.003514182509538082,0.0027467991017068693,0.0021047098469278622,0.0016445394151921118,0.0013613483043396018,0.0012414625115679037,0.0013033298412711489,0.0016619108477580172,0.0027472134294532985,0.006256992637828468,0.019817024109174627,0.10925383769526248,0.16437589793900453,0.06265272588883422,0.05004713572089448,0.05962149173919109,0.06026306386356413,0.045910495957502434,0.03625525647005831,0.03300335415048595,0.03300997506141714,0.03367949201575196
4191.0,1234.2664449845618,99.3,0.0046695447806041285,0.004233837918150732,0.0035174736556034328,0.0027577970878007708,0.0021198139473877745,0.001661248231657656,0.0013786638823361055,0.0012595635877319857,0.0013232223424588358,0.0016849071474547206,0.0027705547771489083,0.006235655508367143,0.019451115042923732,0.10743557966626463,0.16561112862222846,0.06258587829693621,0.05039287196253853,0.06091152665345154,0.06123271948622927,0.04593213623197368,0.036054027588023896,0.03284720002357594,0.03293902285147453,0.03365819615804728
4191.1,1237.4163814918445,99.4,0.004513007285499449,0.004115364227222262,0.003452838920904718,0.0027384348705684408,0.0021285255600853505,0.0016842570564768666,0.0014084558317468904,0.0012934293724713606,0.001361288141872077,0.0017277192551546717,0.0028071467370356833,0.0061597349347781195,0.01864929860237986,0.10336835528767215,0.16894106723397354,0.06184215545192395,0.050221943417813386,0.06250336001629428,0.06295194350731663,0.04613394607903047,0.03582120811422677,0.03264310670894343,0.03284653975650188,0.03363087097935052
4191.2,1240.5663179991273,99.4,0.004478102845770438,0.004091962309898328,0.0034458250089134473,0.0027449230654905447,0.0021431032091688003,0.001702709186631292,0.0014288070513505016,0.001315540493635056,0.001386382154729834,0.0017578472001945776,0.002840865228730675,0.006154618092973149,0.01831813347058146,0.10094082108866022,0.1703353674596924,0.06172124496154071,0.05058194986439191,0.06413354359989139,0.0641680659521742,0.046178658079854024,0.03562384971607615,0.032490821596062404,0.03277768273099754,0.03360776070509657
4191.3,1243.7146826540127,99.4,0.004433114616010038,0.004061861116577366,0.0034366461326595685,0.0027532692566211983,0.002161897559128575,0.0017264240775606743,0.0014547565031950492,0.0013432955440150901,0.0014170440702192925,0.0017930731103639103,0.002876785152251315,0.006136426474567695,0.0179143972577918,0.09829159727908736,0.17203854716195244,0.06124515046887035,0.05087114481816414,0.06645638741643253,0.06638518520173466,0.04671797116985452,0.03568258813132137,0.032484114953926765,0.03278300785785291,0.03363289559459445
4191.4,1246.8646191612954,99.5,0.0042911137766725,0.003955831616540044,0.0033828157852473645,0.002744492255074437,0.002181511798894643,0.001760385442188751,0.0014952527587140938,0.0013875965861144767,0.001465304334787327,0.0018449886313394166,0.002917403425209237,0.006056254846693469,0.017191010159788543,0.09411450716620766,0.17563411119388325,0.059986131579166414,0.05074005429116812,0.06941601397207957,0.06995245580169329,0.04790186627770095,0.036053912808549894,0.03266114843842252,0.03288523964298522,0.033691377355980774
4191.5,1250.0145556686932,99.5,0.00392456489053326,0.0037116861026463503,0.0033161798448430252,0.0028272081675989624,0.00234666475858782,0.0019482639156661928,0.0016697791473253864,0.001530875657906868,0.0015643033888056439,0.0018734643968271452,0.0028064178168864034,0.005720756300402152,0.0175811009831505,0.09065467677232178,0.16526429722743002,0.0759184790309717,0.05806863890102072,0.058877914985645714,0.05471365697327857,0.04420084395189912,0.0370553389008166,0.034268950024431984,0.033837695082018046,0.034044805561169886
4191.6,1253.1629203234338,99.6,0.0038254515582806605,0.0036353479234950636,0.003277207979471353,0.002826011564117812,0.0023733272154215584,0.0019905166972653213,0.001718322155826871,0.0015803974977646254,0.001611864656964352,0.0019146072354862987,0.002822558443028546,0.005619116615049385,0.016884059864330312,0.08698735854001373,0.16704250364953674,0.07533690740400788,0.05781164980973217,0.05941286564874716,0.055674341378762454,0.04479233181919219,0.03733638802041292,0.03439246739444891,0.033882360647656956,0.034058882310034684
4191.7,1256.3128568307166,99.6,0.0038366847816734308,0.0036535981849471983,0.0033063948726722663,0.002865051027841752,0.00241781936506645,0.002035765473705955,0.0017611928572472554,0.0016193772045965883,0.0016459507552081558,0.0019407581389553937,0.0028273340510023806,0.005541793210327938,0.016442962942902817,0.08494213240084036,0.16820378964977054,0.07456982742997442,0.05696685288119474,0.058762027653392244,0.05561466725983786,0.044970997061892566,0.03747568374785472,0.03446096131224081,0.03390460412629762,0.03406366155612166
4191.8,1259.4627933379993,99.7,0.0037619425932564447,0.0035984726835030303,0.003284055480803487,0.002876617022928644,0.0024547321108202,0.0020864571155066137,0.0018161736507560358,0.001672516859335293,0.0016928999634328245,0.0019745066876696166,0.0028248115335047824,0.005408841975588282,0.015758514773281804,0.08168551517112693,0.17016437472777618,0.07375568482924287,0.055533094725523,0.05683700072510227,0.05424178178141742,0.04447157758794958,0.03732090368692917,0.03439992042244984,0.0338760310546768,0.03405053902214486
4191.9,1262.6111579928847,99.7,0.003788821538479462,0.0036304520788996643,0.0033239291672471066,0.0029233600614099603,0.0025045574106490037,0.0021351830086232854,0.0018607910848016812,0.0017112668672830673,0.0017241375613952041,0.0019938958354005633,0.0028167798638208683,0.005313034824994653,0.015332076273161127,0.08035263416991202,0.17157056645287638,0.07286024849520341,0.05430675078978291,0.05504997491751411,0.05250942155263082,0.04349980582245052,0.03684372407577719,0.03416551300316226,0.03377765558022403,0.03401465635158921
4192.0,1265.7610945001675,99.8,0.003707849660157102,0.003567447834246133,0.0032920865485811727,0.0029256235054029365,0.002534372322196651,0.002181885690774356,0.0019146110301557335,0.0017653119464806977,0.001773512929475458,0.002031912060771851,0.0028234068067154363,0.0052068416268784235,0.014714049785468567,0.07683557813396462,0.17399879098096702,0.07223465558406846,0.053155731732859736,0.05335281243388438,0.05085523028874883,0.042517883492409515,0.036323109179400424,0.03389230821607369,0.033658266538352244,0.03397048099402912
4192.1,1268.9537892867359,99.9,0.003676034507414356,0.0035445215440246974,0.003284957397582876,0.0029363630868908313,0.0025601660121875856,0.0022174702431071885,0.0019548748336328946,0.0018065633160503994,0.0018131821098643303,0.002066426431879712,0.0028409404605958446,0.00515465586605467,0.014313007474852011,0.07454499542655985,0.17599059690167518,0.07141944014304535,0.05249961552567948,0.05290110266173065,0.05037560255669867,0.04200102920444091,0.035896902874638835,0.03361007623158715,0.033522291673378904,0.03391995667334133
4192.2,1272.1464840731887,100.0,0.0036250080496920234,0.003502506726954909,0.0032594767269982818,0.002930551502241692,0.002572296047508294,0.0022429408965221023,0.0019887767288087597,0.0018452494862542606,0.0018544818936743657,0.002108373609711704,0.0028765721570132644,0.005144926690104907,0.013995428336429387,0.07160585766824304,0.17776409316774208,0.07134155875104763,0.052280374920973816,0.05244733961728689,0.04955075806221546,0.04122357089314763,0.03534822913572155,0.03328102788575717,0.03337332258165307,0.0338671347134504
4192.3,1275.3292501657756,100.1,0.0035829658757642025,0.003466084361882887,0.003233876055543355,0.002918719822719294,0.002574262919597104,0.0022566693879261185,0.00201169291824453,0.0018754848041450257,0.0018914708420217688,0.0021526989820021144,0.002927606148464408,0.005183091084356264,0.013830559999218792,0.06923803774707539,0.17881870511607711,0.07149494567412774,0.05282441657024895,0.0534413487848291,0.050058405281503286,0.0410787717843829,0.035042187398097224,0.03304535449494546,0.0332592262872481,0.03382856716532163
4192.4,1278.5219449524548,100.3,0.003439857504076833,0.0033384755290775405,0.003135587785988108,0.002857120523330058,0.0025487216565309406,0.0022609075826842346,0.002037758057922349,0.0019167755238761299,0.001943917010877763,0.002213914354374148,0.0029916398075062836,0.005210274228177427,0.013509112983456114,0.06510668015677525,0.18048094057834227,0.07217804393516794,0.053524560366016286,0.05447401107684157,0.050703580719091715,0.04112857444302611,0.034904200633014394,0.03291991470344866,0.0331974133650713,0.03380951655637252
4192.5,1281.7146397389076,100.4,0.003396568018663586,0.0032990292931857975,0.0031039287036150275,0.002836132074115328,0.0025395355909873327,0.00226313857545878,0.0020503970937357984,0.0019392228874388646,0.0019768857884935476,0.002260151821153168,0.0030557626260953753,0.0052882377256578475,0.013461932507603977,0.06286353353600684,0.18047880393029114,0.07319049985780846,0.05534902600617405,0.05750308284499351,0.05294273590088238,0.04189127365911636,0.03508681040841721,0.03296261263509308,0.03321627771566317,0.03382457482113301
4192.6,1284.8974058314946,100.6,0.003256064417377252,0.003172771275169123,0.003005016153249288,0.002772281192554389,0.0025113046459954956,0.0022655264598798364,0.002076234035726501,0.001982086891791532,0.0020324529222229422,0.0023255064882874935,0.003124238012410664,0.00532215143723251,0.013194482804338081,0.05946333161746626,0.18081843991543123,0.0745181721950053,0.0568382821821658,0.05956109772579807,0.05426562276620527,0.04227356469041225,0.03515887002903506,0.03297647028968066,0.03322657404852612,0.033835488030934814
4192.7,1288.0889258455863,100.7,0.0032078262350088236,0.0031290998117507653,0.0029705007485720672,0.002750618305127736,0.002504021131250008,0.002272578677430496,0.0020965226317174,0.0020145711564682474,0.002077318008390536,0.002384299280566178,0.0031967821757960006,0.005387382083091386,0.013066375927497773,0.057340866899488696,0.18096842058828078,0.07482007881977866,0.05796249839147508,0.062343042744422456,0.056562960938281455,0.04307869690262336,0.035359380644183945,0.03301497601903771,0.033246023631750256,0.0338496383762942
4192.8,1291.2716919380578,100.9,0.003089954705103467,0.0030224240865392928,0.002885946732375134,0.002695660582497639,0.002480906761016506,0.002278883416714225,0.0021274346669730784,0.002065142688093667,0.002143575731028102,0.0024620400663310305,0.00327386270330892,0.005408031462182445,0.012719268980200938,0.05413036475082729,0.1816653483555242,0.07514917883635458,0.05859861707455674,0.06435187099318068,0.05854067094105037,0.04388224346645605,0.03562818823219919,0.033108650734965016,0.03327948411840978,0.033863196502567264
4192.9,1294.4643867246261,101.1,0.002981041889606112,0.002923170003997679,0.002806106753645669,0.002642555089957821,0.002457646352862068,0.0022845314807598107,0.002158589628891088,0.0021177574212845546,0.0022137872632608034,0.0025445189407270535,0.003352611894098164,0.005417561658202323,0.012333151458226206,0.05101519908019378,0.18252794922627577,0.0750046438339397,0.05859382149505136,0.06571595152732106,0.060468299333886956,0.04479397998104342,0.035977133490667126,0.03324167190237411,0.033325242905200225,0.03387914630776339
4193.0,1297.6570815111945,101.3,0.002904514643679147,0.002852298011455749,0.0027473023403629857,0.002601148088157086,0.0024372690146472237,0.0022863185282952455,0.0021822354325844585,0.0021625105442705708,0.0022786447345291695,0.0026261618431007738,0.0034364634942296406,0.0054380696475269325,0.01195141127978215,0.047719492906028185,0.18350146917238194,0.07460933728558097,0.0573550660642574,0.06441874355500739,0.06055500633134712,0.045100636625100304,0.03612851281591418,0.03329196523413894,0.033321841460233835,0.03387099568154816
4193.1,1300.8186317638247,101.5,0.002836290040792817,0.0027887477887362667,0.002693677125108832,0.002562243868732989,0.0024165356964980116,0.002285589149267705,0.0022021722562584807,0.002203247309159772,0.0023398443122400266,0.0027045104765636863,0.003514811255559861,0.0054432737742194735,0.011531715815868107,0.04437855211762105,0.18481893546302064,0.07458368931346562,0.0561856936931939,0.06246708145526553,0.05973364726092663,0.04506672546387087,0.03619491613552731,0.03332638304381348,0.033327959196808254,0.03386733341365603
4193.2,1303.9801820164182,101.7,0.0027889711370916457,0.00274447156194618,0.0026557443689221747,0.0025343625821109385,0.0024014481665905183,0.0022856627996189413,0.0022190986670920392,0.0022384060491943197,0.002394069551754677,0.0027756779479663624,0.003585944654298477,0.005440196029583087,0.011114073651439554,0.04115395460100281,0.1854383042969239,0.07470876389390274,0.05497985616007898,0.060314613355208414,0.05884079084614846,0.045184096945101504,0.036419466031731795,0.033463716955398876,0.033389540679228384,0.033886701640587436
4193.3,1307.1417322690484,101.9,0.0027562943486541596,0.0027138936956988303,0.0026298874273636245,0.002516092590452429,0.00239340648922503,0.002290142965199002,0.002238136143442353,0.002273897583864758,0.0024470809693939786,0.0028428339365185965,0.0036467220451679877,0.005415771883454763,0.010674449557055744,0.03813584397616541,0.1867272651377791,0.07469912373251272,0.05341230671460733,0.05741715678608074,0.056913067593850376,0.0447226918732738,0.03636077424388017,0.03345724121353499,0.033378937102185036,0.033875089565564155
4193.4,1310.3032825217579,102.1,0.0027265159109869045,0.002687119225001538,0.0026095289119753744,0.002505433330259761,0.00239502675877853,0.0023058109495660167,0.002268973878177739,0.0023203782443805354,0.002507807429727677,0.002909833378238415,0.003692073568398786,0.005356144456697778,0.010214191886069068,0.035493673166972765,0.18829736181423343,0.07472849955419358,0.05173983259075121,0.053894328833465975,0.05356063352423972,0.04329662549507873,0.0358171447499016,0.03321122026074127,0.033268744249452656,0.03382892730135913
4193.5,1313.47479635587,102.3,0.002689951487046534,0.002655453050258659,0.0025879750599860194,0.00249853817318586,0.0024058021358497037,0.002335550036768138,0.0023174556074089083,0.0023856251585162385,0.0025840053310423054,0.002981169839146756,0.003719300039796043,0.005248752476175656,0.009698342005046571,0.033007711738119117,0.1902425745146216,0.07472883633125872,0.05023058742837125,0.050908252541758875,0.05052302455075532,0.041800535234875376,0.035149579842505316,0.03287480904152261,0.033113971335554604,0.03376711362196215
4193.6,1316.6363466084636,102.5,0.0026462748860046474,0.0026181655286337565,0.0025637823027066394,0.0024932096136102695,0.0024230276023122044,0.002376562689506714,0.0023810302003821125,0.002467359853449396,0.0026733325950708186,0.0030545608560851923,0.0037297168685095435,0.005109868864972806,0.009182027267940731,0.03086399014340149,0.19241548500478237,0.07435714862567418,0.04880239856307491,0.048544961328850174,0.04808532483441577,0.04040520300932551,0.03439706837020197,0.03243931258973507,0.03290074125825581,0.033682345530965406
4193.7,1319.7978968610937,102.8,0.0025283751699470875,0.0025109457712197618,0.002479185730054621,0.002441157479639675,0.0024111288390703386,0.002407988510041817,0.0024546295678714003,0.0025758800667277323,0.0027983241735650005,0.0031561762832132386,0.003738516667254321,0.004917732721746052,0.008504912984863,0.02806153915083906,0.1943555746876757,0.07428156183550232,0.0474114899375082,0.04625566797583273,0.04566766544057673,0.03888622995584819,0.03349373201073728,0.03188057049951259,0.03261161185109251,0.03357102981808201
4193.8,1322.9594471138032,103.0,0.0024790919498445772,0.002468081462527503,0.002449983311333632,0.0024325447041065804,0.0024288634221676297,0.0024557293294573085,0.002532810462377249,0.0026790726953042645,0.0029096229901621764,0.0032401224707624505,0.0037399878489805163,0.004761595858126746,0.007996851186573254,0.026048750541979842,0.19611473524597067,0.07410631395785182,0.046159389758260796,0.04438061663930829,0.0438561134967181,0.03782155253667123,0.03286780667737697,0.03147482855960449,0.03239167797329296,0.03347912988030464
4193.9,1326.1209973664334,103.2,0.0024230788246953935,0.0024178000126637675,0.0024115803103778063,0.0024133176791001523,0.0024351727021949634,0.0024932264601135873,0.0026050648975279173,0.00278379092747109,0.0030309053471660598,0.0033405077404657047,0.003758613100041375,0.004617286455780672,0.007482899592942023,0.023902332982318093,0.19695252161395746,0.07418313135335876,0.04520727059374002,0.04318507474326825,0.04290704711869879,0.037272064079873324,0.032489818340168446,0.031195572251709318,0.03222859283188659,0.0333922265992944
4194.0,1329.2825476191429,103.4,0.00234287300522918,0.0023522940106663857,0.002375240069208101,0.0024166442769058324,0.0024814420300175496,0.00257341989759602,0.0026931854674631123,0.002837720553040642,0.003006788078082425,0.003229025441220164,0.003632800700427925,0.004653705286880839,0.00808106516764929,0.026118600131258028,0.17352079427807884,0.09303809642506188,0.05352024112362162,0.04282897453540273,0.03849292452958094,0.03520968712544568,0.03313212830138697,0.032702178939018584,0.0333116595795084,0.03388579467260215
4194.1,1332.3777858974813,103.6,0.002307990031048198,0.0023210432502234037,0.002352284988137139,0.0024076490166792977,0.0024927640765795974,0.00261101560617621,0.0027599181594189807,0.0029286784039119136,0.0031041257481753187,0.003301581082385775,0.0036418768074654357,0.004544655147117204,0.007686175049941913,0.024507967843175098,0.17217105150774722,0.09433629921695127,0.05353878716946963,0.042684141804322034,0.038497458608726984,0.03535468612697099,0.03330144173611626,0.032822782631165975,0.033367108173459926,0.033903305120153014
4194.2,1335.463041154285,103.8,0.0022653153669839102,0.002282111307486449,0.002321999750784274,0.002392149530509005,0.0024992817493938646,0.0026467564839559336,0.002828811432894214,0.003025150469974319,0.0032062669529837173,0.0033719816739620147,0.003638276605903386,0.004413904466027719,0.0072646270143224,0.022876055203280968,0.17074370757687873,0.09586913979559215,0.05375956354605206,0.04288130309468635,0.03888574073507926,0.03577570323694383,0.033612039623537746,0.03299673877100635,0.033435283836411527,0.033921432857058224
4194.3,1338.5582794327938,104.0,0.0022285592390385717,0.002249126496799504,0.0022977095943233867,0.002382755993487748,0.0025121224147412026,0.0026890611219178447,0.0029038520227017413,0.0031248271805612783,0.003304099644917725,0.0034278300735002785,0.0036145504595956673,0.004270322087542916,0.0068661292545233255,0.0214264932585983,0.16911665457577402,0.09741055155061941,0.0543249325678092,0.04362782702689988,0.03983287297826145,0.03657123213040405,0.03410792418616559,0.03324504828291116,0.033526124499562084,0.03394462412990401
4194.4,1341.6441342575617,104.2,0.0023892390840557975,0.0023997693140037084,0.0024234685504098854,0.002462577825799182,0.0025185051418355883,0.0025916957175443392,0.002682943603464579,0.0027984216260289367,0.002962612169151356,0.0032471462879009347,0.003842670520565172,0.005302985732852032,0.00969471528142899,0.027723161424550745,0.11029701556009364,0.1233909658072502,0.0797525296074564,0.055893950012660516,0.044012208489393585,0.03812494369476961,0.0354091533424797,0.03441249121278927,0.034216274631691086,0.034241650110898296
4194.5,1344.7393725359543,104.4,0.002383119594843955,0.002395997673869858,0.0024248683039412634,0.0024722205411524117,0.0025391571254288715,0.002624748065634361,0.002726787209953852,0.0028467201462961953,0.0030035310089520325,0.0032639437989709875,0.0038123247031350968,0.005180661800504173,0.009338722350409027,0.026586363143694083,0.10901614639450684,0.12490385047559997,0.08025211103972384,0.056168421620214834,0.04422062577051823,0.03826644094274031,0.035487559101306285,0.03444570270965942,0.03422568134047551,0.034243173265647624
4194.6,1347.8246277928743,104.6,0.0023659693393006834,0.0023817787430272298,0.0024171701511244872,0.002475072614306774,0.0025563729164895174,0.0026585102070936202,0.0027753045284645375,0.0029015989988102693,0.0030486744524439962,0.003277073626640262,0.0037647104441272086,0.005019751022292477,0.008906055899140581,0.025348011532413464,0.10903205245254997,0.12628197050348985,0.07998479724904022,0.0559457225973143,0.04417887119790319,0.03828464787530131,0.035500603078649065,0.0344452103847714,0.034221514860025136,0.03424046002938028
4194.7,1350.9198660712127,104.7,0.0024002886236746224,0.0024176953731185912,0.0024564763983280307,0.0025194880136725005,0.0026069401227021417,0.002714516350189609,0.0028327869134423373,0.0029521921769416525,0.0030801539013480695,0.0032755897591302753,0.0037142851668447905,0.004888563899027891,0.008589360167928151,0.02449099158501796,0.10936227933175784,0.12715301143728897,0.07954855249088902,0.05559167949949276,0.04401982234273006,0.03822279392860293,0.03547152782757369,0.03442826906429296,0.03421346568621964,0.03423769834799662
4194.8,1354.0051213280708,104.8,0.002423598710512223,0.0024426958423909113,0.0024851643526175434,0.0025539702557442123,0.002648885691122111,0.002764053818585703,0.0028868012720110413,0.003002774235615464,0.0031148492234058943,0.0032798709403523444,0.0036717036233781305,0.004767679763702667,0.008287417574866618,0.023655320603902824,0.10988692539288233,0.12780982416322867,0.07858343914589273,0.05474179115279402,0.04350349379965267,0.03794246707598027,0.035325761871531816,0.03435876345524389,0.03418778817152286,0.03423040241306006
4194.9,1357.1003596065254,104.9,0.0024323887218378106,0.0024533614046720626,0.002500065886691465,0.0025758308835816574,0.00268034150485415,0.002806480829874108,0.0029382285417031825,0.0030555913827699246,0.0031554729969317974,0.0032915846695745305,0.0036359904730468386,0.004651322858281752,0.007982157073508994,0.022760556676574634,0.11013217192306513,0.1287787371414117,0.077688283353143,0.05382951134555039,0.042875739305986274,0.03755644789574838,0.03510552087077262,0.034249359983365285,0.03414732940757582,0.03421932900530434
4195.0,1360.1862144312934,105.0,0.002419259584908027,0.0024425059216597444,0.0024944926343184438,0.002579318903830001,0.0026970908967852013,0.0028398388784147605,0.0029879341589668512,0.0031141167442465074,0.0032066246441283114,0.003314263472340013,0.003607842545218142,0.0045363500668974405,0.007664996916642615,0.02178824382492491,0.11016096054034606,0.13008203130327844,0.07673523912790058,0.052807520203581725,0.042155513407841,0.03710366537909409,0.03484214027852874,0.034116612117734084,0.03409780544105007,0.034205807381063276
4195.1,1363.1999496552585,105.2,0.002440246683165587,0.0024591675956215833,0.002502599652063731,0.0025758746561868858,0.002681790749798919,0.002817234343071276,0.002970618515261996,0.003124515144033828,0.003269110436752844,0.003431178913472128,0.003723191134605511,0.004461988379547844,0.006896177510529107,0.020918440730818288,0.1126289267092959,0.12185440018849827,0.08353868945100598,0.06310760260935573,0.05172504947603089,0.04407025340077563,0.03871636464158988,0.035733010748877046,0.034682669933190746,0.0344288344445489
4195.2,1366.2036973144523,105.4,0.0023152318557843376,0.002345768358791402,0.0024151674491670596,0.002531116548339203,0.0026970462262783292,0.0029045958029939047,0.003123004284227044,0.0032967344871808885,0.003376926077220193,0.0033946733432475675,0.0035300265990819792,0.004212008868951665,0.006811661618289052,0.01934174379937313,0.11244482629387745,0.1329930224045771,0.07462252895227664,0.05110694069032975,0.040733892576745076,0.035985566897192206,0.034094802184436085,0.0337154052299713,0.03395055766658522,0.03417247230020318
4195.3,1369.2169513694503,105.5,0.0023265106596934717,0.0023584539651177834,0.0024310826889605546,0.0025525196433506354,0.002726375767962889,0.002943479630226755,0.0031700195780546402,0.003344693038679705,0.003413381243547194,0.0034082702689852236,0.003515256081858628,0.004161706318643649,0.006686909762376182,0.018910959005703422,0.11080293030282624,0.13427909800529408,0.07459520057257517,0.05064872656052898,0.04022233472521493,0.03558035350096942,0.03382702204023001,0.033573406658098374,0.033898450365318286,0.03416059756104288
4195.4,1372.220699028644,105.6,0.002340379663706569,0.0023738486340865806,0.002449929204618797,0.002577120729578358,0.0027590507118765224,0.0029853857868569907,0.003218702376313763,0.0033915629877045816,0.0034453470054230393,0.0034153259125537677,0.003494649900865315,0.004109333668853639,0.006570311777094568,0.01853113087759008,0.10927472164123578,0.1355881129419734,0.07484739251347798,0.05052110596160666,0.03997125042889074,0.03533312841091386,0.03363858766566441,0.033463459967828416,0.03385538810279711,0.034150287940331966
4195.5,1375.2244466877912,105.8,0.002288867984723615,0.002324602589103482,0.0024061780137948395,0.0025435071835245055,0.002741853032753416,0.0029915012088341775,0.0032515161107055657,0.0034436169596810283,0.003495256730645704,0.0034386887065259346,0.0034769274941122523,0.004036663962312906,0.006380514189337284,0.017836584033920282,0.10583877715756806,0.13785165067962513,0.07515474648541123,0.05026510290287472,0.03962385509875302,0.035039580778632916,0.03342977730592209,0.03334424388150508,0.03380840717882658,0.03413859490245409
4195.6,1378.2381819117563,105.9,0.0023068790454689415,0.002343420976591698,0.002426739698976106,0.0025667768788210314,0.0027684811257500525,0.0030210176184850153,0.003281066414358475,0.003467458137139269,0.003507402513924404,0.003437501531487104,0.0034649626995886715,0.004014300543366277,0.00633148659849888,0.0176028345510405,0.10302368348276629,0.13910164061288027,0.07593026893909526,0.05051071644798413,0.03961881860504022,0.03496361731608321,0.033362212275032464,0.033307519109592613,0.03379654261842267,0.03413731930550776
4195.7,1381.2419295709035,106.0,0.0023150791427481296,0.002352412476523228,0.002437540057297638,0.002580643010614648,0.002786746537876601,0.0030444576901531963,0.0033084761001368,0.003494125672308924,0.0035261380239178723,0.0034431313100234864,0.0034561559669264055,0.003987469149082811,0.00625969803603882,0.01727665795182843,0.10014730504614969,0.14046885996373443,0.07657532729108468,0.0507017937613982,0.039622434906468065,0.03491229382931156,0.03331196257481065,0.03327707312010134,0.03378501143318735,0.0341350973571982
4195.8,1384.2556647948686,106.1,0.002316451491672047,0.00235460906666572,0.002441741599790511,0.0025885313877917274,0.0028005412862622554,0.0030664356497181722,0.003339244571140216,0.0035297238240807444,0.0035572399058461644,0.003460075019904418,0.0034536973051095213,0.003959239564960559,0.006172581561543273,0.016906169521772006,0.09775591997559882,0.14190982170314606,0.07714928949171387,0.05096930829420904,0.039748643609074596,0.03495660726679062,0.033315148500246076,0.03326711559022318,0.03377738123532557,0.03413217718604244
4195.9,1387.2594124540624,106.2,0.002318783299881575,0.002357610259438218,0.002446415179342739,0.0025963789846413852,0.002813674856907062,0.0030872737697890335,0.003369049436383082,0.003565734593655357,0.0035912051986853764,0.003482399579328056,0.003458461151437259,0.0039397619345102304,0.006096335137308248,0.016543113848056432,0.09510912061344622,0.14331244467841267,0.07796482630067485,0.051515215226676465,0.040107672950948706,0.035168427173804195,0.033428879197234126,0.033318112882308196,0.0337934755288368,0.03413531419130038
4196.0,1390.273147677865,106.3,0.0023726956147126404,0.0024076678660080154,0.002487236842490297,0.00262051740199585,0.002811727780215464,0.0030505365750872486,0.0032979670869343705,0.003482746024878372,0.0035417072757942063,0.003508854231689779,0.0035790266350264094,0.004169865911891455,0.006499443903128948,0.017107002045709436,0.08665198003979514,0.14373404660935962,0.08412155319013587,0.05638468705637681,0.043159629783632136,0.03684100416314445,0.034370457605702155,0.033820992328347066,0.034000110873035644,0.03419915987861892
4196.1,1393.1986903626455,106.4,0.0023541450995266918,0.002390226624205726,0.002472622007100141,0.002611401521870672,0.002812059699147871,0.0030652549808889763,0.003330848192539358,0.0035315704961142538,0.0035944947491185677,0.003548605211750857,0.0035927686352430466,0.0041451838618704355,0.006390741264609672,0.016639753394049488,0.08432119367932428,0.1452480238685242,0.0853482475212562,0.057591134550443124,0.04413724621639163,0.0374367182370898,0.03467469304191468,0.03394967369657593,0.034038846075604645,0.03420662164347447
4196.2,1396.1348443095806,106.6,0.002304481848387666,0.002339938864336774,0.002421200121131701,0.0025588323046895197,0.0027596744247961407,0.0030172612116223935,0.003295871723900573,0.0035215509529274497,0.003618169432168398,0.003603994720855704,0.003669914898937401,0.004236952623908663,0.006487387763708597,0.016449846446797502,0.07808473417483515,0.14711517459148205,0.08817043046644785,0.05862558403393335,0.04468032472861092,0.03796621164946571,0.03503004340512654,0.03411165033912323,0.034080073140864704,0.034205976066185376
4196.3,1399.0603869941876,106.7,0.0023008443812318523,0.002336360166220981,0.0024178849103064738,0.0025562746496706227,0.0027589337126989228,0.003020365312889241,0.0033059843524502336,0.0035419582782424816,0.0036492163971326283,0.003639974017009544,0.0036994692115957743,0.00424461105038345,0.006441736742615677,0.01615960613324435,0.0750102280929465,0.14807370205229065,0.09056035963277469,0.060607383273140365,0.04597794448689787,0.038687434559616596,0.03539188444894641,0.03427097936935183,0.03413340883292451,0.034219509621819966
4196.4,1401.996540941183,106.8,0.002289734642097468,0.00232591444188275,0.00240914974690583,0.002550922252407348,0.0027595282994421267,0.003030334610963495,0.0033284280116177294,0.0035763912049595176,0.003688167085875296,0.0036711302187686064,0.0037120711253876633,0.004227305044863253,0.006354358806448256,0.01575487803833534,0.07268494807114996,0.15007886011566438,0.09271968072902802,0.0625269204168004,0.04730431054284543,0.03941608019492142,0.03573587631765805,0.03440932615822685,0.03417560433024797,0.03422977347886228
4196.5,1404.9320647444438,106.9,0.0022754499165574525,0.0023125118361984214,0.0023979936721332104,0.002544156905898548,0.002760381634101566,0.0030429967622900944,0.0033563502363179788,0.003617930497855178,0.0037324842284847323,0.003701956529695652,0.0037164762606292268,0.004192430312584905,0.006234638923216724,0.01529487705680161,0.070580785576207,0.1520443860745285,0.09418906726523343,0.06403894293545952,0.048479315113948415,0.04008988673790025,0.036052005581253425,0.03453182812796655,0.034210710858055174,0.03423763167223972
4196.6,1407.8582397221921,107.0,0.0022462364466773466,0.002284628053832754,0.0023735092005761262,0.002526367916996822,0.0027543339717934997,0.0030553339944421175,0.0033925309510280098,0.003674932780736257,0.003792154258896442,0.0037384283071608877,0.0037119195857945376,0.004132553552053294,0.00606599912843327,0.014740772804312168,0.06884214338171951,0.15503124153320458,0.09515805609937399,0.06512035127320517,0.04942531397614676,0.040647349978133754,0.036305462738282356,0.03462329638999577,0.03423433880431927,0.03424232411260757
4196.7,1410.7937635255691,107.1,0.0022286634211668346,0.002267621038420194,0.0023580634805319247,0.0025142606253389147,0.00274861709816231,0.0030606444950091586,0.0034139936039692394,0.003713746138821131,0.0038396741080587715,0.003778213354735154,0.0037301732022005326,0.004118199998939767,0.005983135432089807,0.014370148066911129,0.0667304928889633,0.15633774773164924,0.09599995406745075,0.06617216953570781,0.050407586306726766,0.041276720298862306,0.036623440649008715,0.03475546024178066,0.034274928105701735,0.03425165688201047
4196.8,1413.7193062102335,107.2,0.002202848710564348,0.002242546299142277,0.002335024878843289,0.0024955885544787186,0.0027383788280873483,0.0030650645025423417,0.003439954221181021,0.0037625051572701077,0.0038984647115344368,0.003823804090228984,0.0037443370899472336,0.004088039932878904,0.0058675716563840324,0.01394147114895802,0.06487880000522762,0.15761449070788075,0.09550069751400266,0.06617125167708458,0.050864317494165964,0.04171555347153396,0.03687897236582164,0.03486414667513776,0.03430615351650185,0.034257115588518114
4196.9,1416.6554601571686,107.3,0.0020991414922941027,0.0021431119715512575,0.002246781821702972,0.002430211132562632,0.0027150616209131264,0.003111144280156998,0.0035796098801461097,0.003980127351173425,0.004102627413908058,0.00389623702831488,0.0036304614745566012,0.003769458128351288,0.00523005200204195,0.012565881186267856,0.06670344476578821,0.16477073797743752,0.08733242235866723,0.06096709891852228,0.0491645758222305,0.041519901497427195,0.036903116244481726,0.03482104008271001,0.034246763381334644,0.03422075823995956
4197.0,1419.5909839604294,107.3,0.0022013612716582005,0.002241655392845646,0.002335911449423374,0.002500506312797857,0.0027513974849999586,0.003092686709661632,0.0034897983605981808,0.003836505999034706,0.003982299704329899,0.0038891966491692498,0.0037676446348167154,0.004050988735017442,0.0057119848626653895,0.013344970958734489,0.062186405831110146,0.1581333704722554,0.09158257678506437,0.06288417181293653,0.04925173982310674,0.04123653265047509,0.036807566155434186,0.03486621076775749,0.03430339708242289,0.034248681424217726
4197.1,1422.4727368992396,107.4,0.0021757236561690554,0.002215824022881504,0.002309872856600996,0.002474735969167519,0.0027274828264179426,0.0030743328022071843,0.0034834983519523035,0.003849161300902383,0.004013515585128193,0.003926593289745185,0.00379561160679891,0.004057145675825339,0.00566777393646803,0.013063179817884305,0.059947758936249144,0.15729245098946779,0.08902436373921362,0.060112279650963524,0.04730915383179536,0.040273279457807946,0.03643462561506855,0.034742137629149815,0.034266873136461935,0.03423571882786366
4197.2,1425.3544898379657,107.5,0.0021584878263193707,0.002198082305578633,0.0022910944269989458,0.002454508728730967,0.0027059154399476063,0.00305297945112817,0.003466789611307991,0.0038446556273998753,0.00402709978964842,0.0039548124013148184,0.0038274218482127523,0.004081154414605514,0.005661238133245322,0.012861086052950697,0.05764510516133982,0.15580773768749762,0.08696379538478254,0.057747026677765274,0.04552257337219602,0.03929821466294682,0.03601870856652324,0.034595371558953585,0.03422515914926048,0.034223735909944535
4197.3,1428.2362427768078,107.5,0.0021971281949408296,0.0022357817827675973,0.0023264057536582414,0.0024850761959196947,0.002727961709040963,0.0030612057468236294,0.0034563752646163386,0.0038176259317377176,0.003998947263625354,0.00394674162459764,0.0038488936195378996,0.004130519044749425,0.005737494701470274,0.012914936831938423,0.056262976534985895,0.15301881163975678,0.08518865147967003,0.05557959748049816,0.04371405415352329,0.038196481615874224,0.03550044250672315,0.034404487409345236,0.03417467121601043,0.034213745526058305
4197.4,1431.1179957155339,107.6,0.002181035884366645,0.0022192351063056314,0.0023089085388560567,0.002466193945037144,0.002707623049467327,0.0030404075797526024,0.0034383191058719627,0.0038081015288654913,0.0040029812294188815,0.003962397116672866,0.0038672966708671193,0.00414060128429763,0.005715761149794391,0.012715465044559731,0.05448240375222838,0.1521791191762119,0.08372768956339569,0.053949338498088376,0.04248017374881515,0.03746405935805586,0.03514829362989627,0.03426749894975799,0.034135188158642554,0.03420512433623711
4197.5,1433.999748654344,107.7,0.002175454091523731,0.002212469248987376,0.00229938452059278,0.0024518363423956836,0.0026859318357139845,0.0030092882342058467,0.003398745262722607,0.0037686912262350518,0.003980657497889701,0.00397080609706088,0.0039053310737948966,0.004199087932745267,0.005782847341344584,0.012682972530297877,0.05260149724991908,0.15056058344499293,0.08390445342608074,0.05352738283015035,0.04189112432064301,0.0370058762801158,0.034894809928026474,0.03416692436348409,0.03411018611000045,0.03420281941901666
4197.6,1436.891460949838,107.7,0.002213866046291992,0.0022496338678449123,0.002333532441195051,0.002480344752357348,0.002704972709622655,0.0030139912648389235,0.003385338824986419,0.003740194550147373,0.0039520681224849835,0.003961632918309366,0.003923865481940513,0.004242911794391517,0.005851705166164171,0.012768076696950357,0.052208063104896424,0.14970466429825838,0.08376072887527304,0.05312691051712391,0.041458007287089024,0.036679501156328106,0.03470645396924164,0.03408523194690707,0.034086719941001625,0.03419944328022346
4197.7,1439.7723288746088,107.8,0.002191754601738654,0.0022263364847141007,0.002307659729868092,0.0024504193782771766,0.0026698801948518095,0.0029742255617147173,0.0033454549068949167,0.0037110540573046177,0.003947150707374994,0.003984843667772622,0.0039642869647354174,0.004284600407378665,0.0058728873295628365,0.01265394973452729,0.05087643764000133,0.14955499487430174,0.08387909499718992,0.052910036814647225,0.04119323254188898,0.03647635355181435,0.03458672401588315,0.03403130413019718,0.03407011425853521,0.034196454326006084
4197.8,1442.6540818133349,107.8,0.002222148749506634,0.0022552610089368657,0.0023332002743296602,0.0024700392094372746,0.0026803473345664718,0.0029721521155922008,0.003329515856755951,0.0036864189486273133,0.003927794010888331,0.003984925064219563,0.003985495322062048,0.0043186792685514,0.005910409416895891,0.012669589935536527,0.050674633410323515,0.14987541177536803,0.0837434057667754,0.05266592061715627,0.04100237112630894,0.03635585159359209,0.034521033799753444,0.034001187675592896,0.03405992765820309,0.034194118850737226
4197.9,1445.535834752061,107.9,0.002203336431007619,0.002235071289774339,0.002309991712631661,0.0024419941234648775,0.0026458747291421966,0.002931082537930133,0.0032856379953398306,0.0036503753172990234,0.003914791646646121,0.0040024542955311385,0.004024625488432596,0.004362591530019007,0.005937643356587652,0.012584599708657454,0.04962238011502108,0.1495615020803988,0.08403339253876378,0.052778748913593215,0.041043105331271895,0.03637234603582938,0.034528277162414,0.034003913916419576,0.034060399771102645,0.03419390625131033
4198.0,1448.4175876908712,108.0,0.0021896530003243948,0.0022199351010824325,0.002291587530515485,0.002418143505166062,0.0026142841765652634,0.002890336129291967,0.0032377294569203466,0.0036045917349700543,0.0038880617274392507,0.004008559397009918,0.004061448951173748,0.0044170271971089,0.0059936431567209235,0.01256591316705104,0.04862119975693874,0.14876230096482776,0.08494218977573148,0.05339427566970961,0.0413763312915869,0.036537330271928035,0.03460204572350442,0.03403284869410494,0.03406912554777525,0.03419576862150323
4198.1,1451.3076568941726,108.1,0.002173892316872637,0.0022026504878187507,0.0022707653901694945,0.002391183930099147,0.002578093754056469,0.002842138460898067,0.0031776582969616596,0.0035407436902642813,0.0038399710162744655,0.00399862686280403,0.004097557213515493,0.004491724335110359,0.006095448258991486,0.012609903393965834,0.04717266952479551,0.14565564390558045,0.08664850605119374,0.054767739612977616,0.042153691397534054,0.03694035626464507,0.03480003489052038,0.03412161576306126,0.03409987847577479,0.034203280950819565
4198.2,1454.197726097474,108.1,0.00243010109932578,0.0024350173850769203,0.002447597093586057,0.0024750933176358645,0.0025494183129320183,0.0027659474887546964,0.003164167184083788,0.003532418316713359,0.003747300888369983,0.0038827865168641396,0.003987484648081361,0.0040849316893728895,0.004388233318030352,0.009719349483031966,0.07727792020394288,0.10018730949560706,0.09702619387706155,0.09421126514685049,0.0927164237896826,0.09209186854350081,0.09194114033222157,0.09197054983561724,0.0919894962668515,0.09198121806274782
4198.3,1457.0889887973533,108.2,0.00242905318886934,0.0024339694102232944,0.0024465480196485387,0.00247345907993949,0.0025412745430060824,0.00273021981738085,0.003091819061463707,0.003461047322718143,0.003696231381360976,0.003846651738809017,0.00396320454565354,0.0040731083148968445,0.00442270207346377,0.010032823712534543,0.07480801428597235,0.09903082018906592,0.09644879052075163,0.09399359532596532,0.09264999375418577,0.09206966948140502,0.09191891488861857,0.09194191504502798,0.09196010705232298,0.0919529057627981
4198.4,1459.9790580006547,108.3,0.0024247913407563996,0.002429677652014497,0.0024421481291149625,0.002468406353477665,0.0025309182573595005,0.0026980643754409878,0.003028248990198662,0.0033952848014027117,0.0036482684106573624,0.00381254407208843,0.003939590232495825,0.004060672514357514,0.0044539722068328205,0.010310818468605359,0.07276406220536438,0.09776703632773377,0.0956317105498185,0.09343036637564231,0.09219009612464976,0.09164070705529094,0.09148666888768663,0.09149931351887072,0.09151617771777623,0.09151083514465329
4198.5,1462.8691272040658,108.4,0.0024079768688425513,0.002412766779387507,0.0024249711200359674,0.0024503874115123074,0.0025089808106238164,0.0026631041204502126,0.00297811358009698,0.003351273988268243,0.0036212195178132443,0.0037965877762471166,0.003931011511481384,0.004059561523669239,0.0044787893230137914,0.0104407614515951,0.07124947131092656,0.09694383115288151,0.09506961839179515,0.09302145441109147,0.09184567751127996,0.09131299490636458,0.0911554475730883,0.09116276967250808,0.09117872378523838,0.09117385970654764
4198.6,1465.7591964073672,108.4,0.0024416682698803903,0.0024465396711615952,0.0024589346346517984,0.0024844159738329715,0.0025397789284373343,0.0026744240266676853,0.0029469033870246166,0.0032922594053051723,0.0035675045209055023,0.0037547142061680992,0.0038981162593359035,0.004035525036857827,0.004494361296543124,0.010734220037996341,0.07102898349343732,0.0961218538594415,0.09448349960808376,0.09260141697602942,0.09151515997963819,0.09101958097097924,0.09086649641061936,0.09086684359614723,0.09088023241262969,0.09087612246630956
4198.7,1468.6492656106686,108.5,0.0024163156466709343,0.0024210339164070062,0.0024330260758010946,0.0024575102574226414,0.0025098182548663403,0.002636723356169804,0.002903186302883785,0.003260287128813097,0.0035553368745708165,0.0037545413767637492,0.0039044963194390797,0.004047572416756934,0.0045205065997513255,0.010764890026706678,0.0698215811957917,0.09562276334381262,0.0941249004474118,0.09232976829636859,0.09129027084209113,0.0908127940301269,0.09066028244810938,0.09065707928449905,0.09066902536284414,0.09066488369848984
4198.8,1471.53933481397,108.6,0.0023898377381951835,0.0023943996482502267,0.002405988693883408,0.0024295232926261905,0.0024791597870279184,0.0025997104907406147,0.0028624290320595092,0.0032336719122860735,0.0035505022032018474,0.003762047459292657,0.003917798973280136,0.0040649042189546845,0.004541050780080957,0.01070971506810808,0.06884346122611011,0.09565833322811308,0.09421707791655438,0.09246352826300105,0.09145669836969386,0.09099390110248237,0.09084242412111623,0.09083725420275622,0.09084810550751779,0.09084374416604094
4198.9,1474.4294040172715,108.7,0.0023671158457040276,0.002371550658425569,0.0023828052691504675,0.002405533361385349,0.002452706842850345,0.0025660643048145957,0.0028192417866471937,0.0031951136829621407,0.003529721895053751,0.003754099372710109,0.003916870996169017,0.004070145119600923,0.004561875830776695,0.010733830270321385,0.06753295464446377,0.09525961243269353,0.09402882694565465,0.09241642748962671,0.09148769166138464,0.09105498075486455,0.09090525619512267,0.0908944634351968,0.09090280798896726,0.09089844805089828
4199.0,1477.3206667172633,108.8,0.002359170762682071,0.0023635454434318194,0.0023746331358759586,0.002396896545243783,0.00244213566107548,0.0025474835462047946,0.0027826207338356355,0.003145637340097958,0.0034868917623224584,0.0037226152008558162,0.003893446007579509,0.00405515067522851,0.004577828185380596,0.010867443664747335,0.06628129294548325,0.09457720704993615,0.09367186242399696,0.09226594735410572,0.09143243509446947,0.0910271783401435,0.09087430195667247,0.09085476325531165,0.09086023594443399,0.0908563805921072
4199.1,1480.255372835447,108.9,0.002175831168373946,0.002188752037442936,0.0022203948328633734,0.002278637740397022,0.0023737764844749347,0.0025180031604756336,0.0027230034498954515,0.0029954493400799324,0.003334183579293616,0.0037387333768568124,0.0042454449760067365,0.00502705349210032,0.006750034110864563,0.013029517102969497,0.04563063542011155,0.10428936719460788,0.09824756578133657,0.08152127733024962,0.06959756202228096,0.06036696541742861,0.052379809719688634,0.04527817212629006,0.03913232877375801,0.03604280550688603
4199.2,1483.2013022302735,109.0,0.002147778883375885,0.002160316542960511,0.002191031182463367,0.0022475980556014886,0.0023400991062894378,0.0024806947370037942,0.0026816053537974953,0.0029512053774916566,0.003291416275049537,0.003705515093148785,0.004232791488702187,0.005047677368638924,0.006820623188264058,0.013107965732609238,0.04443596186742264,0.10152082566533638,0.09793400354726986,0.08206849272769197,0.07021485765807506,0.06086828131101528,0.052743558456351064,0.04551712330605551,0.03925556851792849,0.03607412594505492
4199.3,1486.1373199413795,109.0,0.0021600461366887095,0.00217181875207684,0.0022006860637616634,0.002253857303353014,0.0023408030609209534,0.002473114052862592,0.002663089600830684,0.002920858334994859,0.003252549272901002,0.003667532754202361,0.004210991584740563,0.005061792214937792,0.006901139856866229,0.013292845210637729,0.04394215709023667,0.09902561775715517,0.09708145637998494,0.08185361361379159,0.07002140157478726,0.060617571679376724,0.05247454162086584,0.04526169218977145,0.03904206044395766,0.035957996249613045
4199.4,1489.0832493364449,109.0,0.0021718963582539677,0.002182810090648217,0.002209634133061976,0.002259128605687931,0.002340217108217386,0.002464048950631964,0.0026431666421933247,0.0028895747920752303,0.0032136259224341364,0.0036307286479889205,0.0041918993094371354,0.005080426147048671,0.0069873084688541354,0.013470144504601551,0.04336340288624586,0.09648962479009766,0.09618177412677623,0.08169328379154724,0.06997306068379705,0.06055401828830701,0.052394375056224934,0.045176004528716444,0.03896047227026824,0.03590345744496461
4199.5,1492.0192670475508,109.1,0.0021419080869480266,0.0021523566415172207,0.002178115821480276,0.0022258033265347777,0.0023042617046436023,0.002424797430922498,0.0026007047851189626,0.0028457141377922026,0.0031729490257414116,0.003600801431794715,0.0041820184956410465,0.005099796439972058,0.007044312375172627,0.013517793944732199,0.04260196996145535,0.09468308831548589,0.0954538818670448,0.08127538865503124,0.06952482610820881,0.06006583620247001,0.05190410907400541,0.04471440604330495,0.038582164540031445,0.03571995751380493
4199.6,1494.9552847586651,109.1,0.0021554295955185207,0.0021649194965247596,0.0021884535804732,0.00223226852571186,0.0023047867073793978,0.0024170518434915005,0.0025827083817189724,0.002817248275791165,0.003137507129941316,0.00356703679002968,0.004163173555577036,0.00511150524951064,0.007106597832682926,0.013648507731073832,0.04238976153139045,0.0933782131089641,0.09471326038939898,0.08075657366299971,0.06901736759570695,0.05957622297908144,0.051465977499502276,0.04434811654451296,0.03831762923805016,0.03560216478034493
4199.7,1497.901214153607,109.2,0.0021264585425273467,0.0021354455917479143,0.002157841924058322,0.002199756890478976,0.002269553828116941,0.0023784356264857018,0.0025407273200247584,0.002773512865206322,0.0030962530130777145,0.003535422093433716,0.0041498982060678095,0.005124089896554519,0.007147380616935342,0.013658100249247802,0.041738984918071986,0.09212501027896693,0.09419633999278326,0.08034190674902669,0.06852312710959015,0.059050716756470174,0.050958406142433015,0.04388893247079673,0.03796920329566913,0.035452984304732524
4199.8,1500.8359202717907,109.2,0.0021369900071944066,0.002145102876106036,0.0021654958780791458,0.00220398113293815,0.0022686179314604605,0.0023704194937045502,0.0025239660783814666,0.002747624085381715,0.0030637437946382964,0.0035030822700273545,0.004128549424081511,0.005126345891893056,0.0071866726840980975,0.01373541665763561,0.041573458415297054,0.09146494828967153,0.09396294007905084,0.08017797769090135,0.06829838835478537,0.058799087819156486,0.05072111913061936,0.04368801743825105,0.037829972821467744,0.03539635517881861
4199.9,1503.7818496666173,109.3,0.0021067394121630353,0.002114601947560035,0.0021344941005601,0.002172291243415112,0.002236236924107365,0.0023377603744187646,0.002492215563740541,0.002719084490551934,0.0030415892656825362,0.00348951964176885,0.0041206909013979725,0.005109789576913708,0.00712096383662731,0.013509309569072996,0.04143392623509121,0.09309683056153152,0.09437217458144737,0.07960393025656572,0.06743058518300028,0.05790598377281796,0.04990656623048751,0.04301076650096115,0.037395498135629264,0.03524107428738261
4200.0,1506.717867377847,109.3,0.0021200705587468816,0.0021271830466335724,0.002145359353736929,0.0021802270769784526,0.0022397656191036966,0.0023351894125328934,0.002481909229632494,0.002700217160368369,0.0030155660047901877,0.003461620248566408,0.004100626706450205,0.0051104439431424635,0.007158800887264755,0.01360325655088505,0.04139406188211011,0.09261996263663805,0.09434517036218411,0.07965107970239094,0.06737434562036085,0.05777085548528497,0.049750146874969155,0.04287049131586576,0.0373044807904839,0.03520740470441793
4200.1,1509.7505229798135,109.4,0.0022105911080641965,0.0022141732296017047,0.0022232447905853174,0.002240945924792363,0.002273150472124701,0.0023338199773046456,0.002458164068533731,0.0027031190249569123,0.003067818867551749,0.003429637041619699,0.0037076998061550035,0.003973183650370363,0.004807782521586243,0.012018463962208443,0.05850625888708128,0.08568475092861207,0.08592839779984437,0.08494232264884766,0.08413368462409439,0.08364733282155688,0.08342423463639871,0.08337415911778746,0.0833769992006241,0.083374449723537
4200.2,1512.7931041209165,109.4,0.0021327604129011725,0.0021359211810479607,0.0021440859981563818,0.002160501706216782,0.00219214200375955,0.002257779650548043,0.0024078206500598126,0.0027284601633168377,0.003226247681648857,0.003703990158435781,0.0040226483941253706,0.004266999372191881,0.0048491093888519,0.010251456103569838,0.058389627420611954,0.0951064389636633,0.09290629637451774,0.09022729785484487,0.08858724241976118,0.08779089959900875,0.08752467313420009,0.08751984710321314,0.08754486324498935,0.08754036652370191
4200.3,1515.8245559182617,109.4,0.0021365888351175828,0.002139713202813636,0.0021477898511855537,0.002164007377348964,0.0021950340692160216,0.0022582636973088677,0.002400072884641705,0.0027032625153341535,0.0031869803206270976,0.0036723090678863883,0.00400726011642718,0.004266271006272483,0.004877884832431216,0.010362583894946466,0.058165038583163874,0.0948676181783576,0.09272064008300798,0.09002871096470466,0.08835340749188612,0.08752717633852798,0.08724720465378709,0.08724038854256601,0.08726655156679099,0.08726238571738826
4200.4,1518.8572115202282,109.4,0.0021395568171667318,0.0021426327295962205,0.002150591367071577,0.002166552186149729,0.002196868849383723,0.002257595671999056,0.0023912567397349283,0.0026771288875277136,0.003146001318649134,0.0036382874441142914,0.003990590684875192,0.00426578957718073,0.004908473433525634,0.010465989134461218,0.057826652087419265,0.09465139558692277,0.09256391225754314,0.08986028775033705,0.08814941135175261,0.08729327971850687,0.08699973789271456,0.08699093170168974,0.0870181971283403,0.08701435072435694
4200.5,1521.8997926612155,109.5,0.0021155800829928627,0.002118557562334553,0.002126265177004695,0.00214169894128395,0.002170872096276568,0.002228821039643174,0.0023559800777964283,0.002632370685498619,0.0031021243441818687,0.003616310795383153,0.003993091706587132,0.004287142294684473,0.004956567526705695,0.010499569780405256,0.056529709681515924,0.09423098791881135,0.09238608631562892,0.08978909620590339,0.08811464653708519,0.08726406397519665,0.08696531094794599,0.08695143008148408,0.08697712959967438,0.08697322791596748
4200.6,1524.932448263182,109.5,0.0020766092807732806,0.0020815612077699727,0.0020947240864055082,0.0021209722775781628,0.0021675545639989993,0.0022452724991164743,0.0023702273424470125,0.0025661168761734717,0.002866679544956987,0.0033188465808229642,0.003996568016334733,0.0050736180701647406,0.007190239649564358,0.013654955623040406,0.04037290131760627,0.08680785606117987,0.0920136957767185,0.08051002625435497,0.06934670106180253,0.06015602006178681,0.05235401280931611,0.04551472215030002,0.0394965739196989,0.03613852315081347
4200.7,1527.9639000605273,109.5,0.0020930689804835654,0.0020973669174347027,0.002109049027696926,0.0021328099894842864,0.0021757105598024956,0.0022483611182700387,0.0023667405215483045,0.0025547692921307403,0.00284740015904135,0.003294602726399479,0.003975124575327403,0.005067452257494521,0.007214388265992589,0.013702839389845626,0.040151535468333166,0.08633429708931065,0.09219237133105446,0.081072238222452,0.07002797611630135,0.06083420800886484,0.052977928989894084,0.04606446863451167,0.03994397780415565,0.036372130384503584
4200.8,1530.9965556624938,109.6,0.002079177105230389,0.002083225861373048,0.00209433986043175,0.0021171431702659248,0.0021586314996425533,0.002229373640793438,0.002345395082980837,0.0025309318838694916,0.0028218790809476377,0.0032701216293467422,0.003956872671545392,0.005061631011048541,0.007220877590467589,0.013656140466268825,0.03958756725161346,0.08566481195996926,0.09236482316773763,0.08171418579403732,0.0708465618724403,0.061669260934948525,0.053743082855216555,0.046724119903111865,0.04047001249464822,0.03665771914987517
4200.9,1534.0391368035969,109.6,0.0021018965756048683,0.0021052503997658067,0.002114803594020618,0.0021350169088765396,0.0021727272880339827,0.002238339878933519,0.0023477354724891326,0.0025251929639681083,0.002807334733018375,0.0032482505110961097,0.003933035212814604,0.00504506813388913,0.007221655550001191,0.013665918534561386,0.039431752605139085,0.08540594327646282,0.09256771512732069,0.08230852553264434,0.07164942272833062,0.06252839390396914,0.054572036315166494,0.04748757402971028,0.041133472462728096,0.03707789679975727
4201.0,1537.0705886010526,109.7,0.002644249567402526,0.0025322385523968895,0.002333464424714242,0.002101144801415641,0.0018964243565191502,0.0017731755452684377,0.0017858350693480548,0.0020183700622584677,0.0026428404093491076,0.0039465506096655854,0.0057338426805466644,0.006053817666079525,0.005458429890200911,0.007444687570925406,0.027200469298538782,0.1776983379348369,0.05896220410721343,0.04214744730594943,0.04331011905886631,0.04268768940047789,0.03762708681548312,0.03424660615127944,0.03350664643274669,0.033775764782615715
4201.1,1540.2031275074537,109.7,0.0026851945332425522,0.0025669407164941186,0.002357469712782563,0.002113591079271665,0.001898653810253882,0.0017672871023414432,0.0017730274580428896,0.001998338434927742,0.0026146283639337554,0.003916609737411313,0.005738189692611425,0.006093051423226491,0.00547336964031236,0.0074007786389860535,0.026726889421990148,0.17662611556143143,0.06012945719880881,0.04428257158755093,0.04658654619584689,0.04519242177207267,0.038601980189148774,0.03455641351152611,0.03359548764772012,0.03378892307973195
4201.2,1543.3456265129673,109.7,0.0027240923229992177,0.002600057473671765,0.002380863114657312,0.002126650013075373,0.001902882744333944,0.001764919960359594,0.0017657187722110797,0.0019869120018989853,0.002600230306360059,0.003906670939656059,0.005755361633363901,0.006120002136542866,0.0054697882221310164,0.007342202251112806,0.026303755706374627,0.17622638490115483,0.06097582707909769,0.045639719019949676,0.04846090371037487,0.046364886219465745,0.03896093047979156,0.03464386776714348,0.033614480365891646,0.03379347944911483
4201.3,1546.4772874141877,109.7,0.0022272656550203496,0.00223021754435894,0.002237780983960272,0.002252513531841443,0.0022785609791552957,0.0023235742830034064,0.0024042496053659898,0.0025578784790955766,0.0028347673439060445,0.0032174681293207453,0.003595375882995359,0.003967303983817841,0.004906221169754348,0.011505026189917838,0.052946163001454404,0.08760441022347686,0.08864421978983203,0.0879546922444558,0.08726196804401912,0.08676245390152038,0.086495761038477,0.08642630113790727,0.08642428195337458,0.08641997733218662
4201.4,1549.6098263205056,109.7,0.002167282653348304,0.0021688773148521245,0.0021738057877318476,0.0021852011551190004,0.0022089346045042696,0.0022571648313933633,0.0023572072165325697,0.002566722187745009,0.0029618395809566894,0.003521787242694703,0.004061027169348719,0.004510750537789226,0.005265662794528108,0.009415897927680904,0.04966945462751395,0.10610507211711909,0.09962511382704187,0.09430845389069903,0.09139036109256328,0.08993934448431282,0.08943765474671148,0.08944603225365537,0.08950773993993384,0.08950639698377874
4201.5,1552.751450104521,109.7,0.0021840565121312647,0.0021850870031121464,0.002188757746034417,0.002198017487178622,0.002218454478969675,0.002261833234808878,0.0023559590167559225,0.0025642935939972993,0.002979435310716745,0.0035860999085827877,0.004158922867421839,0.0045981860715002525,0.005261263226318632,0.009005131532320283,0.04849709292260316,0.10903015465703526,0.10048128161615383,0.09428917879322442,0.09087499146535194,0.08916980643023255,0.08860083493926003,0.08862666113899156,0.08870482418336739,0.08870564811766003
4201.6,1555.883989010922,109.7,0.002265392485448105,0.0022681895940887507,0.002275412773238872,0.002289570085355982,0.002314699235826877,0.0023581829902715144,0.002436673353409252,0.0025926737288804063,0.0028971496299698522,0.0033410226885488086,0.0037646877219414286,0.004129205052827105,0.004913089596389922,0.010605500267701682,0.05134175030076087,0.09171354753173006,0.0923224788908595,0.09117542222787876,0.09014252228964273,0.08945400956502161,0.08913774040617979,0.08908211401011666,0.08909235322129011,0.08908917041995752
4201.7,1559.0156499120621,109.7,0.002278994670817748,0.002281687556553824,0.0022886870215488263,0.0023024886085775812,0.0023271307258176358,0.002370044567179526,0.0024485575027780888,0.0026096786900736014,0.0029365277562534383,0.003418897407792034,0.0038643665452221592,0.004220643235391474,0.004924849692626886,0.010149068741098888,0.050539421843436017,0.09416602380195271,0.09420381584199904,0.09263300394368121,0.09133990025740464,0.09053109148944652,0.09019066337917539,0.09014745597694783,0.0901654822388037,0.09016234637127314
4201.8,1562.1481888184633,109.7,0.002300793342318502,0.0023034529345721234,0.002310394753939761,0.002324136987443145,0.0023487672297472,0.0023918745767677286,0.002471550811259595,0.0026381500937317165,0.002980439582937633,0.0034804283059541967,0.003927006090534777,0.004268521392034689,0.004911771349106581,0.009809268981122141,0.04996300120497471,0.09612278900002465,0.09567779121208403,0.09380622516104514,0.09233845858234002,0.09145194261866507,0.09109818446971972,0.091064318919329,0.09108718376704442,0.09108386846537914
4201.9,1565.2898126023986,109.6,0.0023623412412195014,0.0023650105722060315,0.002372021800047669,0.0023859759262201286,0.002411094988992918,0.0024551733023823723,0.0025363749546139084,0.002703362186071265,0.0030374303782962435,0.003513955479079659,0.003935344545776245,0.0042574003809517464,0.00486148098974102,0.00962236445762107,0.050427792852064404,0.09772837518161359,0.09665966991653828,0.09446451300260193,0.09282968128849033,0.0918769487748587,0.0915148057960333,0.09149091213711809,0.09151900008488184,0.09151595248826071
4202.0,1568.4223515087997,109.6,0.0023933622455720323,0.002396100615881316,0.0024032928746576007,0.002417614041266267,0.002443430654916143,0.002488896105766401,0.0025732454636369553,0.002747101137996389,0.003088266855094168,0.0035573419106973807,0.003959197591041868,0.004262462833780477,0.004824355450480767,0.009385141111955457,0.04999422751258786,0.09862973049161747,0.09716746946961276,0.09477703565385769,0.09303940873290253,0.09204448247812141,0.09167593067449324,0.09165761512370729,0.09168884688690454,0.09168597631448944
4202.1,1571.6463242133782,109.5,0.0024385073759542663,0.002441306448654954,0.0024486711505896574,0.0024633646306562408,0.0024899161516311356,0.0025368270266921404,0.002624129536973053,0.002802844938412676,0.0031442478088312604,0.003596776796025056,0.0039753362467895145,0.004259671609599033,0.004781796567138764,0.009168120401298236,0.04988773629319545,0.09970106503764709,0.09772663464167564,0.09512584474797031,0.09330445893478503,0.09228322916489498,0.09191341878131255,0.09190083511820892,0.09193468421224929,0.09193191748727415
4202.2,1574.870296918073,109.5,0.0024054472606014955,0.0024037703480050262,0.0024035312939968225,0.00241061636461733,0.0024345765725110437,0.002489775399365974,0.002597145613879245,0.0027861152813858474,0.003093265015532948,0.0035517706316506373,0.004182796986532587,0.005053456893384311,0.006569617483829048,0.01108904863966287,0.03538155758450166,0.10866157316717494,0.10252425601944748,0.08017633910024571,0.06462649547396325,0.05363678775827822,0.0455142524158078,0.039425889372019005,0.03573188699681193,0.034732377867300816
4202.3,1578.0937888134642,109.4,0.0024483383233181726,0.0024464482090232305,0.002445911909078159,0.0024528559599163017,0.002477176339066034,0.002533668315019922,0.002643694057387931,0.0028367687583706154,0.00314795749955603,0.0036051199738673374,0.004220251981328182,0.005052343873578949,0.006498947730509517,0.010874894751398637,0.035138177776862456,0.11067795108517614,0.10237027086411449,0.07918466136646146,0.0635713302059933,0.05269348383526457,0.04472814549911714,0.03884781582616288,0.03553545090104759,0.034672734273147404
4202.4,1581.307773878739,109.4,0.0024336207094914136,0.002433175677352508,0.0024358774566627067,0.0024481279526455168,0.0024800482367085346,0.0025467046626857916,0.002669779172060022,0.002878548645254952,0.0032051527253951833,0.0036689844105315056,0.004269895003691478,0.005059436354733853,0.006429762918131847,0.010631545714281097,0.034522200450872426,0.1120070341352351,0.10246050427231232,0.07856301699109708,0.06285608218991239,0.0520619649267646,0.04420829786839879,0.03846516263060981,0.03540902333757959,0.034632682421460316
4202.5,1584.5317465833175,109.3,0.003168836976289071,0.0029997468538851208,0.0027121114767436434,0.0023945503076699,0.00213275144184067,0.0019928196043135053,0.0020398309046361124,0.0023865902121579445,0.003270005493817365,0.00496655344805078,0.006467703451571401,0.005549929719450869,0.004484730760972404,0.005798699116956612,0.020258946540485816,0.19487939029452345,0.05805130253309286,0.03889484723056677,0.03722081012417402,0.03513248257926224,0.03175225011831857,0.030466404668076152,0.03154880380909357,0.03301253898495382
4202.6,1587.7557192880124,109.3,0.0031208295105948983,0.0029596105020619737,0.002685355067158952,0.0023829286177329424,0.0021356778075891066,0.0020103697201150025,0.0020756311969188884,0.002452093402839534,0.0033891973518189416,0.005143952891033638,0.0065255462530570555,0.005427804122865116,0.004340553220116942,0.005597663387233088,0.019514804583502524,0.19730467100908167,0.05711148731834556,0.0375965648403643,0.03595027931601752,0.03439847107761693,0.031463486463274425,0.030352515592100966,0.031495058565808746,0.03298961729437487
4202.7,1590.979691992591,109.3,0.003072136303510525,0.0029187797434097615,0.0026579637103479868,0.00237086771571847,0.002138636979285822,0.0020288132348041292,0.0021141178234960253,0.0025241429547364696,0.0035223212754628926,0.005339068200461239,0.006576233555869235,0.005294410685001065,0.004185291812807079,0.005386212656015453,0.018831588674798713,0.19997417483141136,0.05589085808346541,0.036310329074346316,0.03490882094551818,0.0339894702387985,0.03146483678270461,0.030446650792466314,0.03156356242197262,0.03302979954890785
4202.8,1594.203183887982,109.2,0.002454894562025477,0.0024582125619122125,0.0024703035913376105,0.002499877380397131,0.002559851006979603,0.0026682804667902613,0.0028484172112680723,0.003124593236331037,0.0035077879214282055,0.003973444117096729,0.004474331690776833,0.005073491084341436,0.0062782376876673795,0.010298545161518619,0.03163841784482489,0.12144476409985738,0.10348472685926233,0.07225535919334415,0.05494847288695279,0.044267883624003426,0.0376399456398429,0.03503851850878189,0.03438697999577332,0.03431160702914327
4202.9,1597.4271565925606,109.2,0.002421195699169956,0.0024278271958291615,0.0024472241415436466,0.002488658140029593,0.0025655084042408797,0.0026961043273856468,0.0029030807427963914,0.0032070307229009115,0.0036084712252262424,0.004066180760839452,0.004523208566494702,0.005056045150231359,0.00619230510749244,0.010120462433155588,0.03133213267691735,0.12268186993537976,0.10317066353880765,0.07152969707966803,0.05436728252570531,0.04389970385470767,0.03747213030452739,0.03499173027100707,0.03437562962675805,0.0343076706498767
4203.0,1600.6511292972555,109.1,0.0024372816359111236,0.002446328464899788,0.002471177699583162,0.0025217276513376627,0.0026119558874013026,0.0027605068038236468,0.002989006241822497,0.003313089635218861,0.003721218598060985,0.004156134515709861,0.004556575808914397,0.005019124476932041,0.006092942282367102,0.009961178920041601,0.0313723531773018,0.1254899460373282,0.10271555880499605,0.07065672141264773,0.053791789108685775,0.043609151255135446,0.03737926896613389,0.03497605970741579,0.034374345737561304,0.03430726588416394
4203.1,1603.9413724492858,109.0,0.0024308526529825663,0.002442658825529818,0.0024743722526595338,0.0025375522378945697,0.002647873278815067,0.0028249899364257572,0.0030891775310537177,0.0034492504053576863,0.003875702240006085,0.004277827512168921,0.004572825290758864,0.0049114568494122175,0.0059751871802388905,0.010107656467158022,0.030427572205674564,0.1320953888487245,0.10042021660244535,0.06201590481820216,0.04500093425534752,0.037780249192401825,0.03490294692855328,0.034055715065393274,0.034053599370754147,0.03419193799863673
4203.2,1607.2417512154714,108.9,0.0024257417230414092,0.002441343649478224,0.0024815394193921573,0.002558754612441706,0.002689385435879803,0.002893173131092695,0.003188267652705695,0.0035754815424510677,0.004007272290181015,0.004372075455418182,0.004593456871909075,0.00486332540626281,0.005887753111837211,0.010004859182798706,0.030435408870435807,0.13379828710871228,0.10042190945862826,0.06181106965061669,0.04491662247045071,0.03778844639704371,0.03494212839865264,0.03408805885144843,0.0340683814416243,0.034195964663508154
4203.3,1610.5319943676182,108.8,0.0024119354954836346,0.0024307237596341374,0.0024784993401242234,0.0025692712398280287,0.0027215281772616636,0.0029572997784170535,0.0032953692278968453,0.00372959405093188,0.0041875105979097575,0.0045176830793660005,0.004635186167274505,0.004782337248526179,0.0056951479828948465,0.009647839849207198,0.029926649854815232,0.13964859205435676,0.0988015059098542,0.060069132465817535,0.04407989189732316,0.03748524863722886,0.03484971481773269,0.03405844958268504,0.0340569115175271,0.03419110825062499
4203.4,1613.8323731336873,108.7,0.0023981951255338816,0.002420607281257696,0.002476760234230494,0.002582102786742779,0.0027569104823526387,0.0030248837965561057,0.003404111284568404,0.0038791306523111345,0.0043512427772381115,0.004637264991178044,0.004663002229986234,0.004724330658285817,0.005576374126605659,0.009463990493772936,0.029773456100634418,0.14295164308949063,0.09817758217226427,0.05930891203993009,0.04370797724406458,0.037370946029321346,0.03484385537529843,0.03407555318954242,0.03406696881964417,0.03419372211538056
4203.5,1617.1326155490729,108.6,0.0023799844367298406,0.0024059396573678903,0.0024704519823145078,0.00259075558618014,0.0027895859183693864,0.0030933858031669714,0.003520584848066368,0.0040453756529660705,0.0045363189549696755,0.004770308025012645,0.00468865498107148,0.004650938938392461,0.00542853681555158,0.009224605598971822,0.02955691832124082,0.14762284056498207,0.09713562290743219,0.058327630112111534,0.04328648036202019,0.037258279747055464,0.03484131626760963,0.034089424481728574,0.034072895492003305,0.034194105810598244
4203.6,1620.4228587011032,108.4,0.002413684521834467,0.002442597704215236,0.0025143042385710386,0.0026478738273399338,0.0028685287554480196,0.003205246086177973,0.0036757004444655755,0.004240360533384374,0.004730103537187506,0.004886114803909407,0.004684158961254243,0.004552513294334745,0.005267958028762211,0.00900295418563982,0.02961800724482152,0.15402817412799574,0.09441098743077658,0.056287344392508924,0.04235133367032783,0.03692789162249429,0.03475418989641316,0.034069514005804775,0.034065814139046566,0.034189890147082735
4203.7,1623.7232374672888,108.3,0.002385137381387066,0.002418254133894913,0.002499957673682939,0.0026517465133106483,0.0029024640912529813,0.0032853633153181803,0.003818642201408083,0.0044454353002414725,0.004945090029735649,0.005012815700788478,0.004675978011047201,0.004445669037612551,0.005095706907569753,0.008744990002792639,0.029434046108488772,0.15947883992917009,0.09228443709777709,0.054814337604104445,0.04175265513442867,0.03677556064713394,0.034753378568971115,0.03408446351076278,0.03406868503724663,0.034187061462238606
4203.8,1627.0134806194355,108.2,0.002345978442340184,0.002383500593077082,0.0024757478839272495,0.002646999991482981,0.0029304494589625445,0.0033647729164405977,0.0039691138264752205,0.004664954011516625,0.005168359873377735,0.0051291497725135795,0.004650719942537306,0.004329968954371095,0.0049248301453234345,0.008499413287434383,0.029291277232452922,0.16519596691909558,0.08996021527886885,0.0531706346961795,0.041004541470713037,0.03652603063323901,0.03470446862681226,0.03408117248877503,0.034066307223240624,0.03418322454779685
4203.9,1630.3138593855188,108.0,0.0023634214825621045,0.0024047137345771783,0.00250623625065483,0.0026950899409837956,0.0030088012639501636,0.003491092167781176,0.0041602337448204225,0.004910172617551557,0.005387336665418749,0.0052122018976721845,0.004590201568290777,0.004192325820896949,0.004745245273900184,0.008276079969634689,0.029492890860186954,0.1730844962731222,0.08620795494315303,0.0506947019388937,0.03983036963172815,0.03608721674229931,0.03458260264497968,0.03404664118647305,0.03404999975960744,0.0341733640496006
4204.0,1633.6141018009043,107.9,0.0023075991166840557,0.002350785651812661,0.002458307091452947,0.0026618364176992414,0.0030079256468681674,0.0035559504337133395,0.004340696050332816,0.005234394282357877,0.005753688446942083,0.00539452095923264,0.00451176832791297,0.003937636023738169,0.004336553361502414,0.007538071468077542,0.028430013914738893,0.18833322054839974,0.07930276114835093,0.0467481282269031,0.03777422888853088,0.035220310261945505,0.03428849990032901,0.03393069970292131,0.03399524577292491,0.03414907575162725
4204.1,1636.9441618603837,107.8,0.0023042188959840736,0.0023460531809536764,0.002451673661849557,0.0026576743911219856,0.0030242618427674902,0.0036323543435097957,0.004510940746297257,0.005439610335873161,0.005885533816816124,0.005459766547235811,0.0045385482001005905,0.003936865797243552,0.004218725706594847,0.006975059332706499,0.0296135517426777,0.19258373093198017,0.07956306711485492,0.04738121883478561,0.038132613435293776,0.035448042901893795,0.034417249334173235,0.03400605149953561,0.034032899874902676,0.034163560792536095
4204.2,1640.2742969928538,107.7,0.002286056684505696,0.0023290539154078413,0.0024381030099879714,0.002652542991022569,0.0030392344180284127,0.003691805402903544,0.00464739706344207,0.005649501394044854,0.0060859076603622594,0.005546506174628246,0.004505139330313469,0.0038482698903175637,0.004099283163641081,0.006803607953026633,0.029823999077238365,0.19946895821034863,0.077230703942459,0.045483087088016495,0.03711429376816975,0.034902870031367134,0.03413617029297711,0.03386167511825261,0.033969675591234615,0.034140017265859905
4204.3,1643.6043570523277,107.5,0.002355633880508052,0.0023887868860887475,0.0024797974778234745,0.0026688867747418836,0.0030229230109788084,0.00365008429867115,0.0046834145515882875,0.006059622778193312,0.006886297524441388,0.0059652160617596935,0.004286456693563325,0.0032555676084821696,0.0032980187813317135,0.005813851965147525,0.026752035933657693,0.23385483389292347,0.0545702641968645,0.03159609861618976,0.029085390400459547,0.031121270493985116,0.03268370311315804,0.03302938028133382,0.033389858492474715,0.03381110896201948
4204.4,1646.944491780119,107.4,0.002352525866305136,0.0023855063521338567,0.0024769311923968484,0.002668586197637775,0.003030907941380635,0.003680176030019096,0.00476484345165448,0.006226389063802586,0.0070829525724123805,0.006038869793241863,0.004254752287541479,0.0031924892628259773,0.0032259083392808256,0.00574066476262007,0.027201081962332434,0.239130835062239,0.05259135681561526,0.030183100952128505,0.02777960521940364,0.030035738095941684,0.03201493449903548,0.03268279499865858,0.033227960719219456,0.03374057121964193
4204.5,1650.2746269125892,107.3,0.002338784346017466,0.002373740705558758,0.0024700058428805743,0.002670919560073703,0.003050035715374914,0.0037295138288400936,0.004865391175401096,0.006384543292909556,0.0072105872146383575,0.0060312792166507785,0.004204929261512241,0.003178132448410234,0.003262827779293104,0.005856507537118821,0.027676100077087526,0.24094314265194014,0.05273491250271799,0.02933995226706632,0.026093464437061203,0.02810705379342391,0.03062289301236404,0.03195322402361308,0.03290928261896683,0.03361852459535143
4204.6,1653.604686972063,107.1,0.002387544891511146,0.00242468099390673,0.0025264424471498374,0.0027379500691904622,0.0031356574617126018,0.0038450618354578347,0.005018132926393774,0.006539290324052311,0.007254351384591789,0.005961977814101869,0.004142032155273849,0.00315362699472338,0.0032830538613939603,0.006021480316987384,0.02941850929002114,0.2425976654254506,0.05171847473586504,0.02814272539347095,0.024429385037795997,0.026120193213205398,0.029023209092443467,0.031091248650531884,0.03255712950074263,0.033487274699871804
4204.7,1656.9348221044168,107.0,0.0023651234128745573,0.0024067056218481622,0.00251830484881435,0.0027466806990962753,0.003171546920887881,0.003922641066836685,0.0051481441039632194,0.006684043893720259,0.007292638969108505,0.005898731495092765,0.004091640728526902,0.003140959270042958,0.003312589587126638,0.006180762681149768,0.03082148177031795,0.24229095915210688,0.051269871980841,0.027356617194716736,0.0231698420885065,0.02445033262430297,0.027496246675200703,0.030215583228004935,0.03220949911287165,0.033365232298686105
4204.8,1660.2748819842006,106.8,0.0024142944022078117,0.0024588032873833925,0.002577516928598512,0.0028193245666530893,0.0032670778563469133,0.004053542122533102,0.005317396252935577,0.006835346187062883,0.00729646433295034,0.005794317282465652,0.004010543642477314,0.0031063544334559933,0.0033275164696819465,0.006360881834364936,0.03299118862916482,0.24271086501086614,0.05004214553617459,0.02608171707039474,0.021518779971200684,0.022394189367991302,0.025480674231362167,0.028884791002919488,0.03159099309118863,0.0330830814464085
4204.9,1663.6050171165543,106.6,0.002448894299386626,0.00250464184148721,0.002647065600848923,0.002926511746567037,0.003425328002965084,0.004261355504111598,0.005505657987855953,0.006803815913849588,0.006991549543220469,0.005613817541052986,0.00406337378425055,0.0032866697500463127,0.003634503961016605,0.007103369181785523,0.03623808415809599,0.23192651549146412,0.055465291289634816,0.02942712229636049,0.02390493660404545,0.02392002948909601,0.026222552422108473,0.02929800443374645,0.031961168773901004,0.03335429026111422
4205.0,1666.9350771760282,106.4,0.0025101181976735975,0.002566281863976835,0.0027109993612364244,0.0029965854582647143,0.0035087493107608496,0.004372217151658291,0.005664936031376541,0.006995637311608428,0.007064734235799051,0.005501885510613411,0.003934464628742156,0.0032369827246510204,0.0036816641146460347,0.007303283555171942,0.037993436968553285,0.23411098276855705,0.05385448318367056,0.027675925655844657,0.02129562251712945,0.020680494855858007,0.02288678762321771,0.026608178016283762,0.030383478142796017,0.032508568724399584
4205.1,1670.2551374165137,106.3,0.0025360781505353903,0.0025941050663902585,0.0027435488742826365,0.0030384597639467313,0.0035674522612061748,0.004458401665042132,0.005783203835826122,0.007107334183857371,0.007083379842299324,0.005444610234789185,0.0038760088391797945,0.0031990294358508952,0.0036719636841243512,0.007418232717959978,0.04015098744014069,0.23356220280065476,0.052492798914798064,0.026701006749131177,0.02034203450883365,0.019631310845660502,0.021763849506339677,0.025605130713321503,0.02975563100240638,0.03216120830814135
4205.2,1673.5851974759876,106.1,0.002643367860587736,0.002707486030108191,0.0028698716329689277,0.0031854986102238495,0.0037409273954048263,0.004645014605967384,0.005902721915951016,0.007010319285010561,0.006851616658476448,0.005367103510845328,0.003922646942999016,0.0032680224645577536,0.003765715667732314,0.007843066914569465,0.044687527869572086,0.22589656173410386,0.05397496690271562,0.027931886598613953,0.021859635557899493,0.021285179683334893,0.023261638546501175,0.026743844423413658,0.030566604426026035,0.03268098498000308
4205.3,1676.905257716473,105.9,0.0027548217162424913,0.0028205478144165104,0.0029872300371391177,0.003311264966933553,0.0038798896961046276,0.004797674464403323,0.006047249545358286,0.007080383851373862,0.006797786053956064,0.0052593812782829995,0.0038309741830671695,0.0032026621399816775,0.003732579510634861,0.008013206570230774,0.04905736538173143,0.2254370444360051,0.052679517340314994,0.027190295849611752,0.02127422796779396,0.020735036715017783,0.022706831010634945,0.026211858817399555,0.030181993905345008,0.03244763408265691
4205.4,1680.225393255826,105.7,0.0028693441254367845,0.002937871574738831,0.0031113845636764914,0.0034475357169942117,0.004033288520479915,0.004964681499428386,0.006192014006755828,0.007118907993891752,0.006699470821402054,0.005131482950597552,0.0037426345693196143,0.0031529216230540827,0.0037259631697620504,0.008237041209178701,0.05373503718569859,0.22384327557275072,0.052865095337343876,0.027611023042431133,0.02178428074587126,0.021299532108701176,0.02327049970078948,0.02667487278727163,0.03043043610873322,0.03255109477111923
4205.5,1683.5454534961893,105.5,0.002976370095275024,0.003048600565672577,0.0032312562327710794,0.0035835369333670404,0.004192862827591351,0.005149855595353919,0.00637566482671447,0.007198020763728954,0.006572634310161523,0.004920502406193899,0.003613410994866372,0.0031522973460875636,0.0038804239835522674,0.00873629848186957,0.05858965439986228,0.22323205296207213,0.05443983396386714,0.02875862662637042,0.0224957565319682,0.02182060280083651,0.023724453303152912,0.02698794457759103,0.03045668946790549,0.032476543909002446
4205.6,1686.8655137366748,105.3,0.0031077718346841946,0.0031874295521134525,0.0033854080643694003,0.003760147647234498,0.004391348678705801,0.005340043932000403,0.006462204543097569,0.007072442883904612,0.00634971967043911,0.004814218980745784,0.0036232255154448867,0.003220687349490603,0.0040267954640363654,0.009291552042955072,0.0629334151658921,0.21834713525446472,0.05890315689143664,0.03223687890095978,0.025724359908972934,0.024887242577690673,0.02644121054784777,0.029031709459272387,0.03162924980296823,0.033115629633276446
4205.7,1690.185573977038,105.1,0.0032428420735746088,0.0033275417131532507,0.0035363764445255014,0.003927480783676974,0.0045751431780013145,0.005519074563991908,0.0065681356636581685,0.007021030060103785,0.006192046910514684,0.004690631618971528,0.0035700167527055824,0.003222389775788955,0.004099395371646884,0.009682406921127207,0.06803567932382448,0.21629946556561605,0.0614134799508105,0.034358904648448464,0.027785828972997025,0.02681470133259883,0.027999490549195392,0.030028447742902472,0.03211657876717637,0.033350722017097094
4205.8,1693.5156340366339,104.9,0.0033955044202979125,0.003484593435534202,0.003702351491078452,0.004105120588020859,0.0047588237256811685,0.005678470443209267,0.006631769845150923,0.006930709347319107,0.0060324510923556625,0.004588198356583849,0.0035419333131078926,0.0032509960659114706,0.0042078393430055715,0.01014028518845873,0.07295431060279974,0.2132842369064764,0.06426780915071743,0.03666109649432533,0.029891973640511636,0.028622850155843586,0.02931423221311097,0.030808538640824494,0.032491973525219105,0.033529835109655404
4205.9,1696.8356942769972,104.7,0.0035586007113383696,0.00364991192562176,0.0038720083905331468,0.004279148339985658,0.004929363130124811,0.005817602388157161,0.006683789560367379,0.006859594973699735,0.005905485283746178,0.004494862943308596,0.0034959284053002336,0.00323959424589716,0.004242905908739342,0.010433931275907348,0.07820540039435542,0.21049660861878047,0.06558093996715214,0.0379138332944779,0.031050404210778346,0.02956610825878947,0.02993670000517644,0.031140135923794762,0.0326412603458957,0.03359530463067445
4206.0,1700.155754517477,104.5,0.003721150339672677,0.003805875879058665,0.004016501492411081,0.004409749185562205,0.005049074458556581,0.005941311918166837,0.006833884949031914,0.007012049859282205,0.005967906781807001,0.004410635918593024,0.0032742114855368078,0.0028925556903500295,0.0037180902367319447,0.009643817420750463,0.0875570241358161,0.21081668746515347,0.05822966885399569,0.03485031997668391,0.03010071811786849,0.029633082095288473,0.030182431245638307,0.031222761182681948,0.03261225923103908,0.03357448409296618
4206.1,1703.4261367580325,104.3,0.003950337529216403,0.004041801696991472,0.004261098758563076,0.004652431440530913,0.005250104216836215,0.006009234323755358,0.006653099436820429,0.006630157158300609,0.005684647486518119,0.004396010151276659,0.0034736774268283124,0.0032630009140122234,0.004376637619754014,0.011234711920392446,0.08698139263891368,0.20315525632727627,0.06660508420167537,0.04000706777400076,0.03334216215221157,0.03162912825540771,0.031476887922425,0.032121721791631065,0.03314288286914991,0.03382603281097032
4206.2,1706.6963813972186,104.2,0.004021327429474177,0.004112776326332457,0.004332137910801519,0.004723164370026414,0.005318229432558898,0.0060674798950945555,0.006686867556401276,0.006626421821493627,0.0056518076368472425,0.004356415193727883,0.0034395867004041046,0.003235663628701956,0.004357608236277896,0.011301666759225969,0.09041095436801558,0.2001343190491126,0.06609996082848417,0.04000455090453883,0.03350459804918309,0.03183152541410363,0.03163747437817126,0.032212995704973005,0.03317863148567254,0.03383611564568949
4206.3,1709.9567648102611,104.0,0.004196110052140702,0.004275482592746035,0.004474565736101405,0.004844659201420359,0.005432255181390071,0.006208104997113858,0.0068855767509264365,0.00682531319023318,0.00570833269841253,0.004230028874228983,0.0031810188663442727,0.0028558774047885206,0.003749512824969413,0.010155116867376425,0.10364572970031836,0.1941268848473807,0.05936142387280982,0.03707928929379829,0.03238448803986633,0.03148567607734811,0.03138267881061664,0.03187873785602928,0.03290521656504309,0.03368642276432564
4206.4,1713.2271470509331,103.9,0.004274105220624527,0.0043647792936984935,0.004581585343766934,0.004964266966145273,0.005534668974965295,0.006223166542501398,0.006731739715587511,0.0065515122247162836,0.005531664268549625,0.004259532436352025,0.003370535357120592,0.0031775998766673825,0.004314252460739374,0.011552469883234455,0.09926913227252603,0.1901977800269116,0.06529238764828905,0.04028882088151101,0.03402290898150794,0.03234746111526915,0.0320315013639818,0.03245295870238337,0.03328883374557222,0.033879427295426534
4206.5,1716.4975292916051,103.8,0.0043308955849633,0.004425081858865306,0.004648547336461792,0.0050392298182275,0.00561342024305855,0.006289294546152562,0.00675572079829123,0.006518898896496716,0.005475010889541427,0.004218691130930867,0.003355483875713137,0.003186351956986006,0.004360170490153218,0.011763364320449382,0.10118786046026683,0.1859065151897823,0.06468973893446729,0.03987722259478274,0.033646040550723365,0.03207897860323293,0.031910292412385896,0.03243184880881732,0.03330051506620774,0.03389045146883498
4206.6,1719.7677739307912,103.6,0.004988121895229348,0.005005491835950842,0.005069338839639055,0.005297588252351119,0.005667275059662052,0.005866867181569513,0.005921353971948639,0.005898063710386481,0.005665992090076396,0.004782781966827219,0.003980174944094217,0.00373882431298169,0.003664780787889612,0.005630784203492392,0.1642649067913067,0.0947666933452855,0.08078576502187249,0.07581963758859338,0.07338026706667584,0.07217133934428341,0.07176314126655925,0.0717840378858822,0.07186758806278598,0.07188449313786617
4206.7,1723.0381561714632,103.5,0.0050906611087016005,0.0051090032755702845,0.005173516007448319,0.005376713895042536,0.005673922968402405,0.0058339405564240155,0.005881149062069812,0.005852622582795592,0.005613799043548581,0.004785896228157827,0.0040585794167862545,0.003831091340172517,0.0037566872167242417,0.005882346125536191,0.16493047927322954,0.09259983056654146,0.07884612289556622,0.07407451244486438,0.0717478843713789,0.07062489085300774,0.07025638089725261,0.07028072954562188,0.070360594268328,0.07037698128231692
4206.8,1726.2985395844034,103.3,0.005251538917320265,0.005288073375918061,0.00538305984550602,0.00555190892026032,0.005760003103861184,0.005933705835075039,0.00602355319787614,0.005970425038235635,0.005572453287155247,0.0046920307933626376,0.003913248084287636,0.0035206565564872092,0.003272075605070851,0.004042511323111847,0.17747194514303355,0.08759723364201015,0.06941141346032263,0.06352367506248442,0.060676862307671484,0.05915125393678353,0.05853789037445873,0.05850032336625706,0.05860101938553942,0.0586330190645369
4206.9,1729.5687842235895,103.2,0.005320406540868519,0.005356554590660304,0.00544771017917149,0.005603874215179047,0.005792095001968308,0.005948385879847639,0.006026038903889362,0.005958198122597159,0.005538453442972693,0.0046712417361719155,0.003928573502914424,0.0035514783271333138,0.0033020741235820143,0.004171730525177031,0.17971585084926311,0.08520678957889148,0.06743812542731399,0.06181824546052546,0.05908478136366323,0.057627816748521014,0.05704059095953662,0.057000918276047606,0.0570970978092236,0.05712863508395574
4207.0,1732.8391664642616,103.0,0.005650981047334746,0.005668201850168162,0.0057038595778527755,0.005753451027274113,0.005803212395207643,0.005829899154747866,0.005798937247129433,0.005653458800625967,0.00530056248413044,0.0047762486102563674,0.004343200829602343,0.004091036871216325,0.0038967139829860164,0.005565286671311204,0.17415158195255076,0.08742026435496084,0.07407957627924024,0.06901603776246673,0.06653256371851288,0.06540073616859103,0.06509726448340976,0.06517301248764122,0.06526003798042943,0.06527133278039797
4207.1,1736.053664869882,102.9,0.00500924515385051,0.005113780727169053,0.005356657001457846,0.005764322362291548,0.006315743196406825,0.006849193871861451,0.006975432265833122,0.006305264397245885,0.005019406495545352,0.0037683403140050882,0.002992110935486347,0.00288605721114203,0.004099763084784192,0.012128872031052177,0.13360112812402486,0.15271983240276973,0.05582747624498048,0.03567655941529808,0.030913633318256025,0.030219015161492783,0.030741825110528972,0.03178783562836209,0.033019280476488395,0.03379131804978234
4207.2,1739.278149324883,102.8,0.005093409169376152,0.005198481122817484,0.005440742335335051,0.005842610126197691,0.006375319428574769,0.006868430758068963,0.006939094700197479,0.006234587429671202,0.0049597301511396154,0.0037404814324906075,0.0029922111847536276,0.002910610149460428,0.004168727935112437,0.012410610164985887,0.1359916981951761,0.15113180901774,0.056783453037066875,0.036580070889668116,0.03161533364531563,0.030670224847630854,0.03097652505753216,0.03189483168030706,0.033063813435482516,0.03380947816194899
4207.3,1742.4926477305034,102.7,0.005189630717734377,0.005294265880748311,0.00553339411145836,0.005924527291311121,0.006430461894842622,0.006873446377310329,0.0068830046219383175,0.006148333598262574,0.004893729478245221,0.003713575848655221,0.0029976643484499973,0.0029444607595704034,0.004255450985757073,0.01274421081645754,0.1382616720393368,0.15012098106614902,0.058420053832878134,0.0381057612307844,0.032850070008908425,0.03151425135440096,0.031450738267103026,0.032121840401948085,0.033154011027661405,0.033841246603427286
4207.4,1745.7071461361238,102.6,0.005294330674585892,0.00539873940270694,0.00563406707496668,0.006011051509723946,0.006481761598328922,0.00686112202119611,0.00679846486883622,0.006035942584089502,0.004815896018589073,0.0036903089188099394,0.003018972125902533,0.003007062220894638,0.0043977912624062095,0.01322096832150855,0.13919693241691256,0.15011415766536151,0.06070215730261365,0.039975981974921894,0.034252945356883883,0.03244979160579846,0.03200411635640599,0.03241937735242047,0.033286960960163946,0.03389165948693742
4207.5,1748.9211312015148,102.5,0.005525767398388217,0.005622346135271418,0.0058286047860275315,0.006133684968494983,0.00646676416378795,0.006652883192074492,0.006441107174236132,0.005713172578328336,0.004694249001811955,0.003789083341523221,0.003295170676217916,0.0034772817027651204,0.00527884862584534,0.015458843426017093,0.12782937193493174,0.15504532965595355,0.06949382440542073,0.04523194055588455,0.037244280398996174,0.03418225787558929,0.03310638236243027,0.03313934351679806,0.033665401448793285,0.03405231359228582
4207.6,1752.1456156563997,102.4,0.00608031143388303,0.006080069382898893,0.0060766062946762955,0.00606445713295718,0.006034647551047283,0.005972700683291697,0.005847760925854559,0.005569510831083373,0.005056552462394203,0.004558635292386734,0.004294758055086242,0.004183073612507794,0.00415067631223546,0.008080736145886225,0.17643054844915929,0.09462355843928189,0.08470199300447608,0.0814093560307234,0.07975074250319183,0.07895471228429836,0.07872246633803427,0.07876371836921033,0.07881785060129122,0.07882237750850757
4207.7,1755.36011406202,102.3,0.006144978549716563,0.006142184969324676,0.006133087154416899,0.006111844326426867,0.006069213178486691,0.005989540568641564,0.005835202384938751,0.0055100760143151125,0.004990371810617563,0.00454771330107555,0.004321135262044495,0.004223549847844248,0.004205480303715456,0.008501970192629913,0.17438155513421308,0.09726761067454302,0.08821568793142513,0.08515244017615302,0.08368100523481248,0.08301320817132148,0.08284021031971799,0.08288932068095832,0.08293386451906473,0.08293467329781688
4207.8,1758.5746124677567,102.2,0.00622770030290755,0.006225043809300297,0.00621586650548697,0.0061934516853906435,0.006145341661293983,0.006042257035868024,0.005815553076549989,0.005398988829636103,0.004894759642482036,0.004501685719724488,0.00427281725182278,0.004164351815160378,0.004134973035188182,0.008781194772237258,0.17720537943340844,0.0966142889140936,0.08767391989682034,0.0847871469290564,0.08350120097339017,0.08291857024917287,0.08275387975296446,0.08279203218422708,0.08283144701845833,0.08283245040606453
4207.9,1761.789110873377,102.1,0.00629282656432848,0.006288327094226964,0.006275015981725294,0.006245515530705648,0.006185135271632716,0.006057399464217257,0.005786746998249919,0.005334741282737763,0.004843070385960531,0.004484195109963238,0.004278162474729462,0.004181394960595927,0.004165899685577997,0.009117980446197105,0.17594502443805426,0.09838341081902202,0.09013735898707072,0.08751829587305668,0.08644343816463027,0.08598710162124666,0.08586918157770969,0.08590807121147881,0.08593845828213355,0.08593703966759175
4208.0,1765.0036092789974,102.0,0.006366778934165743,0.006360748777861632,0.00634393584007739,0.006308039482132332,0.0062350402718039395,0.006078626561471828,0.005756708066885935,0.005266245986526927,0.004785196874778424,0.00445579281815776,0.004269363491575133,0.004182924394363804,0.004181071817221776,0.00944531338943654,0.17529376040890848,0.09916951988869895,0.09139768448844147,0.08902424661221424,0.08815944834720528,0.08783172995292779,0.08775704507461413,0.08779365271060233,0.0878155097609034,0.08781238280409363
4208.1,1768.1968051703182,102.0,0.006296875034551912,0.006291534817569946,0.00627623914252907,0.006243049705300207,0.0061754674777039584,0.0060322845604597495,0.005737475968216848,0.005276408175101419,0.004806921944878007,0.004476252899197193,0.004287291700801921,0.004199766445008175,0.004197713638406867,0.009482282989284222,0.17433167938675426,0.0999634818915886,0.09252719554246339,0.09031532800694589,0.08958551377819371,0.0893325505925096,0.08928036410492379,0.0893146528574187,0.08933152458030841,0.08932752988060678
4208.2,1771.390001061523,101.9,0.006252413819815618,0.006241226944042194,0.006212859478251061,0.006157834826149125,0.00605961424254224,0.005888549755345615,0.005616385541682009,0.005286598428563665,0.005008929075847589,0.0048263148483575985,0.00471924897129787,0.004678567040272331,0.00479110802221398,0.012069049913141913,0.1513711102286355,0.114070909512233,0.10877798009490464,0.10645960861224092,0.1056389352573106,0.10543494188763444,0.10546394951031941,0.10551825961491405,0.10552489744860855,0.10551852558478492
4208.3,1774.5741650020502,101.8,0.006283090542286957,0.006271420485353464,0.006241839130576146,0.0061842759956901566,0.006080492317449858,0.005897328913639593,0.005607719649794317,0.005269255731335973,0.004996250633701163,0.004820615049684277,0.004718430869479457,0.004681250252203926,0.004809263620741414,0.012420851700860353,0.15148890307852855,0.11409570360340929,0.10883062173189824,0.10653424444381554,0.10573262056557838,0.10554262984497916,0.10557699954590695,0.10563125193261821,0.10563698275135612,0.10563045342547249
4208.4,1777.767360893371,101.8,0.006190561645754076,0.006179858998493862,0.006152682852338446,0.006100051503040902,0.0060068098225081815,0.005847092966258142,0.00559705294476888,0.005293173982298307,0.0050308927507005914,0.004853397856836336,0.004748269921547967,0.004709300378779136,0.004835460228974159,0.012473390604162842,0.15112856379730352,0.11304565070642096,0.10768087733195184,0.10533204927878113,0.10450874836499678,0.10432015499948456,0.10435954329257227,0.10441639591912136,0.10442280047269979,0.10441625345990094
4208.5,1780.95152483387,101.7,0.006207309583830688,0.006196341095171333,0.006168517430103111,0.00611460193312504,0.006018821826875845,0.005854287505665271,0.005598190798892303,0.005292244068315746,0.005032827859444111,0.004858653638333825,0.004755855242071021,0.00471870181062025,0.0048565806184223724,0.012812942640837497,0.15193792366582398,0.1119154009886723,0.10636919753232128,0.10395473999307792,0.10309769717214803,0.1029034073136525,0.1029465940308762,0.10300723135089497,0.10301475974769655,0.10300798246480583
4208.6,1784.1447207251908,101.7,0.0060604113468147305,0.0060508585845651325,0.0060266510479306265,0.005980233991710108,0.005900131080390026,0.005769806367364453,0.005576063723645511,0.005339926638755612,0.005122052835497514,0.004962786564488972,0.004865790407044337,0.004832917042595596,0.004991813795150299,0.013279413681669917,0.14825088917139587,0.1125947984564299,0.1072593769661838,0.10481517874697145,0.10392886816335052,0.10373112726290558,0.1037793426208397,0.10384194370182205,0.10384898234394858,0.10384185546637767
4208.7,1787.3379166163957,101.7,0.005952869068018486,0.005944918873454756,0.005924613294892872,0.005885611650894962,0.005818740646192956,0.005711420535757653,0.005552396306040705,0.005351564925556916,0.005152651370528711,0.0049974029296466225,0.004899569399942463,0.0048653957337443455,0.005021299602533838,0.013352212173976696,0.14929516240775995,0.11137568255726699,0.1057973333469161,0.10323829299063761,0.10227869923440062,0.10205511195911929,0.10210317963156672,0.1021711889997079,0.10218077348400101,0.10217381737141273
4208.8,1790.522080556923,101.7,0.005846349475556114,0.005840043234784977,0.005823675897306141,0.005791896564088495,0.005737166411374174,0.0056494611743454605,0.005519105657681944,0.005349555412978754,0.0051712700216784546,0.005023359388920038,0.00492677306940519,0.004892400164883981,0.005047964316021105,0.013446219003309992,0.15008880474076844,0.11023478888310573,0.10444365583303931,0.10179374164113186,0.1007776120746632,0.10053415649365378,0.1005818695047529,0.10065412428236307,0.10066586878688527,0.10065903760411123
4208.9,1793.7152764481277,101.7,0.005733763050095987,0.00572917372143857,0.005716894021568157,0.00569247021407828,0.005649694340195869,0.005580487474714827,0.0054767520833411696,0.0053384261210326816,0.005185259697094974,0.005050436971744347,0.004959111582865658,0.004927011229379977,0.0050905971774385,0.013687883851534535,0.15120019604951596,0.11015435239306695,0.10421602371496563,0.1014763920423314,0.10038882029200434,0.10011201803161675,0.10015501483809512,0.1002312147029531,0.10024510459325185,0.10023834367643744
4209.0,1796.899440388655,101.6,0.005592867134224328,0.005651212311203784,0.005765626426378545,0.005911346982770391,0.006026584002092994,0.00601319552043362,0.005769408870423316,0.005264881606506551,0.0046244076889651875,0.004085899664136397,0.003875994140275441,0.004296816409705599,0.006498017302519162,0.020128717628847867,0.13392267306613587,0.13349813561901644,0.08211083258882777,0.06059994410156153,0.05037096308380274,0.04380321335237268,0.038975392354059106,0.03601179723089397,0.034814429503710026,0.034487182904380374
4209.1,1800.0921351752233,101.6,0.005498977652481157,0.00555505590973089,0.0056656896963397044,0.005808508583838209,0.005926362019873165,0.0059269922412969024,0.0057125025769465074,0.005249214564609851,0.004648702181284575,0.004138608366558824,0.003949750666552618,0.004399660574812879,0.006680344752522195,0.020662739334214374,0.134037416155909,0.134513010058177,0.08317316023467283,0.060958714875637435,0.05013851832060544,0.04328871591952421,0.03848519577019904,0.035767014240233194,0.03473285613388655,0.034459711811595115
4209.2,1803.2749012676948,101.6,0.005412055897509237,0.005465611964308585,0.005571749948255242,0.005710192029647544,0.005828180291880395,0.005839390176636538,0.005650440644461649,0.005225621845987181,0.0046646098007925695,0.004184200986025758,0.004017714516792241,0.0044968930690284185,0.0068543699650030565,0.02116898866216373,0.1341054084043359,0.13537804418136412,0.0841405742585644,0.06130975765750153,0.049958050387498926,0.04284893868049885,0.0380647265733599,0.035562215348685935,0.034663629781948514,0.034436672398867774
4209.3,1806.4675960542631,101.6,0.005330963474957169,0.0053814452229228584,0.005481660755283236,0.005613062928553832,0.005727200472446494,0.005744304171672564,0.005577105610217464,0.005190106630379047,0.004672377151793814,0.004228269313208477,0.004091692974778593,0.0046102273876289235,0.007068582854252235,0.021808794751257375,0.1340672987124025,0.1360179073461635,0.08482428751451476,0.06129133874659833,0.04942961139906498,0.04214965573889222,0.03750683459373932,0.03531583770255788,0.034582351425483784,0.03440950408112368
4209.4,1809.65036214685,101.5,0.005404902136115692,0.005446184206708265,0.005525456942713867,0.0056230985467642216,0.005694310692224316,0.005670028363627432,0.005479526343358201,0.0051020705373174225,0.00462522337190443,0.004234329438312492,0.0041519155818205405,0.004740527618831258,0.007367029831897137,0.022838172264479387,0.13453074352952737,0.13587485654555703,0.08543596833603459,0.06155212815252544,0.049311390747050064,0.041855342565907235,0.03724930652214055,0.035201142096376606,0.03454490704286736,0.03439837698385671
4209.5,1812.8430569334137,101.4,0.005458692651431784,0.005491728819637118,0.005552538669020864,0.005621021697166304,0.005655924652236235,0.005597467079805005,0.005388947848137419,0.005021723933802257,0.0045819390937836945,0.004239913318769084,0.004209835329943738,0.004869600255625854,0.007670947712374442,0.023873682683769902,0.1345525282807629,0.13588648556858188,0.08631203272776895,0.06211105950002954,0.04950975982610271,0.0418562172056529,0.037199175174469565,0.035177068401007594,0.03453884845756674,0.034398467417094104
4209.6,1816.0258230260006,101.4,0.005429800400353523,0.005426709371781957,0.005418386509071946,0.005401719073088127,0.005372463836238477,0.005325401811767113,0.005255885489244595,0.005163923022177939,0.0050593134808772375,0.00496175459561084,0.004893956383878352,0.004875442712303838,0.0051759687953960255,0.01722280231452662,0.1677490286547098,0.10918225465739131,0.10106877983091161,0.09740504727954803,0.09564934351722292,0.09503408287803292,0.0950049530744676,0.0951165234807635,0.09515688727794837,0.09515007362930898
4209.7,1819.218517812569,101.3,0.005444109754644344,0.00543989721870997,0.005429046436330942,0.005408188317522491,0.005372933999714068,0.005318297692344231,0.005240784109917726,0.005142655641571511,0.005035753277190471,0.004939728144163081,0.004875497513929757,0.0048609070307595315,0.005217721681017302,0.018315325990408776,0.16751298755468508,0.11012304611969988,0.10194178155476352,0.09820807253723841,0.0964225380361252,0.0958002488267359,0.09577473390123667,0.09588947274957178,0.09592985127635041,0.09592258752625302
4209.8,1822.4012839051559,101.2,0.005465486758072815,0.005495724201490549,0.0055477355400280065,0.005597296488668153,0.005599130814159063,0.00549250708430965,0.005230351580841395,0.0048276765710348855,0.0043896011920768335,0.004091951313718981,0.004178444332952746,0.005156343940185845,0.008904315194323867,0.026420095357992716,0.13246555474619048,0.13994902152761776,0.08237327504101419,0.055068059620436614,0.04254169221275095,0.03690245000132825,0.03464010178480008,0.034049784752515654,0.034111280304823674,0.03423434208444389
4209.9,1825.5939786916088,101.1,0.005548758711751621,0.005571078741691138,0.005605116855694625,0.005625592415151614,0.005589522734024844,0.0054443575474186386,0.005156272876793503,0.004751040277324192,0.0043335100370349095,0.004070709268645389,0.004201571998764867,0.005247502963929299,0.009161772053888852,0.027276653146340247,0.13307797689894313,0.13875642445774364,0.08274253252084636,0.055620856828480135,0.04294935578078587,0.037153200348361004,0.0347789342863089,0.034115839899596816,0.03413508255307665,0.034241417549989064
4210.0,1828.7767447841957,101.0,0.0056338123300238825,0.005648571252640225,0.00566544623589927,0.0056582214749640175,0.005586146615256966,0.005404171360274675,0.005090235839577351,0.004679599755223302,0.004277319286231004,0.00404340767946403,0.004212906903567325,0.005319930943815633,0.009387009939470824,0.028070952166422834,0.1339465334442013,0.13780629998283417,0.08327673593203763,0.05637184395317628,0.043515379670378496,0.03750088923328738,0.03496658398759765,0.034201389552351906,0.03416435136333458,0.034249698490640496
4210.1,1832.002903490742,100.9,0.005715771869623922,0.00572326584855638,0.005723705780371494,0.005690161754285178,0.0055842673515535506,0.005368141186482031,0.005030387835292446,0.004614538278574566,0.004225817707974095,0.004018493782550671,0.004225102546786371,0.005393668554295511,0.009619464466988418,0.02889667693344996,0.13478670045816984,0.13688759205568612,0.08381601703504366,0.057127012895302025,0.04408349083833054,0.0378477920856578,0.03515303347483537,0.03428653427042096,0.03419373989764742,0.03425823290203805
4210.2,1835.2290621974037,100.8,0.005791478495908721,0.005791962475863987,0.005776698229138627,0.005718373598558789,0.0055812509777662285,0.0053343210734254605,0.004975699881100047,0.00455580648254646,0.004179710483714402,0.003996919706226035,0.004238736675010889,0.005468187557785655,0.009856150659255129,0.029745803377236524,0.13558939829949695,0.13607962869439305,0.0847152555548145,0.05831530895202377,0.04498950302613557,0.03840077331046645,0.03544610180555678,0.0344174493830264,0.03423782720237645,0.03427081684545804
4210.3,1838.4539652966075,100.7,0.00585749811133139,0.005850665788484463,0.005819313381786511,0.005736286426340799,0.005569235478852725,0.005294520881764782,0.004919420042912711,0.00450014784947543,0.004140845278372233,0.003986684813553564,0.004269559622189979,0.005572010478137694,0.010154279211441105,0.030728727813766527,0.13592973407146647,0.13521757427792389,0.08548121733514082,0.05935434868780843,0.04580583333424226,0.038916996662502805,0.03573116604491784,0.03455061918280222,0.03428470465724661,0.034284686363762626
4210.4,1841.6801240032692,100.6,0.005913172567752415,0.005899240515280745,0.005852556810751557,0.0057465743647803595,0.005552639658660704,0.005254159415210565,0.004866404936078617,0.004450040705697065,0.004107901067732796,0.00398159992797095,0.004304795500106285,0.00568079366425958,0.010461597291980288,0.03172383811904967,0.1361051649671623,0.13426876647659194,0.08622889417669605,0.06047821014693643,0.04672243433616398,0.039498146049835474,0.03604634930259313,0.03469410849926054,0.03433389588539076,0.0342989671944239
4210.5,1844.9062827098155,100.4,0.006122303849900903,0.00608986918559879,0.006003485405082461,0.005838454659098401,0.005575253075308604,0.00521346141395293,0.004785639289645551,0.004361633926064077,0.004041672527806208,0.00395989239822663,0.0043513113155354095,0.0058531000293176715,0.010971305616929635,0.03338759761976814,0.1367833987645488,0.1331016770063978,0.08679386981342048,0.061346361070181835,0.047407670040912446,0.03992492618112586,0.03627773484594906,0.03480128958096349,0.034371681445329635,0.03431025349050411
4210.6,1848.1324414163619,100.3,0.006156451605962276,0.006116187453351574,0.0060137396918302595,0.005826441727304769,0.005539981701109225,0.005161330156544015,0.004729470821746448,0.004316349679288244,0.0040201048002434315,0.0039730091069190895,0.004416062874765367,0.006016993322682842,0.011402809206014091,0.03463624201865649,0.1361125997868729,0.13219745964762947,0.08730525803137995,0.06202257234449931,0.04791002873306211,0.04022659804150556,0.03643790861579201,0.03487484110918579,0.03439758181495495,0.034317994709133576
4210.7,1851.3474219762852,100.1,0.005794912490049217,0.005780767379571491,0.005744849060133931,0.005671732756257942,0.005533957275790692,0.005320892882908298,0.005088821000405868,0.00490448034372041,0.004777190081775436,0.004696485177805084,0.00466239580332458,0.004690218168187085,0.00641789775638312,0.04433682540748756,0.14265463618964178,0.12534628385814867,0.11957622201249428,0.11664070187349687,0.11541975304374387,0.11510037349845954,0.11516574287195164,0.11524962753153005,0.11525692755738678,0.11524765468643872
4210.8,1854.573580682713,100.0,0.005761051834231427,0.005747016405294329,0.005711362947173652,0.005638843596852144,0.005502958277619472,0.005296857182600953,0.0050771840358932955,0.0049039353135395996,0.004783568958572168,0.0047076185030133335,0.00467740832620356,0.004712570196811168,0.006742517880206949,0.04908871434796321,0.13810442104242684,0.12524085560504583,0.12004985069292952,0.11729925011343018,0.11613723834081141,0.11583123693930916,0.11589292699334237,0.1159710764402645,0.11597735924347433,0.11596862333781456
4210.9,1857.7997393893747,99.7,0.006242444205518519,0.006224042109244463,0.006170784731256131,0.006034199973449903,0.00573004459332173,0.005276892932716192,0.004864128547790745,0.004596352645470841,0.004437925992067317,0.004344981605249652,0.004302835794667416,0.004319823114462188,0.006380201852574941,0.05882493138991773,0.14160992865550986,0.12195676220552032,0.11388744762978616,0.11005112311327502,0.10843304337859727,0.10796984694036721,0.10803518649251664,0.10815767019890245,0.10818082293172164,0.10817067274849437
4211.0,1861.024642488694,99.5,0.0067894530657780176,0.006675562506515269,0.006424807589415616,0.006036479258348021,0.005541391726955314,0.005000283662906517,0.004491339684786875,0.004096561728667249,0.0039031358900698983,0.004038570425273998,0.0047896562221930285,0.007030740308758081,0.014185679360266159,0.042547797610170864,0.13411126831215925,0.12751999415359663,0.08780847711554896,0.06288889963298612,0.04831798191582956,0.040366217386467375,0.03649190237543506,0.034902812431783524,0.03440865377771247,0.034319087247572204
4211.1,1864.305572234992,99.3,0.007003332959689459,0.00686593269180179,0.006569372985097274,0.006121988370003342,0.0055691898745762105,0.004985727726172267,0.00445733012875231,0.004066490044915254,0.0038982998314086694,0.004083041649195424,0.004927563069405083,0.007380209626374283,0.015128714838322779,0.04500358876857422,0.13302108803624912,0.12607021853128356,0.08757568571858663,0.06273873959675337,0.04813495149735939,0.04022500564971836,0.036413400969990836,0.03486902677298924,0.03439693439699769,0.03431391298393214
4211.2,1867.5853893030053,99.0,0.007366275389342715,0.007191559803713102,0.006822928982708043,0.006283600016843702,0.00564139192060526,0.004990690147948677,0.004426420265350967,0.004030488029689399,0.003884511619749377,0.0041218243958791355,0.0050742206761943045,0.00778328732594649,0.016269339110488477,0.04800893370830532,0.132070804960507,0.12433560025888052,0.08723883528965491,0.06261694030328854,0.048010306245282124,0.0401284895607955,0.036359528313088495,0.0348459410558696,0.03438840662603549,0.034309548553897395
4211.3,1870.8762554504206,98.8,0.008158787530677416,0.007886226485966801,0.007362457930273674,0.006663189344250432,0.005888027211007882,0.005126918570689027,0.004445154941017229,0.0038895861633827795,0.003507786896688947,0.003380578849477397,0.003711883762845909,0.005216034290569432,0.011657616325430924,0.05719990781880403,0.21259758023352393,0.0731749081901568,0.04893519986235439,0.04666051966300767,0.044720807495894535,0.03881965149605047,0.03419364741755501,0.032648129675225714,0.033043875426644664,0.033712243069439755
4211.4,1874.1560725185361,98.6,0.00852588869724037,0.00819323649102307,0.007564082207892652,0.00674573400985181,0.005869930266614159,0.00504629963416743,0.004344690326632989,0.0038058653721807813,0.0034668740774985345,0.003401711859164972,0.0038242035003757057,0.005520493697510075,0.012720067392419373,0.06428429641739886,0.2047094980058985,0.07446923303588575,0.05035719497033192,0.04730858117417334,0.04444241155536449,0.03844019418904725,0.03404187198881823,0.032648211518331714,0.03308464261826135,0.033741428191694255
4211.5,1877.437002264834,98.3,0.009227468511979937,0.008767351687338366,0.007926610953959736,0.006886192545003567,0.005837658383142483,0.004915330354121919,0.004184803119893668,0.0036691518430012724,0.003387772015766562,0.0034054841770888096,0.003948963397574706,0.005893688230271673,0.01405331404779814,0.07344967523509818,0.1957901822221968,0.07560138028670549,0.05164917800649017,0.04765023326713622,0.043839154764780564,0.03784216948610601,0.033759567811130715,0.03257302764181716,0.03308982601869843,0.033750281674600195
4211.6,1880.7168193327316,98.1,0.009611863757661604,0.009076118636383912,0.008115234091816163,0.00695665080408646,0.005824170280183288,0.004860285955357684,0.00412372683772853,0.003627314842707328,0.003383333981032079,0.003456293285786235,0.004088787877399906,0.006233810999005776,0.015194884411284465,0.08093704616094334,0.18777701583980683,0.07658270919790998,0.05286924872901985,0.04806336162593321,0.04345373102180049,0.03741066672966368,0.033550701271948535,0.032525647527359564,0.03310291290318281,0.03376848355605087
4211.7,1883.9966364008471,97.9,0.009932300920285296,0.009335352156319502,0.008278761843378809,0.007027830402140808,0.0058308532823831295,0.00483517264869779,0.004093569480967546,0.003611574361438174,0.003397632566661379,0.003518946001799228,0.004236602095157757,0.006585894412131826,0.016380054386833872,0.08833526250129682,0.1793543901860281,0.07794313956836728,0.05479645682594898,0.04931423548099489,0.04376444135728822,0.03740222953013464,0.033580048937767455,0.03261100148685341,0.033178015814238855,0.03381238239371996
4211.8,1887.277566147145,97.7,0.01025133409794188,0.009595251034716153,0.00844791287395739,0.007111582418267815,0.005856172937903133,0.00483168839543897,0.0040845980481860325,0.003614294262786657,0.00342635063033791,0.0035921175743798043,0.004392664868815003,0.006949819541776208,0.017610049417416535,0.09585552879834781,0.17141521880435462,0.07938939966308795,0.056935108592589066,0.050639348362024064,0.043973792037042506,0.03725759439852444,0.033492709506453645,0.032616179604768786,0.033219450715758415,0.033844558545058946
4211.9,1890.5673229771194,97.4,0.010912143813474502,0.010120345675853773,0.008771339811939444,0.00725240291010003,0.005875719621933828,0.004790985876122668,0.004028049192728607,0.003571297962736177,0.003418718535988093,0.0036457551614861275,0.004560186840443452,0.007397289097634638,0.019197174303951747,0.1052993241440424,0.16131650206310746,0.08049152778526797,0.059631906823151046,0.05278230004645764,0.044757642898333706,0.037390883537641584,0.033525351922011615,0.03267036769957518,0.033277737755349174,0.03388807434795212
4212.0,1893.8482527233125,97.2,0.01110116064218549,0.010289838660107546,0.008909445164162992,0.007358392113206709,0.005956339603485793,0.004855412122232506,0.004085250220999255,0.003630008311164718,0.003489549354171318,0.0037465383923362227,0.004732915042641552,0.00778222001963889,0.020523909948260033,0.11207243648679019,0.1535172617652884,0.08199654484404365,0.06314526964761882,0.05599880924534293,0.04633185621538453,0.03798125564292241,0.03379872705676833,0.0328435971421535,0.03337795635250098,0.03393486532557293
4212.1,1897.1584793017623,96.9,0.011557371131451223,0.010666687092768985,0.009167977535288483,0.007508207029172883,0.00603098590064034,0.004888790059942633,0.004103012415167092,0.0036510245110654782,0.0035314938501604717,0.0038355469421509844,0.004927912630342946,0.008273553069624875,0.022241226487966087,0.11933716165544556,0.14568715199643384,0.0837885370293904,0.06729121835256187,0.059415117479269565,0.04765812026542046,0.03831865503552482,0.03390205247064569,0.03291525149468201,0.03343009529710482,0.033963046887491515
4212.2,1900.459539737325,96.6,0.012019357207125488,0.011053269902930173,0.009440724508270345,0.007674436997464631,0.006121326514157202,0.004935081402355868,0.0041299279433048945,0.003677216927529239,0.0035753079544744632,0.003925459310249765,0.0051303886439051875,0.008806603118051969,0.02414139250851643,0.12590637022425155,0.13904957857300868,0.08523238042945523,0.07108543907867654,0.06251455109140848,0.04894106316313621,0.03876115959035382,0.034103052323736,0.03303670330344381,0.033493832658990065,0.03399128084714918
4212.3,1903.770566768409,96.4,0.012083970778150155,0.011144361749277496,0.009562986072240917,0.007813467748577316,0.00625974322925181,0.005062775233826553,0.004244969596861136,0.0037835995058721566,0.0036820397410659484,0.004050589912754347,0.005320043153100525,0.009224627365320103,0.025621050621250533,0.13098829670090414,0.13419850167832875,0.08623285605326775,0.0745245625965671,0.06560774948149133,0.050261407424327956,0.039230504202852005,0.034321118777622124,0.033166494013810326,0.03356291338098308,0.03402173791751545
4212.4,1907.081593799417,96.1,0.01264368841611508,0.01160652054049949,0.009880201259626823,0.007998147593127086,0.006352725207422739,0.005104393218589794,0.0042650470019478404,0.003803449925959606,0.0037217887035273563,0.004141692673405685,0.005538348057850468,0.0098249616605576,0.027776935176328867,0.13627741011091385,0.1299249327525345,0.08696750372776503,0.07693314659590608,0.06747915357539211,0.05115181647257875,0.03967826748953043,0.03459328597591071,0.033330882865532506,0.033639353675235295,0.0340514502510555
4212.5,1910.392620830385,95.9,0.012793257808020434,0.01176179469879453,0.01003725650664981,0.00814708699913274,0.006485948186472404,0.005220216143965619,0.004366662964524235,0.0038972546369940284,0.0038177876946739993,0.004258576571504622,0.0057242015359922705,0.010254819723325719,0.029337170133815683,0.14051173877939865,0.1267829019026545,0.08669497507558618,0.07781963012139106,0.06836708284138761,0.05165291080509619,0.039972202645195395,0.034792947268014136,0.03345872404956225,0.033701194351663626,0.034075705546700474
4212.6,1913.7036478613932,95.7,0.012990932370792197,0.011950515620308808,0.010208129279075613,0.008294657738800454,0.006609852393655174,0.005324327083048777,0.004457283296712308,0.003982282848743344,0.003908150109116806,0.00437428967042954,0.0059167645854019115,0.01071050282906947,0.030974581098641,0.1442781871368565,0.12426270774936303,0.08612962621129457,0.0776793720162804,0.06811189949219963,0.05152584500878901,0.03997349536250038,0.03483977245900935,0.03350229081809197,0.033724113150539504,0.03408422156587844
4212.7,1917.0146748923612,95.5,0.013232063099730351,0.012168172857289538,0.010387650372884865,0.008434459373596758,0.006717132662323973,0.005409335372503732,0.004530282424327396,0.004053478038831715,0.003990534881642353,0.004491562305659023,0.006130051135536528,0.011236878662336407,0.032826201544131337,0.1474508155227492,0.12196675817423897,0.08518844563411423,0.07688075529408489,0.06763185914514712,0.0516010514131584,0.04021770310892576,0.03505615455255307,0.03363702578161592,0.03378165253623358,0.034102715224506745
4212.8,1920.3257019233693,95.4,0.013663976343171826,0.012343685271454552,0.010310087547754096,0.008266635570530746,0.006610960161038312,0.005437463498891056,0.0047007118695003465,0.0043364196717658385,0.00432117994227354,0.0047483836855219345,0.006047840886545212,0.010138990358579868,0.029753177469202155,0.17356736274117393,0.1013536701822853,0.07190556961207935,0.08423965771653438,0.08457720676783463,0.05548821804683136,0.03784881940896025,0.031823227876565406,0.03131811857756997,0.032686304581075534,0.033762874272721156
4212.9,1923.6359285017459,95.2,0.014036903722391296,0.012648674296609489,0.010520872236117546,0.008395901436229149,0.006684320353438602,0.005477755906526861,0.004725675667008696,0.004361559288459097,0.004365415830072466,0.004843204891134163,0.0062664213624956675,0.01073112860255737,0.03204327510027919,0.17619722960936848,0.09928981864687379,0.07099647725724541,0.0828673634452129,0.08397754510269119,0.05609086832652802,0.0384444251097572,0.032228983239100874,0.03155696276112007,0.032783746182203186,0.0337897742801586
4213.0,1926.9369889373847,95.1,0.013881185034056661,0.012582318963674318,0.010563567978350775,0.008512203003461843,0.00682995139133687,0.005623241979280421,0.004856918281261561,0.004474366277984392,0.00446267073869791,0.004938168146439638,0.006405530847812573,0.011103514721713392,0.03367805980893663,0.1784111217078177,0.09794782497073411,0.07006313854058584,0.08104404274790428,0.08280303117118343,0.056186464402201784,0.038797965525906614,0.03251947988755871,0.03173075382394339,0.03286067200773335,0.03381486626761545
4213.1,1930.2708305653784,94.9,0.014035132859404319,0.012730084904913504,0.010697176898379198,0.00862580532093512,0.0069219576661985055,0.005696034894170021,0.0049155702351910335,0.00452640932524122,0.004520794746597,0.00502738132360084,0.006591670105121792,0.011632354029183865,0.035878190368920336,0.18075723535329036,0.0966413999315247,0.06926055032298756,0.07965401679285374,0.0815868889041642,0.055921713441068444,0.03881117105564239,0.032552947307949484,0.03174317923728799,0.03285745455751656,0.03380690037525427
4213.2,1933.6042072316964,94.7,0.014196941068622947,0.012878863673904443,0.010823602944407422,0.008726988916263704,0.007000045142640429,0.005756058019402134,0.004964004529957255,0.004571743695754445,0.004576894392851778,0.005121725139034204,0.006797139191572009,0.012225237819618606,0.03837040544438307,0.1831100152918308,0.09582712487573929,0.06888682611486449,0.0783788645277198,0.07932963918436126,0.054684010572851355,0.03826552000997371,0.03225922391897465,0.03156904705262744,0.03276983987730904,0.033765853678234314
4213.3,1936.9275940583796,94.6,0.013869781040830951,0.012674638526842705,0.010777294803637849,0.008797175735245114,0.007127979357628033,0.005900529658172327,0.005102652758464055,0.00469463652405833,0.00468634872328254,0.005233245722367168,0.006961535574493342,0.012648134493956418,0.04010232974143673,0.18498878960986742,0.09637773170468035,0.06911577328104565,0.07701513391103429,0.07652289543329095,0.05301080647408537,0.037564669027576165,0.03192252203136148,0.03137574300391654,0.032677676730646914,0.033692336989434656
4213.4,1940.260970724814,94.5,0.013642933476862911,0.012520524123657827,0.010722091708763617,0.008822511951777657,0.007201514318551806,0.005997601315464136,0.005210754937189343,0.004808930683363878,0.004809375589748473,0.005382647276774683,0.007190847348765451,0.013164519089362833,0.04194144989067809,0.186073342864542,0.09735464742133541,0.0698971052996713,0.07669919167288834,0.07435164236000939,0.05131804010769511,0.03668381000058149,0.031429266042307946,0.031079098120574383,0.03250989787848724,0.03364996524984263
4213.5,1943.5943473911739,94.4,0.014287703890472904,0.012648054182484363,0.010373846699379479,0.00831809143006188,0.00681511373016723,0.005871435345233575,0.005390326382769332,0.005267456352910286,0.005422142529890848,0.005902992322880146,0.007246526739731082,0.01213298234633891,0.03960809001719987,0.21095508673267416,0.07392183061877347,0.060029188805351165,0.09664902058559453,0.08586078137187361,0.04136858727412661,0.025256507430293576,0.022153357156730707,0.024531539856208723,0.028978254011524616,0.03218806648720325
4213.6,1946.9177342179735,94.3,0.014081032863079641,0.012486679430739034,0.010273598872116077,0.008271600068584612,0.0068100456744429,0.0059038273534750855,0.005465207042327417,0.005394297123124045,0.005609717025544402,0.006147608104203322,0.0075599767803333825,0.01269280309598862,0.04156966912094869,0.21055244918511834,0.07573439516644383,0.0617059587674632,0.09822445885835657,0.08205842213580107,0.03937143065277196,0.024127674247643973,0.021377075393475845,0.02397439384344612,0.028619014312312726,0.03192131387014234
4213.7,1950.2515758458062,94.2,0.012416241153716616,0.011713627263743365,0.010446584483456913,0.00892581892251079,0.007468397183897476,0.006282322095337998,0.005464559885901751,0.005064898523681739,0.005177417584047589,0.006102525357955208,0.008842823450829538,0.017329259507518378,0.05037072852073962,0.15471213880250073,0.12802937978593984,0.08806540673489031,0.06886642728709524,0.05490217709872861,0.04378157264872888,0.03703248667337153,0.03407823997909699,0.03347259421702689,0.03380675757170682,0.03412273252413116
4213.8,1953.5849525121662,94.2,0.011833547097543688,0.011235363341768095,0.010140494620761357,0.008798750174694283,0.007483340717648859,0.006390993413574618,0.005628608370267131,0.005262073196813315,0.00540028806897467,0.006357041441833793,0.009152370484952108,0.017754530786980565,0.050961691871730885,0.15437911285963246,0.1291178214030983,0.08874372438930667,0.06907164159336684,0.05484878773457604,0.04367362844877873,0.036949661469316525,0.034028612920214696,0.03344789494104003,0.03379839831197388,0.03412055265864865
4213.9,1956.9083393389658,94.2,0.011313563394161154,0.010797890808029198,0.009844228794155826,0.008657610049095186,0.007474539601799238,0.006478160685849906,0.0057798912097664365,0.005457678099240234,0.005633573918247505,0.0066348398529766815,0.009499686616363016,0.018224753362300814,0.05147845857272224,0.1535363090043606,0.1303958124338595,0.08966414819537193,0.069545643265722,0.05505944934540543,0.04376225191135085,0.03699674988679173,0.03405817671723335,0.03346647916298016,0.0338071090413069,0.034124100086577874
4214.0,1960.2417160052837,94.1,0.011249414707039626,0.010729145225090787,0.009774425641728656,0.008598012080256517,0.0074388042610246735,0.006477880908001657,0.005823722153813061,0.005554945315803263,0.005800799866045753,0.006905093957870601,0.009946724304341292,0.01902196408516719,0.05280647823779134,0.15272663525568772,0.1308546274537745,0.08981819862917191,0.0692255932498239,0.054643990251879625,0.04349278408082138,0.036862005192673505,0.03400335265281712,0.033453220500875264,0.0338039988894462,0.034125751675317506
4214.1,1963.5920891188077,94.1,0.010826935428888398,0.010368914241270174,0.009522025793032797,0.008467072848180072,0.00741607822846349,0.006539413697994146,0.005948329950704909,0.00573061099615015,0.006026764341591536,0.007193704487386135,0.010327563015715512,0.019531724492865166,0.05313689279705134,0.15121397793813798,0.1321665126354047,0.09043682634612855,0.06915285563898153,0.05445736183101706,0.04344690207765043,0.036916632290312265,0.03408465963772075,0.03351396776437368,0.03383289323024367,0.034135195351802636
4214.2,1966.942327916244,94.0,0.010859261200889226,0.010384998004194505,0.0095155520125952,0.00844469599742598,0.0073929407738279555,0.006532860717890797,0.00597506184096232,0.005808491220627916,0.00618073379445934,0.007466804205551881,0.010802507330044191,0.02036533095630704,0.054322791687455865,0.15045647627084283,0.13291918237616454,0.09057317512647818,0.06860619883391957,0.05376408097519062,0.04295923183904731,0.03664663151121034,0.033955091041192965,0.03346201948324834,0.03381858455316555,0.03413221779174346
4214.3,1970.2825674286987,94.0,0.010541489158401935,0.010117231824757234,0.009333869138722133,0.00835954046492342,0.007393638980996007,0.006600743945046322,0.006094359042583124,0.005971531507117933,0.006389663478265575,0.007734852238814537,0.011155566536916147,0.020817367078411496,0.054481501902109215,0.14902380647001232,0.13394575853313928,0.09036465856522481,0.06731550980032852,0.05238059232206732,0.04204103906038154,0.036150843798748084,0.033714974482001794,0.033362251509387146,0.033787995680262674,0.03412438982153821
4214.4,1973.632806226135,94.0,0.01031408751163534,0.009927542253049999,0.009210296769684885,0.00831220499767008,0.007416309889111552,0.006680050260504145,0.006218801131635319,0.006135896609282786,0.006596020253512947,0.007994009638554072,0.011487968061068471,0.02122691722774242,0.054598815061300134,0.1478101200000222,0.1348756380778295,0.08967767995263619,0.06545443151564374,0.050553040247333175,0.040835488356782246,0.03548766136715314,0.03337870785939033,0.033215067551179214,0.03374115426777906,0.034112062175939505
4214.5,1976.983179339659,93.9,0.010463740888950334,0.010055751830287027,0.009305262777564145,0.008376311379196564,0.007462757200938264,0.006726442708981674,0.006283254391028747,0.006237287296715859,0.006757444489082911,0.008248476635605607,0.011885776102213587,0.021833190361689715,0.055275408088151484,0.1473174958319697,0.1349823872941249,0.0886517896010482,0.06370005573208472,0.04893073393623302,0.03974450940016801,0.03485303344526638,0.033042657122484956,0.03306415043687125,0.033692753530988294,0.03410126993688795
4214.6,1980.3334181370954,93.9,0.010266903938493341,0.0099002138756964,0.009222341157654182,0.00837706463490674,0.007539948191954171,0.006864261882741746,0.006466173004708145,0.006453711603352498,0.006998557164602827,0.008502806050848147,0.012127697439615937,0.021982515297926677,0.05496539859811779,0.1464414876621457,0.13479617081632683,0.08707135961288046,0.06155540442073729,0.047154246783412165,0.03862193653665177,0.03422428435143743,0.032716346581062504,0.03291692926200259,0.0336431436600516,0.034088445995218986
4214.7,1983.683656934648,93.8,0.010525036417916531,0.010129456537980188,0.009405594301255652,0.008514971376084202,0.007647167751124825,0.006961553019042004,0.006574915863893384,0.0065946881519731585,0.007193113672407053,0.00877330812849521,0.012493301661390227,0.02243517128654685,0.05526141740629266,0.14543814242345107,0.13418384837770142,0.08615097524533036,0.060429770184309436,0.046223740701343566,0.03802931462831061,0.03389893937602975,0.03255969159124635,0.03285634794032867,0.03362842517288352,0.0340875948316713
4214.8,1987.0338957320844,93.7,0.010785750612436454,0.010366343822334615,0.009605122187577404,0.008678389254497557,0.007787009685843626,0.007095115375801173,0.006719918289184919,0.006768009488110647,0.007410200586096827,0.009044376975865983,0.01281018217779494,0.022727370480075216,0.055180548407119445,0.14443343712105527,0.13365833247111836,0.08534389324609325,0.059539832168132516,0.04556514142776378,0.03766396272216,0.033738899150460744,0.032509909243347776,0.03285177011234808,0.03363392020055801,0.03409145188234107
4214.9,1990.3742699625946,93.6,0.011087871358746214,0.010643633630148985,0.009843019208569588,0.008877183581981718,0.007958383460139636,0.007255671786885623,0.006886763546815726,0.006957042653622014,0.00763448512786244,0.009308543868627438,0.013094060976154627,0.022932459251720154,0.05485938812734259,0.1429893355882715,0.1337590285546648,0.08502607233933622,0.05881611412813116,0.0448990679556685,0.03725004323583354,0.03354632214661888,0.03245222641348721,0.032852242495383245,0.033645156849629064,0.03409817961970265
4215.0,1993.7245087600309,93.5,0.011468516959785107,0.010992769565085353,0.010141845288885929,0.009125115956826404,0.00816848945370689,0.0074464984931919345,0.0070766372769044345,0.007161392318786868,0.007862990470596798,0.009557850869531825,0.013330774221752186,0.02304554683492194,0.054438678950107,0.1417467108210115,0.13429109180591106,0.08546496165714236,0.058933219124130014,0.04491442627356954,0.03728975165412542,0.03362767410353926,0.03254542617688806,0.032922342109066964,0.03367886817143299,0.034109450445917844
4215.1,1997.0845236409384,93.4,0.011857253101635221,0.011357430027341771,0.010468260720733294,0.009412588886201225,0.008426206464606078,0.007687460159234161,0.007313160760678251,0.007401843504933924,0.0081073246751391,0.009789955378595136,0.013506387897486262,0.0230578548091456,0.053923987234129535,0.1407146422948005,0.1358927895747064,0.08677399406482686,0.05958702380582871,0.0452363820047424,0.03751293583647614,0.03383228785434545,0.032724013580640594,0.03304321716334983,0.033733988065356504,0.03412721395235052
4215.2,2000.4345385663707,93.3,0.012223497140874746,0.01171405691342674,0.01080999483993424,0.009738883559792622,0.008739822156661968,0.007992306288469178,0.0076118937637366215,0.007692025653604437,0.008375467925596078,0.010004867158255493,0.013615457447149098,0.022968506017513296,0.0533538806660926,0.13987267873354917,0.13754376849715752,0.08836826511469764,0.06062005016966727,0.045871033731280715,0.03793946871589062,0.034153784430379905,0.0329620351128904,0.03318898056118085,0.03379654356198428,0.034146674474595864
4215.3,2003.7945385663568,93.2,0.01253163887683588,0.012037937053257109,0.011159352051763577,0.010112782666083422,0.009129345430678133,0.008385123097821235,0.007993730672662479,0.008042955740507,0.008663766031371208,0.0101849578082943,0.013634663881219578,0.022757460132565743,0.05271428768537119,0.1393026482835257,0.13968377609600488,0.09076189614708273,0.062414292328006875,0.047030892216569864,0.03866483364201467,0.03462721491425947,0.03326909650994898,0.03335956625188978,0.0338647313615839,0.034166447036078296
4215.4,2007.1445534916727,93.2,0.012267299894405953,0.011904318978805775,0.011243043569566957,0.01042722798863958,0.00962631102491039,0.00898486384822957,0.008606751137569228,0.008575694701473967,0.009019345634167019,0.010273223975500822,0.013385351348381752,0.022077342148946293,0.05134156732293302,0.13857276822448336,0.14208964763432896,0.09325688472320591,0.06425426110907592,0.04818866202571551,0.039353962830190194,0.03505620142459408,0.03353666858485481,0.0335047164106227,0.033921531902317746,0.03418246079048376
4215.5,2010.5045683725775,93.1,0.012422436760344333,0.012132748756156799,0.011595691245163957,0.010913215488681377,0.010212598633692636,0.009608960744686961,0.00919088521854784,0.009038660581302095,0.009291078781490596,0.010312224794552724,0.013183177393161426,0.02163691538497095,0.05073279242564099,0.13921238263795196,0.14371067444855293,0.0950881659252406,0.06574510402266444,0.049162080468712926,0.039931044273700096,0.035407888054958286,0.033752033832101416,0.03361959407286824,0.03396591280131404,0.034194775847470014
4215.6,2013.8545832978962,93.0,0.012594804939468771,0.012391375412084621,0.012003421218243064,0.011484724036967842,0.010906638126429911,0.010338272657685091,0.009844028979963941,0.009509755555308093,0.009511382342275417,0.010265459111426416,0.01288716391789332,0.02110880164028744,0.050097785610259515,0.13990745524681064,0.1446882247920083,0.09699573256479858,0.06764848146233592,0.05046080336199742,0.04065497962367282,0.03579697510526865,0.033961582920478156,0.033721228589047664,0.034003133214127915,0.03420504188589701
4215.7,2017.214598178801,92.8,0.013255295683517179,0.013086013334173016,0.012751383703263917,0.012275981969315,0.011694833306384537,0.011046917715685278,0.010388529847957616,0.009830384129554476,0.009597331674389451,0.010149404043501821,0.012619690171533963,0.02077657488630122,0.05019550535676251,0.14216829652428112,0.14448914137875335,0.09772200737839958,0.06870837054745318,0.05119129579973164,0.04101821483997277,0.03595568169853829,0.0340288811599814,0.03374844023533333,0.0340130062596703,0.03420855567804146
4215.8,2020.5746130597058,92.6,0.013988599630008236,0.01386531634855908,0.01360152608831031,0.013180580821448165,0.012585843788716605,0.011818630882538593,0.010933978252479383,0.010095569878589044,0.009598742103653086,0.009942413910325618,0.012259498906940858,0.0203472715475135,0.05031674252021102,0.14507408151364368,0.1427651344290693,0.09710170889615113,0.06912973569567149,0.05174038238719659,0.04135226347137294,0.03611684273070992,0.034090771129604056,0.03377075719001928,0.034018005044496175,0.03421009812378338
4215.9,2023.924613059799,92.4,0.014824530401838861,0.01473609482877642,0.014494642104464786,0.014026178213164408,0.013281135830999637,0.012288241468419264,0.011196000222271579,0.010266593784124211,0.009850501233317741,0.010475868603614678,0.013347839093780936,0.0223370060185444,0.051529456913987436,0.12801969591992754,0.14423080801415497,0.10570163698104477,0.07462248491869168,0.05464879340755824,0.043218577237464494,0.037471299842001815,0.03503110292350042,0.03429575854585743,0.03422158109832215,0.0342663596031065
4216.0,2027.2846279407038,92.1,0.01648004193120527,0.01635445959527261,0.016005538939274887,0.015328619578932567,0.014269647903431344,0.012900049656800324,0.011445516032555723,0.010230415407408523,0.009619246621626876,0.010114111146937447,0.01289669024669425,0.021969567981589954,0.052724976913059704,0.13481404097691177,0.1419712657944264,0.10200213540311547,0.07251624796126771,0.05359967511065761,0.04263442718112648,0.0371017645892509,0.03480015576436416,0.034173790918912234,0.034176148143164456,0.03425395314031403
4216.1,2030.6246429106968,91.9,0.017998787691608144,0.017897310338689437,0.017536067024831473,0.0167312491355832,0.015378671926378666,0.013586184762840521,0.011692345857106835,0.01012279033104015,0.009266366715623425,0.00958734267898606,0.012223688708563774,0.021319912199616965,0.05410452109085474,0.1444248742646308,0.13789685916552066,0.09653516373649944,0.06949121225432131,0.052142960849324266,0.04182940853433859,0.03657120266269665,0.03444746648491455,0.033978355383712106,0.0341001405241538,0.03423237588569426
4216.2,2033.9647027903643,91.8,0.018435793384619373,0.018624843915967547,0.018853633209139197,0.01876646187993416,0.017828185012973435,0.015691621641676427,0.012730737591363343,0.00989039387025669,0.00791697200380009,0.007178132758539889,0.008328071719268157,0.014731126462410343,0.049480221713225025,0.21384989687658448,0.0983129966588539,0.06750720985502388,0.06366705159030979,0.055747516100460234,0.04215649413835134,0.03359238222153123,0.03055633493926935,0.030921496810685224,0.032562264928921794,0.033688501696698334
4216.3,2037.3047177604765,91.6,0.019838990293859427,0.020249837976366494,0.020797215318788777,0.0208503014609156,0.019523342328943236,0.016459101494117914,0.012567111509085169,0.009218180650906835,0.007088505011806548,0.006311008874090137,0.007366612429890678,0.01357771712516833,0.05112597244339153,0.23399322159554883,0.08135741544322184,0.056792171141039495,0.062437929517887146,0.06146924673554,0.043953627875801336,0.03255543742361012,0.028638900764271034,0.029145800593884816,0.03148637121202554,0.03322662053879015
4216.4,2040.644777640144,91.6,0.018636456017517,0.019781430516984166,0.02174304107216235,0.023352808692640382,0.022423228027987657,0.018025119824845462,0.012531119823004113,0.008410627567901174,0.006105525621779879,0.00530561148490271,0.006224913916249786,0.01194757263752793,0.051082590564255154,0.25323718360271774,0.06541867686897812,0.04598167541485627,0.0605295006052845,0.07278535075069256,0.04540240573567744,0.03005372825291112,0.02512027157010098,0.025745665820752845,0.02914714596454697,0.03201068454969203
4216.5,2043.984792610137,91.5,0.018401523750048065,0.019987977924593812,0.02296710146651542,0.02595899918689058,0.025405795040101223,0.019322966781555456,0.01200467872707478,0.007203744767220695,0.004820602109664399,0.004000977455426603,0.004671153992609667,0.009674874469009094,0.05782990209116405,0.27373768834632445,0.0414545504828559,0.02905294473081135,0.05354366659701999,0.11450971161030565,0.03962548567749088,0.0175765748586692,0.010749133479761993,0.00846021685639577,0.007900908604898563,0.007909960908834132
4216.6,2047.3248524898102,91.5,0.018861055714636542,0.019436661702854463,0.021305176559519766,0.02536068526177977,0.03009991228141311,0.02497174941290522,0.011951831193706523,0.005079644526405166,0.0025812701283919677,0.0017894067069886526,0.0019588529053313113,0.004748688119692627,0.07665935185684378,0.28740796920463973,0.014247808561433381,0.01004568230537454,0.03443070097981763,0.2001969961280236,0.014852600541838241,0.00391376217806604,0.001933783974075361,0.0013649924276400661,0.0011669764638639747,0.0010274308293309593
4216.7,2050.6649123695943,91.5,0.021358804159780864,0.018916755442047496,0.01770949601365863,0.023123302692662998,0.03318353781760062,0.03377841866883907,0.01587215642146081,0.0008897365868342095,2.440829773973207e-06,1.675871213318485e-07,5.9454604643182264e-08,2.675855614874176e-07,0.10617890583460449,0.2712398374027243,4.5311346893349097e-07,5.674433522973705e-07,0.13390064582778838,0.1488205962361013,6.133831466771012e-07,2.6986050336237776e-08,6.2954493730562794e-09,3.091211099287584e-09,2.305188943773815e-09,1.977330273606306e-09
4216.8,2054.0049273395875,91.5,0.020106642633728026,0.018109951417426433,0.01778473550639499,0.024771872799852337,0.03524201930568862,0.03357844148859196,0.014459037325871317,0.0006299837572503064,2.7200591612906797e-06,1.8280749710939365e-07,6.135185396953166e-08,2.622916556683022e-07,0.10887660670411888,0.26821407742820463,4.6427913787779434e-07,5.146216029904484e-07,0.13306585801065188,0.14934337786959845,5.670503119324465e-07,3.103270654536737e-08,9.583059877157937e-09,5.7407076322394795e-09,4.554813326104557e-09,3.861300642914978e-09
4216.9,2057.3449872192605,91.5,0.019489433884660005,0.017755093495116957,0.017614434082841565,0.024708465341251054,0.035490220902618774,0.03385434270522298,0.014666159103061873,0.0006057110384503533,3.216815214429719e-07,2.9697858738049635e-08,1.839446960500323e-08,1.6225853141609582e-07,0.11112609857431627,0.26387812695144724,2.834406351707874e-07,3.4258603454792895e-07,0.13959659952114392,0.14302756144330595,4.7332194106976233e-07,1.269839840098837e-08,1.6526290318625784e-09,5.010603666958584e-10,2.7448478461649594e-10,2.2176507123819452e-10
4217.0,2060.68500218937,91.5,0.019214998377692437,0.01772451716155381,0.017332887940383814,0.023194263001977182,0.0337989026928664,0.03423020509273963,0.016714898839648926,0.0010223360574384628,3.747187866163446e-07,3.210512611669828e-08,1.925100679936537e-08,1.6534879705538723e-07,0.11115336466091148,0.261944370070726,2.966292631621364e-07,3.4117281146523016e-07,0.14554376233706356,0.13756506525592538,4.950904683954339e-07,1.8270794448092462e-08,3.590260694160831e-09,1.6004000017700668e-09,1.1556173428605224e-09,9.834078414581398e-10
4217.1,2063.9668461831475,91.5,0.016292527723254856,0.01752861941138189,0.020506115704275643,0.025930091347796568,0.031766239312687204,0.02599489129548687,0.012114611422900134,0.005084798990161046,0.002574094386390927,0.0017858948180524707,0.001968526146960388,0.0048866408620843425,0.08787505527368583,0.2681096518768268,0.015556144601748825,0.01164709053038989,0.04539767725405194,0.1900078324789499,0.018510148852072975,0.006043251666050599,0.0033372429570569877,0.0024387783038417586,0.0020698048266647117,0.001824438224555017
4217.2,2067.2386958129428,91.5,0.01551188176117272,0.017546436000911724,0.021806848230634647,0.026803215925982508,0.027119805820395693,0.020139608781718325,0.01226568056214949,0.007453108776421646,0.005157266006158848,0.0044640153544305075,0.0054461559837428375,0.011671288539117527,0.06489718272911221,0.2452622126335182,0.05357760055587787,0.03865010781264093,0.06142322958323963,0.08783634540661199,0.04343120344029238,0.022958191896123817,0.015402707920820607,0.012948365323471213,0.012822517837342699,0.013486105534087089
4217.3,2070.5205398068365,91.6,0.01522140524883242,0.016880549546396777,0.020232657170514912,0.02419533535391621,0.024943037029952805,0.01985481361496355,0.01308632012972621,0.00840831023934836,0.005999973680269702,0.005259585331037854,0.00637928203598874,0.013010907146958479,0.06047285137671595,0.23551054834542534,0.06338197797613655,0.04635813155552806,0.06539829044944717,0.07854393797308218,0.04520831930035963,0.0289040289171679,0.023918077416373848,0.024670161073032586,0.028375884558933206,0.03154409536399699
4217.4,2073.792389436663,91.7,0.015108922746076722,0.01636369938131589,0.01880387897009723,0.02158676454113449,0.022268742423202474,0.018893017250707914,0.013588458560181923,0.009357749459319002,0.0069761682687086045,0.006258764214989063,0.007608503415364623,0.014880699316131717,0.05785031258734592,0.2151479157047024,0.08165674486876187,0.05927393087944502,0.06710321363390279,0.0647124365881019,0.0444843639143464,0.03237664561164392,0.028362390063927437,0.02891012962060505,0.031332460921174844,0.03313915179969038
4217.5,2077.0642390664584,91.8,0.014945730036315217,0.015853149903009227,0.017551233268955278,0.01939977868189636,0.019854149692145273,0.017579962594229684,0.013580534183348206,0.009989928306268919,0.007800826194111643,0.007182052832126299,0.008763994360049446,0.016571485667427877,0.05691893897388169,0.19677043827461474,0.09733728325022546,0.06964885294603523,0.06708265214947641,0.057791122663910434,0.04248803234008638,0.03335816586116497,0.030223529386936395,0.030657709011537023,0.03241313226484986,0.033629560291524536
4217.6,2080.3460830602357,91.9,0.015435408497688922,0.015791045834000896,0.016333323516930478,0.016686169852583036,0.016315116670608747,0.014911941758650089,0.012824097256622325,0.010845464528798672,0.00967299991637184,0.009886525238515187,0.01270270480237757,0.022531711157039655,0.05647547333345348,0.13869983664205662,0.1331042401502979,0.09616512253384808,0.07041103172634963,0.052769058798948755,0.04195855081805463,0.03645257197864872,0.034282221776316554,0.03386412090009559,0.03405321214190787,0.03422145132750006
4217.7,2083.6179326900624,92.2,0.013833445201549336,0.014118524308728574,0.014587275167018337,0.014989655659770727,0.014927799290381578,0.014079370085429484,0.012567452779499408,0.010984145239388975,0.0100173360862391,0.010337485619438555,0.01322271804186281,0.022893131086455746,0.05452076135573715,0.1304585044079824,0.13739372998582827,0.10075326043110572,0.07196845126075373,0.052896927218084956,0.0418934654346481,0.03649337970408343,0.03439010942379877,0.0339595345280491,0.03410060887043979,0.03423719574393708
4217.8,2086.899776683925,92.6,0.011697811561862712,0.012073320086631558,0.012794685773457305,0.013681633902822517,0.014285108214324181,0.013999411570103946,0.012644634384359884,0.010844133623671983,0.009505242900398812,0.009387568656281316,0.011670540748120505,0.020445954973756172,0.05273314244756653,0.14372087088853341,0.13777735978063976,0.09461309294961186,0.06650858328023063,0.04872130073332524,0.03872503359903625,0.03410373125906102,0.032726061723281734,0.03303442707809585,0.03375005276054029,0.034144233954842826
4217.9,2090.171626313752,93.1,0.009949864055407981,0.01029789614143821,0.011010322924032001,0.012001578817699296,0.012942866305616156,0.013223261207728716,0.012406270479943029,0.01087524566836526,0.009571310562756934,0.009379632963134255,0.011508881566501159,0.01985197315929529,0.050275083743956284,0.13794632383163924,0.1426344750527068,0.09702639469163445,0.06598520945647332,0.04751481278301052,0.03780472500244116,0.033521427672995756,0.032405694507436446,0.03289479197427133,0.033707812044477946,0.03413524318482716
4218.0,2093.4534703076456,93.8,0.007940519400865893,0.00827009683970321,0.008990613933004621,0.010117978057902245,0.011469966211869465,0.012455219567953271,0.012298608001846333,0.011013752218004037,0.009612263071602718,0.009192031192598406,0.010982656628022832,0.018581754979761382,0.04680708375681524,0.13236463860156877,0.1468297167024647,0.09840956453939961,0.06512001274849696,0.046387493649146065,0.0369340795713121,0.03289426949827746,0.03198896353948755,0.03265856401723966,0.03360647188534989,0.034098370720826415
4218.1,2096.652485781085,94.4,0.0065658423907609745,0.006856786490706504,0.007515720836625893,0.00861260019436226,0.010087567858496092,0.011480312027616974,0.011888806915913536,0.010939895838092194,0.009547805482350036,0.008971367197432533,0.010485175473608012,0.017460233317970517,0.04393176754737636,0.1276574895698515,0.15004960487981914,0.09938207236333073,0.06436435707178219,0.045496406110048994,0.03630196798461795,0.0325182808420133,0.031809230385928755,0.032597181880130686,0.03359806374821798,0.03410438514024331
4218.2,2099.851501254594,95.0,0.005542194464070952,0.00579449863808839,0.006379189449942646,0.007392330909602114,0.008859100212617122,0.010467699365729015,0.011329137379671823,0.010745024175069088,0.009419725714365066,0.00871598713323232,0.009958481946545644,0.01630153108484889,0.04113134136954178,0.12403218854680993,0.15222867309562454,0.09965291715282004,0.06384293581845107,0.045157069230412024,0.036203603393583604,0.032567615658970345,0.0319108450572768,0.032678489278090694,0.033637354508699174,0.034119340561667336
4218.3,2103.051282497177,95.5,0.00490527132046365,0.005124673843739558,0.00563874192436099,0.006546532739809854,0.007910011544477324,0.009530798718098081,0.010636672185767398,0.010385008951175563,0.009217032230333105,0.008478075598745268,0.009528413517675763,0.015361986860248656,0.03885120403719365,0.12125456445883673,0.15310188527560545,0.10041475341846272,0.06469827373666893,0.0460459517627109,0.03697926470260101,0.03317914741609481,0.03232561873164674,0.032896229816536685,0.0337124581928142,0.03413510297710688
4218.4,2106.250297970686,96.0,0.005197042531936133,0.005299540771140848,0.005533459010774906,0.005928683951531397,0.006504436110420252,0.007243109553399423,0.008059123069943212,0.00882474722293053,0.009545784155872664,0.010639448013133643,0.01324892884454154,0.02018859039944502,0.03885813532733014,0.0824381762461704,0.126179207131284,0.11438237209362281,0.08293700663056607,0.0588423357266712,0.04516005618908169,0.03848064888085634,0.03559079137024557,0.034556810849644806,0.03429399734524267,0.034263855853689504
4218.5,2109.4493134443114,96.5,0.004671662857933821,0.004766079506404505,0.004983782347706937,0.005357224683604471,0.005913623358938519,0.006651145342608205,0.007502022190436282,0.008334480958945885,0.009105081894461917,0.010158027223331997,0.012565262761846541,0.01903892349968189,0.036994125192841974,0.08084520638614459,0.12709454647092933,0.11543271487255559,0.08361706338277301,0.059321034824775444,0.04547973965974291,0.03866448883524487,0.03567795743023061,0.03458710334049378,0.03429903987746547,0.03426232295163213
4218.6,2112.6490946867784,96.9,0.0043154180182227,0.004402059052121961,0.0046029599873923625,0.004950369429133442,0.0054743345344219815,0.006182014308298941,0.007021161797191426,0.007869084253043362,0.00865934998657082,0.00967782785363804,0.011921174536625454,0.01799295814079697,0.03530168911449948,0.079490145275238,0.12830718553987958,0.1168305161125376,0.08472654029104529,0.06014071527433593,0.045998428004261425,0.03894734026055779,0.03580879084858047,0.03463391605160818,0.03430919604109962,0.0342625201135928
4218.7,2115.848110160334,97.2,0.0031434732063540393,0.00327882073468722,0.0036196981815057026,0.004290118339002754,0.005489084410626629,0.007404219806086058,0.009599475999469769,0.010127891516199205,0.008197663404824947,0.00619733699103889,0.005627439089086378,0.007818788301121473,0.02249587591527448,0.15696978434712255,0.13020353745225485,0.07622384516060476,0.07801451937627629,0.0816176516039925,0.053361512507146804,0.035956813922325505,0.030206750275343922,0.030093885970071163,0.03201416000904454,0.033487740459677916
4218.8,2119.047891402801,97.6,0.0029628440024908964,0.0030825634181764158,0.003383815137812449,0.003978274729211535,0.005047016504117309,0.0067916483266944674,0.00894410480637115,0.009791286303834015,0.008135933062534264,0.006101714728656226,0.005345048613008542,0.007038380664536464,0.019496249338186035,0.15441231727218127,0.13448813032114793,0.07274123923632349,0.07682517839029884,0.09474352934531056,0.06252523095999064,0.04017065457905826,0.03241884318630754,0.03132036899748441,0.03257584675327241,0.033682689323743284
4218.9,2122.2469068764262,97.9,0.002917313754783123,0.003023833263266134,0.0032937096068874397,0.0038229445550066496,0.004772682809123446,0.006326560995587404,0.008312509669281192,0.009300608023105696,0.007961975382125432,0.006005940074580343,0.005146429467354234,0.006497123418533798,0.017446863381182384,0.15116821541086792,0.1405211048376508,0.06990641990571053,0.07469715262755938,0.10455551922762249,0.06956739753291308,0.04309180573728263,0.033810556125792535,0.032046001915305385,0.03288705768504083,0.03380648130316026
4219.0,2125.4459223499352,98.2,0.0028895070202156277,0.002985200312084261,0.0032270507423502724,0.0037011163183989504,0.004546172791042958,0.005925937721268596,0.007723609482757941,0.008762948927959856,0.007719422243624582,0.005898841405261493,0.0049899769459128395,0.0060949816808013434,0.015876126571055922,0.14620072185268407,0.14908112393946604,0.06765299773911827,0.07180013622129379,0.10975361128940347,0.07419129272512769,0.04486096116784508,0.03457587169408008,0.032383220558479975,0.03304283581672602,0.03377711066575228
4219.1,2128.6100494017182,98.4,0.0028697825392204578,0.0029765434922363284,0.0032366538180318353,0.0037239560820312725,0.004539252748134515,0.005743623221957767,0.007087035697988614,0.007690539355352303,0.0069563679115439295,0.005793247944004863,0.005399448341193781,0.007136792102773188,0.018478746854055764,0.12560018773823647,0.16248255377304063,0.0823301887677233,0.07243622938960162,0.07850899707504501,0.0653951468626074,0.047727848388150966,0.03834764417904869,0.034919647211422426,0.034167406895537704,0.034222988703562024
4219.2,2131.764252946275,98.6,0.0028994033265221917,0.0029989817750732365,0.0032402415013706234,0.003687276767135779,0.004422534128463142,0.005485769428467754,0.006653093984437649,0.007197131292470627,0.006599581635656048,0.0055842529910924196,0.005235734025133825,0.006868727467211126,0.01750772588108021,0.1203890318167985,0.1708246141537044,0.08164607176041143,0.07011169715523624,0.07618606943562647,0.06461879057468362,0.04749522535179073,0.03820669215955992,0.034814387464367304,0.03411413601411191,0.03419037227659952
4219.3,2134.9296281214542,98.8,0.0029271712841599613,0.003019585184057364,0.003242660704691406,0.003652105507513401,0.004315922861368192,0.005258560100163834,0.00627961400662916,0.0067675594958010185,0.006268377079376798,0.005368801796155904,0.005051157955796365,0.0065713450911788224,0.016508701610647634,0.1151946586623004,0.17921891904495196,0.08025636380789285,0.06706473611110944,0.07293070954217902,0.06319861401607951,0.04692519158723434,0.0378793292046102,0.03460209181003883,0.034006221354579556,0.034147291870263774
4219.4,2138.083831666011,98.9,0.003052352422945215,0.0031368625739564733,0.003340016537933032,0.003708205729493047,0.0042929663543800544,0.005099904958934052,0.005947494620272274,0.006341807620155422,0.005920277741451132,0.005147213715313302,0.004884202499868956,0.006333555720923739,0.015745280105936572,0.11137140075191915,0.18713457027704503,0.07907223060967229,0.06404508827750659,0.06885151608334968,0.06075765743611262,0.04585808575657988,0.03731751547992972,0.03428287123082323,0.033852664628114974,0.034078655796127275
4219.5,2141.247958717794,99.1,0.0030895617360259396,0.003165578940204008,0.0033484906785264234,0.003678468797142127,0.004198091218646548,0.004907587537807477,0.005649451285970746,0.006005468124052899,0.0056493409411151555,0.004955585073579921,0.004706425982368924,0.006041863059083492,0.014778872036487953,0.10537312013243007,0.19600663628643547,0.07748050661467687,0.06081225736786532,0.06515966780547235,0.059101954481410646,0.04535417433203314,0.03705829705788896,0.034092936409593745,0.03374757743115916,0.03402154775698135
4219.6,2144.402162262236,99.2,0.0032373941671936385,0.0033018391726298197,0.003457656332254174,0.003737752054553107,0.004173831926381636,0.004759015152885398,0.005361217342674265,0.005650188479801086,0.0053583449106953075,0.00476755579695704,0.00455950145614706,0.005818307967714008,0.014029509798691548,0.10102932855815709,0.2042877338263565,0.07557192567613726,0.057507583645231924,0.061138813574606314,0.05679596338896248,0.044415250034924456,0.03655590690351992,0.0337664604402647,0.0335684578880612,0.03393822321359077
4219.7,2147.566289314134,99.3,0.0033927456141023514,0.003443024291495948,0.0035666445367555197,0.0037910802437928722,0.004140415848056844,0.0046063751381402365,0.005083748506111402,0.005317095610746955,0.005086355395791535,0.004593899167793198,0.004428395040654208,0.0056188269188748256,0.013329890462810193,0.09618103221943025,0.21265103816024278,0.07414729020116154,0.05508725493526905,0.05815134078550198,0.05479140841683977,0.04343902531304899,0.0359657086202265,0.03339395991424538,0.03335792693753488,0.033840956916807156
4219.8,2150.7204928585757,99.4,0.0036153494713750548,0.0036603769877271465,0.0037628089797585784,0.003931408003957422,0.004162171433022736,0.004421227406519941,0.004627195988302477,0.004674127314101232,0.004539795438427997,0.004403837782658391,0.004695737596464308,0.006506428624970126,0.015408021973983868,0.08363855050572933,0.2107426696028475,0.09071774277897729,0.05901691180319033,0.0497303636347361,0.04402792025495739,0.03874974470870136,0.035252283536081216,0.03390848487922026,0.03384883443248875,0.03408072733164646
4219.9,2153.8846199103587,99.6,0.004059687007419911,0.0040611512142482795,0.0040646782228431835,0.004071096779044858,0.004081339871555927,0.004096570100913237,0.004117998553020577,0.0041471551752047,0.004185551600436675,0.004236252515768897,0.004346628219469742,0.0057779578670515,0.022396540241122725,0.08752358235548821,0.1018188801424702,0.10252564793630711,0.1024850505299598,0.10224708824677747,0.10202578704888389,0.10188902911780137,0.1018404837446412,0.10183999509661071,0.10183772811904322,0.10183678294172323
4220.0,2157.0388234549155,99.8,0.00399145094010108,0.003992613055507552,0.003995431857218436,0.004000636393683911,0.004009055999064333,0.004021782103987659,0.004040016545490232,0.0040653771624567766,0.004099610578852559,0.0041456779255513625,0.004237436191359103,0.005395830570001598,0.019923426505083552,0.08728955219778906,0.10443478586109761,0.10511447775763155,0.10500582346049557,0.10471698063195524,0.10447348964096727,0.1043311430621691,0.10428982045563122,0.10429179219409464,0.10429041041261541,0.10429126667992103
4220.1,2160.2085079816943,100.0,0.003928740338205394,0.003929612754899339,0.003931742591676708,0.0039358002438742,0.0039424810303030095,0.00395278875027449,0.0039679145155484775,0.003989612415186102,0.004019744431849637,0.004061294369364225,0.004138355085413854,0.005068424788167681,0.01768306726088174,0.08680495256116774,0.10729768254910907,0.10791969874100969,0.10771731579818902,0.10736263322779435,0.10708312765720593,0.10694392522696083,0.10690325390799826,0.10691072160899252,0.10691495724001165,0.10690435680763137
4220.2,2163.36675116437,100.2,0.0038756373401068267,0.0038762706720160286,0.003877752598171854,0.0038806480240226966,0.003885549070640997,0.0038935233471092566,0.0039056698047077515,0.003923727284769658,0.003949822122796205,0.003987134525809028,0.004053237821109615,0.0048023690393690435,0.015750852312849176,0.08577305306568252,0.10999205511127053,0.11055371812772183,0.11023719925012705,0.1098028042595081,0.10949044197136226,0.10934125001061304,0.10930615759464468,0.10931641060275583,0.10931970210242908,0.10931369195714766
4220.3,2166.5265612852427,100.4,0.0038242815703483177,0.003824746924436941,0.0038258349323035987,0.0038280154978436206,0.0038318785630634144,0.0038384734006258227,0.00384900166280018,0.0038651763875435117,0.003889434434456419,0.003924986368571516,0.0039867613436651225,0.004637550686861416,0.014494468462410103,0.08262840643176857,0.10940312082938279,0.11003132996857408,0.10971812414990678,0.10927477205025586,0.10895654667116432,0.10880361309531737,0.10876606797090385,0.10877617568931479,0.10878164068027875,0.10877767911973067
4220.4,2169.694683757518,100.7,0.00373810585871268,0.0037383146908996773,0.003738895584675713,0.0037401665771488995,0.003742591798619068,0.0037469211643063583,0.003754249911499739,0.003766209401178774,0.003785089043825839,0.0038141097672267452,0.0038619369207106933,0.004278188569937022,0.011765103019527325,0.08314937491956494,0.11989426087040868,0.11981375123345761,0.11878957146923902,0.1179037421495591,0.11739126677201607,0.11720102484884737,0.11718786543160611,0.11720523428695327,0.1172036073454011,0.1171986634846275
4220.5,2172.8544938783907,100.9,0.0036907445722637474,0.0036908071690645162,0.0036910525946283537,0.003691753256296772,0.0036933464146755002,0.003696573242364736,0.0037025725053000864,0.0037130685406986993,0.0037305114549221496,0.0037582886214220404,0.0038044044384945804,0.00417316677671596,0.010941680725849641,0.07893822550412782,0.11962131344047344,0.11961912968106063,0.11858538655122935,0.11767893570172304,0.1171527671868839,0.1169559915830484,0.11694105405184847,0.11695862156723565,0.11695638310366283,0.11695066923458883
4220.6,2176.02261635081,101.0,0.0036858609483575704,0.003685561576494183,0.0036849814484030286,0.003684285728992983,0.0036838527464072854,0.0036844191999890704,0.003687232716605252,0.0036942442709742914,0.0037082493260628974,0.0037330184727403736,0.0037759288025304588,0.004096141178533483,0.01021278410323746,0.07568669314746139,0.1202961120715105,0.12028008093544937,0.11919215132350416,0.11825255655311377,0.11771388208670182,0.11751437696586847,0.11749994763417516,0.11751771964767697,0.11751425794088814,0.11750756049326734
4220.7,2179.182426471683,101.2,0.003648780352266497,0.003648303440314875,0.0036473178961768478,0.00364592975125173,0.003644465019757628,0.0036436325139146543,0.003644697882883316,0.003649674864324396,0.0036614756839418146,0.0036840343468251685,0.0037241931880648035,0.003996428094996841,0.009382201124205883,0.07151130139997074,0.12216874111310062,0.12203496050192947,0.12079849089072865,0.11976952808594692,0.11919551343326568,0.11899002051188996,0.11897958649026932,0.11899971066882226,0.11899589996847833,0.11898877350643218
4220.8,2182.3505489441022,101.3,0.00365061121253708,0.003649732620766571,0.0036478302087921454,0.003644891500474004,0.003641157600475478,0.0036373417412346224,0.0036348281701306328,0.003635860557721641,0.003643680847088474,0.0036626419920376724,0.003699392431281175,0.003931943395499901,0.008724409954518678,0.06776895824638474,0.1240530390315637,0.12376428901649124,0.12238616860155561,0.12128177363567794,0.12068379380532783,0.12047863832577155,0.12047466404439192,0.12049814741134654,0.12049582329707989,0.12048958736491137
4220.9,2185.510359064975,101.5,0.003636522393696701,0.003634672110467203,0.003630440143597256,0.003623434606062072,0.0036136794992825674,0.0036016718049989927,0.003588849917416708,0.0035777644103606285,0.003572650113731225,0.003578749942516743,0.003603395892469009,0.00378943973452433,0.007844406640663288,0.06446020237906004,0.13136141330801318,0.12932963837976974,0.1266513739941411,0.1247564984101969,0.12381422747031513,0.12351332336449812,0.12351072898248083,0.12353591693228518,0.12351305665897735,0.12349315688733492
4221.0,2188.6686022475355,101.6,0.0036960215087307666,0.003691906691257303,0.003682374779834581,0.00366625096698094,0.0036428885053126567,0.003612751928584878,0.0035778453811536083,0.003542024543960698,0.0035108581313753177,0.0034914802226410427,0.0034923601851480253,0.003583991204243969,0.00644949454397595,0.059770790648901416,0.1440718769859918,0.13340022886302227,0.12726709654271934,0.123687343739963,0.12218799057142381,0.12186819126677195,0.12198605125532079,0.12207542373209772,0.1220723232406758,0.1220606271194969
4221.1,2191.87110127158,101.8,0.003964679796978927,0.0039289858656246955,0.003859381919081924,0.003763613382716569,0.003652365039798654,0.003535783862195781,0.0034178249354072485,0.0032989047413733547,0.003190928313642522,0.0031443747198944953,0.0033064041101571297,0.004102789855398813,0.007357663142995732,0.027813369304253613,0.2370875064809692,0.08966800688844734,0.05370174746722583,0.0458355958141735,0.04209372587681366,0.03775839308926921,0.034471100637409824,0.033259946180255164,0.03346914601800503,0.0338930669562027
4221.2,2195.063733414601,101.9,0.004026850941609506,0.0039814389870706,0.0038939234122433485,0.0037748107383519425,0.0036401860251984173,0.0035060347686171564,0.003381289979861263,0.00326726576943639,0.003171397458683178,0.0031354375607651965,0.0032888527020333183,0.00402804881372336,0.007026986525880389,0.025758058557668558,0.2351027300343448,0.09092796247827156,0.054624534267411075,0.04690765174554304,0.043043344219365086,0.038298798603744674,0.03471467616600126,0.03338280344448558,0.03350687129080811,0.03392787664696729
4221.3,2198.25636555747,102.1,0.003954826941791233,0.003920158111111767,0.003842093581527855,0.0037163834030336687,0.0035471157757768607,0.003349932576752864,0.0031531902502083707,0.0029980938074852374,0.0029425008525782795,0.003081124808883924,0.003620001761857739,0.005169119748577711,0.010239685145539976,0.033783120506537465,0.14951665567292613,0.14143502801594696,0.09305060039341469,0.06728399150718428,0.05245531932215855,0.04309384434401623,0.03768313076989741,0.0353522570179771,0.034578151649490005,0.034394501362081366
4221.4,2201.4572560585616,102.2,0.003969472840910312,0.0039338445289839085,0.003853780101389714,0.0037251277381992755,0.0035522332487359317,0.0033510366725173937,0.003150000059465875,0.0029899764721884993,0.002927679824661052,0.0030550147843310094,0.003570334395352654,0.005057020027018555,0.009903915469634386,0.03241614764708657,0.14802434676837295,0.14247959024583973,0.0931983078311282,0.06714904969243907,0.052255513016996116,0.042917393966350345,0.03757457183879877,0.035302233203069626,0.0345602465617341,0.03438848761449963
4221.5,2204.6498882014675,102.3,0.003970865016079168,0.003935448369933643,0.003855876537594831,0.003727977638089328,0.0035558909275622713,0.0033551170972326346,0.0031534622538068836,0.0029909272623183268,0.002922994793007514,0.0030390164886254767,0.003530112456031844,0.004953867316870241,0.009580842834753965,0.031097959654329738,0.14682886031123277,0.143635187549869,0.09308872443706133,0.06669899692036782,0.05178868102889034,0.042560609907783535,0.0373760830448829,0.03521701117751253,0.03453137928031811,0.03437921868192825
4221.6,2207.8425203443367,102.4,0.0038043313346129404,0.0037821251260630687,0.0037320648676563853,0.003650981242601173,0.0035413421324829116,0.0034140688533770983,0.003289133080174402,0.0031943112592313218,0.003165820339114206,0.0032577025803646044,0.003576686331526564,0.004451436374922417,0.00787999158612061,0.03286140360865808,0.1421999689234522,0.13572758788460976,0.10650109150443533,0.08874711837462589,0.07887942938529575,0.07314770239057375,0.06959667516244004,0.0668873761682518,0.06432478890254789,0.06253179487982699
4221.7,2211.0351524873577,102.4,0.0038629713177507647,0.0038388189223733135,0.003784432796882263,0.003696493385483355,0.0035779219675766472,0.0034407596751005053,0.0033062897347488638,0.003203081086466387,0.0031672521162229117,0.0032518008560277326,0.0035602880016709503,0.004407966537852574,0.007692530548964169,0.03171820393131251,0.14296647665125023,0.1361162902835728,0.10598913439001714,0.08777470110161646,0.07757372048957568,0.07153546322788627,0.06768801955178733,0.0646942883712591,0.061863416330327846,0.0598709095142103
4221.8,2214.237651511517,102.4,0.0039122659058958885,0.003886707846725965,0.003829250123079923,0.003736519946493744,0.0036117941285798575,0.003467833039605068,0.003326656127489795,0.0032170950064406784,0.0031748830061682637,0.0032517111481825374,0.00354718993979191,0.00435861470311668,0.007457208007721251,0.03036791133655468,0.14452389509649322,0.13659635916915522,0.10517751981663954,0.08621703950555944,0.07533036964493409,0.06857954803766167,0.06399797838784926,0.0602706792951087,0.05673460119667239,0.05420794194642687
4221.9,2217.428670157642,102.4,0.003983581843996301,0.003952128195038146,0.003881866748104667,0.0037695736496439016,0.003620034208437276,0.0034487509891941476,0.003281724234863827,0.0031534291598021343,0.003108015578787864,0.003212259717955586,0.003601479528958655,0.004667258739093562,0.008270351150181916,0.02932025520685299,0.13642552847447031,0.14209203877157772,0.10471260221964855,0.08103874667918326,0.06645689630264706,0.056462452380773444,0.048970455749745775,0.042891008598183136,0.038043611048529394,0.03589286004135247
4222.0,2220.621302300548,102.4,0.004003134349634839,0.003971934676968154,0.0039023098091308605,0.0037911185327540566,0.0036430523848292483,0.0034732605178589256,0.0033071153377427706,0.003178408743104159,0.0031306872079108995,0.0032298931942664993,0.0036089588522398774,0.004648948972982028,0.008140789619509183,0.028472460645831043,0.13579636230341843,0.1434868419320543,0.10599735549479398,0.08196371477187933,0.06705997824553223,0.056860087184772624,0.04927148958782671,0.04313123314539271,0.03819799408518495,0.03596653954343984
4222.1,2223.864094307519,102.4,0.003967314359864757,0.0039403086861829325,0.0038799360748811387,0.0037831730236824973,0.003653737674156683,0.003504650367210183,0.0033583629618766974,0.00324525013711508,0.003204633796743561,0.0032953993203144764,0.003633373537341419,0.004549269357429529,0.007708690053004146,0.027640764954655957,0.13586296137069762,0.14297445098346057,0.10921275435324754,0.08683661854700289,0.07281294276887056,0.06328535863433997,0.05625400942051455,0.05036591866291664,0.045003168158294846,0.041356844018149576
4222.2,2227.1068863143746,102.3,0.004055999180458691,0.004024716780513731,0.0039551200876754245,0.0038442944592189453,0.0036969912572175443,0.0035280546181708163,0.003362217372572538,0.0032324968915447673,0.00318163271472313,0.0032743062967891894,0.00363986592989805,0.004642754596485133,0.007946020840727699,0.0268656074245692,0.13400229553258022,0.1469749242284165,0.10878770039385867,0.08400884814600046,0.06842993385700126,0.05772794157013486,0.04984546660369036,0.043538358830002344,0.03846846613194937,0.03611626563083154
4222.3,2230.348274905693,102.3,0.00401108654046853,0.003981282864467859,0.003914889995909879,0.003809148190045261,0.003668717646433757,0.003508236225856812,0.0033528693081555086,0.003237734339947227,0.0032106898399135303,0.003347550749747856,0.0038043852480807707,0.005016634065028762,0.00880498649350208,0.027225023260664834,0.11662846433587258,0.15000807422910278,0.11675805804480378,0.09056699145760994,0.07293405809684815,0.06035697978828169,0.05082731768992044,0.043196648809504176,0.03763709434470762,0.0355961844492755
4222.4,2233.591066912664,102.2,0.0037494471772425942,0.0037483287649519143,0.0037459174539413455,0.0037422758075809723,0.003737787662897638,0.0037334135922210167,0.003730715854831695,0.0037322757629158925,0.0037415086547524963,0.003762885853540298,0.003801788911154479,0.003898125057547967,0.00540733091555835,0.02791883724479071,0.12526989227931756,0.12952851327549275,0.12846766291290015,0.1274546527367447,0.1268308998280484,0.12657064680817923,0.12654121175808522,0.12656377569905372,0.12656418422001206,0.12655827664668645
4222.5,2236.8239603534794,102.2,0.0039924279304467776,0.003967439632923107,0.003911750255511829,0.0038228886842103654,0.0037046143938744883,0.0035693955214245645,0.003439391559756966,0.003346542342711062,0.003335507304470508,0.00347762454098901,0.00391797301540955,0.005056678273970614,0.008609708720536745,0.026343583936455063,0.11192021587674574,0.1487195031146285,0.12211800248842579,0.0985608409720873,0.08196684341850952,0.06975204567704543,0.060173918839145676,0.05192772978485585,0.04453657031685266,0.03986614644375611
4222.6,2240.066752360335,102.2,0.003963147688827143,0.00394127716906288,0.0038924548178714785,0.0038143112525263635,0.003709788535311402,0.0035895450216885325,0.0034734474438980183,0.003391508464746208,0.003387344210666256,0.0035318058133157826,0.003968575815214857,0.0050893559659579935,0.008550349786603151,0.025634767439817522,0.10952574405706282,0.1498401660311128,0.12410613814218276,0.1007389822188542,0.08418427819544298,0.07193927417769932,0.06230751293900966,0.0539676290205811,0.04640032155685306,0.041401552683705836
4222.7,2243.309544367306,102.1,0.004008231563952363,0.003986716827702863,0.003938648442847693,0.0038616067413423253,0.0037583396813099523,0.0036391800899403305,0.0035236467048254767,0.003441544206113446,0.003436491071658787,0.0035794238704240392,0.0040136531894111585,0.005127341099671246,0.008545300346594047,0.025222084888582377,0.10739227401326988,0.15050769180202164,0.12567083744088123,0.10247103880688327,0.08596329870430298,0.07372848097696966,0.06409440676639364,0.05572088960268622,0.04805814324251564,0.04285920871213899
4222.8,2246.5509329586243,102.1,0.003985720596495773,0.003967885328960907,0.00392780352613065,0.003863021794342498,0.003775179344796195,0.0036723490646811754,0.003571175913359179,0.0034989302259758426,0.0034976949741720477,0.0036375303673227815,0.004059603521435999,0.005141346006421696,0.008443446401892738,0.02449958681268356,0.10555533898884074,0.15128711976222103,0.1263967277488044,0.10299656421214752,0.08645973852604845,0.07425486693801363,0.06466118267411483,0.05631628239049129,0.048651375599977266,0.04339703989953642
4222.9,2249.79372496548,102.0,0.004059103983386008,0.004041397392780337,0.004001247995068734,0.003935584581933123,0.0038450638722637384,0.00373657983791855,0.003625834190713444,0.0035401948094869835,0.003523554708026976,0.00365017734732365,0.004069819115714504,0.005178199916602076,0.008527986981062689,0.023962264074417917,0.1033857411960188,0.15577799277465457,0.12585173293660432,0.09937793070802292,0.08106232116312288,0.06758375012162243,0.05705300166431949,0.0482108138344043,0.04077269610606507,0.03703340848311059
4223.0,2253.036516972451,101.9,0.004125767714845048,0.004109410410674067,0.004071983835317875,0.004010057280580134,0.003923383751395582,0.0038174037307826835,0.0037061979878483336,0.003615814027555486,0.003589560162583366,0.003701493549610182,0.00409989331415226,0.005172478218273851,0.008430725468570769,0.023500907120862023,0.10283795881289828,0.15682549930370054,0.12593389747991127,0.09911514345088836,0.08075475579480568,0.0673206054256568,0.056868089335414436,0.04811217784715961,0.04074595793332292,0.037033495699592515
4223.1,2256.351995821597,101.9,0.004129803886833067,0.004117976238815365,0.004090277086218647,0.004043074527904747,0.003974566016177043,0.0038870971299631626,0.003790564106897686,0.0037069791980238235,0.0036771039985485287,0.0037741011006844774,0.0041443768067341,0.005164061087532485,0.008279840051064417,0.022756244200327645,0.10147414236658875,0.15797814898965695,0.12576764462464554,0.09835619813240543,0.07991061168814897,0.06657605223055904,0.056283875063549656,0.04770434215968712,0.04051291752615572,0.03693131152803851
4223.2,2259.668454776621,101.8,0.004221458449582729,0.004210871903273941,0.004185650795318812,0.004141756386862363,0.004076402581067493,0.003990350154135182,0.003891594881390847,0.00380058283173934,0.003757499402107011,0.003835787910342607,0.004181119385695811,0.005162395983064649,0.008187443034834981,0.022338317054174404,0.10114983537973367,0.1588775899587463,0.12539678453891914,0.0975282983517146,0.07906636299392839,0.06585498684415265,0.055718304698102246,0.04729997640606036,0.04027429511358769,0.03682638449013842
4223.3,2262.9739804534893,101.7,0.004294543265713949,0.004294318747127557,0.004290524837418953,0.004276779095836363,0.004243122129173558,0.004177398654349712,0.0040710677108481,0.003931103132336821,0.003796351013365918,0.003756213580765071,0.003989543199021975,0.004924805576322473,0.008046500248564103,0.02123476755904965,0.09969123204242082,0.18224430707835532,0.1126890431162328,0.07328577106154634,0.05232920118218482,0.04156914502464453,0.03671422650530348,0.03489048416368053,0.034390479217845715,0.034320764123601154
4223.4,2266.290439408397,101.6,0.004375324086557276,0.004378582362133307,0.00438214022218415,0.00437919401926633,0.004357960157753238,0.004302622684428037,0.004199615278299531,0.004051601947870044,0.0038967247425256107,0.003828024581000758,0.004028754636486565,0.004925313680335341,0.007975193106597785,0.020886052561091283,0.09790105013682972,0.18323214868511897,0.11226217286809828,0.07261554928163964,0.051880639584787565,0.04135701467238769,0.03662755358802327,0.034858649046831086,0.034381859148477384,0.034319848769329926
4223.5,2269.6059182577487,101.5,0.004458825205513206,0.004465940553433966,0.004477536297384992,0.004486225451614699,0.004478103585947935,0.004433281695485796,0.0043328301638002956,0.004175250417411824,0.003998920763761586,0.0039019180659602753,0.004073093462838048,0.004938077185910185,0.007929905293634134,0.020563802106351257,0.09542439374659306,0.18436545960567147,0.11183615327833075,0.07165966193658617,0.051178329002979514,0.041009906880597226,0.03648607764459438,0.03480960297995471,0.034369421824138505,0.03431799822973213
4223.6,2272.921397106895,101.4,0.004542228954470689,0.004554243301650062,0.004576045288494902,0.004599530085277993,0.004608111204398175,0.00457666480240923,0.004479333073637097,0.004309395867311413,0.004105997683354785,0.003974121607364625,0.0041096047480987845,0.004936575219336171,0.007859123684076673,0.020186305256282892,0.0928860671781478,0.18508538811527173,0.11105152643485619,0.07059521780526815,0.05048766754402044,0.04069220195514045,0.03636391408441611,0.034769298654569035,0.034359487041902295,0.03431648036287062
4223.7,2276.2378560619186,101.2,0.004754404421317126,0.004766136320971392,0.004786191476523347,0.004804437335463782,0.004801461988882901,0.004749352195940663,0.004621510141687548,0.004414783141244223,0.004175904580786519,0.004017373858791869,0.004138427616911004,0.004963000886752682,0.007892610747093954,0.02017416931808627,0.09147577650919181,0.18386011158677937,0.11003958850260694,0.06960453195013536,0.04985415277371772,0.04039389175271173,0.03624840288524304,0.03473211186961555,0.03434992473660405,0.034313608019687594
4223.8,2279.55333491127,101.1,0.004842972773167203,0.004861431183302064,0.004895359257904217,0.004933436896046582,0.004952264635181035,0.004916444627832363,0.004790092200840828,0.004564370993513705,0.00428948198696241,0.004088797715389093,0.004170605014503189,0.0049572739400901115,0.007822201782140718,0.019818321150695536,0.08904624380946762,0.1843681438290169,0.1093421340050832,0.06867207756722372,0.0492513799162658,0.04011320361885446,0.036140732427149574,0.034697960889611607,0.034341845531171346,0.03431195572081421
4223.9,2282.869793866178,100.9,0.005066220425742526,0.005086099898920372,0.005121585020796194,0.005158668757087593,0.005169646956958976,0.005114180235998671,0.004953883671175948,0.004683789350359245,0.004364284962713822,0.004128927718958206,0.00419000542801157,0.004968348011625245,0.00783328668042255,0.01979976156525803,0.0882476802384995,0.18333369562697163,0.10837972737028001,0.06785388146050475,0.048766005575732504,0.03989313013955357,0.03605859491865495,0.034673040259404146,0.03433598468120685,0.03431029541768751
4224.0,2286.1852727155297,100.8,0.005140081129002256,0.005168691224830689,0.0052224408588499045,0.005286207936991453,0.005327496367196241,0.005296240330607176,0.0051416297435745145,0.00485136612837875,0.004491104500142037,0.0042087252249316635,0.004227579034725638,0.004967774678425355,0.007775353174134266,0.019509486852041708,0.08616712215996193,0.18275333612634184,0.10746084705799594,0.06700683936212384,0.0482827831032832,0.03968983853454219,0.03598911809644339,0.034653654678958194,0.03433180783533786,0.034309427059169235
4224.1,2289.5395833749376,100.7,0.005303423392893332,0.005301059794583141,0.00529505735792401,0.005283707871427042,0.005264989858462123,0.005236935846164073,0.005198508629010116,0.005151090574585252,0.005100367251512546,0.005056834230256635,0.005035154658179451,0.00505313792184112,0.0053400115418176025,0.013682545438821251,0.12593022389479186,0.13147366638229335,0.1281946524471078,0.12564174483209456,0.12439745608306028,0.12402736282866908,0.12405078940844345,0.12411401712283,0.12412476322497419,0.12412211471069647
4224.2,2292.8944157105,100.5,0.0055390281861234444,0.005535270151011746,0.005525830991919054,0.005508197045910362,0.005479415622518541,0.005436613296212873,0.005378426892560365,0.005307312317705047,0.00523176481734257,0.005165702579739378,0.005126083131545141,0.005131490020829849,0.005374954402331621,0.013318528561241574,0.12776549033958245,0.13091263992147534,0.127239474311819,0.1244423306745884,0.12309560171190612,0.12270311719796524,0.12273414394940656,0.12280517209486572,0.1228168419761058,0.12281336424040905
4224.3,2296.2592336847447,100.3,0.005836830748209159,0.005831834766876913,0.005818787565147016,0.0057933798250942355,0.005749686055712875,0.005680170398005642,0.0055768846528878105,0.005438105449111886,0.005280213380113955,0.005135961607287508,0.005033415460897529,0.004990595535326537,0.005075666843636706,0.011142627891003091,0.1434597077609016,0.12652145168797396,0.12055001573798015,0.11664740640510994,0.11480973317117128,0.11426645685671914,0.11430499988821835,0.11441284194265457,0.11443561154562543,0.11442984809997439
4224.4,2299.6135443441526,100.1,0.006103452448961988,0.0060971898055872786,0.006080879642998354,0.0060491041387018465,0.005994146983987294,0.005905329534951973,0.005769751317724942,0.00558322267295529,0.005373037815461152,0.005189548074358598,0.005063870629946509,0.005007848677379613,0.005072063333835503,0.0109159810171439,0.14665339362191707,0.12456547360819578,0.11812087660389604,0.11403510258558637,0.11208797890279916,0.1114932330429612,0.11152281007226132,0.11163905270925624,0.11166492409865836,0.11165699426184454
4224.5,2302.978362318563,100.0,0.006248153696435776,0.006243286979974097,0.00622984417417219,0.006202248287569411,0.006152244333151742,0.006067738631146612,0.005931663188548791,0.00572993743458929,0.005485786395173159,0.00526741007457387,0.005119253414898371,0.005050087987829716,0.005094878430632243,0.010608312979955934,0.1478673226584073,0.12349198835509109,0.1167096335924658,0.11245155191893974,0.11039235980452301,0.1097434540670059,0.1097628314528718,0.1098859027831351,0.10991525516839745,0.10990666150501299
4224.6,2306.332672977971,99.8,0.006527868769293773,0.006522683251443276,0.006508098605104278,0.006477621375042499,0.00642134255652858,0.006323470755017459,0.006156463108995453,0.005885623962898441,0.005542608841878692,0.005253369819046472,0.005075605459827333,0.004993186989091765,0.005018668913629174,0.0102760099767233,0.15307219469651315,0.12103995207983127,0.11360801330755164,0.10917717329801432,0.10699824174368348,0.1062800041761929,0.10628174643010692,0.10641405945242485,0.10644974329309179,0.1064406121724928
4224.7,2309.6875053135336,99.7,0.006674569631796114,0.006672570355372209,0.0066646593900730995,0.006644224721050936,0.00660085566185229,0.006517773014627566,0.00636224598939728,0.006068831858787753,0.005632628252086167,0.005248983313340447,0.0050302420109923935,0.0049310550618260314,0.004934018009497204,0.009791916199038514,0.15655326222068403,0.1192002014994642,0.11118696190900594,0.10656225941550738,0.10424544368368101,0.10344687095801129,0.10342664577452511,0.10356521984175182,0.1036053143120822,0.10359537214603387
4224.8,2313.0518031600213,99.7,0.006694878036107573,0.00669989233613036,0.006707194639801787,0.006710153271852991,0.006697438488137192,0.006652587447992155,0.006547430402790642,0.006300241948983725,0.005789619046968075,0.005249058805021536,0.004963270793046242,0.004847087523089066,0.0048312830621782266,0.009252333411145622,0.15930744935205804,0.11732784956753964,0.10873211656371633,0.10395192482240728,0.10150790571179576,0.10062260533440456,0.10057234223623407,0.10071627949986436,0.10076380033023805,0.10075483718608282
4224.9,2316.406635495584,99.6,0.006793567258254708,0.006816234199987509,0.006866899079036233,0.00693761687257641,0.007000863626163236,0.007026557825647122,0.006978026995341179,0.0066795562200896415,0.0058320585547105,0.004922980300698565,0.004465499400967347,0.004293870742573158,0.004233259149843488,0.00780400989382621,0.17564022752739544,0.10881156301901707,0.09716425530869072,0.09165943215392366,0.08868835861717116,0.08739486886492685,0.08714536493443989,0.08727544950614528,0.08736150389614547,0.08736294656772005
4225.0,2319.7709333421185,99.7,0.006462178940063102,0.006494412770130279,0.006611606739689551,0.006865953075395244,0.007118415571722355,0.007241667797183053,0.007269701137529344,0.007154743920637897,0.006251237982682373,0.004765889927225448,0.004142014258088732,0.003998946653978541,0.003966942554588971,0.007056024892529403,0.17474435907788366,0.10911641656685107,0.09786235290551464,0.09268977616871615,0.08987832399902285,0.08865412408960271,0.08842448225234813,0.08854897629385869,0.08862697110350407,0.08862637114689827
4225.1,2323.121470612554,99.7,0.00622199558354939,0.006254904574801086,0.006428491404483769,0.0069158533276588345,0.007396864785232105,0.007569471014443402,0.007599622587594904,0.0074778261694306855,0.006375904050970831,0.0046243294120710925,0.0039777626742222676,0.0038565283848476595,0.003839685918749009,0.007000878314711882,0.1743206201098616,0.10957881856306316,0.09863589373817552,0.09359619431652157,0.09085149055121611,0.08965302875909752,0.08942690167490014,0.08954849162962918,0.08962404972834055,0.0896226059671041
4225.2,2326.482006284118,99.7,0.005945216364448877,0.005974644246343895,0.006196384456772908,0.006960125803247021,0.007695705783924084,0.007880928462687488,0.007894067546522054,0.00773275679814534,0.0064071560648068316,0.004523843526677822,0.003904409676589476,0.003803439905925855,0.003799519342997756,0.007102970377897081,0.1723764467135995,0.11130921925042064,0.10094355115481812,0.09605042094840302,0.09340061156999645,0.0922607902503175,0.09205911301081995,0.09218009591278833,0.0922539906953135,0.0922525046865976
4225.3,2329.8425419556993,99.7,0.005653474199836344,0.005677298698568781,0.005940217657967943,0.007033315948968364,0.008050110650195551,0.008218368204392252,0.008210514457838384,0.007984954561644424,0.0063388503746574214,0.0043582884443828206,0.0038016611444300318,0.0037251853006125897,0.0037352499724214853,0.0072264600021653665,0.17199869827594488,0.11168763351228723,0.10170376142996868,0.09700968549374303,0.09446994701971191,0.09337764651657784,0.09318547538868902,0.09329945602537987,0.09336594495104053,0.09336253269068108
4225.4,2333.2030776272636,99.8,0.005738091318292524,0.005761972588699742,0.005986816586685503,0.006870315973260968,0.007575317494038709,0.007676071799885911,0.007656949038629943,0.0074620038437222475,0.0064996467978724725,0.005188442556476061,0.004684428558596377,0.004561608432095917,0.004544788574691757,0.008452546788738606,0.15394698738345944,0.1211150753671172,0.11302195517124126,0.10821718876027059,0.10578370621564709,0.10491623902240876,0.1048776437024357,0.10501955340503986,0.10506296492907052,0.10505462555371226
4225.5,2336.553614897599,99.8,0.005610497903292555,0.005632682199624702,0.00587147795819132,0.00686497228992745,0.007643003429110229,0.007734490794538063,0.007707340453643242,0.007497596806310955,0.0065375258396466246,0.005270919573594565,0.004781426145364661,0.004658734998814603,0.00464404805769921,0.008647377797502442,0.15203881163623506,0.12263181013234477,0.11487461477937486,0.11017149608439664,0.10779688924518332,0.10696106783788768,0.1069327396139952,0.10707082035411346,0.10711006230584322,0.10710125453569991
4225.6,2339.914150569163,99.8,0.0055730339761332,0.005594807915613242,0.005832988037905706,0.006836475172878302,0.007621686205577919,0.007709749983954425,0.007679891284399762,0.007472650309101114,0.0065847103539764,0.005400592511085722,0.004916518112424781,0.004787438192375618,0.004770298420940564,0.008839055081549144,0.15041743057550827,0.12356592801035676,0.11604160250347605,0.11141047890777354,0.10908118399987848,0.10827056144685811,0.10825005692383977,0.10838594802895507,0.10842198938422111,0.10841242286080453
4225.7,2343.27487965672,99.9,0.005185139025981785,0.0052025512037830205,0.005466573688600655,0.006748396056347028,0.007739211143605297,0.007807119970604344,0.007762920822151368,0.007524242898421272,0.006597694003434318,0.005449752558915449,0.004993358184875913,0.004870097395698335,0.004859224672351935,0.009001974409530064,0.14634714485651779,0.12539998014668233,0.11827159883033295,0.11374301110005564,0.11149009657501195,0.11072179491034893,0.11071133817949755,0.11083652972981972,0.11086737764442711,0.11085581629357835
4225.8,2346.625416927155,99.9,0.0052479362097826825,0.005264427060003702,0.005506193924631826,0.006690031201321981,0.007596168174159011,0.007659656265627089,0.007619529247945871,0.007410770320720597,0.00662814692489132,0.005635229291136042,0.005222314485276957,0.005100423572835789,0.005092799132789975,0.009499892993636093,0.14323135012945828,0.12733347044833548,0.12068720848910121,0.11632310875750249,0.11415058889908324,0.11342397372176832,0.11342373170541732,0.11354387570873152,0.11356512802087206,0.11355408531723658
4225.9,2349.9859525987363,100.0,0.005022738329616656,0.005037328895320914,0.005277839765565418,0.0065498715447413775,0.0075593620754464365,0.0076188351255895,0.007574906573489561,0.007369319640633246,0.006657391072712702,0.005750560664407422,0.005348242684625274,0.005221540876497585,0.005212068897896287,0.009595677922889914,0.13988257456177702,0.12872470328305202,0.12229427321657017,0.11793817373020156,0.11576544157316243,0.11504291342779772,0.1150454434198761,0.11516279878474865,0.11518241232203086,0.11517050480370067
4226.0,2353.3464882703006,100.0,0.004964703581278177,0.004986133494331244,0.005238692875048159,0.006525676136848556,0.007599732964030343,0.00768807416999902,0.0076269928046266465,0.007371286719852805,0.006668672586939251,0.00573998305870422,0.005189795376148079,0.004935435014409374,0.0047790389584376715,0.0077097039725855165,0.1490021725133534,0.12656041619926142,0.11739246298770395,0.11134175286944822,0.10838668442015528,0.10743042213638106,0.10746662640789044,0.10763982156826685,0.10766916078288961,0.10765661045749997
4226.1,2356.6665033304557,100.0,0.005016733176319129,0.005038858930670068,0.0052559953372937965,0.0063587164766507765,0.007369135302705274,0.007483235071534336,0.0074373167025816,0.0072236773389983844,0.006678943125697436,0.0059192643611966,0.0053912103594546835,0.0051217135629664165,0.00495278746836403,0.007851104625596338,0.14660094204633867,0.12716311963659846,0.11804580345882193,0.11195786633967261,0.10897932758110293,0.10801466486678896,0.10804558679906141,0.10821916273035558,0.10824905112658917,0.10823793810954936
4226.2,2359.9765033305116,100.0,0.005044217374374589,0.005062792594920682,0.005244268134723778,0.006183347141632484,0.007163820140655062,0.00729915535430354,0.007269243913569867,0.007105625076181248,0.0066576541894450645,0.006009599998507277,0.005552591098147255,0.005347069566477334,0.005275512496140397,0.009082670786362138,0.14361312656000233,0.12649806176961736,0.11870660590265607,0.11351043298799565,0.11088084816447716,0.10995280057515919,0.10992345270330271,0.11007398602173354,0.11011945155208522,0.1101108033212086
4226.3,2363.2965183906695,100.0,0.004912008143764351,0.004940161240972445,0.005131440762252762,0.006043181062585534,0.007180171457862216,0.0074428611966738285,0.0074244484066081,0.00722334132954631,0.00668364399406655,0.00585835176538836,0.005180491884960437,0.004812626488264357,0.0045667114251388185,0.006532418046604377,0.1551956149980491,0.12182915078180476,0.11033426558868695,0.10296556012504388,0.09922641458932366,0.09785152367640634,0.09777956103009913,0.0979924017944951,0.0980538728435182,0.09804158366923243
4226.4,2366.616533450941,100.0,0.005514525948163158,0.005543765144235677,0.005641511543086492,0.00593443975819008,0.006335424565601031,0.006557057550061705,0.006645663504022423,0.00663466133428274,0.006496973899942953,0.006237559309902298,0.005947879023186151,0.005740616963507351,0.005614985505611465,0.0092400620599717,0.13766953584248204,0.12867871600673492,0.12046551122909219,0.11459491427001045,0.1116913028822847,0.11077014901443971,0.11081381852583395,0.11098096232468076,0.11100824435431271,0.11099478447668404
4226.5,2369.936548511096,100.1,0.005385809791382678,0.005413194025107831,0.00549961283591077,0.00575296621901539,0.006140208724055024,0.006390928821829157,0.0065033744033455515,0.006521788053857494,0.006427902415641192,0.006223329390322764,0.005977593314504831,0.005793414212137077,0.00568749286882191,0.009439329816885052,0.13482485942408654,0.12871372495930786,0.12056257070430342,0.11460853017902978,0.11163450565591601,0.11068470272134283,0.11072327445991571,0.11089285328553154,0.11092182867849845,0.11090861743838369
4226.6,2373.2565635713677,100.2,0.0050113646506434765,0.005029113803724948,0.0051151583101231276,0.00549466631658506,0.006174957348443409,0.006529764966118365,0.006593365555550449,0.006566497397683553,0.006428124346553502,0.006145508784265456,0.005843244937214899,0.005666013593526121,0.0056087888684752665,0.009195348436138331,0.13699610078963573,0.125420991349379,0.11741370031289743,0.11169432861823843,0.1087171396932245,0.10764056962115813,0.10758311349093294,0.10774977486158188,0.10780203455218029,0.10779394493581301
4226.7,2376.566563571307,100.3,0.005036335290026058,0.005054873800679107,0.005125492742475094,0.005375127293566496,0.005851436573919848,0.006209910412407943,0.00633256244568624,0.006355712713149824,0.00629615198235448,0.006141429622687438,0.0059478695899606105,0.0058164973089586776,0.0057873343329086,0.00979285641656572,0.13229660755389877,0.1266023476199189,0.1191921239762513,0.11357583939517066,0.11063572652333357,0.10959182900607865,0.10954938899597791,0.10971156888591355,0.10975487208425765,0.10974448337112633
4226.8,2379.8865786315814,100.6,0.0044488219522138455,0.004521557563464691,0.004695692927422579,0.005003829379908562,0.005452704536192235,0.005972618438893357,0.006404934624355234,0.006571153064176198,0.006368886543556034,0.00592064585323182,0.005595864664751563,0.005845659057204141,0.007620434354557284,0.01688984881886204,0.07959407319734252,0.1617342230268234,0.11823230152953555,0.08427697275671335,0.0653933623097381,0.05393317746973271,0.04618104610731501,0.040453313988975746,0.03658089972363054,0.0352175050457106
4226.9,2383.2065936917365,100.9,0.004154493100461245,0.004222358461369356,0.004386533219120108,0.004682820556682467,0.00512979456116902,0.005677183713704112,0.0061775969064252175,0.006445154078548986,0.006356797740643822,0.005991599719262151,0.0056974115426320256,0.005946686068598593,0.007690368334014341,0.016565113673745555,0.07531839661272167,0.16165468228149557,0.11906775003949191,0.08430057898366866,0.06491743610260554,0.05324061420284931,0.04542830175445908,0.039770943604995286,0.036200750572671116,0.03503363413184845
4227.0,2386.5266087518917,101.2,0.0038907048148677766,0.003953558776576603,0.004106571099885192,0.00438641220666752,0.0048204147242752885,0.005378502984653618,0.005931629100496432,0.0062925326586714,0.006319296179441922,0.006049540566617577,0.005801583674911196,0.006065053732335221,0.007803352803696683,0.016348019849566686,0.07101249591050819,0.1609281975244577,0.1200589501674708,0.08459310855555915,0.06467427992088381,0.0527285947209213,0.04480840361024255,0.03919071197899445,0.03591282978033037,0.034904710772275284
4227.1,2389.8267451127595,101.5,0.0036169133953765074,0.0036750018360320485,0.0038175561413201385,0.004082380857390705,0.004505490705516188,0.0050769308655075306,0.005686674652301511,0.006144489760154266,0.006286015490608901,0.006106417617458497,0.005893480836512379,0.006151225309600909,0.007842823099328652,0.01596858992777243,0.06703092161249663,0.1609400043781722,0.12124383935094749,0.08498536622717633,0.06453893037523008,0.052334731089920546,0.044314414308783995,0.03873847977866423,0.03570291123568612,0.03481135707802914
4227.2,2393.1168818880715,101.9,0.003307856141746,0.003312351386940761,0.003324157816302926,0.003397604164908238,0.003981258935025775,0.005320351810844323,0.005937404343802585,0.006021815096336256,0.006048332341654305,0.006043156595771633,0.006021316148456898,0.00602033181253365,0.006143631996690236,0.010858994427409839,0.09459819861180412,0.13242956497173672,0.12706249524582594,0.12231976534759519,0.11959807959711435,0.11859972608217297,0.11853518537150012,0.11866061617924727,0.11868988712107599,0.11867818263183735
4227.3,2396.416942493503,102.3,0.002892576721327962,0.0028957663299687022,0.002903810033317374,0.0029533528753757318,0.0035038706584906267,0.005177287925527092,0.006036232932742671,0.006098423619561911,0.006090836426352426,0.006035603062615913,0.005950675587299696,0.005888202708169071,0.005916663580572428,0.009144658902997722,0.09132715905139831,0.1381658008555715,0.1276675393554189,0.1197972623782723,0.11563725640327716,0.1141593513592194,0.1140770702003949,0.11428340169036093,0.11433948426344583,0.11432748919062467
4227.4,2399.717078854371,102.7,0.002681453157447428,0.0026841013663244755,0.0026905865844750933,0.0027171440440309515,0.0030663916840039528,0.004587059478412282,0.005890595305596541,0.006042469864969471,0.006055978674601622,0.006029983319932356,0.005977736406642744,0.005942868208695027,0.005998138961024017,0.009200462008050718,0.08261449850760533,0.13989022764464332,0.12902432542759018,0.12135445462646723,0.11729662006845254,0.11586133555679813,0.11578419877886655,0.11598197233331801,0.11603115126570807,0.11601678655358191
4227.5,2403.017215215114,103.0,0.002559556099678533,0.0025619512372230748,0.002567783575975526,0.002585071184961455,0.0028023984786208823,0.0040463103959274835,0.005670975368626184,0.005980634407039275,0.0060107849887312955,0.0060031405278688455,0.005969403256119953,0.005948716189985854,0.006016174350618002,0.00913443498078474,0.07702158035904312,0.14015449104282407,0.12846673800246897,0.12059011541068726,0.116431049253915,0.1149507125062678,0.11485798192455245,0.11505385658640564,0.11510302705753281,0.1150869295877142
4227.6,2406.307351990426,103.3,0.002456338692343964,0.0024585189343540328,0.002463860920746986,0.0024767596353099833,0.0026135394782953883,0.003591279944369976,0.005382275296061108,0.0059092963121335,0.0059589510909123814,0.005966019804963078,0.005946763833946867,0.005936929516484296,0.006012839944826737,0.008998968922405693,0.0721559740867046,0.1406902793205212,0.12771441231704886,0.1194250769730076,0.1150807922888379,0.11352857721014303,0.11341888459593438,0.1136203912349465,0.11367132992790481,0.11365373499234936
4227.7,2409.607488351294,103.6,0.002334407570534996,0.0023666564175405472,0.0024488297304579485,0.00261271871164255,0.0029132501168332523,0.003425121547802269,0.0041828396589492734,0.005059829473899954,0.00577970253074983,0.006131285444629574,0.006151415634899015,0.006272458520003439,0.0073521312844453575,0.01261004879825975,0.04810543925716059,0.15942109745408467,0.11922292136723742,0.07941347979932704,0.05844348318376581,0.04677704671757998,0.0397488815793528,0.03597075119736482,0.034729044373618304,0.034443722881017484
4227.8,2412.9075489567253,103.8,0.002299454134813597,0.0023295999164594516,0.002406075326543762,0.0025572322922922824,0.002831253777994523,0.0032951918063125725,0.003990560626421805,0.004829788035563211,0.0055734056235430054,0.00600475014974135,0.006123821737504066,0.006313697482449429,0.007424910387665016,0.012617814231452957,0.046704919396285384,0.15577023433535608,0.11901045516996235,0.07960451030108598,0.05859464377684896,0.0468839098913154,0.039815100747383265,0.03598687550081774,0.03472753994660996,0.03444023425984932
4227.9,2416.207685317593,103.9,0.0023194849130922877,0.0023477128934954166,0.0024190081378177284,0.002558484112902284,0.002807699664942206,0.00322476082582708,0.003852454548173142,0.004635130238945282,0.005376563311490643,0.0058671223402224845,0.006077065558772513,0.006340436151197431,0.007494451699680931,0.012691055381695874,0.04619183558234375,0.15332575364493833,0.1185333921454669,0.07956122148944701,0.0586347982532258,0.04695114653268161,0.039882211438344084,0.03601261949939964,0.03473164670081365,0.03443969511948049
4228.0,2419.497822092905,104.1,0.002276959285596536,0.0023032026499927734,0.002369416335758735,0.002498466435639937,0.0027280803278078632,0.0031127152454343164,0.0037001779443721202,0.004458744877117096,0.005218326604959827,0.005766149806195042,0.006043251703888652,0.0063456561096718895,0.0074951603858369265,0.012560967555226987,0.044926290351614155,0.15144874440727443,0.11790419867857328,0.07923356823380781,0.05844903207573383,0.046832289207927806,0.0397966594247082,0.03596583876411491,0.034713118479891905,0.03443132429273324
4228.1,2422.8000031902357,104.2,0.002275349160340665,0.002305040714703149,0.0023779702202955926,0.0025131310535276737,0.0027369957239874506,0.003084260079936598,0.003591107964318767,0.004265230205233425,0.0050177573251094214,0.005626884228733751,0.005954655075577387,0.006349554924163693,0.007892372223538374,0.013916250859218922,0.041307147730851264,0.15121669091597795,0.11595753386970759,0.06833996138848714,0.046421293804433994,0.03776318496747477,0.034741962831117794,0.03404052368552506,0.03410580096348797,0.034232655038215584
4228.2,2426.091841582398,104.3,0.0022938299896816147,0.002320553373252446,0.0023867780054830736,0.002510482613114383,0.0027168502914301884,0.0030394036222269297,0.0035150994245357987,0.004159211999695561,0.004902671737939172,0.00554261166344316,0.0059199172303755505,0.006334614983698944,0.007846492755737492,0.013768431402722478,0.04103148580871365,0.15226544331755212,0.11452152895794329,0.06732581596498648,0.045966788405945556,0.037572629745906236,0.034659293230328785,0.03400532701039001,0.03409373210854975,0.03422960742072916
4228.3,2429.3940226798445,104.5,0.002253792997136248,0.0022782741994930196,0.002339443784255739,0.002454638180226984,0.002648453455991504,0.0029544363753499503,0.0034119050255301186,0.004044458488827149,0.004799383421385075,0.005482895449915334,0.005905977289839323,0.006322481905368476,0.007773739737976507,0.013517036000549843,0.04029729285166539,0.15267625920369102,0.11369362366607687,0.06669265124474286,0.045679050153758595,0.0374471274881376,0.03459943297701556,0.03397648510783914,0.034082552306887594,0.034226316625360895
4228.4,2432.6858610719214,104.6,0.002263186479158402,0.002285062229399967,0.0023404384063133365,0.002445969744973423,0.0026254889836733477,0.002912009664127918,0.0033458717776061286,0.003956751200785661,0.004707324266946882,0.0054194424768692915,0.005886605227077352,0.006318063202737999,0.007736274549794473,0.013381423043110657,0.04003400849447022,0.15370397422711643,0.11204077136529171,0.06547949502054184,0.04507420761980304,0.03715143617491985,0.03445020389232995,0.03390748731921766,0.03405900425546805,0.03422126080997623
4228.5,2435.9780487944354,104.8,0.0022185790296934977,0.0022390282913870413,0.0022911378493686092,0.0023910906838917187,0.002562261159339872,0.0028375468385311094,0.0032586019931817073,0.0038604405640344525,0.004617835579254331,0.0053634579165990695,0.005873448678302656,0.0063175659583924425,0.007699781379504995,0.013220703250870715,0.03946314191516656,0.15316924193838133,0.11084814847760349,0.06470930595176494,0.04470932837927524,0.036979858068586606,0.03436554529844827,0.033867882310354154,0.034044579528665894,0.03421742307087995
4228.6,2439.280229891766,104.9,0.002222893512002817,0.0022413544705625382,0.0022890221542595447,0.00238156887949946,0.002541745393314449,0.002801886549420208,0.0032039587787517573,0.0037867156511563753,0.0045363838995242664,0.005301869004015784,0.005853456439543241,0.006324282779865067,0.007699318230215851,0.013180599156635922,0.03942508376066896,0.15388412965552453,0.10921568729950783,0.06347425093071213,0.04403738075533261,0.036621481906227965,0.034176200214483914,0.03378084327010051,0.034016161385233015,0.034212258212976264
4228.7,2442.5720682839283,105.0,0.002226119764206674,0.002242624643510084,0.0022859361793871537,0.0023712233337153136,0.002520658568799834,0.0027660348318277847,0.0031495322301800764,0.003713235317778399,0.004454300467143237,0.0052387697335320475,0.005834694166549112,0.006339031993292546,0.0077154449756191516,0.013170021347099546,0.03941521099950835,0.15440938873482155,0.10816737261539144,0.06265595648539597,0.04357004536486796,0.036354757867107616,0.03402595321682065,0.0337086967709877,0.033992180979982835,0.034207910004467844
4228.8,2445.8642560064422,105.0,0.0022827461604015354,0.0022955379054791663,0.0023308926625717342,0.002403540427551332,0.0025353106992066997,0.0027578638075123943,0.0031142468029671643,0.003651131799221302,0.0043791326326572165,0.005184316105557575,0.005829819025707655,0.006367418475441412,0.007742779771534005,0.013207807473838254,0.039885553981117955,0.1570071084552522,0.10593810583265804,0.060980916733469115,0.04266061756089832,0.03584604967771044,0.03373716393209339,0.03356628455776573,0.033943268875602575,0.03419825876811343
4228.9,2449.1660888307406,105.1,0.0022886556099629427,0.0022983455132621054,0.002327060972971176,0.0023892697281216735,0.002506726845123971,0.0027113956573952104,0.0030479134421730124,0.003568529640275895,0.004297710896513153,0.005139207270411407,0.005844001547591523,0.006410342194979941,0.0077649955668489925,0.013183962969438804,0.04000500082079857,0.15907111236446708,0.1047408078476488,0.0600103728407349,0.04209995477490366,0.035501010452824264,0.033521713861429256,0.033452215243521745,0.03390195111871504,0.03419037236525602
4229.0,2452.4582765532546,105.2,0.002294501226551216,0.0023006539692632215,0.002321874952798535,0.0023724722072800213,0.002474289251501031,0.0026597972113045557,0.00297546180149711,0.0034794597582060074,0.004211155880937126,0.005095025794821508,0.005870716265151119,0.006474177874165753,0.007811470396136934,0.013202903224812277,0.0402942718895229,0.16145996802178592,0.10351727139698177,0.0591274532111487,0.04163388673847907,0.03522288150442951,0.03334400934007077,0.03335359216025482,0.033864195994972764,0.03418137103077713
4229.1,2455.756306268103,105.3,0.002295330003017811,0.0022981946051167795,0.0023124570663727423,0.0023522765842854867,0.0024395801560353706,0.0026071967592412168,0.002902929262350126,0.003389756544324339,0.0041208862771865765,0.005044195957570095,0.005897711135358803,0.006556558591751724,0.007899364734797094,0.013302491887592506,0.04068977068924858,0.1626848529908962,0.10268086576709289,0.05866599669195235,0.041421361373529475,0.03509147191328929,0.03324839551289968,0.0332937096972886,0.033838771119175465,0.03417462802148222
4229.2,2459.0543359829,105.3,0.00231440565175975,0.0023208158318945107,0.0023407980094370005,0.002385673658786986,0.002472863148129912,0.0026289906705411637,0.002894002768576924,0.0033215806381736604,0.003958609092926359,0.004785499258756639,0.0056866424298775324,0.006662224804937266,0.008434372626884158,0.01440532050466581,0.04530708952529459,0.14221748765556425,0.11100975696573642,0.07351505642229915,0.052988276129927785,0.041535204267220904,0.03610671882245776,0.03453108157020691,0.034269803685239006,0.03429139323385049
4229.3,2462.352365697748,105.4,0.0023624307533021446,0.002361194171334255,0.0023601831237234903,0.0023622472682234804,0.0023725499423544816,0.002403491462833344,0.0025193630818830274,0.0030353223321464024,0.00440656385886452,0.005713105881914243,0.006130037982901881,0.006237535872095201,0.006344756815638773,0.009045427678483712,0.06538957898300718,0.13729881959952825,0.10816456663684634,0.09034071867826295,0.08110094291391995,0.07698599570248506,0.07587278163985436,0.07604929445082824,0.07630085468834166,0.07633434528913904
4229.4,2465.6503954126615,105.4,0.0023887167467848526,0.0023846587902694844,0.002377297787009497,0.002368778110419638,0.002362878971117259,0.0023658737034869975,0.0024110214306139292,0.0028048417022433795,0.0043522396780100395,0.0060208664410662275,0.006356095307227882,0.006358361564457607,0.0062933320585321535,0.007727739391811373,0.06887411211649169,0.1415419864834232,0.10533811344809574,0.08547952896258527,0.07609035641875461,0.07214227299504686,0.07122000389445728,0.07147865749248919,0.07171666782828899,0.07173612386261982
4229.5,2468.94842512751,105.4,0.002379329012500347,0.0023760353214687664,0.002370247466691702,0.0023640116841451013,0.0023609501738226534,0.0023676244430173264,0.0024190860842073342,0.00279991429887877,0.004246761785509378,0.005926047710654176,0.0063413628132087795,0.006380847547553946,0.006363207312719193,0.008319919229865353,0.07341327647362626,0.133899125177992,0.10608266078931282,0.08862897877368303,0.07985495836646408,0.07615461436113541,0.0753395201717882,0.07560752250723825,0.07582334652777864,0.0758350969639736
4229.6,2472.246454842307,105.4,0.002366794969813556,0.002366591481541519,0.0023670378485688643,0.002369648646754742,0.002376813927700648,0.0023927153693275153,0.0024421896370141975,0.0027714442263311774,0.004105418122754568,0.005760216006349985,0.006243921591246881,0.006383508206475779,0.006580326859859903,0.010320200823952765,0.07568558695859022,0.12065456644086767,0.10895858214536161,0.09968905944214775,0.09451579115802844,0.09227141674299023,0.09178769314225248,0.09194748594665199,0.09206157038628221,0.09205847223746672
4229.7,2475.544484557155,105.4,0.002349452965739715,0.002349628086852915,0.002350856089687853,0.002354627043156383,0.00236328567274643,0.0023812371569719624,0.002436121549277984,0.0027728790588596236,0.004066859308626474,0.005693969729920272,0.006223761733383918,0.006391922691638342,0.006657356833813649,0.011148243041535343,0.07851216768781165,0.11622232071167087,0.10741282541823875,0.09960458769289537,0.09501930669885451,0.092996028357579,0.09255744561394266,0.09269734549013504,0.09279512892952893,0.09279026886693578
4229.8,2478.8524899984664,105.3,0.0023793902896055764,0.002379793437109711,0.00238152866663952,0.002386137047183258,0.0023960531967465474,0.002416039557076754,0.0024744809650834206,0.0027999899569694916,0.004011952119323112,0.005608863254922429,0.0062025730152966765,0.006404718991434847,0.006757978081821624,0.012177901882025579,0.082256678847941,0.111875560039994,0.10502650233291329,0.09832966666331992,0.09423877433966862,0.09239477192865547,0.09198186200523457,0.09210067157067649,0.09218696135467826,0.09218172265047041
4229.9,2482.1505197133147,105.2,0.0023408443041203395,0.0023457926468001553,0.0023601917456385255,0.002391296247843564,0.00245119307210243,0.0025613822137094703,0.002761942569861738,0.0031229062732848947,0.00373267966732787,0.0046174616762541185,0.005673462662951767,0.006871069545420369,0.00889473176077824,0.017321000505862015,0.06809886596040443,0.1167652317542207,0.10247240536939767,0.08260686976115311,0.0690817075241855,0.06046096087093283,0.054653686744118975,0.05011105089940348,0.04593967435698556,0.042742696521770554
4230.0,2485.448549428228,105.2,0.002327385547962325,0.002333111009623697,0.0023491122575429488,0.0023826526018721414,0.0024457853390794787,0.002559727320495144,0.0027631292103872684,0.003121658279230668,0.003717580191093018,0.004583331382902649,0.005647683930548121,0.00692156473163694,0.009187739668863387,0.018533041844801822,0.06950353542148556,0.11296539819549814,0.10104086728184444,0.0829342148946311,0.07015721837011996,0.061861744321009736,0.056207271355849554,0.05173723642448644,0.047593766254347636,0.044383548780018156
4230.1,2488.7660183428434,105.1,0.0024723501122074173,0.002475231393712096,0.002482557351827254,0.0024966890945351114,0.002521558369089039,0.002566580206113292,0.002670779383597474,0.0029888062753489664,0.00376214794130257,0.0047442884166258,0.005395803640638188,0.005929371431100039,0.007800587791966029,0.022013588590318767,0.08012607163931351,0.09395128644587838,0.09354305368186268,0.09203569157198935,0.09075967525928558,0.09003667772922748,0.08979179422793293,0.08977854998656241,0.08979105307078178,0.0897839709652021
4230.2,2492.082477297867,105.0,0.0023752517707669174,0.0023828783302057054,0.002403006031574967,0.002442986435121744,0.0025140397698548652,0.002633644935035589,0.0028294271769399378,0.0031443822409499937,0.003640941706853223,0.004401470651091199,0.005545704679280249,0.0073764550289227085,0.01115234500384474,0.023120734391093568,0.062375644944750834,0.10043302842540522,0.09821320431201093,0.08336891887245612,0.07006861244491205,0.05981617499370711,0.05167144600162414,0.04471470964797929,0.038647892137645364,0.03566104890477561
4230.3,2495.398936252891,104.8,0.002502743435279382,0.0025093220251171957,0.002526154568230365,0.0025589232607570542,0.0026168387455297567,0.0027159495627855435,0.002886119492556918,0.0031800564467661043,0.0036637572879549265,0.004362466689951663,0.005251587653515407,0.006544124174319511,0.010058430434318,0.02661174066727852,0.07760228554554788,0.09532895494473116,0.09410005193300391,0.08965913594154654,0.08605866791818031,0.08403720542267415,0.08331188203874881,0.0832452411844074,0.08327859428669372,0.08325969697690018
4230.4,2498.715395207799,104.7,0.0025793787609056894,0.0025836800536602417,0.002594543572491046,0.0026154487331915646,0.002652394978711107,0.0027191585268055984,0.0028587551288209623,0.003183854408513477,0.0037969481462344747,0.004516477883347338,0.0051092218567510405,0.0058883729795163415,0.009154587559842022,0.028839668079777586,0.08630266189525665,0.09476947569299818,0.09370188367616851,0.09165102078568536,0.09004981106519706,0.08917749975908493,0.088899098156146,0.0889013794129603,0.0889273984755887,0.08892197758393633
4230.5,2502.0318541628226,104.6,0.002500497642830817,0.002508732963574288,0.0025300157804140876,0.002571532707109549,0.002644239323993649,0.0027652393547567024,0.0029615883780399537,0.00327520579569944,0.0037667568819482605,0.0045187567265655,0.005665610520634076,0.007589457169973715,0.01199392272014197,0.0272001156989839,0.06972718325381841,0.09731465549490784,0.09569398754488088,0.08538590897308543,0.07558679376840596,0.06768240483220854,0.061180568160958286,0.0553577131206748,0.04976511220499035,0.045394560316711956
4230.6,2505.358263638466,104.5,0.0026596369085565385,0.0026647612799263394,0.002677575750033536,0.0027020595820217226,0.0027451211881458566,0.0028220695655669582,0.0029737244866506174,0.0032817968574167496,0.0037847634296844608,0.0043456266791486,0.004876268330501206,0.005835500558027254,0.01034525371209213,0.03464655062531152,0.0871283766675937,0.09363833262336653,0.09299998162115776,0.09143433199186084,0.09013461377705666,0.08938322528034193,0.08912115402271584,0.0891100812236836,0.08913045240435843,0.08912635225868998
4230.7,2508.6747225934896,104.4,0.0027064245995843355,0.002711895049642305,0.002725499156698823,0.0027513845486222635,0.002796746585820531,0.0028769734723820056,0.0030302690840126453,0.0033242503860906963,0.0037783840302352367,0.004278593277935499,0.004786449050241114,0.005845112536480347,0.011041203636168128,0.037715080403179474,0.08724903071250888,0.09297792383133532,0.09249926041038813,0.09111901552318477,0.08993125258662711,0.08922192562664212,0.0889645111766061,0.08894836598857118,0.0889665302737866,0.08896279129268983
4230.8,2511.9911815484206,104.3,0.002755771169111204,0.0027615209389161744,0.00277576590844873,0.002802758218774686,0.0028498138564127693,0.002931969205795694,0.0030840519687385186,0.003361359529175261,0.0037719823340571497,0.004224409689265081,0.004719500535673129,0.005890813623722709,0.011812798654819852,0.040678279722081004,0.08690966268101805,0.09203534385019585,0.09173297871233715,0.0905377778719486,0.08946022501700844,0.08879246533091083,0.08853914640953292,0.08851669432047755,0.08853208310300657,0.08852872143674854
4230.9,2515.3076405033285,104.1,0.0027589826521668983,0.0027651571867769622,0.002780906769470848,0.0028119521732417087,0.002868706757811252,0.0029726938985699326,0.0031692798814046876,0.0035220590936127947,0.004027655005848326,0.00456445451948476,0.005130332289676426,0.006358461851592217,0.011779941010155543,0.03944238501082251,0.0932681289679804,0.09696668534202356,0.09484871686463352,0.0922320195388863,0.09036232437043833,0.08938951888892312,0.08911129334862014,0.08913891027890865,0.08917592666329448,0.0891717096676148
4231.0,2518.6240994583522,104.0,0.0028148195671161254,0.0028213682691028167,0.0028379954874501985,0.0028705686469709846,0.002929472373431156,0.003035165436960428,0.00322809327733001,0.0035603980655089297,0.004023924915670996,0.004521141038864887,0.005087103205528263,0.006459767198281567,0.012629524087909794,0.042567044088155,0.09193767082032765,0.09533773222422848,0.0935226910098981,0.09116347415713542,0.08944043529669299,0.08852520202602139,0.08825146433049653,0.08826984652911046,0.08830365179082518,0.08829997623281993
4231.1,2521.9867918320683,103.8,0.002920714397369799,0.002927554836249874,0.0029449135614148855,0.002978829877387007,0.0030396823454160136,0.0031465464733755008,0.003333328908882501,0.003638223032316964,0.004049476553075433,0.004497483883999548,0.005054286459809801,0.00656541317612585,0.013477857082187475,0.04572012965408417,0.09154715296522178,0.09435012432012452,0.09252940949592296,0.0902105382315979,0.08851807334814253,0.08761745576026399,0.08734759404380765,0.08736567324570703,0.08740070682503853,0.08739756970583641
4231.2,2525.349484205676,103.7,0.0029851606612500553,0.0029921899436691373,0.003010034768175332,0.0030448976051295484,0.0031073741460424767,0.003216630201999494,0.0034054626357768185,0.0037080153268187737,0.0041087242067281305,0.004543929678121126,0.005104668586003842,0.006711222051669226,0.014128232422584121,0.048159695403468074,0.09112051367049998,0.09341419010364391,0.09150442542242808,0.08915877060223348,0.0874639312433727,0.08657068124963899,0.08630509235630354,0.0863256116936768,0.0863606005307588,0.08635866579673515
4231.3,2528.7121765793995,103.5,0.003629123411406654,0.0034470703698663884,0.003152065200699699,0.002847831951995647,0.002630934168924021,0.0025836398031116935,0.002807136534305955,0.0034886567946607523,0.004953787709283044,0.00720416035553769,0.008278936367618499,0.007705200637834378,0.00910721041128273,0.02254353432768338,0.14578986642578373,0.10946019033531676,0.05851979070228704,0.04298978025745613,0.03533928655921219,0.03044090374418814,0.028584693492003887,0.02953377697198388,0.031821066844264424,0.033469169313865996
4231.4,2532.0748689531156,103.3,0.003877465891558621,0.0036607188725033346,0.0033141449756389917,0.002961502849086787,0.0027102863155358888,0.0026446478747221805,0.002866268632558471,0.003567656366131369,0.005086476941785996,0.007397365660718646,0.008407514901965035,0.007811825046411351,0.009423403435074104,0.02406137173317092,0.15216922795829235,0.10286260638628934,0.057445882450451985,0.043563840785915825,0.03594766819572067,0.030676865961054,0.02859836998948872,0.029492841637185713,0.03179603450975223,0.03346625705458635
4231.5,2535.4375613267234,103.2,0.004012911662069877,0.003778314460911757,0.0034065795593825254,0.003032446204091279,0.0027691589489067386,0.0027026077390781217,0.002937366892218747,0.0036736958169085584,0.005255572072411083,0.007589963377868504,0.00845725696358609,0.007832439194900143,0.009646941778023702,0.02542226605000191,0.1569699940574075,0.09773283492160215,0.05717160050688796,0.04497913619687504,0.037149377167118525,0.031175071553926632,0.028737431822752544,0.029521760194507193,0.031797410164167136,0.03348303383608664
4231.6,2538.8002537003313,103.0,0.00435254318545342,0.0040538303171180155,0.00359187322584184,0.0031393960883691094,0.002824819602663965,0.002734271838904816,0.0029731224608995142,0.003755958042153808,0.0054623889895172055,0.00793634823843276,0.00860008125367523,0.007816808627671167,0.009808034631891858,0.027140268533905654,0.16435418716566355,0.09090239229156893,0.05667726450179864,0.04746302773789926,0.038963987385738766,0.03156444533336936,0.028443081542760987,0.029169163503439108,0.031551055296126874,0.033375060209653445
4231.7,2542.162946074163,102.8,0.004155527272102397,0.003987952384209871,0.0037118539624241553,0.0034222100163991357,0.0032155595997760337,0.003180067261876439,0.0034158514086137168,0.0040705753569619425,0.005319677364287184,0.007009455793109696,0.008120204419838201,0.008728028012210976,0.012174162051870075,0.03257351437884826,0.15145414219519523,0.10156989703695694,0.06116287588797416,0.04598628091404323,0.037587807886993625,0.032539762768284686,0.030654640219604262,0.031210302636553073,0.03276340298225527,0.033820596395393004
4231.8,2545.5256384477707,102.6,0.004431587698883693,0.00422915695213889,0.003899122416985908,0.0035559085351994095,0.00331026147442332,0.003257168905341769,0.003501641696754816,0.004200600729712248,0.005535348874128893,0.007288932682427238,0.008310806702026375,0.00883035064757217,0.012483436546582283,0.034682603901664,0.15623584087747439,0.09835174661081195,0.06048973860324808,0.04609546413820347,0.037382058977277796,0.032032021409063555,0.03008977846388186,0.03078316554325379,0.03254258203988236,0.033757006215029105
4231.9,2548.88718571052,102.5,0.004521418319510307,0.004310534137780237,0.0039704067332556785,0.0036224076359341753,0.003381599647806444,0.0033463035804872847,0.003628252912036973,0.004396244352141644,0.005826555293016123,0.0075895195176992674,0.008423065741564956,0.008836656397477247,0.012697679015116287,0.036422683519950025,0.15968998784475102,0.09585439012582085,0.05953168844479339,0.045393242793326516,0.036524088710430974,0.0311290652045926,0.02930783413472285,0.03022595915938193,0.032280694707550274,0.0336592516922469
4232.0,2552.2498780843516,102.3,0.005183855699270008,0.004764562357414686,0.0041444363491850884,0.0035695610692280657,0.003195887160288073,0.003118952060075733,0.0034676400868282977,0.004514033543131415,0.006635244407335904,0.008995702635398804,0.008708250371492157,0.007923425683252648,0.011299094803994672,0.03786804795084676,0.1754522184649726,0.08147689610069235,0.05514604761681453,0.04648477185170994,0.035959752592719205,0.028280118896902996,0.02556138658071205,0.026935254782070202,0.030325953027018227,0.032874849991226404
4232.1,2555.672172636126,102.1,0.005481553165544915,0.005025045305784765,0.004358324351263262,0.0037480555136502423,0.0033590351716804062,0.0032911654118338214,0.0036812818978993133,0.00481466868797659,0.00703227645835831,0.009230764189042388,0.008700314209133685,0.008004338556708158,0.01191149873524205,0.0420482808436534,0.17645427486188775,0.07986376107909739,0.053711237382728136,0.04469274886749416,0.034756693426039154,0.027605903484556747,0.02515025201641109,0.026572710691105436,0.03012135700297486,0.03276490207579899
4232.2,2559.094467188016,102.0,0.0055650696146693785,0.005122972979248912,0.004475674483554717,0.0038829470366345945,0.00351578804421046,0.003488094690085729,0.003953954210069615,0.005211076689421902,0.007512005172192096,0.009406551177370097,0.008577100285163201,0.007973664154295342,0.012342359716561483,0.046051000402105385,0.1758394855192857,0.07797495064982042,0.0526183727353126,0.04382481019530673,0.034373179801409075,0.02749291439037814,0.025177463794548424,0.02665567931196383,0.03008143560804233,0.032761298887081486
4232.3,2562.5179157418074,101.8,0.005721261729564019,0.005299358675598928,0.004680952979631986,0.0041177363440687,0.0037818472545602,0.0037940868327957914,0.0043183535945476425,0.005641820614729925,0.007877663688623814,0.009375928685053042,0.008490929548915022,0.008212648199081426,0.013300026529974073,0.0507890598111271,0.17385741669580448,0.07725464352378252,0.0521864013233558,0.04370350136945716,0.03484057952152664,0.028209336187153454,0.025874807373524256,0.027186275972929542,0.030405258718662745,0.032916704204889034
4232.4,2565.9402102936974,101.6,0.0058394091981217216,0.005451626481336589,0.004880639723281748,0.004362366765788449,0.004070701772378254,0.004138678551118774,0.004741806820530555,0.006140512172340058,0.008260071140753843,0.009317893238909802,0.008376432083363868,0.008370292601713115,0.014220834433982676,0.05663315709155156,0.1697578369738375,0.07725462453966578,0.05326435850053568,0.04502682442015682,0.035987042342335615,0.029158298015373733,0.026727487140356186,0.02786141065127786,0.03085407818141726,0.03301323630129514
4232.5,2569.362504845694,101.4,0.005898251623695013,0.005561356519041159,0.005063589054964894,0.004616859328102679,0.004393437898853809,0.004539231468052954,0.00523855608298386,0.006702977567328638,0.00863112464209836,0.009225168186748307,0.008248304852045727,0.008523322733618388,0.015188491826187277,0.06303195504619993,0.16451962137717563,0.07731975726151889,0.05503867947419191,0.04734653479237238,0.037803343730817035,0.030464114198026863,0.027735887732749362,0.028617742116587432,0.03126438974329156,0.03316584546022006
4232.6,2572.7847993974683,101.2,0.0058984429973132305,0.005622183560816169,0.005215353329960132,0.004864210789670639,0.004736194440617592,0.004989477578921603,0.005813567991350713,0.007344550940829717,0.00902015278398122,0.009133467312882197,0.008117625262619794,0.008653393071935188,0.0161610298540975,0.06981833826836366,0.1585217433261176,0.07825640336957736,0.05800796704598807,0.05041776839153879,0.03954427882293905,0.031445981674756686,0.028410742895504982,0.029139420074483113,0.03148952432847086,0.03327577149795554
4232.7,2576.2070939493583,100.9,0.006026867432869086,0.005789488079050249,0.005446937368767104,0.005172576320943157,0.005134469923536537,0.005500802474290533,0.0064563978065701145,0.008033651841508081,0.009400561641642814,0.009054306715097238,0.008002740768156375,0.008804797218217237,0.017308584122407607,0.07838160754815227,0.15133413049776948,0.0793089034332485,0.0617053765681535,0.05382903288125372,0.04096458967001328,0.03198489814132484,0.0287447233455457,0.02939777982708468,0.031653097013601604,0.03335431693181001
4232.8,2579.6293885013547,100.6,0.006116232623105964,0.005923738159916207,0.005658966447148911,0.0054829341273996,0.005564202070877797,0.006080075013869878,0.007200072345681288,0.008807465851244676,0.00977936234965109,0.008958611267010598,0.007873187574194055,0.008936834998118742,0.018492885221009323,0.08747425384608887,0.14357448560998437,0.08012981130422653,0.06536681685215065,0.05679315601163683,0.04185422946386757,0.03216346297218837,0.0288337903084246,0.029487715769641862,0.03172654565474474,0.03339368116054792
4232.9,2583.0516830532447,100.3,0.005767483655942639,0.005803642749480251,0.005912372821487294,0.00614059572772195,0.006538299495172249,0.007132939311444619,0.00786680150978243,0.00851851111140195,0.00879844277192897,0.008800857988281839,0.009362583375949177,0.012453017845413179,0.024933673573148688,0.07593773548854678,0.1366092319921636,0.09797859706444872,0.06979923565679058,0.05273968357488875,0.04169399969972559,0.03569408983870859,0.03335923820194075,0.03316124198532352,0.03371441649760228,0.03410784113124076
4233.0,2586.473977605241,99.9,0.006036894837623471,0.0060984938048507875,0.00626230319162391,0.006577417548719432,0.007089788393329246,0.00780298237169413,0.00859399504041976,0.009148559880748692,0.009184726003452251,0.008977012258441898,0.009522495445127548,0.012917603013837856,0.026673078961604518,0.08145553893640715,0.1337701715816058,0.09722213705975163,0.07073636357955229,0.053606095752114814,0.04211119580065604,0.035861356614740734,0.03343308714010376,0.033200858180019284,0.03373399223530093,0.0341163132928902
4233.1,2589.9008858326856,99.6,0.006298416087624178,0.006390521922941172,0.006620231002482295,0.00703946038169024,0.007687877505741153,0.008534248445410326,0.009368074449508466,0.009776653242022267,0.009535350515533097,0.009133654141173082,0.00969693200960079,0.013439170372735901,0.028543187222932136,0.08660138872452516,0.13034987522850366,0.0959517488566638,0.07130805890657939,0.054405570979498205,0.042624325014591145,0.036156286628993534,0.03360964554048132,0.03329970079405324,0.033775915921438505,0.0341297974688895
4233.2,2593.327794060246,99.2,0.006785557060500101,0.006902741514862868,0.007185947578004331,0.007686117609791367,0.008427563426528142,0.009329709381019822,0.010094325477145795,0.010271097926170805,0.009777222654250758,0.009285794176395641,0.009979052162034712,0.01421686342974028,0.030966037207619767,0.09165540856209525,0.1262582837824409,0.0945681259315128,0.0719380985827097,0.0553637140412263,0.04329938240124488,0.03657406059709429,0.033864892225669206,0.033437248634649114,0.03382998998597166,0.03414492439850118
4233.3,2596.7547022878066,98.8,0.007340381770612814,0.007484600598065859,0.007823323848563808,0.008401907254371165,0.009219457024816649,0.010133310017498297,0.010764153766812931,0.010679858319073966,0.00997887487085853,0.009470877414559492,0.010361271677996579,0.015180250593398524,0.03362429065104973,0.09543212958226993,0.12203566569167384,0.09265548049480753,0.07175572370482868,0.05586433887218872,0.043895314630420484,0.03704822584807741,0.03418536269509496,0.03361046495728479,0.033894664807802836,0.034160847123203913
4233.4,2600.181610515251,98.4,0.007984593320506292,0.008155539779319187,0.008546906360398723,0.00919314732384463,0.01005834004818481,0.010929745172695448,0.011366465477038186,0.011008882727482943,0.010144434551055893,0.009668614677128883,0.010796307735104288,0.016258046134410477,0.0364524766112715,0.09838462761940191,0.11804199869843349,0.09090108147244885,0.07170564980234113,0.05649052772502955,0.04456698092870174,0.037553263518589425,0.03451394886904365,0.033785271126798765,0.0339600092985355,0.03417813661972966
4233.5,2603.6174946809842,98.0,0.0087472859015373,0.008942457191494238,0.009377613891455134,0.010068430948194032,0.010932989930117518,0.011688391516186272,0.01186948781401658,0.011243695125457842,0.010269754366840293,0.009875950661649077,0.01128273446405172,0.017453392686123177,0.03944825929722086,0.10063690445572256,0.11442608706239879,0.08907300783393975,0.0712086440523496,0.05667154363937715,0.044969719335781415,0.03792542582744804,0.03478035990410254,0.03393584776011333,0.034018117912514155,0.03419463033908923
4233.6,2607.0444029085447,97.6,0.009670763117804253,0.00988298664051299,0.010341688106419398,0.011034265714512291,0.011824670983100005,0.012373031769252283,0.012246209643578938,0.011378085873401857,0.01035435908371228,0.010089605478792589,0.011815786373541672,0.018762464102382,0.04259940796201466,0.10228873396468725,0.11107958616821223,0.08714137518838581,0.07025790216875251,0.056314210960470346,0.04496747757604883,0.038049290856895714,0.034910155072451717,0.034020921784908856,0.03405399355943469,0.034204981967954046
4233.7,2610.471311136105,97.2,0.010857572721356136,0.011067223696362137,0.011501632830375244,0.012109947655018452,0.012703343928901035,0.012926191177521371,0.012451467759702281,0.011392137060958773,0.010391909170718836,0.010310598431794778,0.012407488220404857,0.020227039243532155,0.04603618076388421,0.10372347319921121,0.10810107890991331,0.08544018781158738,0.06931155114865585,0.05567258478149629,0.04456858988181675,0.03785188902737502,0.034846247266969686,0.034014328100645315,0.034059765104036285,0.0342066428689429
4233.8,2613.898219363642,96.8,0.012299275429731455,0.012475497465420971,0.012816884518487564,0.013232726638089424,0.013503773824576532,0.013317695821720895,0.01250272152848544,0.011317065276765311,0.010396809450299898,0.010532759505040784,0.0130340906674915,0.021803208544236608,0.04968535417741103,0.10476811156114364,0.10522853410109663,0.08399685996968526,0.06873646195591644,0.05529708010536728,0.044270690601980286,0.03765846735075241,0.03474500857994874,0.03397361653703864,0.03404886106914415,0.03420461850897981
4233.9,2617.3251275912025,96.4,0.014127638675243677,0.014207724321754355,0.014328885215971624,0.014378790287316229,0.014163459935234156,0.01349226052413617,0.012373030995707529,0.011143990899902048,0.010370553427996016,0.010769646102099899,0.01372867606420451,0.02356719867014308,0.05370306025296388,0.10554858876110836,0.10231669658569371,0.08242163831255678,0.0679688525932469,0.05466871121455774,0.04373287029015332,0.03728410958539219,0.03452196839713086,0.03386633034776443,0.034012914563916405,0.034196512916103476
4234.0,2620.76198662238,96.0,0.016430771384500626,0.016306227241205427,0.01601076340629202,0.015471895205550982,0.014613038062213854,0.013428650865846171,0.012075423858141985,0.010888601945642997,0.010323291114352873,0.011032844413942774,0.014513828259304895,0.025562103981321225,0.058082239952381126,0.10584112075014758,0.09935947780846201,0.08102112613865116,0.06758535257766878,0.05440919479603106,0.043403868643086416,0.03699950127859973,0.03433418219456492,0.033772549172335305,0.03398170748646887,0.03419011783253123
4234.1,2624.142001415225,95.7,0.018758213003177034,0.01835543867252764,0.0175417557916754,0.016357556526599846,0.014892158973828309,0.013297076817997047,0.011796087053634568,0.010676841308137914,0.010304620003913093,0.011302992034646298,0.015294305845122284,0.027550468158797893,0.0622738327981793,0.10556257859516002,0.09664943855999945,0.07999177078288552,0.06767824637726104,0.05456007405724519,0.043314155407565676,0.03683131248440368,0.03419936582936113,0.03370047260990433,0.033957724536908186,0.03418608867192741
4234.2,2627.52201620807,95.3,0.022419386737467965,0.02135235077733538,0.019449482255833997,0.01712985574926421,0.014805598177874623,0.012772788437638198,0.011218047127540823,0.010294174840393503,0.010244453388113415,0.011670489374827134,0.01636493974393892,0.030162834958377297,0.06718857987960124,0.1046282673779945,0.09371483572395298,0.07890499853420668,0.06790979206620829,0.054999187982477125,0.04349390418945519,0.03684724979137789,0.03417183120678222,0.03367844260527945,0.033949533603773854,0.03418501599222089
4234.3,2630.9120014588343,95.0,0.026052717196802022,0.024089737852526247,0.020959676003970907,0.01761698270424207,0.014677770230033929,0.012381968070828977,0.010778618519270677,0.00989736087224154,0.009911536098601221,0.01143735397104622,0.016517195408799715,0.03239437809670325,0.07683494982130094,0.10417819039128812,0.086109006336,0.07639493577199633,0.07193057028994543,0.059190654075648386,0.044798742025958446,0.03662340421088228,0.0334681462184505,0.03309339322378655,0.033667371452122986,0.03410191273911467
4234.4,2634.2920162516793,94.7,0.0294369374907001,0.026559728711964988,0.0222210610177954,0.017921747824996757,0.014447418608626415,0.011976080601929331,0.010444699228965541,0.009799278262230876,0.010179256331261327,0.012236676949502591,0.018159848560468626,0.035144995011987055,0.07727318836166523,0.10156731575232997,0.08726415171553106,0.07767741564719731,0.07180407827323326,0.05958093517083329,0.04613625452262782,0.03795840688342431,0.03444282431455667,0.03362500671628102,0.0338662353966276,0.03415425016399411
4234.5,2637.6720310445244,94.4,0.036430242904980766,0.02985829848248113,0.022493833898785762,0.01703007703727212,0.013550113930726537,0.011473241398032989,0.010287139344469183,0.009695623757574108,0.00971623067563825,0.010976961619241988,0.015956888414202355,0.035831065854771124,0.10724424793069046,0.09157041009421164,0.06266369517385745,0.06937023859866295,0.09550491492140399,0.07609918388118649,0.04415365275421716,0.030121747484597197,0.02641175133441136,0.02750669331032912,0.030342038161402546,0.03233527505382662
4234.6,2641.0520458373694,94.3,0.03700573875208508,0.03045953123024869,0.02306136643071825,0.017518440054480375,0.013946354279752014,0.011775983654770075,0.01050567117178102,0.0098537008226584,0.009863407555173766,0.01121036031366599,0.016519016347333514,0.03750953420699927,0.1089194361505126,0.08950940657291112,0.06204953109625494,0.07002421920054365,0.09818577132046293,0.07810846464365925,0.04511300144387328,0.03075393651340129,0.026951846894113864,0.027946017820443553,0.0306423288282035,0.0325308289254171
4234.7,2644.4420310881337,94.2,0.03719786933377074,0.03080972043872506,0.023518803153399145,0.01799563697767948,0.01439344619398168,0.0121672689448251,0.010825098705619809,0.010099277370328017,0.010062893459861335,0.011443555144512547,0.017004878080838105,0.03898392668389455,0.11044630292646619,0.0877390823652033,0.06136603639655109,0.0707353203434938,0.10129918640517131,0.07982664230029399,0.04562695130231127,0.031017245348241598,0.027206393826255445,0.028190681634554588,0.030837052575261727,0.03266938807293136
4234.8,2647.8220458809787,94.2,0.027281486485366713,0.026426526819794675,0.023361738079666503,0.018839116437380968,0.015968701372734987,0.014758534679479404,0.014293663338327678,0.014357258918337138,0.01514327300123663,0.017414907937493965,0.02362247415646713,0.03884101394323497,0.061959317015707276,0.07951258505975148,0.08793398664927406,0.0903786217802122,0.0897176903833825,0.08731617742746525,0.08457016623055379,0.0826771798105137,0.08193389848976132,0.081859582740435,0.08190526194029314,0.08189931753522565
4234.9,2651.202060673824,94.2,0.025442908158555485,0.024406497200032934,0.02244133571845851,0.020008666959154306,0.017691971769393508,0.015895176412600128,0.014824733911966129,0.014642877556232961,0.01564685535599307,0.018516994366047795,0.024776137758778287,0.03724031765802339,0.05800751666301749,0.08070461163309989,0.09294987307159655,0.0936701059583378,0.08779682956453,0.07827649977207776,0.06784516987660288,0.058306134894160935,0.05007317527914152,0.042998034167113244,0.03754718875192118,0.035504662356320556
4235.0,2654.5920459245167,94.1,0.025197966619110862,0.024226742772531673,0.02243531429168354,0.02022386811299003,0.018066020542176806,0.01634129912965755,0.015304031646382428,0.015168026818325372,0.016257440881510675,0.01924451225897507,0.02555238183333567,0.037690003926310195,0.057725433321486684,0.08031192561709638,0.09326409548319062,0.09375396147924592,0.08580819418371584,0.0731419947283735,0.05975104654411584,0.048341829576192936,0.04030321182908321,0.036301754826670515,0.034835898811812996,0.03445017689467755
4235.1,2657.876448457727,94.0,0.025907863449498268,0.0258115320838527,0.023660484804161268,0.0185684093263253,0.016838298693558757,0.01673881087929913,0.016725536546129037,0.01674095298073499,0.016797584897290756,0.017070759090046194,0.021502818887953967,0.04657734546894002,0.07339535106052618,0.07673226256151498,0.07742481513507894,0.07785806999760504,0.07808284656308372,0.07812301791632352,0.07805179104497574,0.07796492892033911,0.07791706829625641,0.07790717138417062,0.07791141033195638,0.0779139018516107
4235.2,2661.160850990821,93.8,0.027455642853905365,0.027260789912922093,0.023901722342271718,0.018336825207595022,0.01701843346624063,0.01696752829805836,0.016964688002340626,0.01699172273570119,0.017058997126334643,0.017426775862756278,0.02285291953399097,0.04951340049123195,0.07325769616522551,0.07599579720123202,0.07669732134078892,0.07714594077832226,0.07739954425129683,0.07745816048371303,0.0773939353211463,0.0773262050584901,0.07728682904282229,0.07728383949247469,0.07727646810100691,0.07728157865802733
4235.3,2664.4452535240794,93.6,0.028722436592532354,0.028379237254391402,0.023851899849735802,0.018267231233618494,0.017279727775084,0.017250689917424556,0.017254413243724204,0.017288934071362037,0.017366096504459014,0.017849865593969203,0.024286389679455674,0.051957517894988973,0.07276832131194061,0.07503539730687517,0.07572786386699165,0.07618221283340444,0.07643817666926907,0.07649871006137551,0.07644078107805964,0.07636996783046143,0.07633519288856476,0.07633890972882668,0.07633964139017255,0.0763307463637343
4235.4,2667.7396426935948,93.3,0.03303350415209705,0.031640035912648835,0.022715170456379618,0.017613630591581587,0.01723233900238248,0.01722888332017594,0.017246222569071427,0.01729111411845475,0.01738324316439253,0.018164359313817918,0.02674748292174161,0.05573944824530681,0.0717642528272755,0.07335818972257961,0.0740038525509007,0.0744397593072868,0.07467341025571629,0.0747338159992681,0.07468023226104537,0.07460080276417039,0.07455095211002664,0.07453961052507825,0.07454002939121694,0.07455062047732426
4235.5,2671.024045226689,93.1,0.0301841698653353,0.02840514568082658,0.025115057511748688,0.021553953734909554,0.018756555382394062,0.016979967601320638,0.016212038852950528,0.016531227805150525,0.018252596649870542,0.022150604485499055,0.029857034284950144,0.04380684243740877,0.06419073247469229,0.08422307162355082,0.09568523934452709,0.09832894771731035,0.09438894504439825,0.08578328941670428,0.07592659473510038,0.06721115194656821,0.059940638286392164,0.053491349915114186,0.04757811254781774,0.04363489766589928
4235.6,2674.308447759899,93.0,0.03284292903630581,0.03150274420291118,0.023108415355393548,0.01838291946714341,0.018048453504567737,0.018046105782568312,0.018066023378080834,0.01811710663531659,0.01822656400061855,0.01930030721191803,0.029468981818247173,0.05793823530256267,0.07063716073467347,0.07194585186183071,0.07257759194116095,0.07300522714520255,0.07323762030188748,0.07329630358229426,0.07324545614131817,0.0731693682480939,0.07312244284159278,0.07311067330523123,0.0731139281358467,0.07311718128681122
4235.7,2677.592850293109,93.0,0.030513667434849262,0.028498359525799984,0.025224497529373,0.02174180449414894,0.0188278674012576,0.016857728291506092,0.015974948179573338,0.016311688248443357,0.0181978592838437,0.022450721005897848,0.030838778315459534,0.04612396060428029,0.06848825911927903,0.08847104923984479,0.09621964409499469,0.0932564691527871,0.082184949520508,0.06665546278623817,0.0525593438505845,0.043056460471169865,0.03793818191851391,0.03561272480622144,0.03471466506932649,0.034465874041586624
4235.8,2680.8772528263194,93.0,0.029024288364022207,0.02743378160322205,0.02475585413124707,0.021781607875217386,0.019186167738236285,0.017367666407093384,0.016531071033163182,0.016862269186249487,0.018730965941104925,0.022981469134357294,0.031362158253892165,0.046458810337652735,0.06816751769518721,0.0872089829254712,0.09419062690094814,0.09055027104272448,0.07916810162368235,0.06397498456034073,0.05055583028649394,0.04176891500043775,0.03721295491002774,0.035247673117310675,0.0345499030663589,0.03437859284976241
4235.9,2684.1716419957183,93.0,0.027762575119312634,0.02650341463181217,0.024311711157289122,0.021775714282620623,0.01946836435243337,0.01778922613130204,0.016990077631642973,0.017308064683506184,0.01915869017527854,0.023428651604906765,0.03187655541826043,0.046961470986472756,0.0682074449009972,0.08608500973674531,0.09169545415206355,0.08696830503443065,0.07526321619934895,0.060628332412475276,0.0481638773883539,0.04032225011340572,0.03645134144147835,0.03489417636463838,0.03440624980676463,0.03431029178067084
4236.0,2687.455542116037,93.0,0.02646254730888062,0.025511954134665334,0.023791710072465395,0.02170149330282544,0.01969764992975304,0.018161921512808658,0.01738627166091451,0.017664679734766306,0.019471340896277917,0.02375505839005421,0.032320790635544834,0.047548911781281594,0.06849610662099882,0.08497216284580252,0.08869634716728185,0.08262590911926662,0.07064816852506048,0.05673798229187861,0.045449813009070854,0.03875929772239711,0.03567623195166762,0.03456171288899391,0.034285661228016656,0.03425987915682536
4236.1,2690.6278125963545,93.0,0.026209545779703823,0.02540236638229517,0.023889092871324947,0.02192958792100969,0.019860674698492644,0.018022607693268498,0.01674488010605683,0.016410729684166285,0.01764649065152241,0.021785522870665795,0.03183280559726889,0.052511791931830726,0.07892967788135313,0.08727559456054965,0.08180276627553504,0.0763252393280891,0.0682582091847424,0.055107213591708844,0.043334713244304664,0.036847267287402966,0.03425325927894067,0.0337536686449686,0.03398777033960963,0.034198000814114865
4236.2,2693.809714543218,93.0,0.023994657193488773,0.023701912300044547,0.02302531526861994,0.021911768334697747,0.020418916464463786,0.018781135545986365,0.017412479449838734,0.01686839838577458,0.017924404996728423,0.0220098567271873,0.03217865863904691,0.0529560076095785,0.07868637687342388,0.08593509751004756,0.07937825134464682,0.07267584856845767,0.06440638701132828,0.05259257418261838,0.04219818739250705,0.03641387420650056,0.03410398342576361,0.03370894946222302,0.033975504526309666,0.03419252401214971
4236.3,2696.9819850235353,92.9,0.020982222787771742,0.020946327355868023,0.02088717525738046,0.02083786990953095,0.0208571066016313,0.02103319308305446,0.021500240901354623,0.02249841694125105,0.024504194682230637,0.028355252237047383,0.0348500208546583,0.04341813011775718,0.051892296587887916,0.05865801834252312,0.06330558916857311,0.06599979057216829,0.06712289312763774,0.06712459383920553,0.06654616834898994,0.06589065894848337,0.06545969754112554,0.0652951301592696,0.06526833375060188,0.06526591121834675
4236.4,2700.1538929667677,93.0,0.019900957762028784,0.019914999002096565,0.019960634401347575,0.020070166784424207,0.02030021732894564,0.020745624602994374,0.021558352411619065,0.022971211184259276,0.02531954276340212,0.02902931944978259,0.034484266826812625,0.04170355644002262,0.049841826040804005,0.05713330910332241,0.06177902234418069,0.06308762336871598,0.061434261431117666,0.05763754421683512,0.05263726703011774,0.04721382502856303,0.04189853156104185,0.03723390435369546,0.03488814689546127,0.03438606599523996
4236.5,2703.336156312189,93.0,0.020104914002719913,0.02011171338486328,0.02012683545413108,0.020153960241885125,0.020195715557120214,0.020254012823113635,0.020337742712144228,0.020497162025767207,0.02147837427474527,0.027862093179589823,0.042864595160151404,0.051210955709869985,0.05265853958879225,0.05325484673176961,0.05368612153909493,0.05395430375679728,0.054068969582550516,0.05409157274956155,0.054061856971266926,0.054013275577440026,0.053978013617480336,0.05395411395043824,0.05396515482598326,0.053965116156973664
4236.6,2706.508064255389,93.0,0.019758291163868073,0.019767993181608132,0.019790327675410013,0.019828166556242102,0.019883079258179906,0.01995855394599083,0.020061955222532697,0.020261837602739075,0.021530214871322548,0.028815683245335472,0.04349214407619146,0.05035165634324096,0.05154440758852018,0.0521305383714004,0.052550640252695666,0.05280932596193313,0.052940141093832646,0.052970661930707395,0.05295066464000693,0.05290464004536263,0.05287081649564519,0.05285582006971571,0.05285622176280108,0.05285814320514237
4236.7,2709.6803347357063,93.0,0.01925797189914682,0.019269404046328244,0.019295398778632622,0.0193387636378685,0.01940010695572256,0.0194820340273014,0.019592431509201973,0.01983168209794194,0.021483217550573842,0.02998971829675049,0.04499443467825757,0.051056344840147476,0.052124155869421276,0.05269866444974783,0.05310943985248876,0.053375299177804564,0.05352003696081471,0.05356254106852704,0.053551198549220046,0.053507471632784756,0.05347219092800312,0.053452011103030495,0.053449248212395106,0.0534546881547671
4236.8,2712.862236682602,93.0,0.018586243199534756,0.01859968445048704,0.01862928295873683,0.018677789296221315,0.01874551098245225,0.01883083200285996,0.018943348518149293,0.019222065706176274,0.021242411918836065,0.030974568517508568,0.04711422242242876,0.05315197405113505,0.05418453216861953,0.054763327767954575,0.055173508511590925,0.055428897194346384,0.05554544369394204,0.055568667563369215,0.05554853075673861,0.055503742741332095,0.055468172667395094,0.055461503540820876,0.05545687591300788,0.05546943604524013
4236.9,2716.0345071629195,93.1,0.01766315321839365,0.017684183719778642,0.0177318930877777,0.017811020296262102,0.017919603079597078,0.018048992661436242,0.018207310814247,0.01858431367738165,0.020911669079091526,0.03135195641457749,0.04875623119321789,0.055349399382588316,0.05647401417664403,0.057088657559302515,0.0575225073244173,0.05779874685580405,0.05793261994156036,0.057960250026815874,0.0579222749234057,0.05786945944343943,0.057826332704282134,0.057810325096992285,0.057805444380273685,0.05780882956629989
4237.0,2719.206415106003,93.1,0.016585370952767995,0.016625102244658907,0.0167342422170982,0.016974158287461356,0.01736930056336753,0.01778044220843684,0.018105968110161963,0.018536404425945906,0.02043221812001372,0.0297143280067121,0.049806522788257125,0.05974574730277637,0.06135751579202056,0.062104029712970785,0.06261341494467723,0.06292970848219351,0.063059338590297,0.06306925184442636,0.06298382491721412,0.06289884358470524,0.06283925384262803,0.06283253125002425,0.0628342810836772,0.0628355301638001
4237.1,2722.288378765836,93.1,0.015516801464381834,0.015559649182268426,0.015670018884449168,0.015986133261853098,0.016819734820996798,0.017898958657657817,0.018625765538826534,0.0193069640769859,0.021556094570606175,0.031135122356435722,0.049998323173706886,0.05877426806789397,0.06050864625751159,0.061451795231489185,0.062120402860228886,0.06254272132508136,0.0627602555640625,0.06278438376739547,0.0626990785699393,0.06259550911493954,0.06252664029550675,0.06250254814976113,0.06251126585108864,0.06251414852179847
4237.2,2725.370342425553,93.1,0.014457968350029654,0.014585988463985082,0.014933840014770798,0.015664749806178744,0.01690514338200336,0.018564026922758842,0.020471613965801484,0.022756947913816074,0.02604332987806332,0.03137444450121921,0.03914053335623251,0.047659819919190154,0.054882439947819314,0.06017201661113134,0.06361321011882987,0.06552260306399657,0.06625293117863439,0.06615920929140871,0.06565639768080854,0.06511882510396694,0.06476898407944402,0.06463246272917825,0.0646054608195918,0.06459995588663552
4237.3,2728.452306085237,93.1,0.012746833247173333,0.012758698201620889,0.012790464690566784,0.013116993823355903,0.015546396560831243,0.020468137900695304,0.023264497602838684,0.024210199378146266,0.025808957897657605,0.032333871533923066,0.044803855759424804,0.05144353560217856,0.05327040775779873,0.05436683112220777,0.05519861256679459,0.055759731812005955,0.0560583325361144,0.05616639674221276,0.05618013466196752,0.0561291689525004,0.05607986270832521,0.05606208407196235,0.05601279104212608,0.05596687644111941
4237.4,2731.53426974507,93.1,0.011892471146405261,0.011899703132849531,0.011920919953141594,0.012241732956868855,0.014952740515709821,0.020939662491387005,0.024321301359834582,0.025198417943801038,0.02640459395737269,0.031799670511147606,0.043883173870931914,0.05156310515426119,0.05366531770996459,0.054736637362556614,0.05549027244590363,0.05598127726827708,0.05624792613145038,0.056329306603158456,0.0562923342182171,0.05621289566822089,0.05615630129319428,0.0561336698370646,0.05613356755169753,0.05613949193734865
4237.5,2734.616233404787,93.1,0.010847943269708718,0.011284528160881092,0.012265884501854925,0.013898603765912277,0.016178047903002434,0.018785563626843364,0.021087107904470628,0.02285550497227527,0.02508626637713311,0.02970476094075044,0.038642815594013134,0.05217341033716826,0.06637344628474576,0.07462401825160718,0.07483436409297568,0.06952054722389843,0.060959752638035984,0.05148444672602259,0.043610519231012126,0.03851091697393208,0.03583251576268318,0.034697327213855406,0.03433726229882594,0.03427273899847813
4237.6,2737.6985701807553,93.1,0.010776595527897405,0.010781367733939614,0.01079692330577958,0.01111793359405841,0.014171038622412329,0.021411322170158696,0.025415538818243738,0.026169549409979793,0.026986846584522405,0.03116300263292891,0.0424966576793019,0.05122027901104616,0.053616353596774795,0.05468247315012278,0.05543012460512481,0.05592634478458573,0.056193861654455966,0.056283349926347793,0.056256850637192546,0.056185306170097885,0.0561258645996072,0.056093274892896915,0.05609346024908691,0.056093674367642836
4237.7,2740.780533840439,93.1,0.010320270047245294,0.010324184469006745,0.010338608253946514,0.010649181643817087,0.013744106289475873,0.02136211021289119,0.025703882505845516,0.026480304521916756,0.027240834668518826,0.03113326530182347,0.042200066880185405,0.05126882845235836,0.0538740553804931,0.05500425269412883,0.055782587588835454,0.05629567580574305,0.0565808068608895,0.05667669875655097,0.05664201334932163,0.05656065952812386,0.05650174044227812,0.056476789769879084,0.056466647627375466,0.056462387356670536
4237.8,2743.862497500156,93.1,0.009964173839448589,0.009968607211367018,0.009981066051016384,0.010281784799033918,0.013378412651859909,0.021258548099483073,0.025885477968916784,0.026717239132004342,0.027460027537849926,0.031156235677410396,0.04190379047901108,0.05117305437101499,0.05397836080311324,0.05517946553147644,0.05600758949700315,0.056551669766840125,0.05684857538573135,0.05695008417498762,0.05691399652834844,0.05682391667390837,0.056757008563770625,0.05673006243642899,0.05672466368750842,0.05672007893645662
4237.9,2746.9344675521374,93.1,0.009612382856915304,0.009616097748434412,0.009627511715200434,0.009937035832396803,0.013140325027211052,0.021280690630575496,0.025993922797853015,0.026800925074354606,0.027493959844691166,0.03098109427361328,0.04154630634586701,0.051125937054587206,0.054100280528424825,0.05534530780642197,0.05620046201776985,0.056763743355736036,0.05706746551936451,0.057167378444317886,0.057134204306832165,0.05704033740517894,0.05696744702082554,0.056934759044756277,0.056934767635151574,0.05693407541580013
4238.0,2750.0164312118545,93.1,0.009432452565762093,0.009436252115139408,0.009446634922425187,0.009691972163136407,0.012494951874624257,0.020847750779880617,0.02691586739441423,0.02806612615577167,0.02880494839018344,0.031918109678878,0.040525222390766495,0.047975953271348945,0.050489735708517336,0.05166899542985445,0.05251049567027695,0.053073162960035315,0.0533774632412935,0.05348809790894917,0.053474383763489904,0.053395043201342515,0.0533486357040045,0.053309599237516624,0.053288180383447264,0.05328303843073735
4238.1,2753.049663810927,93.1,0.008828145288724389,0.008832725894922,0.008845769735409258,0.009162347454087475,0.01250069884615351,0.02096858990995037,0.025868432886316076,0.02679664292355854,0.027481933068011506,0.030726810197744845,0.04087833260854655,0.05083815151389163,0.05446870620219087,0.05621323315395397,0.057464345889797604,0.05833830516969581,0.058840572280304204,0.05903711397589763,0.05901472738281307,0.058904710528273514,0.05877372407774703,0.058728636709280475,0.05870835947160938,0.058716751220599994
4238.2,2756.0833744102233,93.0,0.00887278363360783,0.008877363293944519,0.008890474630548699,0.009207371472659112,0.012529623822304596,0.020931162212922506,0.025804035606108576,0.0267366942435352,0.027430628460637388,0.030672605663450873,0.0406650805348026,0.05039064320346328,0.053978433463541364,0.055731251421307526,0.057001079453509726,0.057899219257827164,0.05842284448302224,0.058640182518362644,0.058630774046942946,0.05852329921603403,0.05839311206745895,0.058345154355641894,0.05832344025930529,0.0583349985820031
4238.3,2759.117085009403,93.0,0.008576359890608457,0.008581035302121622,0.00859412931255244,0.008922832453085547,0.012394500715348328,0.020907661640149268,0.0254777889513711,0.0263874025955868,0.02706669901326793,0.03021230306322889,0.04015432206157733,0.050398417232335846,0.05440160825057321,0.05631800261903281,0.057681068831458134,0.058638765297706064,0.05920916105241406,0.05943442666175561,0.059413078045822826,0.0592942540943522,0.05916963864602368,0.059107729139560104,0.059086722437943655,0.05909313593889782
4238.4,2762.150795608653,93.0,0.008564033570237026,0.008566919057627017,0.008575612441278383,0.008833188361166209,0.011787220089650545,0.020459213504499307,0.026581345106900432,0.027673938706564757,0.02832955755469587,0.030983845838276354,0.03878798804128899,0.046446089775947344,0.04935590426765129,0.05070224787303338,0.05164563993229326,0.052297500775916377,0.05266983839202216,0.052827785602637234,0.05283630495061597,0.05275469893590903,0.052686035443148586,0.05263815371302897,0.052635077813885996,0.05264036830829479
4238.5,2765.1840282077683,92.9,0.008606074933527679,0.008610577669130018,0.008623368584623339,0.008934781473160965,0.012220636213115664,0.020559130865502512,0.02537775025759597,0.026286405913583805,0.026948178879045864,0.0299768976904338,0.03942719541625911,0.0489336378058438,0.05256559631090252,0.05434229001952951,0.05563739882896785,0.056568061957703274,0.05712562433216374,0.057367585455788704,0.05737523347702231,0.05727525124605282,0.05714510458374379,0.05709253648739047,0.05706910274141486,0.05707765176925643
4238.6,2768.217738807018,92.9,0.008490299958220504,0.008495055346438352,0.00850787990923356,0.00880463792985703,0.012035251766612305,0.02029558349233984,0.024992984558377968,0.025971551053800748,0.026657158498313092,0.02966820835735525,0.039009619035291945,0.04869363118409853,0.05261497830380067,0.0545357416394138,0.055910771772964545,0.05688792486067979,0.05747905281443589,0.05772386789285752,0.057714783763151346,0.05760439067392344,0.057480412985184116,0.05741327721611888,0.05738348810347081,0.057389834796274505
4238.7,2771.2414616778383,92.9,0.008413372631007941,0.008418144904179473,0.008430748228175043,0.008708359447103374,0.011804641094923699,0.01997306824038924,0.024818687147728166,0.02586460281031049,0.026557742398142768,0.029475439315945668,0.038433757402062965,0.04783776486916146,0.051766468519415645,0.0537144314172396,0.055106815259113116,0.056097515517910604,0.05670069937646131,0.05695623934244651,0.056951626934560476,0.056845194617960254,0.056719066497294794,0.056650370167310636,0.0566160998886469,0.056622565374741786
4238.8,2774.274694276911,93.0,0.008080757383574612,0.00808519126534241,0.008096831440026712,0.008362620288207705,0.011417811915697882,0.019684876829869427,0.024627727073779134,0.0256897718627882,0.02635336861406271,0.02907133331832307,0.03760817246469464,0.0470235711177648,0.05112354749156155,0.053137000965820434,0.05456243406092954,0.055570571140958494,0.05618404782185872,0.056443564239942595,0.05644194856407229,0.056330878651514094,0.056205732327165116,0.05613665699191523,0.056104872526983054,0.05610660828558654
4238.9,2777.308404876207,93.0,0.008021819589107027,0.008024600991569153,0.008034556036456501,0.008414899460198431,0.012150516725030397,0.020480198337041056,0.024072538219332505,0.0245068466805994,0.024937728682079982,0.0273195763102422,0.036574352327309045,0.04800645902089709,0.052241815891717086,0.05372713226675099,0.054685617744765914,0.05531713419755261,0.0556781811576883,0.05582054639280989,0.055786142214185416,0.05567767670356033,0.05557988069446112,0.05555592232131137,0.055552671640606344,0.05556557112839938
4239.0,2780.342115475457,93.1,0.00796288318233831,0.007965168281968905,0.007972553212725813,0.008198900049203092,0.010907588587827293,0.019065333822284973,0.024695069334518607,0.02565444159210152,0.026198426666752574,0.028413795269885488,0.03577759815222786,0.04440459212429514,0.047972830169817876,0.04945294916251638,0.05044321749839764,0.05111820026018539,0.05151860115772182,0.051684328710942376,0.05168927358988896,0.05161300167494424,0.051534146016100686,0.05148758694175841,0.05148304442954477,0.051482823583626394
4239.1,2783.3893601324385,93.1,0.007632611725250586,0.0076368223286890574,0.007647398185820435,0.007868588849979827,0.010605356942980251,0.018613348102977566,0.023652103402862296,0.024689386283581805,0.025257233867199788,0.027540345879386773,0.0354413402567103,0.04536013314755835,0.049923356850672215,0.05201598750502617,0.05346015036026584,0.05448763277278511,0.055133992744412406,0.0554295927821141,0.05544821134978719,0.0553366755233222,0.05520328297111199,0.055134113130081486,0.05511752410680862,0.05513398963703756
4239.2,2786.4366047895364,93.1,0.007507919434318744,0.007512153194517912,0.007522369912015679,0.007713733781460247,0.010231723166310757,0.01804644054797775,0.023247790676918553,0.02438351482860628,0.024952688101856038,0.027123514685966486,0.03471047933097414,0.04465912618004117,0.04943819852302386,0.05162349522068435,0.053114519514067295,0.05416957284377032,0.05483368065760148,0.055136735741358536,0.05515579797484868,0.05504375547174009,0.0549115460120547,0.05483966259182404,0.05481960545453675,0.054834547642624826
4239.3,2789.4845549204474,93.1,0.0073677830799468895,0.007372114110997085,0.0073822481900064135,0.007557583060200542,0.009942439401718106,0.017579579971593012,0.022808051396629902,0.023952149933825714,0.024498170245451055,0.026556960946167982,0.033971890150710386,0.04406433293216952,0.04900363028877792,0.051213401750925716,0.052703451257718574,0.05375331209989395,0.05441363967575772,0.05471221890055505,0.05472924356320712,0.05462341278820017,0.05449412380247924,0.05441932504494562,0.054396214744858375,0.054413639317977644
4239.4,2792.5417758806593,93.0,0.007557767328972578,0.00756182304100826,0.0075713423118672464,0.007716641927906667,0.009759482336727217,0.016800395176839997,0.022521476070147494,0.023903942412274778,0.024501056361433796,0.026578217195754053,0.03365379751084403,0.04281444152069461,0.04721150181852904,0.04927535807425438,0.05071423294345265,0.05173460248650818,0.05236477801860366,0.052650704389337555,0.05268505300714104,0.052602745102058986,0.05249478943066463,0.052427846687163215,0.052380087442750585,0.05237291856191963
4239.5,2795.5890205377573,93.0,0.007468409172225258,0.007472504512659313,0.007481812847622149,0.007604223814070136,0.009420305245200267,0.0161157433298495,0.02208312283905616,0.02363089421282316,0.02424424064705856,0.02623888301237937,0.0329723926891759,0.041821508168553845,0.04617390592217631,0.04823214873873598,0.04966105730533483,0.05067300314504046,0.05129835438033349,0.05157977747083445,0.05161570810425796,0.05153778494546494,0.05143553043898697,0.05136524505895483,0.05131628413410646,0.0513066874619382
4239.6,2798.6362651948552,93.0,0.00808553663372494,0.008144683133434014,0.008334417453307888,0.009054453367918524,0.011394589602474138,0.015338176996614893,0.018458260651699965,0.02048481241095833,0.022614700934295736,0.025918045644336845,0.03132483055345201,0.03840932035146794,0.0453334229766717,0.050922931001297134,0.05493419073030207,0.05748142296414042,0.058779362589426426,0.05908201069388753,0.058778846011729696,0.058284361989781805,0.05788589838035378,0.05768666473066954,0.05763120365015402,0.057624624429669986
4239.7,2801.684215325583,93.0,0.008015927497475588,0.008075585078950585,0.008263990085932312,0.008945994310214376,0.011111051086541384,0.014826168968057234,0.01791654373917599,0.019980060102987363,0.022115296810145995,0.02538228241680531,0.0307397613521714,0.037838851178730176,0.044839407089760794,0.050505290009042136,0.05456360840413088,0.05712498050417805,0.05841928668121883,0.058716608001830047,0.05841141355542115,0.05791580604417862,0.05751409984545489,0.05731041104712226,0.05725164581512451,0.057243828968003715
4239.8,2804.731459982681,93.0,0.00795399197088787,0.008014305108124243,0.008202104634151778,0.008850814868825822,0.010852437833939594,0.014331259906744042,0.017365710952934644,0.019457386245011477,0.021598454649975455,0.024837142219938626,0.030169854922849824,0.03733348188240433,0.044476893970080374,0.05028651768287924,0.054454381954878006,0.05708110008157574,0.0584026964342257,0.058702714306144314,0.05838868308558019,0.057882063213432734,0.0574711244123157,0.05726167602309285,0.05720013285825133,0.05719132958304696
4239.9,2807.788680943009,93.0,0.0072002798501258165,0.0072046744290100535,0.007214289328345425,0.007294539453826968,0.008634603056016937,0.01423101574735617,0.019716537754853332,0.021200786846903914,0.02172626000304394,0.02339935892261964,0.03013681244101839,0.040930420358639856,0.046505841130294955,0.04873238568667412,0.050171225427233825,0.051166996946857814,0.05177481679626441,0.052048344973925534,0.05207334568485231,0.05197880248604444,0.05185635924062157,0.05177993274701273,0.05175871502604966,0.05176955270790082
4240.0,2810.8359255999903,93.0,0.007170130766464377,0.00717308496941908,0.007180793676534182,0.00728187803898094,0.00887470993855923,0.014704268837064459,0.01930009239068576,0.02010882906835807,0.02043352500905333,0.021796232596572422,0.028594321522251602,0.04138157752009176,0.04790659926971267,0.0497579167160639,0.05075630406319093,0.05139822073534119,0.05176557327271571,0.051899958542047375,0.05187403312050834,0.05179901536818971,0.05172721565208235,0.05167714535528752,0.05166542556974543,0.051674468834875344
4240.1,2813.981239574835,92.9,0.00720277581007907,0.0072070292772355255,0.007216496119657144,0.007282303036872064,0.008406272340268302,0.013351200894933595,0.018582197359869698,0.020037415606818283,0.02052239528601179,0.022060276289178074,0.028843334374817,0.04067738655063182,0.04678660664958956,0.04898792383408106,0.05038259747112649,0.05134403124536002,0.05192967488232668,0.05219228280862959,0.05221194955459243,0.05211731429630379,0.05200010192687144,0.05193293559372915,0.05190599213906831,0.051911828750527536
4240.2,2817.1365050153063,92.8,0.007293227417111967,0.0072973478557185065,0.007306481662330156,0.007361511191173201,0.008319467325947709,0.012789541725914056,0.018041711768757403,0.019630078971071614,0.020135291138118773,0.021657075081707233,0.02841226668883085,0.04018452259758876,0.04604301160435192,0.048078184072178856,0.04939260947717757,0.05030073234998634,0.05085478842394126,0.051105284389551725,0.051139431251919915,0.051054777233401225,0.05093898761617588,0.05086701870348914,0.050851267682261954,0.05086165676810877
4240.3,2820.2917704558695,92.8,0.007796203457118983,0.007843274498651843,0.007980024474354126,0.008391534372656074,0.009637926734921377,0.012127502143580476,0.014877848061500356,0.017045806386252502,0.01918505366219224,0.022349551696065357,0.027780458156802527,0.03545049543379563,0.043078960029803194,0.04906429551537521,0.0532865616103563,0.055945237109820925,0.057296656405447066,0.057638795057768685,0.05737231434197524,0.05690560909271376,0.056517628599677516,0.05631615153511635,0.05625738581528956,0.05625096241472687
4240.4,2823.447035896341,92.7,0.0074051829339806564,0.007409458111179812,0.007419401168945173,0.007464451982755883,0.008185935564093062,0.011849192844275755,0.01664307081009991,0.01819954430677068,0.01868107122909952,0.020089339176118083,0.026814149817407866,0.04013377513371125,0.04717385915224022,0.04904798698526031,0.050039232905819284,0.05068228936537378,0.05104624632223186,0.05118731711357802,0.051173404374812555,0.05109820952098231,0.051021575834772334,0.050980450373415746,0.05096943291644347,0.0509747478970382
4240.5,2826.601334550555,92.7,0.007735093583264355,0.007881999193105088,0.008224306875700811,0.008821360197740416,0.009738722851947039,0.011032032121884893,0.01272225060267849,0.014806435138002515,0.017395888874387345,0.020965372986208364,0.026382100037576125,0.034235841205117044,0.04375812935292115,0.05233790878115969,0.05653743693246305,0.055226063607364394,0.0501759229857252,0.0441507070933121,0.03931503408347332,0.03636004586006609,0.03490228437216064,0.03434440415896604,0.034212743452600405,0.03421386395511772
4240.6,2829.756599991118,92.6,0.007674458114660728,0.007679482951696201,0.007691093189876086,0.00772149833748485,0.008045190623444623,0.010129014294955694,0.01438924046432039,0.017074969960505323,0.018203566469670585,0.020258813181485046,0.02735815793064647,0.03897057778867104,0.0444918206760178,0.04610314044437962,0.04705282152544526,0.04769325479478259,0.04807027938150111,0.04823550693863975,0.048254453001304834,0.048198264395780885,0.048128024971736794,0.048081404056662475,0.04806635100588058,0.04806753790857187
4240.7,2832.901913965871,92.6,0.007687038859811901,0.00769272975851262,0.007706270869107779,0.007736885445597657,0.007968130468033385,0.00951949066223617,0.013185143720252887,0.01612113862236064,0.017635894171985016,0.02006168215970372,0.027452036555756912,0.03900893867605784,0.044492267121468386,0.04613605897038522,0.047114923706581775,0.04777911561252477,0.04817594108480612,0.048353443979260766,0.04837925445067911,0.04832721621883298,0.04825151138521686,0.0482017813014607,0.04818581249313258,0.04818146151212732
4240.8,2836.057179406434,92.6,0.007683451953318392,0.007689860258097365,0.007705070776171232,0.007736908732199596,0.007912953005855835,0.009070311524563952,0.012115438776831276,0.015087358123462099,0.016944320401372334,0.019741080080636048,0.027455723097646146,0.039169304959325545,0.04475263523163467,0.04644951183792726,0.047463601823845465,0.04815900855507002,0.048574652061790326,0.04876359899293169,0.04879294014043697,0.048737965755333595,0.04866093880088836,0.048609052082392565,0.048593643451560656,0.0485877928099138
4240.9,2839.21244484679,92.6,0.007631412092013834,0.00763839583024012,0.007654876972559224,0.007688044270580458,0.007830810556146331,0.008715795467151522,0.01124248283122004,0.01413040222931767,0.01623714980276442,0.019316572069967848,0.02727660368415032,0.03933719967567673,0.045231148686409595,0.04702060670283926,0.04808655759729745,0.048821079157817915,0.04926428391515888,0.04946485751662245,0.049494794461921975,0.049436971871585494,0.04935685216296591,0.049309541273905924,0.04928921527549629,0.04928840978830593
4241.0,2842.366743501004,92.6,0.007645439982145588,0.007703742527285393,0.007852311124555533,0.0081479053868561,0.00868199147183667,0.009571184461163418,0.010913020709141711,0.012766836775648958,0.01526388979715384,0.018805885050947584,0.02407563820574934,0.03135945449985713,0.03960813350516221,0.04716108938837205,0.05281566271422399,0.05606761473012841,0.057017547846911334,0.05611495621887263,0.053991134825662854,0.051232929442626786,0.04822660990370384,0.04514919600807527,0.04205120048664105,0.039478166893733645
4241.1,2845.690897528814,92.6,0.005185659239855325,0.00543719166587251,0.006053628590389314,0.007204005293078491,0.009080050643222193,0.011559475937982426,0.013509249668244119,0.013419569833338285,0.012226471880515193,0.012482658209449791,0.017178711814111652,0.034081983181249574,0.06251035232459623,0.06499565340298916,0.06285373318829479,0.07529148079179694,0.09888570073481165,0.07618846896702104,0.044861241794364896,0.03249615469805429,0.029241652369690944,0.030124584909942048,0.032424453602432596,0.03397627418960233
4241.2,2849.015051556512,92.5,0.005272328132441434,0.0055076322037983984,0.006082716818544126,0.0071484252324840215,0.008870741444792071,0.011142019620441902,0.012996393841419132,0.013080944543980589,0.012103659605252145,0.012433837868784619,0.017024918989921877,0.03325461038513719,0.060671589077848045,0.06551859233870326,0.06511096304860664,0.07702942894971358,0.09917020131068457,0.07590114704449129,0.044556189525890244,0.032316902677023855,0.029137193500385017,0.030062296000205102,0.03241252076834938,0.033991765768291826
4241.3,2852.347948194583,92.4,0.00539292069446298,0.005608005715539407,0.0061335060398006475,0.007103202173988216,0.008660756500032138,0.01072222837171185,0.012491875435034706,0.012766734091793587,0.012018663161035528,0.012423275397155861,0.01689542201823395,0.032423599144463,0.05884350923250416,0.06616338092367952,0.0679019495699448,0.07927429065367993,0.099632599669588,0.0748552704998671,0.04372634254498411,0.03186364038646907,0.028852823761368055,0.029879244675464933,0.032350354554909526,0.03400404032902135
4241.4,2855.672102222281,92.4,0.005314265280537989,0.005509731231027528,0.005988963413139077,0.006876354412041396,0.008311358092458712,0.010255706173952463,0.012058279500264809,0.012574073874061854,0.012009699844475176,0.01239164545631255,0.01655796913195069,0.03093560175475683,0.05659823767452941,0.06711258999370517,0.07132120469840916,0.08139659551280679,0.09802708431788709,0.07314464362455275,0.04326997354597063,0.031736204922830386,0.028779306920715987,0.029817549530310326,0.03232121496910086,0.033996789311366606
4241.5,2858.995067765287,92.3,0.005509590880990699,0.005677245317388826,0.006089770925221586,0.006857180146446774,0.008099365328111568,0.009812103970021744,0.011529154097205348,0.012304176887209837,0.012083393486555629,0.012557329137101812,0.016467357496374523,0.029638930223003485,0.05440226896971169,0.06852240050975265,0.07499122533234487,0.08290247972756072,0.09585740966620443,0.07187292298696328,0.04319583165689602,0.03179092367334129,0.028831587497606503,0.029810317578049954,0.03229062417322369,0.03389601267618842
4241.6,2862.3291493479605,92.3,0.005486431188785588,0.00562960286593941,0.005988063727644745,0.0066645433506761,0.007779709843031054,0.009373940941955256,0.011118324341026982,0.012158793502344502,0.012187380357011439,0.012629618509106332,0.016116033996230985,0.02792537338095504,0.05207067023680738,0.07014722379004078,0.07867794683595558,0.08424791368027505,0.09454175695198369,0.07096265993496492,0.0430298174535579,0.03175653529940886,0.028778550550071995,0.029736558355816782,0.032242594678059025,0.033885148491310156
4241.7,2865.653303375655,92.3,0.005492581549033569,0.005611495750643761,0.005917226171739164,0.006507057949381191,0.007502578502494312,0.008980677647954785,0.010731760546225055,0.012009444879749753,0.012296284607248109,0.012717114500062054,0.01578301301300234,0.026296779615996715,0.049596664321908006,0.07165057704055311,0.08272881016520159,0.08592690155993013,0.09313345731638172,0.06929173725049155,0.042445530168244656,0.031532187242942086,0.02861686506763386,0.02959076281551806,0.0321622476014789,0.03386601235937529
4241.8,2868.9762689186673,92.3,0.005475431658469357,0.005574061869241761,0.005836369822344157,0.00635685388807457,0.0072596120750107965,0.00865017935541351,0.010409049325402068,0.011878661934113327,0.012376061250716164,0.01274525439615792,0.015384854795362578,0.02473809027523101,0.04733076355919348,0.07346494044642547,0.08623102924877193,0.0862175537268301,0.09189771081229542,0.069241111998001,0.04266104730162126,0.03165023186428933,0.028647535237385655,0.029567125361321986,0.032131716448474144,0.03384647011023749
4241.9,2872.310350501337,92.4,0.005261033756926593,0.005354400334082925,0.005604692365903265,0.006106429906439026,0.006989392997058373,0.008381265523706565,0.010208961499105728,0.01182363068547748,0.0123849537730594,0.012582623718020602,0.014764760128585417,0.02307622044209538,0.04493328210584228,0.07492214302148027,0.08963930794041954,0.08706657486933446,0.09279099554948086,0.07033873495418329,0.04302407335800389,0.03174493464076401,0.02863568318978636,0.029519131048891395,0.03210141272426223,0.03383715359859674
4242.0,2875.633316044349,92.4,0.005215807479560179,0.005302634790780378,0.005538530155365707,0.006016481304547578,0.0068660773618580565,0.008222577898520473,0.01004156048563672,0.011707665162595372,0.01231182636758331,0.012401304499717263,0.01423932345967222,0.021719021935964623,0.04284335701303597,0.07663629331741474,0.09287535982905537,0.08712656646859415,0.09278549241190795,0.0717571565520462,0.043842650248917835,0.03211373721450293,0.02880668776513408,0.02959700586095535,0.03212497248951998,0.03383380156010035
4242.1,2879.1224563395954,92.5,0.0049086293025050135,0.005004207803343099,0.005257194058494729,0.005762103345034634,0.006654486074562918,0.008081551281539793,0.009999859701291998,0.011723424879047416,0.012208476657726645,0.012015962729304878,0.013428292909532609,0.020086125415288772,0.040605524220358555,0.07846880065573426,0.09502915662954546,0.08658948418204189,0.09463896995871289,0.07492149782427791,0.044967638093246776,0.032469696107042235,0.02892908343660855,0.029641668112424056,0.03214140842145385,0.03383216854059093
4242.2,2882.6016803911116,92.5,0.0047990063745082506,0.0048983539546529125,0.005158519672286744,0.005674680708402403,0.006584041292728354,0.008036437443532584,0.009982930626704065,0.01169644860914111,0.012064876323738132,0.011653882192954027,0.012714507524389296,0.01863039778794056,0.03841548736263351,0.08063357165849463,0.0972765303828766,0.08609459805568033,0.0953883340922419,0.07730915123537467,0.046131112825661444,0.03295170932387601,0.029136601220723993,0.029732559199913924,0.03215752788675695,0.0338112198841464
4242.3,2886.0809044425123,92.5,0.004696084004838166,0.004799381569419333,0.005067562596316059,0.005597465218734358,0.006529405216887229,0.008017788985943623,0.010005492345542984,0.011706187911036335,0.011923240170965748,0.011257186101778284,0.011957805331290683,0.017153248910767672,0.036124613603256875,0.0831617291116502,0.09903271054877176,0.08538814711152938,0.09645895541613857,0.08008659384143935,0.04739354445652627,0.0334549645866158,0.02936536116920121,0.029841148538757162,0.032187263117959185,0.033789343141984125
4242.4,2889.5700447377535,92.5,0.004596582692033056,0.004734749574515939,0.005067699010015591,0.005676777907861243,0.006662778429705723,0.008084661139209354,0.009759309664695088,0.011044032436988007,0.011358385559397383,0.011288798492353192,0.01244535710405551,0.017585421610911464,0.03389550498912196,0.07420759777863865,0.10508739527405851,0.09751450559385172,0.0873522515826194,0.0686090842159898,0.04885926561962102,0.038122892021877804,0.0340031431955596,0.033277226070323594,0.03372744120925954,0.03412926623347097
4242.5,2893.049268789154,92.6,0.00439825696167916,0.0045401757978538815,0.0048829407815201035,0.005513450282029279,0.006543074027777327,0.008040679042485286,0.009800426198493514,0.01107689773509429,0.011208966610693387,0.010860929097545517,0.011669147811085622,0.016233526848341843,0.031778739937406444,0.07419648454131328,0.10790025187616024,0.09839770327276552,0.08793150756229738,0.06954896634232834,0.049609921909251654,0.03856731711460798,0.0342364520743411,0.033376700153364795,0.03375364885767834,0.03413153354293239
4242.6,2896.5384090844004,92.6,0.004361113686473218,0.004505665712264364,0.0048549181558522085,0.005498029856280552,0.006549365942326387,0.008075364630299961,0.00984298358536423,0.01104325919847789,0.011000823940754613,0.010447821556960975,0.011003998791688011,0.015121780442135939,0.03004746355097875,0.07469144086688469,0.1110853054749129,0.09892790704386431,0.08818487911563244,0.07010238364743673,0.04993988167690987,0.038694820348059926,0.03427412279637763,0.033382525782086586,0.03375140231249332,0.03413019729520555
4242.7,2900.016353879943,92.6,0.004315462272701055,0.004462189245193348,0.004816769606029171,0.005470218731558982,0.006539357560409972,0.00808804683895221,0.009858023586504111,0.010984874858158444,0.010788757014125598,0.01006461608155859,0.01040884782520577,0.01412263536519485,0.02834326897724587,0.07459940487633954,0.11441775274949559,0.09983724103793483,0.08922659567286487,0.0714855554329779,0.050712519997126636,0.03902366582362365,0.03440749778887685,0.033432022628261955,0.0337642661300863,0.034132574835297864
4242.8,2903.505494175069,92.6,0.00428996720870314,0.004437100843697052,0.004792501126914519,0.00544746607012475,0.006518437446552138,0.00806537506205599,0.009814711832702664,0.010879799566059152,0.010585617100935273,0.009750312173117316,0.009935058915136586,0.013299905769776861,0.026780015149393026,0.0739638842840995,0.11840197919667643,0.10093410078073269,0.08976323149344065,0.07224274611402655,0.05115418061552405,0.03919727289402288,0.03446391080687618,0.03344102831287041,0.033769527958123186,0.03412886566380571
4242.9,2906.98471822647,92.6,0.004266849919067095,0.004411960434761993,0.004762250173920352,0.005407033345835587,0.006459641453323155,0.00797702818089025,0.009689198780372926,0.010724906110029058,0.010411408976054913,0.009535034603721739,0.009608962179730939,0.01267740470337262,0.025354982696107302,0.072151419298648,0.12236868152565997,0.10230874690125585,0.08994036255590028,0.07271542270058141,0.05168346309760909,0.039529776094015805,0.03463688395907858,0.0335117239600119,0.03378817791339481,0.034130663337849615
4243.0,2910.4738585218315,92.6,0.0042378769313411065,0.004378093055036988,0.004716489228281565,0.00533874083642564,0.006353668693960401,0.007818945266964823,0.009488955518931525,0.010539926815333412,0.010282023543022399,0.009413544493045413,0.009396893673996872,0.012178226521177875,0.023957169857624857,0.06923562066860917,0.1262300935739497,0.10378090437082982,0.09015700585507802,0.07341089731042895,0.05244303117655746,0.04001080724069575,0.03489812174808811,0.03362812834953984,0.03382393924890797,0.034137100177694654
4243.1,2914.07210809625,92.6,0.004251102423028302,0.004383893432861019,0.004704302983542597,0.005292289303662511,0.006249065522818294,0.007632183649046141,0.009234374838304811,0.01031725961882123,0.01018123337581934,0.009381143255883297,0.009308351189716242,0.011832802350409507,0.02271092700464771,0.06571005651257811,0.1299785524180209,0.10510768981611837,0.09016587041306086,0.07433195055645479,0.053544973562368106,0.04071602342986711,0.03528449108523492,0.03380544321075498,0.033881495537820105,0.03414886091466423
4243.2,2917.6815401844965,92.6,0.004259462649547995,0.0043829920756239356,0.00468132032057816,0.005228318493239722,0.006117785948346021,0.007409886372579715,0.008944065332950068,0.01008134123945704,0.010113437196562934,0.009421385195990848,0.009313023624554361,0.011602002983917968,0.0216095684055818,0.06192077057423841,0.1332900824297635,0.10662815214902313,0.09060836304979843,0.07574052209813179,0.05494687220582667,0.04155844109090187,0.035733583053196266,0.0340130521440232,0.03395174751917781,0.034165032036033084
4243.3,2921.289711466559,92.6,0.004243205182935424,0.00435704407065144,0.004632456969048735,0.005137861054748142,0.005960963661154571,0.0071665591174115036,0.008640527680710709,0.00984148412753116,0.010059517819615246,0.009496160100684652,0.009361126481176603,0.011415475779478747,0.020534617407726847,0.05777202904717104,0.13631213724630897,0.10844850150802163,0.09082521948372387,0.07679585472426859,0.05628660158969277,0.042436121278959786,0.03622218123744716,0.03424545731349179,0.03403251170017107,0.03418410293599609
4243.4,2924.8991435548055,92.7,0.004075626197236439,0.004181321014653317,0.00443791501175351,0.004911439224592155,0.0056898388439895545,0.006851783858647159,0.008331080929418564,0.009655828628568732,0.010073183047615885,0.009608797130424302,0.009406563762785711,0.011187673849474803,0.01935997798910009,0.05320884265432099,0.13875408401909833,0.11116104985283161,0.0917792395711712,0.0779842288507218,0.0574014724669714,0.04309632434504582,0.03657092361266783,0.03440745876258122,0.03408840593903379,0.03419690311849143
4243.5,2928.507314836752,92.6,0.004155397120433072,0.004251094174164625,0.004483939520907637,0.004913640676819203,0.005619167636326543,0.0066752485798206125,0.008046074014292073,0.009363080977521993,0.009949394869832755,0.009681628495911674,0.009534767410724126,0.011180554431998687,0.018749680118426777,0.050317530919059716,0.1410669950349204,0.11411493200627484,0.0917791544179532,0.07717374841868907,0.05725435914777603,0.043222384169669455,0.036705430268621664,0.03448710820830859,0.034118051397241,0.03420362356368189
4243.6,2932.1167469249986,92.6,0.004082258436889402,0.004170247967882668,0.004385187462444958,0.004783375519647503,0.005440866755516953,0.006436414293974185,0.0077639578876397795,0.009125354090161025,0.009874333448657647,0.009756500693811069,0.009618555126435531,0.011086707257915392,0.01799493013137683,0.047140641388868566,0.14255044743735285,0.11752648121965711,0.09180658558185908,0.07601583366785639,0.05668259317537157,0.04308164981829725,0.03669657629043795,0.03449957480938725,0.03412379415305683,0.03420293161616683
4243.7,2935.714996499417,92.6,0.004019798867717392,0.004100423752617615,0.004298593972084683,0.004667414378619073,0.005279791853048581,0.006217381418256454,0.007498868804689295,0.008890234059086809,0.009785470973780363,0.009818896705644177,0.009702273085459102,0.011014020239949317,0.017354544149406032,0.04444970484831588,0.14351434694744714,0.12150228519226451,0.09163351031914538,0.07391255462041382,0.055243265668982036,0.042470179177453715,0.036457866661823386,0.03442386121962635,0.03409450484549094,0.034193555938680155
4243.8,2939.324428587779,92.5,0.00407619631725302,0.004147950076418307,0.0043258089621202095,0.004658936243043904,0.00521566409978821,0.006075999057078696,0.0072758334424101135,0.008644953393999772,0.00965264218577163,0.009858568488835543,0.009805645505540804,0.01101386309864633,0.01693123991035725,0.04256125025579142,0.14441188253419102,0.12579505040707328,0.09197640322598398,0.07209412617766653,0.0537427562154867,0.04173345932608392,0.036151081741715156,0.03430081457525943,0.034065359351306425,0.034187976131619106
4243.9,2942.932599869726,92.4,0.00412867539460094,0.004192006842439764,0.004350923909558014,0.004651736250340034,0.005159296258503848,0.005953357015242239,0.007084685212792639,0.008435030989714829,0.009537326592919258,0.009893631393620601,0.009895058568363525,0.011003443267622905,0.01655660105444756,0.04100719769152789,0.14513959676099095,0.12953030620391243,0.0920687153305478,0.07033038561503255,0.05225039628431443,0.04094181754261188,0.035779803617633575,0.03414756141711809,0.034017214033510074,0.034177550513513455
4244.0,2946.5420319579725,92.4,0.0040470845669457085,0.00410648760155164,0.0042566891644695345,0.00454322998528152,0.005031003560892849,0.005803467176103825,0.006924787249099037,0.008305369551130927,0.009493227621889679,0.009924983167931467,0.00990386882901226,0.0108700399018312,0.01604261257887512,0.03929840151248586,0.14505492795725816,0.13354489678199946,0.09290495142384406,0.06945467592694646,0.051256434367436314,0.040335846212932396,0.03546613486483215,0.03401003684579762,0.033973433865655385,0.03416858012196512
4244.1,2950.1542473448094,92.4,0.00407155454825395,0.004125306732214973,0.004263272784891367,0.004529950191732979,0.004989403740659036,0.005726474520275441,0.006814702726443742,0.008191053664272741,0.009431189875666046,0.009930109646781054,0.009903274396914505,0.010765736979798204,0.015667168797873544,0.03810795869951393,0.14500015868642332,0.1373373977571437,0.09389592689134796,0.06877306667608529,0.050378552234181695,0.03977522209692433,0.035167520676598035,0.033876964353728306,0.03393168347331554,0.0341612489918635
4244.2,2953.766462731427,92.4,0.0041049645702448435,0.004153538466349781,0.004280588143866465,0.004530159035955937,0.004966220567455364,0.005675280595253897,0.006738181644225888,0.008110179980735745,0.00938283109685016,0.009916487572341705,0.009867854924120793,0.010644020394879621,0.015351170362541487,0.03724113175547811,0.14490666671743177,0.14031542964206606,0.09500652735181925,0.06880617709607258,0.05013232396313342,0.039580494952403594,0.03505484791406168,0.03382522436557921,0.03391573137888321,0.03415912205305772
4244.3,2957.379799139774,92.4,0.004137443779715802,0.004181741068929837,0.004299977544724378,0.004536139385819833,0.004954480125552623,0.005642916695468112,0.006686962830563878,0.008052073522055909,0.009335866874584257,0.00987452586965056,0.009795339839590788,0.010505875089529066,0.015074697176121114,0.03653681718367698,0.1443376126347288,0.14367354800380536,0.09627510610918409,0.0685328037743504,0.04954384453780149,0.03916929318575209,0.034828035146273036,0.03372375234629762,0.03388500431675028,0.03415471439549186
4244.4,2960.992014526611,92.4,0.004161204171335461,0.004202420940568869,0.004314462456990264,0.004541499606209088,0.004948237008994943,0.005623604045267766,0.0066553548110844995,0.008012058386458283,0.009288758818732874,0.009807106085638938,0.009691014136240163,0.010353122924141119,0.014826545490882248,0.03596925803184997,0.14339940478847976,0.14608344200320966,0.09711711323637487,0.06823463893504969,0.04905986527316738,0.03883561630273047,0.03463860322572619,0.03363475642041864,0.03385610399216455,0.03414974622064407
4244.5,2964.614168581781,92.5,0.004078597656102006,0.004121364430133474,0.004236803921784401,0.0044695600552006965,0.004885245631734554,0.005574347263571248,0.006625419797320856,0.008000179832046308,0.009267612057674573,0.009728237784642525,0.009538821404770489,0.010128687237443862,0.014456444368836804,0.03505511456797188,0.1413119492793785,0.14899606813140334,0.09847729891381418,0.06845805780284703,0.04895718353830282,0.0387305834526912,0.034575566942864296,0.033606158800856364,0.03384772877154708,0.034149128196469085
4244.6,2968.226383968502,92.4,0.004260717234421601,0.004296478194822858,0.0043974945193455675,0.004607957640181204,0.0049922886601006045,0.005638177692520063,0.006630694806661173,0.007935157442935166,0.00914868219003946,0.00960793059509552,0.009449342703272127,0.010062543736238046,0.014403340244478414,0.03503319849093513,0.14116435695059162,0.15021363682261665,0.09874889358954972,0.06793996091684973,0.04844600712329062,0.03842114346594855,0.03441439313002214,0.03353517758335577,0.03382600652588003,0.03414568024778418
4244.7,2971.839720376849,92.4,0.0043201466819129735,0.004354029598832183,0.004451247634036487,0.004655875834550061,0.005031735355478774,0.005664571428739002,0.006634947215112434,0.007901468559722813,0.009062764729739265,0.009481161607056934,0.0093124535624922,0.009923924526643839,0.014232326543942008,0.03471058576197642,0.14058096002460888,0.15214009373850892,0.09935379135757165,0.06751432352869499,0.04792077748844114,0.03807407069608165,0.03422153984013741,0.033446678122439906,0.033798025839470835,0.03414090000875264
4244.8,2975.4519357635827,92.4,0.004408417670892487,0.004440181670206284,0.004533068263614457,0.0047308912475956645,0.005096447841896433,0.005712451148700622,0.006652865415572188,0.007867629150514721,0.008961210537500907,0.00933517197225662,0.009167676494981446,0.009794734820847745,0.014102234165022999,0.03457101927770997,0.14084959008899206,0.15315234859895463,0.09946861225621187,0.06691263300217998,0.0473223072487753,0.03767716928403394,0.033991897065021655,0.03333595520020213,0.0337608763560566,0.034133453538736064
4244.9,2979.0641511503036,92.4,0.004506524397233211,0.0045369967522259965,0.0046272785793149114,0.00482088085453614,0.005179264287927584,0.0057810390777148935,0.006690750489813435,0.007844367080616092,0.008849618708324014,0.009159697857838186,0.008991017633104167,0.009645022309133085,0.013972869918289832,0.03449791771343232,0.141528575168706,0.15541904656157657,0.10125655188365779,0.06737096781599575,0.04716477783962856,0.03744080496939722,0.03382189154839557,0.033249498374383506,0.033733440792293,0.03412963116417667
4245.0,2982.6763665370245,92.4,0.004593775345815677,0.004625230252826464,0.004717590315251222,0.004913987270771657,0.005274089631135972,0.005870975146201917,0.006755791730173865,0.007842504008827862,0.008736285919288654,0.008955837855645523,0.008778339877953564,0.00947158669029732,0.013851666788977587,0.03455806208717001,0.1431167157535652,0.15779291361479855,0.10283829913638425,0.06739926635908017,0.046662144234861265,0.03698183480848355,0.03351800996872071,0.03309546811207873,0.03368199616949191,0.034120366687415894
4245.1,2986.2009232466917,92.3,0.004842762106323782,0.004869658433806142,0.004952721998554565,0.005134410399054969,0.005471639942704336,0.006029627644600339,0.006843756908895253,0.007811894214738924,0.00856418976307524,0.008710818638143294,0.008568834596243576,0.009351880679605256,0.0138820890444464,0.03518184273247179,0.14701576527595844,0.15956972231134278,0.1037890376532833,0.06683959903781998,0.045776389615233344,0.03628920725054482,0.033074135405004625,0.03286987541294195,0.03360486323307551,0.03410507650439502
4245.2,2989.715521374528,92.3,0.004941103320958741,0.004973532463236807,0.0050676637200404474,0.005264640618718274,0.005617106114901554,0.006179297027975216,0.006962697211031171,0.007831707338184056,0.00842220494889154,0.008446128821892352,0.00829980183491867,0.009153955335209888,0.013804479754981499,0.03553119032427081,0.1500127628788099,0.16258311230971909,0.1053162648925952,0.06632385602381992,0.044858482291456926,0.03555982448955822,0.032598171430323786,0.03262401884013568,0.033518277187353396,0.03408622714506589
4245.3,2993.241000065446,92.3,0.005036555277133851,0.005077964888967931,0.005190019384964765,0.005411891820968603,0.0057900102817642395,0.006363093716820519,0.00711063814631027,0.007857483201887618,0.008256678899805577,0.008143693057987369,0.007995984837314276,0.008937448303740532,0.01375616820508835,0.03612277885679769,0.15390727040401228,0.16468739358621098,0.10635904516319068,0.06583989742352415,0.04413063306412075,0.03499295610450152,0.032227567957030016,0.0324319663836925,0.03344940821781277,0.03406975117392271
4245.4,2996.7555981932824,92.3,0.005138453403581688,0.005191521966790213,0.005326668336813786,0.005580150206814183,0.005989681012789663,0.006573018468714321,0.007270360175824748,0.007868000925001055,0.008057622745920565,0.007810590307340969,0.007667911013172371,0.008698298364485718,0.013687956640577467,0.036718092101002735,0.1576053519770973,0.16527791376436177,0.10572616745156012,0.0645849976864775,0.04319361031347186,0.03438722793450506,0.03185763934973402,0.0322427621451061,0.03337985086151186,0.034050835025720025
4245.5,3000.2801549029496,92.3,0.005258033760573044,0.00532452947375359,0.005486133561620435,0.0057752754252695234,0.006218305962392549,0.00680629060274678,0.007434315914399574,0.007857036332542915,0.007828588783374462,0.007457365232156786,0.007325652972041728,0.008447187327185596,0.013632944589627941,0.03749836742530699,0.16155897354788498,0.1631613696361148,0.10348174660239948,0.06317752055983862,0.042506672277191015,0.03403628794455279,0.03166326671863688,0.03214393895315188,0.03334040337638207,0.03403683244331713
4245.6,3003.794753030786,92.3,0.0053931639608583255,0.0054751795293983725,0.005667150104654294,0.005996509345174123,0.006474728315445466,0.007059197324372371,0.007594693229761078,0.007816563478117855,0.007567071644014354,0.007085256762361087,0.006970861474324896,0.008186340865291769,0.013595529374717141,0.03844085576820649,0.16465545102091894,0.15966926457211872,0.10189380934003303,0.06291039881457348,0.0426278940919044,0.03420713898378538,0.03179137735804661,0.032212124715471024,0.033362622385050784,0.034038365533481205
4245.7,3007.319309740538,92.3,0.005544682451437282,0.0056436635680670744,0.005868608225805638,0.006240838510450834,0.0067533525029914694,0.007323601909185012,0.007744443199932962,0.007749703849260844,0.007288622222848776,0.006711321278739219,0.006612754458759924,0.007911051467596329,0.013550675547328611,0.03955723704519853,0.16796087033807075,0.15456639596855984,0.0992030166443784,0.06247311589017803,0.042918642430119974,0.03458410275818186,0.03207672417155196,0.032367428139070266,0.03341647449078671,0.03404680635164527
4245.8,3010.8339078682893,92.3,0.005943613741980559,0.005944152475875668,0.0060051917956834705,0.0062097307434742345,0.006650182700335948,0.0073768330513593865,0.008236718927550497,0.008625973858100978,0.007885912017805039,0.006468245487697391,0.005483580317409196,0.005819865757667086,0.009888692488525077,0.036563136572056155,0.21677652046070692,0.09411245899265334,0.11082433159013848,0.07295918283159152,0.031258023210419546,0.019023882586631565,0.017316288922635602,0.02060227547373788,0.026527014314148646,0.031129200655277255
4245.9,3014.348505996126,92.3,0.005777155476433617,0.005904415579799591,0.006199278960139151,0.006696626026083079,0.00738456984390675,0.008107153464593814,0.008464479053472328,0.00801534346871974,0.006875924255021227,0.005746618907888466,0.005278059222160644,0.006183516402390243,0.011238980962001537,0.040117457917048405,0.20382958543185764,0.11494875223728672,0.09114845665139011,0.06652097446242727,0.04160472195815184,0.03027073161761049,0.027201207596929185,0.02845431675986319,0.03130463125205357,0.03327359046395202
4246.0,3017.8739846870435,92.3,0.0058696884617243945,0.0060375093791799304,0.006415120712607005,0.007028876358719071,0.007824318567526752,0.008536187953907533,0.008641059933219564,0.007790937667204428,0.00640203572701807,0.005249533043202824,0.004854683984531195,0.005861164227165275,0.011250196209640075,0.04331766667761673,0.20666955168724097,0.10787680512599492,0.0877716569201727,0.06866914154031498,0.044021215882836556,0.031866594231289055,0.028282739130915304,0.029141320581828167,0.03165112294071763,0.033386410960682567
4246.1,3021.262494684098,92.3,0.006038369461509669,0.0062424037015395275,0.0066925282581338265,0.007402396712230009,0.008264354990712664,0.008895255493334215,0.008692020478823548,0.007487234824972014,0.005946562944874974,0.004816722239797024,0.004493682412759088,0.005584030338520072,0.011303804273692729,0.0471891752780993,0.20868455212596554,0.10129627712644342,0.0850148630171423,0.071539854312251,0.046716237730554444,0.03345394013959395,0.029234117572973145,0.029706139689582325,0.031892648564652806,0.03346454813667231
4246.2,3024.6410298695932,92.3,0.006197074136727366,0.006410111905694867,0.006893691572090326,0.007681194708417517,0.008668097885847801,0.009388680353940955,0.009029416340992557,0.00740560298181342,0.00549159806598366,0.004161164801156716,0.003699621876289531,0.004558825098727191,0.00999582725197917,0.05674013404668437,0.2178371404771146,0.0741740167949444,0.08172055517856891,0.10111577668930374,0.04970769899133748,0.02995536968268427,0.024725826537399468,0.02541721818730179,0.02898335024953638,0.03209585679878554
4246.3,3028.0295398666476,92.3,0.006372986682217735,0.0066227045063085395,0.007177235819190323,0.008050242450826712,0.009064180063100816,0.00961315921395929,0.008877062017894026,0.006990450618963851,0.005074053432401089,0.0038362612304628663,0.0034566700589928278,0.00437763166938244,0.010100584723336048,0.06398640425385325,0.21406993683959766,0.07179448550311586,0.07883777074644698,0.10837747976179038,0.053426396646903976,0.03176384949418678,0.025911370729770306,0.02627110129170683,0.029504833229626114,0.03230485714728938
4246.4,3031.408075052209,92.3,0.006594220074094758,0.006863967833938771,0.007451566270283366,0.008345575326012189,0.009304158822238319,0.009646511907931477,0.008641759375876124,0.006651928527370537,0.0047914973740234654,0.0036345765485982233,0.003310957382204314,0.004277033594913438,0.010275886073541369,0.0715789951904665,0.20955142554557488,0.07051975452727004,0.07769303250174521,0.11403562324953063,0.05634630303993983,0.03321429849036536,0.026884926974253143,0.026979597328017888,0.029956803173551427,0.032486703327905195
4246.5,3034.7973080037823,92.3,0.0070073099365418655,0.007274460601831574,0.007817246805648083,0.008552716849272337,0.009168855704062328,0.009095361848884518,0.007989082660998662,0.006300197201992578,0.004800935103496196,0.003902124119027405,0.003793678323286864,0.005145165580768009,0.012389066150635486,0.07081296690782685,0.20384997093553328,0.08594539155095068,0.08116884273839518,0.08558977811182368,0.058288175073645865,0.03956702643685518,0.032708128244224956,0.03172071151100397,0.032825460727621075,0.03378466604177386
4246.6,3038.1858180008367,92.3,0.007294562444234039,0.007540258679981969,0.008024759721029517,0.008644030384461257,0.009087413643761992,0.00885964738056495,0.007726046703672843,0.006122899989954476,0.004723144658870112,0.0038932125715855637,0.0038357730926095726,0.005274767340942874,0.012991977058300588,0.07803970855442718,0.20054284265479078,0.08597582210986147,0.08234377305156489,0.08637684430072871,0.05815175059468291,0.039392474986342865,0.032614758618610254,0.031685268561357796,0.03281864945970188,0.03378340048334494
4246.7,3041.564353186332,92.2,0.008197947694836909,0.008326190351267311,0.008529919957811216,0.00868022593267605,0.008564203500025585,0.007984393966209168,0.006960508036355761,0.005789196428901587,0.00483252892835341,0.0043556735174098285,0.004664331671721183,0.006785225118526742,0.016316892778337748,0.07647495476249802,0.19240260248938126,0.10707437655454162,0.0837317640505934,0.06989465821240556,0.05253921600150741,0.04066123355875097,0.03527948514132918,0.033757509951783844,0.03383646110480022,0.03413585211793712
4246.8,3044.9528631833864,92.2,0.008464588796308117,0.008543308101468642,0.008641592589568259,0.008639355840144842,0.008368688998579043,0.007705496648283717,0.006708492010020696,0.00563673871071531,0.004788438851218555,0.0044032649232534655,0.004807329625507658,0.0071214639125422585,0.01748002047039149,0.0838453199948048,0.18971825498398226,0.10691171912067027,0.08338611932686456,0.06840357172333417,0.05108249122709758,0.03975552542412186,0.03478379868035689,0.03351625434006615,0.033749750589639804,0.03409842923351424
4246.9,3048.3313983689477,92.2,0.008728752826410124,0.008745883613694305,0.008719480528702793,0.00855030642131852,0.008125897169080189,0.00739396203126442,0.006441503400543269,0.005483926940169449,0.004758516847282973,0.004481314658625259,0.005003294424057973,0.007553506388291416,0.018835864850202534,0.09087214845038685,0.1860891860753845,0.1071357830351333,0.08295522774627415,0.0667588799016858,0.04970132728736223,0.03899187566792063,0.03441116139453796,0.03335664589180145,0.03369641449812917,0.034085344905103565
4247.0,3051.720631320521,92.1,0.009344703697015035,0.009246276054899485,0.008993835080668738,0.00853465386611921,0.007847929252905476,0.006979538954266652,0.006050890835839206,0.005226292186401071,0.004666978887414146,0.004552947324071717,0.005262988506316725,0.0081799234798944,0.020819972618145346,0.10024628520633196,0.1795603408436439,0.10663900528801742,0.08264094544688451,0.06570268831281627,0.048819178775060305,0.038511489091484524,0.03418490780699523,0.0332641982320114,0.03366850302640468,0.03407786146558627
4247.1,3054.9855968639768,92.2,0.00945709808335654,0.009264183493048616,0.008874038004433751,0.008308322456250879,0.007607687503184645,0.006824117247887141,0.006020200172194969,0.005282182076840934,0.004724706288802602,0.004513700151461316,0.004993937570627079,0.007400916249220369,0.019268896344725703,0.12234775976744452,0.1684752047806141,0.09044982437984783,0.08571389008189681,0.07634862972106587,0.05032066292312693,0.0356244422322382,0.030813335690009023,0.03084521118389487,0.03249772311281424,0.033687387637162676
4247.2,3058.251128979914,92.2,0.010018993006821245,0.00965919545494792,0.008989507258048897,0.008129223353572287,0.007213783185673351,0.006351079597328515,0.005610119493504092,0.0050362664098351426,0.004688472212728446,0.004698144655769238,0.005436798878092919,0.008310639162439713,0.02167063090363167,0.12975363370337512,0.16014446094609017,0.09009746112217511,0.08467457586329108,0.07592312293508587,0.05084856140387703,0.03638440164804779,0.03138661920103514,0.031162444334326966,0.03262299763815708,0.03369988070401667
4247.3,3061.516661095681,92.2,0.010575113605021159,0.01002447164171602,0.009057062353731516,0.007913876124430546,0.0068160846922832785,0.0058996793951082635,0.005221067855931065,0.004796076615481547,0.004650555169024858,0.004897181312855316,0.005932594799768336,0.009335760952891865,0.024352258842801858,0.1363457158447729,0.15249221059316265,0.08859789110492665,0.08304431598209146,0.07558580480286133,0.05163245527460237,0.037161728095816964,0.031986334209212076,0.03155688606530761,0.032800808850341756,0.03379022424136957
4247.4,3064.792176322371,92.2,0.011855285985579545,0.010661128105996205,0.008917240546014497,0.007261890221445883,0.006006532418804342,0.005209588839340978,0.0048312961669921915,0.004812738043527731,0.00508708586517789,0.005600587923653463,0.006546014029777445,0.009292901819681496,0.02264013420475556,0.15865336843824995,0.13467339597762149,0.0732985955605504,0.09149282682117747,0.09495517501768527,0.04777364865084893,0.028884008175367407,0.024690419446163164,0.026389165119867337,0.030114288368788728,0.03273568004604402
4247.5,3068.057708438308,92.2,0.011576987136515081,0.010622547487597755,0.00908553526688026,0.007466270156169369,0.006104553292128755,0.005128084479508645,0.004543972001265794,0.00433543918356052,0.004528742543766915,0.005272034120776327,0.007066362192084801,0.011886315258537688,0.03094274026975313,0.14566924958613994,0.14176435023849748,0.08605403579689135,0.08010246011866673,0.07267347705547245,0.051162544955982256,0.03724897765290173,0.03211516692741904,0.03166943174319818,0.032879565850073525,0.033815754308573955
4247.6,3071.3232405541908,92.2,0.011894710593481765,0.010782442457175523,0.009040152974183405,0.007268855807780758,0.005834615248958572,0.004846787404725873,0.004291454313491829,0.004146832432512261,0.004457812897072055,0.005425654906016807,0.007666123560827797,0.013448229258662386,0.03508361515330242,0.14750935915417968,0.13955070818336693,0.08684360458504327,0.07773449935736505,0.06742938864505928,0.04817114271923239,0.035949454498101004,0.03146319156334713,0.03130258685270175,0.032706312189229265,0.03373230191519881
4247.7,3074.5882060976464,92.2,0.012140541629163297,0.010884621530268776,0.00896758168258042,0.007079431817042851,0.0055996769560867545,0.00461474224046586,0.004090437916002693,0.00400267877585667,0.004417963782815127,0.005596887564604859,0.0082918555843473,0.015096436559286087,0.03942374359577839,0.14972253042960526,0.13817512700653717,0.08798853408339423,0.0761151000562304,0.06290794627844605,0.04489574865082252,0.034094692140959865,0.03034912371052736,0.030640337780759457,0.032372152863912665,0.033591627775117205
4247.8,3077.8537382135837,92.2,0.01234564343987981,0.010948642590406406,0.008872018960772355,0.006890420540902836,0.00538513699268836,0.00441495054664591,0.00392733756477783,0.0038977476126867117,0.004415997363213799,0.00580903805449707,0.008970701902217151,0.016796273532883352,0.04372903518997592,0.1522231832406848,0.13793302118087197,0.08930067922859765,0.07465210005535856,0.058670275333638076,0.04148846942589445,0.03192879434982728,0.028924896901902305,0.02972887042868304,0.0319070501202208,0.03337915066645983
4247.9,3081.1292534402737,92.2,0.012485658497042562,0.010969098205438893,0.008765357851541294,0.006717356885071538,0.005201590357810062,0.004251439100937184,0.003799788182595206,0.003824847389783128,0.004442699474991807,0.006051322732087597,0.009696672566182007,0.01856059489691655,0.04807326015953525,0.154626909601273,0.13711399542838368,0.09060020297931962,0.07445283138447878,0.056418048048044143,0.03935626255742423,0.030419084748975832,0.027867433293279505,0.029025577515580516,0.031529810179361115,0.03320081679317521
4248.0,3084.3947855561564,92.2,0.011641263005433696,0.010506060205560932,0.008723829595537773,0.006918594943412869,0.005466559664737346,0.004478180214788528,0.003944751830468085,0.0038700042918643164,0.004383258044359583,0.005944865934349648,0.00995458218593067,0.02088412454748137,0.05528345218355181,0.14636620309230294,0.1417933058116874,0.09761508451445035,0.07254404917797118,0.05395543830569743,0.04095888608032827,0.03414777664403166,0.0318252943965804,0.032069660084944815,0.033176884893725875,0.03389962162785716
4248.1,3087.599844057899,92.2,0.011632371037985888,0.010460488050364768,0.00863958442374942,0.006818049475731388,0.005372169059559535,0.004403202422661866,0.003897744210233392,0.003864585413310045,0.00445515040262315,0.006197263412247622,0.010685669509211874,0.022858973112213944,0.05993808216616324,0.1485246950997065,0.14000171239543058,0.09867745876799337,0.07469106789132683,0.055503153395255994,0.04173433110879653,0.03451389080633131,0.03200304665996385,0.03216213244084191,0.03321180424974216,0.03391155109094577
4248.2,3090.8049025598107,92.1,0.01193122046561381,0.010651454983094825,0.008698155991009784,0.006785444906462246,0.005298796556078879,0.004323199793230536,0.0038316642341310655,0.003832294662445145,0.004499485561374922,0.006447591983806833,0.011547336531675832,0.025386278560072886,0.06559135095948294,0.1493756831206304,0.13817668197086685,0.10039820538446943,0.07760105856079925,0.057716941967272686,0.04300719030804904,0.03523832919134541,0.0324383941545504,0.03240511628428883,0.03331331159696854,0.03394497748311158
4248.3,3094.0099610615534,92.1,0.01178779543059602,0.010533544429119197,0.008615819812511387,0.006735155460968334,0.005273527633778633,0.004318818532437532,0.0038498847994397874,0.0038852791130126484,0.004624769673337567,0.006758268224624265,0.012387318738639918,0.02762833770553624,0.07035351840245924,0.14977867442865095,0.1364912702960659,0.10182026584972356,0.08027143751893019,0.05978166954062451,0.04420180564922929,0.03594690718139423,0.03289590104056827,0.03268312208522335,0.033447425721767586,0.034001338204813256
4248.4,3097.215019563296,92.1,0.011607496888966097,0.010395137721219241,0.008533634922780241,0.006699972690419113,0.005271235339461009,0.004340992692546051,0.003897080690084659,0.003971086763113589,0.0047913705126514244,0.007129374077429323,0.013327270407004968,0.03000754611725264,0.07507045190824721,0.14985137601713372,0.13488674303244666,0.10285187646050471,0.08217135051854428,0.06103853121837604,0.0448106422050911,0.0362769849895174,0.033115268179583685,0.032824414524686804,0.03352262273467806,0.03403499414147248
4248.5,3100.4300623313998,92.1,0.011367995820827894,0.010222361660701779,0.008448405551273576,0.006684464268664423,0.005300406171407045,0.004399695106179954,0.00398358011779069,0.004099989803046705,0.00500836395639248,0.007562833320198949,0.014334394635039958,0.03239488722000001,0.07962839157316208,0.1501307047544985,0.13339859173862642,0.1024614557809542,0.08153833191176231,0.06024661136135891,0.04429418083009834,0.0360301526635302,0.03302757910357744,0.032813271578104965,0.03353313860713052,0.03404481058257191
4248.6,3103.6351208331425,92.0,0.011434098267717609,0.010281402849723408,0.008499966877864081,0.006732884445723624,0.005352169128530343,0.004462558638407353,0.004069518034778494,0.004233985435733808,0.005252314944985355,0.008087730538371042,0.015609217738471943,0.035370063947644845,0.08486847090496089,0.14995238514355969,0.13105554493394314,0.10073826322311209,0.0792869597390355,0.05833028877915844,0.043184335918854136,0.03545186330532515,0.03273950202882906,0.0326826133311836,0.03349042534476946,0.03402884590766717
4248.7,3106.8401793348853,92.0,0.011042499431672183,0.010010025158415125,0.008388361068111826,0.006749383983544607,0.005449168916157815,0.00460996977233058,0.004261305170708556,0.0044897613347711085,0.005631300190974316,0.008731232996431415,0.01680564942742118,0.037611074207372704,0.08891790107362307,0.15013304357253612,0.1288143589808409,0.09848213409281759,0.07646198536473844,0.055953834045618274,0.041746344064753575,0.034677725454091694,0.032349054906797604,0.032519011335352795,0.033440726328867,0.03402476624746151
4248.8,3110.045237836797,92.0,0.010164604788309285,0.009450615897631102,0.008248021157418269,0.006928685740959259,0.005800019320858836,0.005030114723587592,0.004707857778357144,0.004962447463815145,0.006157515538674884,0.009365894252892498,0.017734255176033636,0.039848670026618925,0.09270212931134134,0.14720198314713337,0.12864093476258553,0.09700345661058339,0.0728158350046899,0.054042686692291564,0.041997733934481335,0.03587331641155773,0.033604192174416944,0.03339755812587607,0.03384743217682924,0.034159402716382
4248.9,3113.249750280161,92.0,0.010698001691969014,0.009697952276858624,0.00816262337135655,0.006651651210701905,0.005502826359997305,0.004828244827234866,0.0046708087543838985,0.0051700173289978245,0.006772409111825612,0.01064745901294157,0.01950880450514258,0.040940124093032396,0.09956145767053914,0.15329540372891218,0.11835429245440622,0.09197356487655907,0.07420122133732478,0.05384759077275377,0.03946390398443466,0.032252782724763444,0.029879803262671728,0.030478758077689638,0.032356099999733115,0.03362945480738402
4249.0,3116.4548087820203,91.9,0.010626246975942649,0.009686212292009475,0.008234656598516372,0.006795897025398043,0.005700623609488554,0.0050744795808146705,0.004981771146116114,0.005591285742481037,0.007391737880190081,0.011589977206062054,0.02092551233777295,0.04390863042038993,0.1065968010560587,0.15098677348589226,0.11576205383366626,0.09150239581873704,0.07344705162611204,0.052875173351085214,0.03880424873414677,0.031852645221950804,0.029637635029583893,0.030352123228653865,0.03230606185144063,0.033615024039415214
4249.1,3119.662362366855,91.8,0.010510535170062228,0.00964724520000051,0.008304322190451494,0.006961394206124387,0.005938205463950358,0.005375510516914463,0.005362249547269433,0.0060974124974291725,0.008100157906373024,0.0125691864792561,0.02226489524017858,0.04698303302032851,0.11393228233566874,0.14832699283174516,0.11309026628203023,0.09109548824107587,0.07319816031057326,0.05247038692856785,0.038518452665670944,0.031686400736029664,0.029552013840341076,0.030329135529710855,0.03230395842365414,0.03362214327798985
4249.2,3122.869915951754,91.7,0.01043386059878137,0.009644466172906879,0.008408963129654636,0.007164828822733901,0.006220048740995685,0.005729641979360791,0.0058069223955848695,0.006678685080662641,0.008881109633460418,0.013579933444631405,0.023654046866040352,0.0506070577858871,0.1214332786910584,0.14445969121308863,0.1110015099128224,0.09243818116986449,0.07474548262905092,0.053061564615341596,0.03869171511321106,0.031759830265976806,0.0296159373166383,0.0304078591902307,0.032357938001642675,0.03365852708093866
4249.3,3126.0774695367054,91.6,0.010383511819737623,0.009671536834317056,0.00854891801758285,0.00741306243075809,0.006558734873044218,0.006153088120186126,0.006333711869467154,0.007348887719214718,0.00973210904258865,0.01460265239413439,0.02512023521042901,0.05494983338242051,0.12859022290271988,0.139617141972144,0.10924002208440861,0.09509757342218056,0.07776212212616018,0.05451042361740389,0.039273975550537514,0.03203691671450482,0.029771212585285017,0.03054090355205869,0.03243862082968629,0.03365143414919664
4249.4,3129.2850231215402,91.5,0.010346313960565963,0.009719674983523835,0.008726692027291635,0.007718539965524879,0.006973058075123034,0.006668638899497037,0.006963383186872341,0.008115730446686302,0.010630614003556138,0.015595461373409208,0.026673619374997463,0.06009707408412782,0.1344202635416125,0.13407009349730123,0.10764609816988438,0.09805622711934418,0.08082923774954762,0.0558296249715275,0.03978534826651309,0.03229374527031991,0.02995361929643978,0.03068856384929323,0.032528760014804335,0.03369071468895797
4249.5,3132.4925767064915,91.4,0.010332415863096597,0.009796256531276422,0.00894505170204468,0.00808337292397549,0.007468376270049964,0.0072849834154437056,0.007703981964031312,0.008975974683904793,0.011556508441724239,0.016557007123540066,0.02838303200784996,0.0661325688202075,0.13816802218966145,0.12848516474184984,0.10626876503853966,0.10103693576672379,0.08402557564892303,0.05735994683338088,0.04048717561957591,0.03270843687499521,0.030267369512263463,0.03093056923781144,0.03266038268573175,0.0337449334936298
4249.6,3135.7001302913905,91.2,0.010785907893637293,0.010261396904309618,0.009435679648103915,0.008611907078152885,0.00804914514747365,0.007935920816742789,0.008445829591759615,0.009819120535936447,0.012496938455884373,0.017750906448066647,0.03099694872796155,0.07428522621185848,0.13912795905384817,0.12350089717870126,0.10613974157903878,0.1041487168906407,0.08628911785182915,0.05830349041119883,0.04098282063299966,0.03306316582272847,0.0305973450185412,0.03117677444352129,0.03279176255868644,0.033792882818361784
4249.7,3138.9076838762253,91.0,0.011359392943639338,0.010837054789477593,0.010023855761508178,0.009226900807038352,0.008707229961806187,0.008657483543608577,0.009248283872588773,0.01070406901729982,0.013481250761595773,0.01912241383084631,0.034272516235963696,0.08325333502326702,0.1365910056657719,0.11955367313724838,0.10734480087440978,0.10698927611504845,0.0869933833452651,0.05820731774525172,0.040970859999246885,0.03320319255264933,0.030803389677466316,0.0313929691563678,0.03292239863324362,0.03384288090591294
4249.8,3142.1152374611765,90.8,0.010273373323270078,0.010253781593876759,0.01024330202279202,0.010298698909711076,0.010516565668369006,0.01105291181277277,0.012164201084411172,0.014297597949203362,0.01827881215999679,0.0256468046011231,0.038992678884993325,0.06133812203051063,0.09005168216383053,0.11097053278592127,0.11284554394106126,0.09956891555410241,0.08043159627098205,0.06246127970427822,0.04901087922921229,0.04084615710729426,0.03678878716030658,0.035074526406219234,0.03446741638185217,0.034314512024917795
4249.9,3145.3227910460755,90.6,0.011132605600423713,0.0111139009314457,0.011109681641374356,0.011184046560847682,0.011444586983809617,0.012063381222298565,0.013320453520749141,0.015696531883727462,0.0200556295674629,0.027936640411410002,0.04175188295526223,0.06389186038340872,0.09089580077336164,0.10982965802369253,0.11111329933006904,0.09813140683267152,0.07943632781831575,0.061793764895170335,0.048541717930515836,0.04053142348314934,0.03661181989049144,0.034992004047450724,0.03443503168542703,0.034299629762798316
4250.0,3148.5296742682135,90.3,0.01242102974259133,0.012385081024637846,0.012352367448109698,0.012399826613708139,0.012654816620949985,0.013315943913361954,0.014697634643093082,0.017324626261198066,0.02210658577704949,0.03057785462336831,0.0449746290001392,0.06702166524982729,0.09251140774869548,0.10954721357003212,0.10995649922228773,0.09690826535859667,0.07846435224377091,0.06114060930828656,0.048173380507848224,0.040363585368882716,0.03654688420780115,0.034970071653905345,0.034428393020552464,0.03429695970915514
4250.1,3151.8025476235516,89.9,0.014019543297280697,0.013952507145302476,0.01386663319962212,0.013858156720802888,0.014082515655897375,0.01477288238675103,0.016284101874310057,0.019186379333635647,0.024424471103011134,0.03349473516516919,0.04842717320251952,0.07025288872875884,0.09422909294272332,0.10951506430811647,0.10908650406466043,0.09593034137776414,0.07769642507623606,0.06065275046925013,0.047925005604851564,0.04026821267304992,0.036519251090807295,0.03496471924922038,0.03442809237403881,0.03429694574062418
4250.2,3155.064586862988,89.5,0.01631340818219293,0.016313716257223033,0.01631591830155481,0.016321301725064213,0.016333306332594544,0.0163555079209709,0.016392588640090373,0.016551406239348025,0.019810519334032776,0.04211753549528646,0.07742283607041339,0.08414711658722673,0.08476492843398584,0.08518972372227998,0.08545770115981462,0.08557214382858652,0.08556606138682547,0.08549771785786621,0.08545725506138353,0.08543170010963128,0.08544324333717886,0.08547000179033507,0.08547025377228643,0.08548203519902332
4250.3,3158.336589307891,89.0,0.018644015405256877,0.018641933507444797,0.018640462693763633,0.01864159144944962,0.01864999245732744,0.018671660407200415,0.018713213740137756,0.018938188387211514,0.023234150211629487,0.04836031482104366,0.07964423248552038,0.08441935640590915,0.08500764052298185,0.085424487829105,0.08570266836193108,0.08582519477460078,0.0858334679936458,0.08576985568680626,0.08573397808026785,0.08571344932502335,0.08574096978046725,0.08577903711354253,0.08579651377425729,0.08580246679249602
4250.4,3161.5995021170265,88.6,0.021592994660763042,0.021294171708578155,0.020762014939390474,0.02024244128351592,0.020016995680232696,0.020328714616022227,0.02158921841160958,0.02486170336964692,0.032239296832833234,0.045854824314069384,0.06465721201586924,0.08360752857515087,0.09888696243396787,0.1090161338873827,0.11345967936208314,0.11321752931836256,0.11048212311585945,0.10742745628467097,0.10527937251893615,0.10427194432470153,0.1039971532800382,0.10391965598055164,0.10380704547474232,0.10372139435051903
4250.5,3164.871504562045,88.2,0.023953794448774893,0.02386488107003378,0.02368705087896129,0.023485481748143508,0.023348062734136896,0.023323514679237003,0.023458605454187105,0.02422089904429047,0.03100310388064661,0.05685051390007634,0.08330487105637985,0.09052457515079436,0.09353090434354473,0.09574001412414172,0.09713513301792341,0.09770805889014841,0.09766450197172027,0.09732931355687463,0.09699508101476996,0.0968035612572365,0.09675785635004994,0.09675272400561345,0.09675383046549123,0.09676016950539125
4250.6,3168.1335438014817,87.9,0.029496159407904468,0.0285923126557981,0.02716699263974879,0.025809669756368652,0.025113544266413018,0.02559730048692798,0.0277638408462856,0.03218128579282443,0.03953505408882318,0.050728611993024836,0.06623989153344542,0.08442456192305041,0.10108308702718616,0.11068362207151382,0.10956063645610849,0.09904801034746774,0.08381911932145918,0.06819661320494032,0.05459276835488849,0.044227241682338006,0.03807181442813525,0.035458812570085006,0.03456218603980529,0.0343367304729324
4250.7,3171.4055462465003,87.7,0.03302088462052162,0.032076253334506095,0.030608515165248668,0.029248430965500106,0.028613154318593622,0.029216531788986505,0.03151050491066944,0.035946975450092525,0.043080884876757035,0.053589885532556766,0.06765450137551324,0.08372271923135309,0.09843919861759781,0.10725449809755938,0.1068448139214065,0.097854571634258,0.08406019253778288,0.0693619363791427,0.05609417946534193,0.04543754196490813,0.038534167768543376,0.03555466714569376,0.03456995453096263,0.03433215475884703
4250.8,3174.668459055636,87.5,0.03776498805801199,0.03665105912219087,0.03472255598195883,0.03310165874722123,0.032447078357958244,0.032982555820155045,0.03511071636053838,0.03949314475230142,0.046778488724188196,0.05731270137353842,0.07038421314237554,0.08406060167611255,0.09631272470343102,0.10505096907822521,0.10877996688672886,0.10766505832696005,0.10352637427373228,0.09864419010816965,0.09445859000461769,0.0912583005959782,0.08861632198534351,0.08602689200370232,0.08340015546726712,0.08152723909659182
4250.9,3177.9404615006547,87.4,0.0462087036296445,0.04476416179102258,0.038645551267911825,0.03484403709221198,0.034321791021981726,0.03430674827074304,0.03438340661285997,0.034878130189964954,0.04194272849670756,0.06985502234761906,0.09343499688282406,0.09695213352807126,0.09776282345269707,0.09835193923434375,0.09864938345259881,0.09860818402870755,0.09830744244485645,0.09793265828915301,0.09766217465727782,0.09755313482658647,0.09754391902664258,0.09754999868029492,0.09754303374917499,0.09753698107918907
4251.0,3181.2124639456733,87.3,0.04679513871008137,0.04567639008125598,0.04355597745842676,0.04194491736089788,0.041405786901603785,0.041870556788230144,0.0436134853484225,0.047254826241937546,0.053459272158829965,0.06229506709011828,0.07255574407245995,0.08267471596228708,0.09163039418874597,0.09846283462215777,0.1023705918838623,0.10318406862265629,0.10171463000178632,0.0994567435013494,0.0976492054812128,0.0967206516247494,0.0964337633765544,0.09636093074508038,0.09627747503341308,0.09620963353499119
4251.1,3184.581751704149,87.2,0.05258168136763997,0.05135749467478933,0.04820283115167997,0.04624063583963723,0.04583928859172512,0.04609454950512256,0.04711149246173915,0.04982966961459349,0.05594522533373474,0.06575407303381006,0.07597059786700086,0.083945993984477,0.08981261626005091,0.09398774399597627,0.09649582811409665,0.09732300003902714,0.09680064560886084,0.09568225178622344,0.09470559482311905,0.09419436822349539,0.09406161973341672,0.09406949296081159,0.09407112923015849,0.09405902154334622
4251.2,3187.96098238585,87.2,0.05329970284938215,0.053221930076387904,0.05309314748549325,0.05298268786845657,0.052947246283863846,0.05302364416184235,0.0532669430512094,0.054113856415862964,0.05836387611421556,0.06872132751522195,0.0770858875554645,0.07996804763048745,0.08128200109529019,0.08223081964060755,0.08288362576600089,0.08322571444481308,0.08329304680815257,0.0831900853041422,0.08304503911680647,0.08294390049994438,0.08290518394054316,0.08290077685796204,0.08290470485453194,0.0829045903967307
4251.3,3191.3412930225772,87.1,0.059554795493930064,0.0591192404271203,0.05831061703210629,0.05756486535744808,0.05720841599194932,0.05733604649459081,0.058095555026308324,0.0598245537210769,0.06291605474986885,0.06735756396132436,0.0725339820363869,0.07772365386210517,0.08239162956564129,0.08613144553150655,0.08864639491327196,0.08978944386188818,0.08973176184008534,0.08901592311799111,0.08825133135721672,0.08777373574325613,0.08759242343423551,0.08753610281726076,0.08749775733243861,0.08746818577432304
4251.4,3194.720523704179,87.1,0.06363216573444569,0.06351675272262793,0.06332459946497428,0.06314603212692528,0.06307609506308072,0.06320714417891991,0.06367911876535673,0.06470659116256913,0.06645109196815607,0.06879495959750356,0.07137033365724432,0.07382962430490299,0.07596667562693571,0.07767099711402045,0.07889002752940288,0.07959547973762116,0.07982689262429159,0.0797258777420606,0.07949771448983471,0.07929475795471787,0.07914192291031429,0.07909860553182264,0.07908673360779286,0.07908050020411575
4251.5,3198.09975438588,87.1,0.08229511520148483,0.0779381937954822,0.07149103802869784,0.06498008918119783,0.0595737730073203,0.05589590238507724,0.05449741267671509,0.05606880951401655,0.06125980537142399,0.06997077457486207,0.08066379392459293,0.09145867652649903,0.10170602356558449,0.10941892564789892,0.10677159109281463,0.08842762050459249,0.06560486295617567,0.04933784565692851,0.04048306559097059,0.03623360038153134,0.03458791443894133,0.03421375689168031,0.03424459971001995,0.03429277909415804
4251.6,3201.4789850675807,87.1,0.08660432430834102,0.08319199090004797,0.07743102076043176,0.07063287667481706,0.0640814541321095,0.058999946653776586,0.05649413732726302,0.057482345959478404,0.0625327793465802,0.07125038125470487,0.08157989013063872,0.09148747830749382,0.10135382190896627,0.11028764485883746,0.1086627666047288,0.08808301789794855,0.06301005378910941,0.04648798520318937,0.03825959116679166,0.034756283445860826,0.03376967824614546,0.03385980988075054,0.034130331321199435,0.034254795519688415
4251.7,3204.8582157491824,87.1,0.08990131109132668,0.0875773126423067,0.08273230681292128,0.07589288194375993,0.0684985621452311,0.06240897306356157,0.05915268878863061,0.059661966346173635,0.0642857102970461,0.07239808286010414,0.08195844281888036,0.0912014381756595,0.10066715379695611,0.10943033795319156,0.10778410999998021,0.08731564140652404,0.06244561869048616,0.046139664926962504,0.03807412301432957,0.03467508332879288,0.03374686929854308,0.033859281721690344,0.03413144169199118,0.03425377581099355
4251.8,3208.227503507758,87.1,0.09309721442281631,0.09147103193210943,0.08724940176990337,0.0804322183944844,0.07255332798025868,0.06586843952585647,0.06212504152040098,0.06219544027706492,0.06623991571356042,0.07352980979190255,0.08227551226962132,0.09104145322392462,0.10011810454168417,0.10807737964786601,0.10571157294469515,0.08599974836909631,0.062228034582913656,0.04636157181785478,0.0383532603435843,0.03489859734425791,0.0338832056133882,0.033918590782247904,0.03414919947407059,0.03425584810596626
4251.9,3211.6067341894586,87.2,0.09007457655471601,0.0920413984051844,0.09180623738261078,0.08647661131651571,0.07767342184014492,0.06953842265087114,0.06479491329865839,0.06422627042489812,0.06766350733053425,0.07432188849524064,0.0826618831604919,0.0912129926784815,0.09970861125790645,0.10630171704989143,0.1030207280573377,0.08476684333308893,0.06275768750922216,0.04747551026334946,0.039369555248329684,0.03562059879154547,0.03429736225599573,0.03409625478662971,0.034201492164891226,0.03426814186387451
4252.0,3214.985964871176,87.2,0.09281270127968536,0.09512612155527138,0.09526818112829849,0.0900380430810566,0.08106249960980268,0.07267236384375832,0.06766672297909036,0.06677997154056547,0.0697722003964815,0.07586163721483412,0.08366128485832121,0.09188299266910899,0.10012307914226914,0.10612002728619678,0.10197344771757645,0.08358256715754392,0.062081857263524144,0.04724160137765597,0.03932330382943331,0.03563965509070547,0.03432584561995078,0.03411375690425042,0.03420728293142789,0.03426880080334366
4252.1,3218.4812903209363,87.2,0.09646919903085001,0.09849839844757823,0.09826980793454979,0.09285823407625622,0.0838968265751537,0.07552058563905902,0.0704257179843957,0.0693309223340054,0.0719892334008263,0.07764870566406158,0.08508362617151446,0.0932432138573175,0.10167742864136468,0.1076223973752173,0.102643208972999,0.08332134423802005,0.06159276516748919,0.04690243118138986,0.03912516292760527,0.03554022829045247,0.03428564280777819,0.03410219701739874,0.03420449730308887,0.034266872050451855
4252.2,3221.9666884330145,87.3,0.09362388646137769,0.09836655663120683,0.10152604379239505,0.09749930218409694,0.08784342812864361,0.07843921746591315,0.07273227715770662,0.07129086081848414,0.07364847543030607,0.0791111027704135,0.08662048894144793,0.09511455204194058,0.10383050643871927,0.10950318680995352,0.10382437972573544,0.08443096119265485,0.0629788838937412,0.04825319193262083,0.040199425807526785,0.036283486698911994,0.034720264674687,0.034305708325130496,0.034273807685547004,0.03429033188605158
4252.3,3225.4520865450927,87.3,0.09702965336047634,0.10140101919095819,0.10395728438816089,0.09955509459100555,0.08991294184818827,0.08064813653298586,0.07502420668396602,0.07357670014020658,0.07586010377832986,0.08120932392368058,0.08871390539366482,0.09753350202962906,0.10684291434307712,0.1126622564024664,0.10572289808885624,0.08462419140914587,0.062449585388804754,0.04774650385550091,0.03984325533893111,0.03607231647769557,0.034615633857506746,0.03426375973155877,0.034262113424418816,0.034284966619282084
4252.4,3228.9474119950805,87.4,0.09135712319991288,0.09134327486581184,0.09124225598355017,0.09099280454066389,0.09057072264209128,0.08998452938077901,0.08924057804513513,0.08831561070220673,0.08716204079408722,0.08571706799239995,0.0839011495072075,0.08162318894725412,0.07879344512252943,0.07533779299584714,0.07121345317368456,0.06642309173581228,0.06102417769624092,0.055129242925223476,0.04890263529549662,0.04258047643337331,0.03662545138356513,0.03445799154169908,0.03423982394488617,0.034224324446703834
4252.5,3232.4328101071587,87.4,0.0926051934857445,0.09258747329803813,0.092485017884351,0.092241109356482,0.09183082638965198,0.09125630034566773,0.09051592088068196,0.0895810137271002,0.08840132175311192,0.08691294379536588,0.0850374240893768,0.08268699375247902,0.0797767320881195,0.07623804013743042,0.07203319893610963,0.06716791269374779,0.06169956724304882,0.05573821806886819,0.04944526557061925,0.04305384335994472,0.03701433323724853,0.03450134588245527,0.034243251528338216,0.03422458887407095
4252.6,3235.928135556919,87.4,0.09377709112669236,0.09375593564492046,0.09365159041176405,0.09341101558330302,0.09300896221656857,0.09244287959781783,0.09170515582839991,0.0907628265634721,0.08956298525250746,0.08803982581988981,0.08611429713121975,0.08369956560152537,0.0807128173065104,0.07708848561752622,0.07279231029528493,0.0678329927185328,0.06226977556690691,0.05621363052681661,0.04982704698118234,0.04334516417281437,0.037219762333702354,0.03452892210669704,0.03424574919024341,0.034224811592171486
4252.7,3239.4135336691133,87.5,0.09952177322444031,0.0996505175733135,0.09959517072799627,0.09914404477272976,0.09831693268324687,0.09730902958656176,0.09628052870579978,0.0952275323307703,0.09401481380189415,0.09240251596914201,0.0900358781953708,0.08650701527170607,0.08147760146201215,0.07482193262732975,0.06675213874705634,0.0578620365218201,0.049060722370378944,0.04151097033620394,0.036714441799761036,0.034876744154990744,0.03435392758696157,0.03423981520007792,0.0342235704772768,0.03422324482758567
4252.8,3242.908859118874,87.5,0.09634852795248748,0.0963350137432437,0.0962396130418018,0.09600402664697273,0.09560072965096716,0.09502663264858915,0.09427141392091123,0.0932960688824552,0.09203870426908904,0.09042144705518533,0.08835057594926697,0.08572581349274405,0.08245539634261075,0.07847195540916171,0.07374884138312324,0.06831424762514116,0.062259061380770475,0.05573561689388866,0.04895684907296347,0.04223137406923935,0.03620618598066602,0.03444182397740841,0.03424083969651107,0.034224575467117824
4252.9,3246.394257230952,87.5,0.09940838492799843,0.10464798297410562,0.10902388831332889,0.10682599289860421,0.09896279867774475,0.09084613656834858,0.08588756883311156,0.0847130341876158,0.08702376301231164,0.09246935458273858,0.10049135002327261,0.11043695343227142,0.12077335460025915,0.12551740190150346,0.11476426774015867,0.09052120926988892,0.06689865413030746,0.05122085608425638,0.0424053655834682,0.037814299565803594,0.03564804771588488,0.0347611963332865,0.03444202042260593,0.0343492808547923
4253.0,3249.8883951789912,87.5,0.10065441457568455,0.10524689089100463,0.1089684709114153,0.10674353030919664,0.0992437390784103,0.09140020182930447,0.08661904519304364,0.08569436805185932,0.0883428078270916,0.0940384306040828,0.10213068299278652,0.11225277020503531,0.12334143218129802,0.12878212542997913,0.11615130856492314,0.08843174566155794,0.06327732735053157,0.04792587996285838,0.03997086599845621,0.036229395405436834,0.0347581173088045,0.03434216287518216,0.0342782582660241,0.034274963077603124
4253.1,3253.4246361209816,87.6,0.09804853274583829,0.10314981901061493,0.10792870129777773,0.10691228711266022,0.10026838000820758,0.09283594969436595,0.08814089703524366,0.08710836827615465,0.08963950961995722,0.09538155866375078,0.10357419439923192,0.11331262927698914,0.12285761142700125,0.12618331029559005,0.11409232463574975,0.08948909047077014,0.06615633018387954,0.05085006296938398,0.04224266401039992,0.037745891896390237,0.035619945969555034,0.03474829608046762,0.034434352427435214,0.034343255211779555
4253.2,3256.9596750175147,87.5,0.10701783868525093,0.10720717409595701,0.10677769579623732,0.10423343838321386,0.09906999009928694,0.09302380616993018,0.08875825967983822,0.0879466693621718,0.0908681950922975,0.09687236964741992,0.10515394690070202,0.11557608073595567,0.12725261775023958,0.13201646775012382,0.11452273536467406,0.08211014345019238,0.056691071364342996,0.04316502605758245,0.03692126462887452,0.034483086416037693,0.033917965623866585,0.03402741812291275,0.03419211738103554,0.034250947324325334
4253.3,3260.4947139140477,87.5,0.10918563278516992,0.10766761384940109,0.10589152892715757,0.1033565475442018,0.09900357863261926,0.09348709258103459,0.08929431857872404,0.08853715553034498,0.09175148660720135,0.0982120580783181,0.10696156543375997,0.11780757491502758,0.12965408076926163,0.13323895502503166,0.11267029930274047,0.07871164801862204,0.053944023832894324,0.04143269138498464,0.03589423894191814,0.033935157836729776,0.033680542954573574,0.03395502603766782,0.03418094051091998,0.034252348625821064
4253.4,3264.0396821790773,87.4,0.11640116020064294,0.11072333484245557,0.10460902493505787,0.10019111085993868,0.09698632071295175,0.09407214860497616,0.091916939804032,0.09194638746901061,0.09498195686973487,0.10097198606784208,0.10945837849710642,0.11912575350751993,0.12650639905408584,0.12486307412453578,0.1086688401906166,0.08415856400665829,0.06287590121279957,0.049222556315476056,0.04148019041049178,0.03740995637076991,0.03549605295615642,0.03472305506454412,0.034443771322654214,0.03435774893043419
4253.5,3267.5747210756103,87.4,0.11763908644845683,0.11153420017733759,0.10488553775609155,0.10000919901976901,0.09653550869121329,0.09362480437247286,0.091734110627208,0.09220717381996785,0.09579852162617296,0.10239848504633238,0.11147846084732735,0.1215578933694998,0.12886622874494047,0.12648109487997458,0.10936840525645979,0.08444070405197826,0.06309690428427531,0.04942246134682855,0.0416500460012195,0.03754234425768659,0.035586830532611136,0.03477635845388882,0.034470636737036583,0.03437282471262961
4253.6,3271.1097599721434,87.3,0.1221559506106946,0.11396994457600426,0.1052343903443295,0.09916410059713902,0.09553529598784422,0.09325554422648161,0.09228421074992696,0.09355568330130029,0.09762907885520716,0.10436248859745419,0.11331083510831814,0.12289723910131885,0.12920172920179956,0.12626872289109825,0.11061335141445813,0.0879013261564503,0.06740090368040123,0.053239047802324205,0.0446092906228398,0.039649800918438144,0.036940527272618325,0.035545134859359034,0.034862365964498356,0.0346051269330415
4253.7,3274.6547282372835,87.3,0.12325489320320196,0.11514544720192849,0.1061188737129818,0.09939281770089416,0.09501850107275474,0.0922875432609049,0.09134676910909795,0.09304392054294094,0.0977781418006043,0.10528502651552281,0.11499246249322889,0.12529578897255383,0.13227653584370497,0.12959495320732312,0.11322491453040412,0.08929441920639708,0.06787932149220273,0.053244038504856046,0.04444592226214572,0.039455858484803825,0.03677869414794858,0.03542916794279725,0.034788763314863067,0.03455265687704447
4253.8,3278.1897671338165,87.2,0.10688475069702043,0.10659369326920377,0.10610579209564514,0.10554367532227077,0.10501580912958118,0.10458843655472859,0.10427247162590457,0.10400568207773572,0.1036421940516725,0.10296731293537222,0.10169871933522645,0.09948333083394419,0.09596844134479385,0.09091966015766098,0.08430775467939841,0.07634745729977185,0.067465149643498,0.05819549797048585,0.04910271388177518,0.040887573179017575,0.03551991250155666,0.03439758917125414,0.03424058704387957,0.03422505492007245
4253.9,3281.724806030234,87.2,0.10627668415191885,0.10611338892579397,0.10580841847343954,0.10540685102150102,0.1049607985911056,0.10450529095964288,0.10403442782930926,0.10348594887202237,0.10274294300564828,0.10164816126544071,0.10000815517930556,0.09759688513576928,0.0941953130708498,0.08965205997353062,0.0839279625035752,0.0771207165707112,0.06945899794431458,0.06125810741276897,0.052873328674514886,0.044715067385851244,0.03746660752866927,0.03461233432410443,0.03425749007075141,0.03422624008478358
4254.0,3285.2610469722244,87.1,0.1089100032216394,0.10830985143768489,0.10728608026305518,0.10612294105221264,0.10511529622148563,0.10448600490911239,0.10434775075601121,0.104680070305397,0.10532983043337951,0.1060403605206448,0.10642562337087952,0.10591636249604326,0.10385887715161218,0.09973348398494705,0.09334225510337231,0.08492810485611921,0.07512260242669572,0.06469260769414453,0.05432192286066772,0.04465407955660217,0.03698564321705101,0.03470081726063825,0.03428696856176385,0.03423240858358467
4254.1,3288.7904945210835,87.1,0.11033235214037622,0.10949976376354947,0.10806964446237435,0.10645893496812975,0.1050878029835261,0.10424915050478215,0.10408967594789693,0.10460851890275796,0.10566689419815518,0.10702726343785025,0.1083145715388301,0.10892260463472028,0.10810418660387389,0.10521463553555721,0.09992441955542977,0.09238986722671376,0.08322905059627085,0.07320825207901478,0.06293994878479028,0.05285892216066135,0.0434597397751974,0.036418363739984326,0.034585861082618435,0.034288617922465195
4254.2,3292.3199420699425,87.1,0.11233796790057363,0.11112252384966248,0.10898490139130794,0.10662715764316656,0.10470229208519911,0.10356456363303494,0.10336281048954155,0.10410319603406247,0.10565592187482781,0.10779718502222482,0.11015559159667057,0.11206807652312113,0.11266688499752,0.1111615914551137,0.10708716540489252,0.10054050514226388,0.09219575704917127,0.08288729660517537,0.07318817394420096,0.06337034572098288,0.053630336563664276,0.04432224500404422,0.03673527368251578,0.03480443475987937
4254.3,3295.8493896188015,87.1,0.1122916868210042,0.11124391187360681,0.10938041704456176,0.10728517183584309,0.1055390180244387,0.10447022702346699,0.10422270213540626,0.10482193506896444,0.10620376904832976,0.10827159986147576,0.11086118462763975,0.11361840986381633,0.11604720668142658,0.11768202073768197,0.1182028289675992,0.11759334167552418,0.11624142622117768,0.11470439909392177,0.11333589346720707,0.11217365422509448,0.11110025680673034,0.11004115138664326,0.10909081041437342,0.10854510658666089
4254.4,3299.3699577547586,87.1,0.11370434606446404,0.11241201977823484,0.11007841790416778,0.10748325015437114,0.10537865935194686,0.10412346984761428,0.10384735619724057,0.10456164136804216,0.10618560763765633,0.10860894264758911,0.1116499144056324,0.11490657918820499,0.11781006703843422,0.11982855890374071,0.12060125166934392,0.12012941871421441,0.11889281283886441,0.11755468008136508,0.11651627357369192,0.1157965049184803,0.11523005632356062,0.11468497831311895,0.11420277831827899,0.11393540407736187
4254.5,3302.8994053036176,87.0,0.17136645096760875,0.1168474811800296,0.10012502235957942,0.10157418978127623,0.10175277620607658,0.10203859322794344,0.10253138400814657,0.10327122695753908,0.10421298007889031,0.10524039907394894,0.10623443542552917,0.10712184605828318,0.10785496381008212,0.10839303001201102,0.10870761647919178,0.10880908019535027,0.10875691459671832,0.10865341542821245,0.10857537021621848,0.10854521726817994,0.10854438496128381,0.10854101355445357,0.10851937270493188,0.10850766996651018
4254.6,3306.4288528524767,87.0,0.15965495723597753,0.11986590161871585,0.10308749950046821,0.1031379873809321,0.10321303031544968,0.10338643380384588,0.10367692616847853,0.10408842442070322,0.1046014449296271,0.10517947550955638,0.10577961672408105,0.10635198932645645,0.10684416945630135,0.10721227852721794,0.10743231408079192,0.1075053938306522,0.10747076607559791,0.10739521684371858,0.1073324513054562,0.10729995049892051,0.1072953266119207,0.10729123308047483,0.10729355512186085,0.10729745210994951
4254.7,3309.9583004012384,86.9,0.19578031586190167,0.1307588871220243,0.09482097948742475,0.08210322331141837,0.08120974252670704,0.08484134626679357,0.08965422986365329,0.0971784585232294,0.1078986057939519,0.11848152765500777,0.1281299259179892,0.13853007566704284,0.14922418302946736,0.15052410755258,0.12642512966781716,0.08926542039924398,0.061019880571651954,0.04497912350431149,0.037114152399934965,0.03390098313728371,0.0331729537730936,0.03350196003384828,0.03397068539524648,0.03418691364015281
4254.8,3313.478868537296,86.8,0.20686234192825945,0.1294661835043144,0.09108087918883956,0.0789563419334391,0.07974148647883174,0.08537078408898476,0.09136338911943624,0.09914373448664589,0.10942117196578982,0.11906218599896987,0.1282322414897969,0.1388198204759237,0.1498675037189921,0.15157518539603237,0.1272759258603332,0.08939118718202081,0.06074871212282124,0.044582303729053634,0.03667551968671885,0.03346637582849355,0.03278751424393376,0.03322035196430424,0.03380231263912342,0.0340797234021276
4254.9,3317.0083160860577,86.8,0.20671730122842907,0.12959131963844644,0.09094438808061091,0.0784165362898707,0.07875866602848886,0.08419687029919257,0.09052265413740591,0.09903821207376637,0.11022057862128219,0.12040169624310658,0.12931540824126309,0.13910878044338545,0.14960791716593455,0.15161791522770748,0.12789765083416915,0.09002115603005285,0.061166751697210246,0.04484189158420813,0.03684581601904164,0.033585017688377836,0.03287029215552018,0.03327367410644145,0.03383275079625775,0.034099874955654974
4255.0,3320.5377636349167,86.7,0.21578634785996414,0.12756797678432025,0.08730390654954111,0.07543970559226064,0.07726033008114284,0.08452453300549072,0.09191794768292127,0.10061125476666655,0.11141350348448363,0.12084859802477975,0.12946875579020115,0.13951232289398757,0.15034598906391947,0.1526793418005013,0.12849863796899855,0.08971931959367638,0.060495449870430644,0.0441255206082811,0.03615941934399273,0.03294880175222759,0.03232626946048152,0.032873778159267966,0.03358089054339126,0.033932710048223576
4255.1,3323.989965830565,86.7,0.2631191429236376,0.07039779047579382,0.08709182961716944,0.09501709409181947,0.0958956125505233,0.09703245104620287,0.0993674550471974,0.10313901656974599,0.10741330554937321,0.11103764094784999,0.11381797003430691,0.11598573039504002,0.11765336160974096,0.11880794380097794,0.1194108973103168,0.11950574503787752,0.11927721959446058,0.11897375775565809,0.11876671880055507,0.11868601880813341,0.11867912141825254,0.11866112773834912,0.11865845627057635,0.11866187397031519
4255.2,3327.432203474943,86.7,0.23588465354296206,0.11988604842661632,0.07754461421803861,0.06804679722351695,0.07404380234191586,0.08599609039006192,0.09478386896910197,0.10241373928741376,0.11228378698283427,0.12074798511460501,0.12881521922979033,0.13959197948630775,0.15346041348744738,0.15958215405136786,0.13076958338386024,0.08366647979517497,0.05158416337051335,0.03571792587432085,0.029046853081225392,0.027161599051948423,0.027834373479464124,0.0296520026408152,0.03145518636933191,0.03238869274007833
4255.3,3330.884405670591,86.7,0.2359487073965829,0.11827317820605572,0.0758514156631387,0.06637776023522758,0.07248667617607554,0.08495505779296872,0.09437143978147204,0.10236299322964891,0.11265398497011597,0.12160924268388003,0.13011176726687335,0.14100943453446968,0.15430981220627737,0.15922274655038512,0.1295660222727506,0.08258581725971191,0.050810989896013785,0.03514372527067095,0.02858081999854658,0.026762104094915685,0.0274955323797304,0.02938514437038582,0.03126344324726583,0.03224232684601133
4255.4,3334.3366078663553,86.7,0.2346427612527126,0.11658100919728723,0.07422823405249268,0.06467238757480445,0.07072010983201037,0.08363937349197995,0.09386157996797202,0.10242191569724983,0.11325002597678648,0.12275756844879736,0.13173181092553618,0.1426053699812688,0.15476259917758617,0.15775668059664652,0.12755469365206784,0.0814755588541298,0.05032637428005641,0.0348911101103195,0.028393932046804998,0.026586737440240843,0.02732397024045533,0.02923134639881407,0.0311421866568865,0.032146056608361735
4255.5,3337.7788455106174,86.7,0.24854313382787016,0.10750357488215533,0.06599609158273718,0.05918148448822431,0.06894448802847655,0.08628600473777703,0.09639065285167578,0.10221508828487041,0.11231677000020725,0.12252491612077294,0.13157301540570548,0.14193304993952066,0.15578334381498513,0.1631701778870213,0.12897159459217172,0.07635177981858259,0.04395716004597676,0.02908014609362854,0.023078664373295713,0.02153010325370113,0.022571006487015623,0.02510020086198722,0.027934661111238168,0.02959295868669635
4255.6,3341.2302220476768,86.7,0.2880614366786966,0.08381051840511407,0.047423024174693997,0.04674952881681148,0.0691378371689551,0.104859877293153,0.10002878465496584,0.09177874159804339,0.10548855116728972,0.12884224595986338,0.1355243097939149,0.13090112760272937,0.14630518820402683,0.19134615615886558,0.14612384893873526,0.05844239976091894,0.023752582399089506,0.012344328575222534,0.008431029088351714,0.007367838461976818,0.007841317204465438,0.009498496420977493,0.012008391674497874,0.01404021794507859
4255.7,3344.682424243325,86.7,0.22282879570560235,0.10989747853939642,0.0687937401246413,0.059060138550731923,0.06464311978067037,0.07854590236642889,0.09132957093435924,0.10215644067302128,0.11590994436637038,0.1284706262187873,0.13846593181436948,0.1468810572451449,0.15292993040016903,0.14944477445809579,0.11948713539347132,0.07769679627847415,0.04890270931335497,0.03422635899460697,0.0279076339452339,0.026112013695366747,0.02684647298827383,0.02880099087084915,0.030808291622743633,0.031887294071693266
4255.8,3348.124661887703,86.7,0.21495133398813673,0.1077441802397479,0.06743911559067364,0.05741638999029565,0.06233348225271132,0.07588261768075061,0.0894336820627992,0.10158536558061346,0.11717984764576506,0.13149618434787297,0.1415967668516738,0.14826524750097317,0.1517093653664988,0.1462344051582251,0.11681199222201084,0.07671383441982728,0.048771294170472726,0.03432919306068227,0.028037493883597532,0.02621578929786221,0.026915287100672244,0.028840736571021503,0.030831201315256164,0.03190483389462283
4255.9,3351.576864083351,86.8,0.18381238215721285,0.11059640511848937,0.07384245764579997,0.06152787626052068,0.06211852186996867,0.07038438107884111,0.08232315716972172,0.0976272922638711,0.11792927227251962,0.1367360145102127,0.147842080919253,0.1512957366536388,0.14897698698902906,0.13877695555005984,0.11333152478556843,0.08107981122712153,0.056534342525463535,0.042216550296946265,0.03506171187866639,0.03219944836479962,0.031775759453434575,0.03248211522194848,0.03332560065087398,0.0337511918191209
4256.0,3355.0290662791153,86.8,0.17455714834828354,0.10750493586630398,0.07211249349768468,0.059681531469917934,0.059753806149216895,0.06768091961999105,0.0801355749282399,0.09678402891415963,0.11915797496335923,0.14004810670874074,0.15149555335380638,0.1534875618244468,0.14907541553602435,0.13730192033987765,0.11188802391767379,0.08059908621943367,0.05666080577437401,0.042548855777184,0.035428436025907145,0.032538195933420735,0.03205922620502794,0.032678844567924206,0.033444087109189634,0.033826144778794615
4256.1,3358.365066878549,86.8,0.16538640137780852,0.10396139445814032,0.06999789188183746,0.05756030545682408,0.05722858282923657,0.06493039906547804,0.07799217534331634,0.09609831521908847,0.12065721648224048,0.14368162360947137,0.15539316640344156,0.15581823559659375,0.14927056255946725,0.1360009880882209,0.11071105106337943,0.08038219202540291,0.057019802579631844,0.04307014965858324,0.035944604855752044,0.032993339081841856,0.03242293547567649,0.032931628901409916,0.03359609906506936,0.03392565647595021
4256.2,3361.700482894562,86.8,0.15651225027030907,0.09990034689563379,0.06739675983485066,0.055114585672257,0.05456332256854855,0.06222383964251124,0.07600298616501901,0.09557991990663052,0.1222356729821282,0.14727476419726168,0.15922910863005285,0.1582858475321689,0.14996919943440976,0.13559081604571735,0.11048293540345303,0.08085173974999102,0.057825597424480735,0.04388602032493308,0.03666111502551498,0.03358867218116368,0.03287240954242171,0.03323651396642689,0.03377409112348521,0.03404106827445401
4256.3,3365.036483494168,86.9,0.1377954688343074,0.09532161608740898,0.067023459276975,0.05491414045472895,0.05330133996592248,0.05944470086892495,0.072281567768654,0.09253382687591524,0.12186073823078719,0.15101559517459595,0.164343937846565,0.1612591331245694,0.15033500258621055,0.1345798498919593,0.1100676429221757,0.08183795473191781,0.0595321388502443,0.04567777425498592,0.038290040955186094,0.03497146773308426,0.03394682661717441,0.033967166368085056,0.03420983036873457,0.03432475125334134
4256.4,3368.3724840936575,86.9,0.12865278555147372,0.09018913276272704,0.06367784367121646,0.052084899686963476,0.05056016754879136,0.05686277090161915,0.0703803057722841,0.09193404871241571,0.12328171337815155,0.15469914715734692,0.16835010747805196,0.16360220033529094,0.1506006513434656,0.1336359403072651,0.10937679398025335,0.08199869325271512,0.060163806269394014,0.04639463597812935,0.038932480719340676,0.03549155966666151,0.03432638008740881,0.03420906541766892,0.03434403067090072,0.03440819241042538
4256.5,3371.717883920223,86.9,0.11994411113721051,0.0849294805994305,0.060103672390394686,0.049057624814580765,0.04765531268245551,0.05413443875761013,0.06837274366359807,0.09132821535032601,0.12482642983731577,0.15867210849885177,0.1725718914708015,0.1658343954580866,0.15037653520395214,0.1319151785862132,0.10780170518326297,0.08138290668878856,0.06021329255875212,0.04668615727286421,0.039258339486201645,0.035768780802182806,0.034530755420561325,0.03433461427398079,0.034411089945065365,0.034447065700516595
4256.6,3375.053884519829,87.0,0.10641103159038334,0.07887163975164277,0.057434825707661924,0.04718259160852535,0.04558828122558272,0.05149603308769249,0.06536543605245772,0.08890114573131036,0.12464322049597346,0.16242784690093803,0.17757139230279806,0.1683571379047653,0.1500173254485446,0.12983014909420965,0.10553654898219983,0.0799070143809966,0.0594755860710425,0.04636332213010806,0.039131104165884834,0.03573103468687272,0.034523041241706735,0.034326959139582475,0.034392510383347584,0.034422902052856995
4256.7,3378.3898851193185,87.0,0.09902681532173588,0.07379896333759525,0.053752381518556575,0.04403360486036677,0.04256043373152796,0.04855853178595375,0.06300212009219905,0.08794479564567526,0.12603585376480642,0.16669567852756034,0.18216962208650334,0.1705399599784446,0.1492475711617244,0.12711357187761932,0.10255976457902496,0.07777686937845125,0.05820904695502364,0.04562450015262425,0.03867258601442224,0.03542719961536361,0.0343228754741688,0.03420248825557262,0.034321122297176675,0.034376750851825316
4256.8,3381.7253011353946,87.0,0.09991542982072409,0.06910717514918216,0.04751031663594924,0.03808370851676665,0.03734362665476754,0.044589608152787535,0.061275787973047086,0.08876828394190166,0.12958971743711076,0.1736858880888569,0.18644544706295893,0.16916910446834593,0.14681926574980558,0.12660133270281346,0.10124103678312167,0.07308936757781184,0.051446639980614696,0.038650546438413896,0.032398281810011816,0.030229153313833627,0.030415087677713032,0.03164197039502531,0.03286675844971114,0.03346392646906153
4256.9,3385.061301734884,86.9,0.09038940145944456,0.06577382504903456,0.046581471803360065,0.03738549042506449,0.03601754547509016,0.042162203417758164,0.05800549015569,0.08668552145702571,0.13028185522716498,0.17612039521866238,0.19098546720950887,0.17448470662925605,0.14766119814488357,0.12194505367277554,0.09684282817721156,0.07349054464690606,0.05548275653158914,0.04390666965609632,0.03751738023865879,0.03460631264904232,0.03374939255577798,0.033843917045476554,0.03412295675669501,0.034259224857842815
4257.0,3388.3973023343738,86.9,0.08341437748593095,0.061607021325005375,0.04393791566505438,0.03517758371889327,0.033675733672999024,0.039336590789395935,0.054757756119845555,0.08412597454627455,0.13033588427646148,0.18020506163159605,0.19567027034460718,0.1764114706463707,0.14694970671378368,0.11997501900018304,0.09490966038814105,0.07221823008701943,0.05480296458869354,0.043564960586686616,0.03733738650612347,0.034501731913719,0.03368442545554885,0.03380339656325264,0.034098976037563365,0.03424254230409488
4257.1,3391.629530667878,86.9,0.0770298760933695,0.057717993435957515,0.04147405037475122,0.033142819475389385,0.03152032058548782,0.03667653120318737,0.05150060129045462,0.08120815998425407,0.12989023323823148,0.18409305499751896,0.20007333266177368,0.1778528990604044,0.14609744896968815,0.11839107842750518,0.09363850558778772,0.07156155808420733,0.05456612893144797,0.043517925749767254,0.03734921389866592,0.03452439542571292,0.03370081982283186,0.03381123523014212,0.034102188046207176,0.03424276420228214
4257.2,3394.8617590014983,86.8,0.07500462010400095,0.05523532067537568,0.038919742052082956,0.0306263266807842,0.028890288880321656,0.0337609607653367,0.048514692900855694,0.07948090640067151,0.13120166338257191,0.1886585878337255,0.2034281334193286,0.178208775530002,0.14466412957109193,0.11665492887719602,0.09255603802578183,0.07126454197326744,0.054696270535628255,0.04375466543326797,0.037551436150626616,0.03465296002119363,0.03376716815625556,0.03383712915775804,0.03411155627691404,0.034248388860016604
4257.3,3398.0936315236977,86.8,0.06922248377482139,0.05182534299430092,0.036878033199691844,0.029001172274678168,0.027155849747435915,0.03148394342961784,0.04531413277400082,0.07582477414998028,0.12952315958446853,0.19205328313921627,0.20741354752814964,0.17877660327461317,0.14343226478140084,0.1154301795908136,0.09204918140050838,0.07137733402681062,0.055057591103236464,0.044125683496629924,0.03785109614918013,0.0348726742054761,0.03391397789392145,0.033924874218199265,0.034158835810612895,0.03427694137456432
4257.4,3401.31586677269,86.8,0.0645126790862127,0.048829304220944426,0.03494383888524497,0.027416718493633585,0.025482286784615598,0.029330698787625252,0.04229534821757319,0.07226408329603146,0.127748991159766,0.19552087169885876,0.21149985160018495,0.17919954171200025,0.1421158640310478,0.11425865226972015,0.09165391747803182,0.07157009214090507,0.055437514304723115,0.04446868827553262,0.03809988545820595,0.03503546247701079,0.03401170314311971,0.03397802306168125,0.03418507344489564,0.03429299044230684
4257.5,3404.548095106194,86.9,0.062133977452936445,0.045624898658464176,0.031714154222814005,0.024427848336125317,0.02258090779148365,0.02624137917108632,0.03888216675644618,0.06917135430683498,0.12717707187646513,0.20280764526821485,0.21601144712360543,0.17455948303795651,0.13716661477226844,0.11411980851498128,0.09422268805694327,0.07217206568673791,0.052938567906957716,0.040298239304396084,0.03360116562372505,0.030976807020881788,0.03083153876273464,0.03185747650757128,0.03298169907881465,0.03355300847325612
4257.6,3407.7803234396983,86.9,0.05818570080646248,0.04318113995182841,0.030183688060249667,0.023191376247773964,0.021256809308035505,0.024450765455911756,0.036103888800223305,0.06529972014924693,0.12456787691260031,0.20680466983795576,0.22077398653768054,0.1743066607631366,0.13563157515840543,0.11380162547820562,0.09541998899110149,0.07365923664686615,0.05388787324835547,0.04074067216730135,0.033765943559217935,0.03102015620495628,0.030835595633620202,0.03186072645551635,0.032994773178584326,0.03357299284364946
4257.7,3411.0125517732026,87.0,0.051589907164535605,0.03984737805453169,0.02885253955689389,0.022537084293970368,0.020613957851457507,0.023301319016557395,0.03356059663936213,0.06003007097367441,0.11823786131900907,0.20979347329467143,0.2277532214044419,0.1742297618481941,0.13389668440252062,0.1141217302995776,0.09787005012914902,0.07587215154553885,0.054799718656826764,0.04081781370070005,0.03353621678174764,0.03075459164567192,0.030647445925257942,0.03178365057528179,0.03300410122444042,0.0336179448988878
4257.8,3414.244780106823,87.1,0.04576640077167717,0.03667148439542087,0.027503430366077632,0.021888413590421138,0.02003380635584514,0.0222974163096862,0.03130116016733835,0.0550479460422437,0.11125199871239187,0.21237790764974626,0.2358520841859479,0.17402030454511544,0.1319166936929218,0.11471758787720021,0.10120917837988481,0.07865586260880972,0.05567779888073713,0.040628600504890575,0.03303386662166897,0.030274844420968044,0.03032244499061875,0.031638813248444496,0.03299399377972867,0.03365863906407158
4257.9,3417.467015355815,87.2,0.04037808727386671,0.033538777053465384,0.026124196122791026,0.02127394331174428,0.01955406603945633,0.021456641967749466,0.029278410817040638,0.05021103561009463,0.10325044184508488,0.21380334515131205,0.2452092940929178,0.1735348348598001,0.12936823217628327,0.11499021012502665,0.10483415769639293,0.0814402212044983,0.056135681009570844,0.04001818232201934,0.03222145457921382,0.029578168382977565,0.02985500554060124,0.031421068549282144,0.03296052209008886,0.03369978268811349
4258.0,3420.6992436893192,87.4,0.03293899468745303,0.029310621394103457,0.024702190621369934,0.021231767282119226,0.01987071975790248,0.021388822680824437,0.027822254537510884,0.04544137116135325,0.09333009265165548,0.2044600148244038,0.2545964921602276,0.1816988715177124,0.1329989020318204,0.11340049831163551,0.10017346274042498,0.08033351719965023,0.05999964801168213,0.04567986034592823,0.03740190073328837,0.03343964585184366,0.032355281107890835,0.032806064954625194,0.033605354697000704,0.03405196517409144
4258.1,3423.880249819491,87.5,0.029449498303374178,0.026792039388682694,0.02322600873909208,0.02038873392833806,0.019229509714312577,0.02056511008640867,0.02626999026247599,0.04206119760737395,0.08660552289955686,0.20038404780676344,0.26306425793593974,0.18414306918772813,0.13232691193071802,0.11231571106330364,0.09977114269015022,0.08055070280596593,0.06029131341949839,0.045863240152692386,0.03748852341924969,0.03346331674890529,0.032343949758538416,0.032785212077914766,0.03358575674867004,0.0340399250150867
4258.2,3427.061523149421,87.7,0.024972986490897256,0.023493259134147664,0.0213578036141273,0.019545089246323408,0.01885056729307643,0.020117451848691695,0.025030843496481315,0.03853569254432749,0.0779102846868858,0.19107692703450382,0.27334104824432914,0.1874356028629697,0.13123757547346762,0.11052075629967718,0.09889781308572074,0.08067185094542402,0.06060667582832359,0.04606640676553644,0.037581209916743845,0.03348740943641947,0.03232962021664702,0.032762189785473184,0.033567798796170445,0.03402563449473136
4258.3,3430.2325324525104,87.8,0.022449755681840353,0.021412270303447355,0.019872181880437528,0.01854085768735447,0.0180942270473864,0.019324709958431042,0.023788026551763142,0.03598376560572861,0.07206632885086281,0.18311513990691825,0.2810060940313103,0.18944563710089968,0.12984349943581544,0.10876298240224556,0.09840616322264703,0.08146451730965198,0.06158884753626893,0.04675669206637625,0.03802238824634042,0.03377235924346751,0.03249979650138595,0.032858245225893395,0.033613966034466695,0.03403667418821362
4258.4,3433.4138057824143,87.9,0.020199280508132255,0.019494690181193337,0.018431611014337955,0.017520428376022405,0.017315900507920555,0.018546002629756586,0.02264567893720461,0.03371068724621007,0.06670361675972311,0.17408286334528794,0.28787811530310126,0.19123033258968686,0.12838785415462303,0.10710409385081232,0.09821483079052604,0.08277090234395942,0.06300969576093064,0.04774241191277672,0.03865021054482263,0.03417563601016743,0.03275963065838477,0.03300787181824163,0.03368405786758093,0.034071951178886103
4258.5,3436.594811912609,87.9,0.019144194149390708,0.01848147795632377,0.017474377672501085,0.016604188781988397,0.016400356071512672,0.017561229785757162,0.021458479682059908,0.031998320169778945,0.06349448669088158,0.16838915918281924,0.2919672438391051,0.19180669420869959,0.12724269472262964,0.10641295428087232,0.09934204448094537,0.08538815361063928,0.06538344223295314,0.049322289066282436,0.03964799366715986,0.03482055215244851,0.03317703250671262,0.03324850851246437,0.033795189874364286,0.03412655350351713
4258.6,3439.7758180426877,87.9,0.017695122861504917,0.01718963704053166,0.01640922818288535,0.015748018619633614,0.01571694249334914,0.017048418465454816,0.021229765646067333,0.03235373743197165,0.06381511688662139,0.15408429513126257,0.2670461649655137,0.21193178701194487,0.14606150030909065,0.11227809223072999,0.09292233296247344,0.07660372288297429,0.06151228272717336,0.04968399918130209,0.0419687257161025,0.03765612355120455,0.03559783933127284,0.03478226285419808,0.03450385179554782,0.03442058624129323
4258.7,3442.947095387897,87.9,0.01665044993498692,0.016207536510797614,0.015522146443487657,0.014946750996978987,0.014953341956530837,0.016234254187542662,0.020205066523887552,0.03077324790255242,0.06087831592745022,0.149411258558386,0.268964366374617,0.2137646492533026,0.14651033622014023,0.11287463043254148,0.09419200880359747,0.07825933988714955,0.06299706547045152,0.05074254516833107,0.04264034242944606,0.038054957958135675,0.035817718637410755,0.034889867393755804,0.03454960909844488,0.03444335682702797
4258.8,3446.128101518092,87.9,0.015584400025251074,0.015214823380216253,0.014644893875085064,0.014181622241135778,0.014254200950994835,0.015514110460183743,0.01930730579760205,0.029356705573620134,0.05812476385834091,0.14474937714920533,0.27085084282694144,0.2158092150410393,0.1471284212913625,0.11354361268452573,0.0954092929844783,0.07975202352821083,0.06426882714913469,0.05160115990840792,0.04315610299847108,0.03834641575750737,0.03597252868753492,0.03496422585221277,0.034581191267200544,0.034459366595244546
4258.9,3449.309374847996,87.9,0.014488704415479408,0.014201320101127896,0.013765652782672047,0.013441597177835512,0.013612604178276094,0.014887844899297724,0.018545368635485147,0.028121879361727838,0.05554911276424531,0.1398737865407704,0.2721861547364287,0.21772121602220101,0.1475010883808152,0.11377139925928495,0.09607510534386249,0.08074287684918695,0.06517758094720698,0.05222542012216558,0.04352489886193525,0.03854677294490634,0.03607295936075727,0.0350089943515816,0.03459846717556974,0.0344673719384322
4259.0,3452.480384151085,87.8,0.013918762260645512,0.013638388817095741,0.013213507085052895,0.012898375855505705,0.013064949199930061,0.014307053849339836,0.017874612723582557,0.0272396503336238,0.05419016006139371,0.13793861098887344,0.27338762075764295,0.21824771634697132,0.1469571888739427,0.11308517787639348,0.09575101757203114,0.08092456618111632,0.0656300196742221,0.05265811011902755,0.043829052841193185,0.03872966005680921,0.03617095040102087,0.035057249574591505,0.034617626464663216,0.034476277745916425
4259.1,3455.661657480989,87.8,0.013150917615745791,0.01291446822453154,0.012564230106886782,0.012331193234592766,0.01256275343211884,0.013829067006587481,0.01734514185012794,0.026491989989752003,0.052778107173364966,0.1351718778406602,0.2734558150232721,0.21853063365494438,0.14607807124388958,0.11176658514484557,0.0945972442672057,0.08033521432025946,0.06554307307372988,0.05277512420934379,0.043958291278034925,0.03881485843152116,0.03621289540812927,0.0350715322743443,0.034619626049232764,0.03447527756721094
4259.2,3458.8332343758775,87.8,0.012327598304276356,0.012146528782796435,0.011892155678219416,0.011768623347269162,0.012095289462876373,0.013417318209040269,0.016916007528325373,0.02588079664391147,0.05151238435570037,0.13233336492542652,0.2728371144587414,0.21865051227761748,0.1451050046933621,0.11015845508246333,0.09292107025955326,0.07913509951872535,0.06496014967619992,0.0525743223468778,0.043904019333296435,0.03879724578569027,0.0361989924926039,0.03505762184040435,0.03460862349850702,0.03446715232896976
4259.3,3462.004511721087,87.8,0.011509526414197271,0.011382818863425789,0.01122445696251737,0.01121443740269679,0.011646051874751227,0.013041300807976344,0.016552477595659237,0.025390957734145455,0.050477762698593893,0.1297727183455553,0.27151743255942173,0.21890102405406456,0.14450431935797314,0.10869872775155935,0.09102465933132492,0.0774093402570445,0.06379417675850294,0.051918304364376625,0.043551734338014104,0.03860138761237919,0.036087182794024744,0.034996251132213496,0.03457783091572085,0.03444948759118834
4259.4,3465.1760886158886,87.8,0.010697440786060802,0.010619680621736988,0.010549576516332834,0.010647544593973388,0.011184803524807696,0.012663612734883103,0.016213958632866923,0.024990160884003215,0.049691826214032744,0.12768739473745497,0.26965222752317114,0.2192441634726937,0.14439146177945544,0.10771373011255958,0.08940204989069452,0.07565319130384239,0.062377189366570676,0.050967207513719144,0.04296203813722977,0.03824586062529753,0.035882457333159486,0.034889713706664646,0.034529445165573776,0.034424451381116196
4259.5,3468.347365961098,87.7,0.010391589428646755,0.010306186573220666,0.010222868030159751,0.010305484902699627,0.010829523732519953,0.01230467514972104,0.015886507604648905,0.02482810619474429,0.05016621919627727,0.12952343064995303,0.26784911666512884,0.2181397138594522,0.14433130206319478,0.10736857895031175,0.08848610215780095,0.0744129570079218,0.06122903822031199,0.050126131928900905,0.042415648974941475,0.03791221984650694,0.03569332546338165,0.034795615981382734,0.03449032453499042,0.034406517450238025
4259.6,3471.5189428559866,87.7,0.00976913493688898,0.0097057556043518,0.00966264043490302,0.0097948494364578,0.010368952426471722,0.011888907457576566,0.015513704896060163,0.02452881502856439,0.050044352115258525,0.12926965777148874,0.2647674180415824,0.21819334103646057,0.1455779154744923,0.10830804261515216,0.08878648877848457,0.07410873839474637,0.060611181968306206,0.04950412019623653,0.04193313168659553,0.03758453296662471,0.03549645993180814,0.03469292595747194,0.0344467766011197,0.034386575568974384
4259.7,3474.690220201106,87.6,0.009781527932551682,0.009631600950765666,0.009446900847214954,0.009423506062475707,0.009859457549105529,0.011264147031168901,0.014784311087516816,0.023696933131978636,0.049513723552894774,0.1364288099254582,0.2853507037843404,0.203376252594289,0.13044693944818883,0.10302472570453251,0.09385287032502121,0.08316819242470963,0.06620425679067973,0.05075019367316366,0.040737318628296174,0.03552456503819787,0.033557251768959045,0.03342245390862594,0.03386980279902433,0.034153595973608106
4259.8,3477.871792139669,87.6,0.009292537492587283,0.009147166031219773,0.00896980245848578,0.00895285926352476,0.009391705170820903,0.010801087958792697,0.014362310782057602,0.023505174446917163,0.050206873712520826,0.13776749881102368,0.2773594189040555,0.20347309733457086,0.13294734540247033,0.10502154410346361,0.09476808644823871,0.08309265554985035,0.06582158846758811,0.05045454341450982,0.04056042066104977,0.035417988309476914,0.0334912073328405,0.03338338122141566,0.03385131331539601,0.03414566962928024
4259.9,3481.0430694847623,87.5,0.00925918010808297,0.009067929253597373,0.008811257387401874,0.008702173627682197,0.009051862921734637,0.0103923763817299,0.013966712477659451,0.023516060882976763,0.05223102480898292,0.14333919173596574,0.26894543611879473,0.20165323078010616,0.13461522485644195,0.10634621088978197,0.09493161060925695,0.08256689870729833,0.06542450324715966,0.05034337519232905,0.040603277133748214,0.03550488790961829,0.03356986623054888,0.033432692165345716,0.0338721183389742,0.034149444739531964
4260.0,3484.2146463796507,87.5,0.008913539803784273,0.00872271607998944,0.008465221834808096,0.008353341659035516,0.008695295253394835,0.01002693620600879,0.013624930172358286,0.02342305715632313,0.05339963994021229,0.14584716063340084,0.26073234677051105,0.2004041490302364,0.13627626093591838,0.10736088960306542,0.09471240037640753,0.08172980490379879,0.0647977003663322,0.05006004676928685,0.04051118064284695,0.03549119498145631,0.03357906389761669,0.0334380645187932,0.033872669450409475,0.03414908237337901
4260.1,3487.3782045030803,87.5,0.008482713893322558,0.008310868295109975,0.008084492410367312,0.008006295090273978,0.008375924146473231,0.009729901667874174,0.01337192286424812,0.023387219805841693,0.05435419111755363,0.14740590473449766,0.2532511170482601,0.19942186224649272,0.13804132324743423,0.10829163656315019,0.09418719076427143,0.0804128718416917,0.0636648999160305,0.04936951993709105,0.040121891765600284,0.035262523359661326,0.0334399374873938,0.03335526786996636,0.03382916348089497,0.03412780209605851
4260.2,3490.54176262651,87.5,0.00812328358223306,0.007967655455776212,0.007768805986396103,0.007721917754379006,0.008120719960749914,0.009505193263158282,0.013212002517402734,0.023491670726896192,0.055536995174031406,0.1492362822839086,0.2470604450312159,0.19806911685962444,0.13942976344372918,0.10919657515095389,0.09388968437934378,0.07933824709769907,0.06262379026041394,0.048662149523012024,0.03967945066958786,0.034980274260662275,0.033257721436569715,0.03324605772064312,0.033773081582133026,0.034100007757239634
4260.3,3493.705320749779,87.5,0.007817039151469328,0.007676549506936919,0.007504999217458395,0.007490646389973017,0.007926143285613259,0.009356252661265675,0.013158357726933304,0.0237530629881966,0.056813979668719636,0.15057567716729872,0.24228722409821413,0.19675256463399687,0.14033171523140783,0.10972743045991375,0.09338663673943218,0.07814598045389703,0.0614746264486546,0.04783993104427689,0.039137004239446695,0.03461366846669627,0.033017654607427824,0.03310003206435361,0.03369392770576228,0.03405764633367042
4260.4,3496.8688788732084,87.5,0.007615936952685711,0.007485029188245192,0.0073316330385726144,0.0073422027752801985,0.00781040470682675,0.00929347473328003,0.013221597655853184,0.024220114880570198,0.058467447364459545,0.15205892452959036,0.23832944125222735,0.19517900485087072,0.1405266920530036,0.10972822127260777,0.09261842562995913,0.07687397355257324,0.060293565407922856,0.04698349365494475,0.038554351539996916,0.03421268852507962,0.0327456713549575,0.03293475523236811,0.03361217208169897,0.03401593917753014
4260.5,3500.032436996594,87.5,0.007489908394193986,0.007367216549458336,0.007230314220546395,0.007265581974905099,0.007770166011855909,0.009317797965734644,0.013399186181260802,0.02485070404002429,0.0602453090163724,0.1533574257229188,0.23558087619369042,0.19315080663408069,0.13953124573959808,0.109017082780786,0.0919626835472365,0.07634700687561044,0.05994706155353887,0.0467668132292816,0.038411605803383646,0.034113066921205915,0.03267588702510439,0.03289087699022638,0.03359018831359206,0.034004864722755566
4260.6,3503.1959951199074,87.5,0.007416890126230695,0.0073049106089284775,0.007189221207294279,0.007256065824811553,0.007807247809699278,0.009436393209673162,0.01370037984974374,0.025641093400651765,0.06209864909785699,0.15458867039743343,0.23353988398547207,0.19079563220916268,0.13754795771045214,0.10748671591889822,0.09099921348552721,0.0760589321853559,0.06006981479523679,0.0469831024784092,0.03860165754325416,0.03425873457572383,0.03277852938258351,0.032952528441306604,0.0336199462630743,0.03401942198096188
4260.7,3506.359553243337,87.5,0.00735626273295144,0.007261501788542863,0.00717859991621547,0.007291816914458863,0.007907130439251122,0.009639597276184497,0.014111487956823536,0.026530765553718923,0.06378092577551327,0.15556136692715328,0.23203328880203178,0.18826023583719642,0.13518390320772375,0.1057635876839269,0.09006930832242262,0.07596779984090206,0.06043455390852466,0.0474052496209537,0.0389475135345142,0.03452056419740289,0.032964534550463456,0.03306649895211695,0.03367590887234765,0.034047137411941125
4260.8,3509.5331001549325,87.4,0.0076227132750256365,0.007519426932296481,0.007427092968141342,0.007541913541252412,0.008187895948293047,0.010017519050632319,0.014760748788535533,0.02796745527702266,0.0671563809985049,0.15963007310484179,0.23047067890737813,0.1847116907919409,0.13201898909191867,0.10345698185096981,0.088769412747779,0.07580439909815233,0.060957608335232276,0.04804874001671841,0.039492404949668124,0.03493928577542677,0.033263208148423304,0.03324898756206972,0.03376460521512982,0.034090429757231616
4260.9,3512.697148195063,87.4,0.00764102944623353,0.007559334291832998,0.007509405598132426,0.007687144216367907,0.00842541536048087,0.010409705776180925,0.015459478275141561,0.029305933708119764,0.06929740024966433,0.16109277122921878,0.22963029473193824,0.18198176999601626,0.12936350873384442,0.10181487903376,0.08837949033217128,0.07650878965987969,0.062031971803741065,0.04895255982695078,0.04013187520928062,0.035375467200832546,0.03355082685676742,0.03341772018668048,0.03384601448104258,0.03413111247344513
4261.0,3515.8607063183767,87.4,0.0076836939370156475,0.007625088453199318,0.00762195915656462,0.007872531002228648,0.008720017706114969,0.01089261475413037,0.01631431395656243,0.030897217504778203,0.07162408707393471,0.16232354371145002,0.2287444520504531,0.17971957633035823,0.12715483854652146,0.10035845377724405,0.08785582276095329,0.07686567685971323,0.06275003920775418,0.04960335425338872,0.04059842214485068,0.035701634358780106,0.0337613190561347,0.03354603368755884,0.033909510629552296,0.034166551423662775
4261.1,3519.0397785100586,87.3,0.007848860523329393,0.007806052599322286,0.007838700791351249,0.008152357982788095,0.009110016807044102,0.011491686037057185,0.01735319894517323,0.03285642686291361,0.07473121958649438,0.1647171441064622,0.22744521469946802,0.17669973627816105,0.1248101336821513,0.0992871361004379,0.08809529113338323,0.07806342787764782,0.06408007272150212,0.05058970565222389,0.04124145226585806,0.036116190547647774,0.03402455170570289,0.033697417464777495,0.033981025015965484,0.03420156616817771
4261.2,3522.2196212735084,87.2,0.008052849755512587,0.008028265740820445,0.008102387851453889,0.00848988215936943,0.009577118097902177,0.012204861128496416,0.018576704376586557,0.035103727933848514,0.0781333158035771,0.16710872965629345,0.22578967415108764,0.17425156598736521,0.12326194592781446,0.09875777630072345,0.08837301974367248,0.07873939005749743,0.06468151257720253,0.05097148090538212,0.04146548406435845,0.03625290168684023,0.034110977573311906,0.033747750089074185,0.03400530854266783,0.03421342151914871
4261.3,3525.3994640368423,87.2,0.008727268597298094,0.00885377308265734,0.009182932876888825,0.009860550591643605,0.011215561668369357,0.01415362479840443,0.021511276012706276,0.04114603845549517,0.0824916218775022,0.13094294107027576,0.16104873402073377,0.16689735068039566,0.15692661272328456,0.14380790615160574,0.13275551811981764,0.12452258015438292,0.11893973599039315,0.1156387023498532,0.11410590601546532,0.11356304441263446,0.11321920994788061,0.11274404691996286,0.11225153320079943,0.11197610331390837
4261.4,3528.5785362285947,87.1,0.03422309704591167,0.03422309704591167,0.03422309704591167,0.03422309704591167,0.03422309704591167,0.03422309704591167,0.03422309704591167,0.03422309704591167,0.03422309704591167,0.03422309704591167,0.03422309704591167,0.03422309704591167,0.03422309704591167,0.03422309704591167,0.03422309704591167,0.03422309704591167,0.03422309704591167,0.03422309704591167,0.03422309704591167,0.03422309704591167,0.03422309704591167,0.03422309704591167,0.03422309704591167,0.03422309704591167
