fid,dist,dtm,cond_1,cond_2,cond_3,cond_4,cond_5,cond_6,cond_7,cond_8,cond_9,cond_10,cond_11,cond_12,cond_13,cond_14,cond_15,cond_16,cond_17,cond_18
4148.0,0.0,103.8,0.008398142048565382,0.008073258511790778,0.007386114261867509,0.006453625375218003,0.005523314753172111,0.004870081120828457,0.004776260376713733,0.005804742648263884,0.010163837887796252,0.030493645375767566,0.13630932083125716,0.15167593794000941,0.10524860206669236,0.08079130734440487,0.06898948090063853,0.06361743234130683,0.06105069488965581,0.059750849756741116
4148.1,2.8188827572434962,104.2,0.008124233474821194,0.007820157017722585,0.007172982917440151,0.006286703126083849,0.00539205355075053,0.00475217196267379,0.004638609457048409,0.005578075986188399,0.009605214547795903,0.028423591676900284,0.13167400135136273,0.15420354065565187,0.10610310334573489,0.08086143813123255,0.06882375367273492,0.06341344486262927,0.0608692468706993,0.05958659170684983
4148.2,5.647345237221441,104.4,0.008142074544403972,0.007828449298207415,0.007162291658164643,0.006252620296929879,0.005335802001023555,0.004674864940221686,0.004531803128190458,0.005404333624155367,0.009215246999853158,0.027102786703245337,0.12889404211454675,0.15576437656924402,0.1062300327646952,0.08040529217134339,0.06821719225869405,0.06281408782340497,0.06033132385453391,0.05909009027922917
4148.3,8.466227994576442,104.6,0.008104634433862497,0.007789335645201328,0.007119597640416045,0.006204913063001375,0.005281701935576189,0.004610657078917263,0.004446156849514703,0.005262001035221657,0.008880839680938704,0.025903952709069266,0.12604849093784426,0.1575229482140023,0.10627024336166999,0.07979752257989511,0.06747373317124436,0.06209943274033589,0.05969204129879344,0.058499219002897326
4148.4,11.29469047428768,104.7,0.00817120186029267,0.007843982350587695,0.007150993914444108,0.006208527047884441,0.005260744206530547,0.004570079292644251,0.004384486837501094,0.005158990199556754,0.008647439624195322,0.025090735828914232,0.12409081306463247,0.15883401763278066,0.10612037331308521,0.07912337124168972,0.06668669074161959,0.06134210452299528,0.059011561190902756,0.057869644527321025
4148.5,14.123152954265626,104.7,0.008352573445323358,0.008001338613462838,0.007262191972088583,0.006265952670239114,0.005273276036446474,0.004552349472355894,0.004345173039613696,0.0050919942185712495,0.008505760215196464,0.024632205806332193,0.12318568203902297,0.15995870730431452,0.10606232018802295,0.07864070135316596,0.06609824258593058,0.06076923538348072,0.05849643395447959,0.05739332357009631
4148.6,16.942035711620626,104.7,0.008442848115724022,0.008079254223781444,0.007316652492531577,0.006293518035348916,0.005278658340927792,0.004542541070720791,0.004323252709252901,0.005051045069280847,0.00840486996741548,0.024234414540030703,0.12191674543636663,0.16086772498971233,0.10589063381490162,0.07808391550845017,0.06545464655899214,0.06014712374313029,0.057935061343876326,0.05687354164727483
4148.7,19.77049819159857,104.7,0.008458177811212688,0.008092315100454203,0.007325626833903543,0.006298008251732437,0.00527933190025849,0.004539770467123105,0.004315556993735308,0.005031281784078149,0.008338540710226909,0.02388805511496478,0.12012041941072175,0.16225704802471466,0.10627172830655282,0.07808095460545446,0.06534529421734737,0.060021621793040214,0.05782224272238757,0.056770457670137775
4148.8,22.598960671309808,104.6,0.008574970810270598,0.008195214395645412,0.007402585767636328,0.006345974161158966,0.005304604073232683,0.004551823192263524,0.00432185956957554,0.005036078198039389,0.008340667261551723,0.023833958623196743,0.11950584027840866,0.16295364168157697,0.10650388064674986,0.07813204481011145,0.06533656321240151,0.05999689165335243,0.057799222804203396,0.05675013627290974
4148.9,25.41784342893242,104.5,0.008633963197443938,0.008247624363244388,0.007443053014340298,0.006373629613679813,0.0053228962739780925,0.004565559015804164,0.004335218950600696,0.005052886878135824,0.008364168286668723,0.023823023548742685,0.11870705305892114,0.1636443681432577,0.10691529057412581,0.07836509358886441,0.06549993168556174,0.060133110318202024,0.05792229587774234,0.056865617822861744
4149.0,28.24630590864366,104.4,0.008646655589524927,0.008259516614747532,0.00745399299379793,0.006384343586868954,0.005334507675158175,0.004579182109326002,0.004352354744920686,0.005076599035638217,0.008399379638242796,0.02382836723413377,0.11767165036454479,0.16429682996525413,0.10753791667379459,0.07887051066277322,0.06593648902501711,0.060522415192764606,0.058272744650965116,0.0571921748749844
4149.1,31.16692228195049,104.3,0.008744693359469308,0.008346136426217874,0.007519766343603136,0.006427652938814446,0.005361456126657139,0.004598603931171577,0.004372742256646018,0.005108821605907667,0.008470708534902938,0.024024016729241277,0.11748351105953267,0.1645399251049314,0.10804835419195381,0.07937534509708248,0.06640086915967276,0.060943351473243534,0.05865148126717778,0.0575444775612824
4149.2,34.07788432236525,104.3,0.008633452437851881,0.008249069431365013,0.00745005065653581,0.0063899211869128504,0.005350678855967088,0.0046061752209654435,0.00439264209139549,0.005140295047275479,0.008517168233219607,0.024029703285492348,0.11611118048421243,0.165195861558204,0.1088383268973582,0.08004720017687993,0.0669998538974972,0.06148645387147428,0.05914083403824372,0.05799985817764089
4149.3,36.99850069567208,104.2,0.008661154150478054,0.008273950733624776,0.007470473171197671,0.006406812546336816,0.005367027287666664,0.00462583663820575,0.004420871828884833,0.005188622802251465,0.008622214017997343,0.024314662509422283,0.1159789443798738,0.16510665759407533,0.10948851703263453,0.0807600256196807,0.06766804744879774,0.062095536696686736,0.05968838038114599,0.05850818209605529
4149.4,39.919117068866505,104.2,0.008476203710900987,0.00811230609969904,0.007353824118119507,0.0063429665303913535,0.005347993803747762,0.004637723224808155,0.0044542401371208025,0.005243945411435493,0.008713621234639085,0.024411451635198977,0.11438049085533104,0.16558931321747505,0.11049566548635528,0.08168381381244333,0.06849520731692198,0.06284151368584041,0.06035806180609785,0.0591307229309678
4149.5,42.83007910903811,104.1,0.00842507320720186,0.008069138942979948,0.00732686075956574,0.006336510771550076,0.005361258111811416,0.004668399999111086,0.004504166886152284,0.005327631950684121,0.008884409708753316,0.02483000654776939,0.11396702084718886,0.1655185249394111,0.11124339427620454,0.08244717392003381,0.0691832130726795,0.06346086834045232,0.060913354567480524,0.05964660427060632
4149.6,45.75069548258729,104.0,0.008340159056817013,0.007997383713453276,0.007281201642702926,0.006322784231238214,0.005376756693091977,0.0047078017775533405,0.004567654260004587,0.005431022266966088,0.00908785733952032,0.025305376400311986,0.11348040342466963,0.16542958513276593,0.11199729128090288,0.08315610898752551,0.06978718881922337,0.06399539346368636,0.06139245088902698,0.06009218502161632
4149.7,48.67131185578172,103.9,0.008214503195277532,0.007891217152919927,0.007213184773626513,0.006300620846801955,0.005395265426808648,0.004757602624774583,0.004646160676496515,0.005553802703203238,0.00931714970144593,0.025804729494029358,0.11288321658133602,0.1651023380679542,0.1125261053011382,0.08368793435317735,0.07026116555020723,0.06442423852175465,0.06177719130877838,0.06044941619969139
4149.8,51.5822738960657,103.8,0.008093537633685368,0.007791400789185833,0.007154741107003722,0.00629186576457662,0.005430418766126904,0.004826312699157678,0.00474576249496253,0.0057017300911999386,0.009580743718795633,0.026355270619062076,0.11241922473736686,0.1647343596311848,0.11293613929831174,0.08405620896137798,0.07055952501323282,0.06468816176215449,0.06201467951129308,0.06067028946313592
4149.9,54.50550840582072,103.7,0.007966488192999466,0.007688835135223959,0.007100137216686619,0.006294975494805762,0.005484358131577497,0.00491837999812079,0.004871650704306763,0.005878685696101487,0.00987451809395011,0.026911957985153744,0.11195835292715668,0.16430705026860926,0.11331798800266926,0.08440513817570508,0.07083756553597706,0.06493346543933341,0.062235635470931916,0.0608758561143287
4150.0,57.4261247793699,103.5,0.008006235214700418,0.007739242827186472,0.007171388105062559,0.006391156936593387,0.0056028653433897145,0.005056568148429406,0.005036519210792858,0.0061010179293049804,0.010250102227661982,0.027715068830197514,0.11252317592333379,0.16358868124494044,0.1134734617350022,0.08464651718896117,0.0710580505658958,0.06514089341696683,0.062424268104517074,0.06105074401772577
4150.1,60.41297931210235,103.4,0.007926815303860415,0.007687025072539244,0.007172888942686197,0.006458045727678538,0.005727806280069152,0.005224990701179207,0.005243450241614376,0.006365254819598373,0.010632390766089257,0.028288993315229872,0.1121646327656251,0.16319143842830408,0.11393616928695167,0.08518720398858527,0.07158229072500676,0.06563737314459825,0.06287265112388878,0.061465887052776225
4150.2,63.399833844949,103.3,0.007831912440242632,0.007624513908416606,0.007175258845296961,0.006541215627791204,0.005884470297415814,0.0054366923260912164,0.005500126790479312,0.006679870048866728,0.011047642629421695,0.028792056714150808,0.1116645841973771,0.16289340571130131,0.1146769975959947,0.08602216919000534,0.07235182845652496,0.06634265939478431,0.06350553621226586,0.06205241663293665
4150.3,66.39649865748268,103.1,0.007940657695814899,0.007750366773444586,0.007335252697586149,0.00674338157240326,0.006124597287105242,0.005706395511897951,0.005800636100979171,0.007035735498030029,0.011526120122928142,0.029521057243902513,0.11230042171634107,0.16195593659564167,0.11494806664165955,0.08664940835916322,0.0730238136481574,0.0669817503336665,0.06407795011859312,0.06258119802900843
4150.4,69.38335319032933,103.0,0.007865921073785087,0.007712223352174186,0.00737212100985766,0.006877230184024356,0.006349905967357486,0.005999178775980398,0.00613933207465135,0.007415241901845316,0.011948036074787944,0.029878535927955596,0.11185517827516903,0.161329594536272,0.11574871418132225,0.08783231987859821,0.07419781478454532,0.06806059549558362,0.06503750352808708,0.06346861830774837
4150.5,72.37020772306178,102.8,0.008021809203943665,0.00788661035385304,0.00758391959023087,0.0071362329666617265,0.006651030029821175,0.006328209787016127,0.006486751690885843,0.007789124624018769,0.012387954911354722,0.030514281594317592,0.11293829572977442,0.15993948770284727,0.1161853149813097,0.08895883670419698,0.07539884343842457,0.06917250757337598,0.0660216793993421,0.0643769330820552
4150.6,75.35706225590843,102.7,0.00799618348968996,0.007894114013207764,0.007660761639482037,0.0073057228025751805,0.006909895658126539,0.0066491753536384686,0.006836498324906137,0.008144197634109613,0.012732684648375727,0.030811533917154608,0.11296665910592903,0.1588326850610836,0.11682565520836448,0.09030391127692014,0.07681371855764431,0.07047047377169334,0.06716589310237142,0.06543322455440843
4150.7,78.34391678875508,102.5,0.008233504597203593,0.0081421782367074,0.00792975354954893,0.007599147674376056,0.0072203229536750395,0.006961774804002054,0.007140329564491577,0.008446184680372656,0.01308557660258271,0.0314621772218245,0.11434138500538445,0.157351106619642,0.11717147573392035,0.09150145740618593,0.07815042489461933,0.07171182774969335,0.06825794669801195,0.06643992509765567
4150.8,81.34058160146901,102.4,0.008288885387676902,0.00821788284116178,0.008048145499132589,0.007774799877356182,0.007449974978726043,0.007224090640623051,0.007409194021475755,0.008708627015739006,0.013361664335214025,0.03187822691200561,0.11480363062945713,0.15583460118943848,0.11734110236912429,0.09249246801549245,0.07930429778991371,0.07278543205336796,0.06919768074465743,0.06730530341342165
4150.9,84.32743613431566,102.2,0.00863411339564222,0.008556512226563352,0.00836979545222538,0.008066721375950648,0.0077016956832325,0.007434289893253885,0.00759215197237346,0.008904274620512069,0.01368481767991659,0.032779106473200544,0.11667133629203347,0.15380118629361536,0.11669720051043395,0.09269715595484042,0.07977539972933588,0.07326507706063042,0.06961393152271281,0.06768589118866201
4151.0,87.31429066704811,102.0,0.009013393555512965,0.0089196372198354,0.008695555771689562,0.008335005623497628,0.007903551363606993,0.007579992519950739,0.0077128563306679805,0.009058205065255653,0.014017586533544322,0.03383594005990319,0.11873596807800336,0.1517551719609874,0.1156672692666392,0.09233624967918921,0.07966268938416736,0.07321062551273967,0.06956067582957567,0.06763335657426134
4151.1,90.32470592074378,101.8,0.009270220360978446,0.009162926171399964,0.008908589085221984,0.008503864244937598,0.008025426481746627,0.007668333818804112,0.007797461711092763,0.00919313756205972,0.01434472482954676,0.03488472098768898,0.12053193582026521,0.14985018016789584,0.11423278667648486,0.09123228966584139,0.07874246552010464,0.07241204977883382,0.06885466824329975,0.066978941137062
4151.2,93.3339749349469,101.5,0.0098162557046444,0.009663621345021665,0.009311516255317218,0.008771102021492552,0.00815702281578019,0.007707657640582562,0.007817125387098582,0.009296650438086595,0.014769636958553775,0.03649684562070787,0.12357995453477685,0.1479350668790578,0.11241130311713673,0.08959000889351143,0.07726866168522369,0.07111067825465239,0.06770763438850477,0.0659171378191907
4151.3,96.33445822951361,101.3,0.010142685465378307,0.009955708968151964,0.00953238497694246,0.008899194118267617,0.008201358178260044,0.007706653594294682,0.00782700531285518,0.009400794030545953,0.015179446764398951,0.03798782577836338,0.12603472169053176,0.14635951438212694,0.1110744039938496,0.08834631142472524,0.07609180964812534,0.07004709206310226,0.06676851689500063,0.06504857831530499
4151.4,99.34372724371673,101.1,0.010494437677627233,0.010262879710786663,0.009749562338242477,0.009003918424862535,0.008210321920002888,0.007668659935050815,0.00780673483765092,0.009492760064752089,0.015631073798244115,0.03968271028840847,0.12852042085592658,0.1456449072547638,0.11039142882610806,0.08757321153008993,0.0752852452830791,0.0693052100794286,0.06611551120710933,0.06444536234520881
4151.5,102.3541424974124,100.9,0.010842640386686002,0.010558410891597956,0.009941821278451524,0.009072939882926586,0.008181045180075449,0.007597005166142458,0.007760913965796593,0.009573676180615357,0.01611478772866068,0.04152597470151961,0.13086871552318563,0.14572068083858383,0.11089896494704145,0.08801777785081981,0.0755780701808093,0.06953752924711382,0.066323676662546,0.06463961174916671
4151.6,105.36341151172074,100.8,0.010964644548129317,0.010645086054097514,0.00996274082257748,0.009022326831617878,0.008083366238877539,0.007493524691405699,0.00769975595128282,0.009636068459190582,0.01654901454266168,0.04316301418659841,0.1325823723002372,0.14686531963726185,0.11276788823054235,0.08974245542245482,0.07701026456659618,0.07078614549187,0.06743369756504515,0.06566920270323223
4151.7,108.37382676541641,100.7,0.01111028051777931,0.010748110826218925,0.00998745612786398,0.008963194536901016,0.007969055093764901,0.007369189038734151,0.0076160433391965,0.00968039467946775,0.017000079990030774,0.04494401859941184,0.1342637430086934,0.14798770785603796,0.11468076936977602,0.09163186176327398,0.07865886701325847,0.07224434613706894,0.06872625065067987,0.0668658379851113
4151.8,111.3731600246238,100.6,0.01128591133848243,0.010874601031424638,0.010024875287569764,0.008906869747838534,0.00785106249884799,0.007236447977647803,0.007518849727497076,0.009707665148883595,0.017450364803511146,0.04680876110887214,0.13593941004024274,0.14914901134930225,0.11663810953912626,0.09362801569121557,0.08044453671510812,0.0738349345920279,0.07013288420932744,0.06816647115301665
4151.9,114.38357527842774,100.6,0.011243420685872767,0.010808659330680578,0.00991970119479671,0.008766872097353988,0.007697784319055075,0.007095370224207039,0.007417465014595155,0.00970812653174623,0.01779260377495791,0.04828156346503275,0.1368841344100967,0.1495195279764168,0.11748691685788334,0.0945883098483567,0.08135071574550569,0.07465400703150701,0.0708552826504626,0.06883316056310602
4152.0,117.39284429263085,100.6,0.011248673554356225,0.010786045845282468,0.009849476415141636,0.00865169006550174,0.007559141504630808,0.006958592934368998,0.0073080786513741594,0.009682548516883285,0.018083050335217697,0.04970642482791601,0.1379368963851624,0.14936972642230398,0.11756267838584654,0.09485675701403679,0.08168103415601927,0.07497189749713967,0.07113456917516424,0.06908962399883656
4152.1,120.40523536951362,100.6,0.01119643043994665,0.010715794303765,0.009749324605662453,0.00852496121387114,0.00742050634133474,0.006823108446567842,0.007189149790768814,0.009615517227950284,0.018247826315873565,0.050843330441065496,0.13884424344461357,0.14821401426426115,0.11622357624090035,0.0937991359259963,0.08086638993006333,0.07428227857251267,0.07052461573285748,0.06852362683678645
4152.2,123.42761853514894,100.7,0.011004869836246333,0.010527867591884836,0.009569986594976305,0.008358938478768842,0.007269464988648528,0.0066839485412598515,0.007055444298540299,0.009487971795935872,0.018207196703708305,0.051430332526180615,0.1395581495919436,0.14664687953401512,0.11410114902441511,0.09186942156621174,0.07923902392467777,0.07286692603269392,0.06927514586128856,0.0673662276324901
4152.3,126.4400096120317,100.7,0.011140049666461456,0.010630281657629727,0.009612801696718168,0.00833733048717781,0.007198220713725652,0.0065810943473805245,0.006931466475268938,0.009355264884274687,0.018183696609184653,0.052392915215316894,0.14140985856305663,0.14458958379731063,0.1111262727179446,0.08910681717451174,0.07686411825345442,0.07078837967935715,0.06743886430670479,0.06566455201757689
4152.4,129.462392777704,100.8,0.011133922051255624,0.010615843464463186,0.009582065908761721,0.008286905188258043,0.007128920740183582,0.0064925600092301874,0.006816007112830726,0.009193536884282783,0.017980752792713273,0.05268715740271562,0.14331928527857069,0.14282333218654542,0.10828357411405902,0.0863181553191142,0.07438194525951283,0.06859004741752424,0.06549288355053126,0.06386165072178135
4152.5,132.47519877876465,100.8,0.011383682210303324,0.010829667971400163,0.009728666815112244,0.008357371175324403,0.007135900119772013,0.0064538372148652745,0.006740758333944491,0.00908091544714318,0.01788364056806435,0.05340968127212129,0.14587155128409848,0.14099794111027314,0.10556313040649853,0.08371389886405137,0.07206255853920494,0.06652870566517742,0.06366344444513185,0.062164357750219015
4152.6,135.4875898556474,100.8,0.01164355177190215,0.011057392651976266,0.009895865420457938,0.008455397432107683,0.007175634310801258,0.006451677178911848,0.006706666499322173,0.009016355907565827,0.017830398986305725,0.054067792174289926,0.14843624536486513,0.13956621390509666,0.10357298240688119,0.08192122644280157,0.07050995118609879,0.06515912550740395,0.06244553320503394,0.061032520075656786
4152.7,138.50997302120336,100.8,0.011837548198807711,0.011232572602833427,0.010034613426817154,0.00855091945774591,0.00723317514905668,0.006481377501382004,0.006716802089981409,0.009013067404646235,0.017855587886193743,0.054678468661956046,0.150639827301181,0.13854336606254763,0.1024795229533429,0.0811561889724464,0.06994691196927733,0.0646905950174527,0.062028368943985564,0.060642561366781304
4152.8,141.52236409808611,100.9,0.011641919255463483,0.011075711282460605,0.00994469219964154,0.008527432562181927,0.007253620180915662,0.006521192197723149,0.00675882093569809,0.00904030099544068,0.017822121172071943,0.05460423685440854,0.1519011734072476,0.13838325653587097,0.10266746450777024,0.0816604443786876,0.07053378884839918,0.0652520256300739,0.06252801287848285,0.061103860182339764
4152.9,144.5447472637584,100.9,0.011608534556248492,0.01105932174308182,0.009957647959290035,0.008569437738362828,0.007315322169466922,0.006594653988938263,0.006844927101828135,0.0091557567593235,0.018031140190843637,0.055239509280813025,0.1532749789619998,0.13831387448456248,0.10317911232193117,0.08256016404936348,0.07150523719943137,0.06616321309008101,0.06333790533233911,0.061852647274259286
4153.0,147.55713834064116,100.9,0.011455661719867661,0.010939113932864494,0.00989658831941168,0.008571876253337513,0.007366643164441498,0.006678764110978852,0.0069587324977213386,0.009321139561387519,0.018331397768067744,0.0559633303074344,0.15428687739444386,0.1385400987698917,0.10408381286571428,0.08378292235003924,0.07273309485271238,0.06729219854633778,0.0643401746211707,0.0627799513226761
4153.1,150.58847467964125,101.0,0.01115121742694538,0.010685195793555513,0.009736414204172407,0.008516255205236163,0.007395313002792684,0.006765065924738255,0.0070918088120172015,0.009521108088476662,0.01868003228466237,0.056659359808893806,0.1550037365247042,0.1386790277577475,0.10464997178241528,0.08450481484852149,0.07343298277284142,0.06793084384790735,0.06490700388967732,0.06330459397323294
4153.2,153.609534096489,101.1,0.010798946032507552,0.010385757520739586,0.00953723129295981,0.008432906495152454,0.007409845196484287,0.006850151989278112,0.007236037056673782,0.009749342398991334,0.01909540190562471,0.05750428259010314,0.15561689841990753,0.1386349322896908,0.10489347151311094,0.08484782002348906,0.07376921971013134,0.0682412857970782,0.06518319815730496,0.06355994623707821
4153.3,156.64087043537273,101.1,0.010651868079585234,0.01026343369436044,0.009463727459091088,0.008419387615432464,0.007452689755918054,0.006942888431941967,0.0073873167888550036,0.010013350376924609,0.019673479611044372,0.05901970719741355,0.15670251043258465,0.13850146690454304,0.10486160601226993,0.08482067269997269,0.07372629990684333,0.06820495754764476,0.06515388147097251,0.06353277812328711
4153.4,159.67192635702466,101.2,0.010222622831833214,0.00988896242052886,0.009196218382231645,0.008281271289806715,0.007430404685802332,0.007008375160791522,0.007525633633507334,0.010246461833229243,0.020101816983549334,0.05985269273899081,0.15709484153696682,0.1383948607118037,0.10486035279068237,0.084785093542792,0.07365531976663224,0.06813527922046642,0.06509379416521094,0.06347742958578426
4153.5,162.69326711904628,101.2,0.01001854079389846,0.009710987712742267,0.009070911950101013,0.00822313372655099,0.0074378833766834225,0.007074168123126396,0.007655174822991479,0.010489190173255706,0.020652392078158815,0.06132194068785385,0.15792502996520352,0.13820094516005288,0.10479058869933468,0.08474026935820689,0.07361037843755759,0.06810019646877594,0.06506500792351859,0.06345052129128863
4153.6,165.72432304067362,101.2,0.009792840078847474,0.009511591786679454,0.008924872989077594,0.008145800564078891,0.007428280435751192,0.007124493031466142,0.007768893974963148,0.010711477208735554,0.021167965383607015,0.06271606767208567,0.15861681764252625,0.1379266067534514,0.10461724085049773,0.08461780649541993,0.07351283617020553,0.06802216344801484,0.06499762647687246,0.06338753545912149
4153.7,168.74566380269525,101.1,0.009754092105951344,0.009478020371033154,0.008903264299200216,0.008142698849746,0.0074491098525562285,0.007176760348130067,0.007873370627610218,0.010938440671143775,0.021785567360932703,0.06461383237128582,0.15944620842604149,0.13754720057491074,0.10431449805044818,0.08436744785271164,0.07330778841836282,0.06785348925691058,0.06485092353805429,0.06325084081742643
4153.8,171.77671972423082,101.1,0.009472503241419431,0.00922489395726382,0.008708205350063577,0.008023227271668201,0.007404841485101297,0.00719818551142743,0.00795988250527321,0.011126932174176459,0.022233563026464176,0.06574602830796641,0.1595093120418785,0.1370885067286891,0.10401473269967941,0.08417885389024705,0.07318852298940079,0.06776547116316681,0.0647736082103871,0.06317797879638509
4153.9,174.8080560632309,101.0,0.009395158599671195,0.00915395844921821,0.008651894845398283,0.00798928450175593,0.007399197914743685,0.007228014869245136,0.008045152032658593,0.011337421449819255,0.022833464181201114,0.0675025492093499,0.1597266686171251,0.13645088832102623,0.10353816682519135,0.08384905154557598,0.07296084881899786,0.06758726563203979,0.06461678473710858,0.0630310570475698
4154.0,177.82911548007866,100.9,0.009287473344440153,0.009054403442287032,0.008570525185487007,0.00793502786985743,0.007378020978324786,0.0072461657116980275,0.008121217071138173,0.011538955334506537,0.023411358591991668,0.06908241750279573,0.1594833587034295,0.13563488733903228,0.10294933486977102,0.0834415028035836,0.07267000123947637,0.06735050107041518,0.06440645904174777,0.06283442213206115
4154.1,180.81454677216723,100.9,0.009064249836596476,0.008848889911753742,0.008402476774193736,0.007818671614599353,0.007317821945497099,0.0072417429914609565,0.00818192573633724,0.011716735470503503,0.02390046469262329,0.07023958515391071,0.15890936057537966,0.13503077508430647,0.10262598809287517,0.0832590208557616,0.07255737528989245,0.06726340841028783,0.06432809329424859,0.06276066498821722
4154.2,183.78999631798828,100.8,0.009062358946800292,0.008842899743809755,0.008390378453107104,0.007803448898853597,0.007308413227591919,0.007253638563261016,0.008246256263288036,0.011923941284000872,0.02457261835124242,0.0720898888419785,0.15851855386411257,0.13464270334500564,0.10266482977117551,0.08344701188851125,0.0727791352324734,0.06747527066564812,0.06451535210106803,0.06293340001895274
4154.3,186.7748413726867,100.7,0.009016919761068781,0.008796784876230472,0.008344979593698348,0.007763465510857575,0.007281951634168878,0.0072534765625310825,0.008300056346490297,0.01211778591875545,0.02521620321112078,0.07378778815444602,0.15790962643706435,0.13417799000864433,0.1026072194925309,0.08353158605689806,0.07289987000088248,0.0675926744146882,0.06461807904069725,0.0630278806210472
4154.4,189.7502909185641,100.6,0.008955477468627784,0.00873594012401873,0.008287248945367491,0.007713859653147164,0.00724779010149639,0.007245898786057481,0.008344358285810302,0.012295863491112847,0.025824089496411802,0.07533742364517776,0.15736059018121004,0.13409182229716896,0.10289193866308727,0.0838751192884181,0.0732239857510301,0.06788597687411217,0.06487784959603003,0.06326854765346736
4154.5,192.73572221065268,100.4,0.00912117008728189,0.00888143467931173,0.008394600747370832,0.0077777546268043285,0.007279753764276134,0.007271611249055677,0.008409699259105384,0.012522875596104882,0.02665259958608434,0.07766735588236263,0.15713293673378342,0.13393526167071526,0.10306008979190309,0.08409607510822031,0.0734390678242416,0.06808605154692514,0.06505634664528277,0.06343378463998224
4154.6,195.71117175647373,100.3,0.009040683827044755,0.008804507074885818,0.008326302459661764,0.007723701798715562,0.007245438742445363,0.0072647422934904015,0.008450891123654507,0.012684765763716944,0.027195566331456242,0.0789067730196982,0.15659487322497295,0.13394481966570687,0.10328807225420325,0.08431675161932713,0.0736394457115371,0.06827021116064884,0.06522077746406732,0.06358614571010604
4154.7,198.6960168110559,100.1,0.009175799277828994,0.008923933685368817,0.00841652861967402,0.007781511068203449,0.007280915941098769,0.007299462742961811,0.008524847097058714,0.012907703392119257,0.027952964850988134,0.08082441104914528,0.15639525303840432,0.13385358530693095,0.10334976159504357,0.08435846403890156,0.07367204260447191,0.06830565086880323,0.06525469235644665,0.0636175822276944
4154.8,201.6714663570495,99.9,0.00933432411267039,0.009065552755541391,0.00852674064307584,0.007856874182718101,0.0073320057114254576,0.007348688184139369,0.008613286293273424,0.01314646015313117,0.028722716602965964,0.08267500805980432,0.15610127028708445,0.13343595011712509,0.10300645979533887,0.08402967346477115,0.0733909538501481,0.06806788383149102,0.06504662540050422,0.0634242260772391
4154.9,204.65689764913807,99.8,0.009255548420130861,0.008994321305116302,0.008471513114365314,0.00782408803940092,0.007325271384126525,0.007372855821113019,0.008685855526535098,0.013329782778003474,0.02920733993074074,0.08349218104814489,0.1557249303811832,0.13344626084297392,0.10306661214371413,0.08402236063121778,0.07336672805373212,0.06805014356381314,0.06503355206925263,0.06341226301892423
4155.0,207.63175899041244,99.6,0.009422607820542717,0.009146754835484515,0.008596997212157098,0.007920139639556258,0.007401967005888411,0.0074516671319686785,0.008807311576221194,0.01360067133318636,0.02995981181322854,0.08506489455648886,0.15555356106557713,0.1331227577334312,0.10275105821888236,0.08367481620355156,0.0730480129641261,0.0677746180986103,0.06479277724698058,0.0631889103210535
4155.1,210.5267546726295,99.4,0.009484797129174938,0.009206095205496824,0.00865210130398705,0.007973061350329921,0.007459338089946028,0.0075267846615647265,0.008930022972812328,0.013854530522331028,0.03057977991971013,0.08614883958728771,0.15534005923451166,0.13287151570279698,0.10250350210303803,0.08339324120572972,0.07278800092338547,0.06755001716575046,0.06459663485396923,0.06300695386237007
4155.2,213.42175035484655,99.3,0.009352246410943076,0.009090970308792065,0.008571752752766365,0.007937251511751214,0.007468689520298881,0.007580212095510054,0.009037944787733856,0.014058650399475988,0.030954430122030894,0.08643774865979499,0.15509485671400186,0.13299401981267164,0.10257695020129061,0.08332965252674081,0.07268175957647635,0.06745220500290025,0.06451347676935873,0.06293051723297617
4155.3,216.3167460370636,99.1,0.009422428683774154,0.00916022893264404,0.00864034300004076,0.00800778425216895,0.007547385317899885,0.007680085571996456,0.00918931342861917,0.014343348339510172,0.031584635414360886,0.08753176014915078,0.15502236679448936,0.13314083480615777,0.10279100302502332,0.08347751401080733,0.07280481461481407,0.06757230035553638,0.06462343050191767,0.06303228917547905
4155.4,219.22172452225666,98.9,0.009519322698384602,0.009254729708742462,0.008731330346334592,0.008097272174595745,0.007642184827909874,0.00779490672596311,0.009357588329742912,0.014652837029497498,0.032251803404292526,0.08861599325354272,0.15511485080204002,0.13320799343124157,0.10289531204782024,0.08352306916047648,0.07283144497755407,0.06760249509549235,0.06465381986809889,0.06306056722021626
4155.5,222.1167202045284,98.8,0.009370197306665154,0.009127286164917519,0.00864712747772482,0.00806848218923933,0.007669555211441557,0.007876584943540665,0.00950378375442526,0.014900918676903336,0.0326315717496919,0.08883165808125365,0.15531872559117046,0.13401678314841947,0.10380891884893538,0.0843066126995117,0.07350466223627752,0.06820535631557541,0.06519162468455374,0.06355974752423231
4155.6,225.01171588674546,98.7,0.009220100687535288,0.008998971906243347,0.008562741058928784,0.008041423156969188,0.007702073719321082,0.007968362566048956,0.009667219118517398,0.015176905392203949,0.03304982819145647,0.08908448608655503,0.15546791777896304,0.13475305579177072,0.10467610551865772,0.08504268251288559,0.07412504917500293,0.06875636267040716,0.06568266675651266,0.06401561067881142
4155.7,227.90671156896252,98.6,0.009088993222084315,0.00888807895179831,0.00849320733991026,0.008027177670664572,0.007747427859311664,0.00807600845454223,0.009853732074721745,0.015489380004204802,0.03352141461819953,0.0894161829837542,0.15582684683189496,0.13584246514282797,0.10599721195410637,0.08624115297371424,0.07517203833630352,0.06969041236166637,0.06651203120374291,0.06478465427591958
4155.8,230.80170725117958,98.5,0.008950489694079196,0.008776403741373546,0.008432175096874581,0.008025359607249682,0.00779252094393354,0.008135206101935648,0.009939401272379347,0.01618515323491792,0.038173198082530675,0.10074749593185722,0.15138225367834646,0.13451073863665197,0.10811276991519388,0.08874147766891138,0.07695977548794841,0.07085810196384625,0.06742167697307343,0.06562411753159587
4155.9,233.69613292825758,98.4,0.008811414593791743,0.008657409316831724,0.008355504183543156,0.008007700808509988,0.00784160365040114,0.008258143705752344,0.010161535373053738,0.016556275283154145,0.03857009210969256,0.10073524350331693,0.1516205136685697,0.13537140147957222,0.10925913990698634,0.08987921867907094,0.07800323459367171,0.07179971347929644,0.06825358671675526,0.06639169883686204
4156.0,236.59112861047464,98.2,0.008862733392191607,0.008713894799018759,0.008424630558898577,0.008098477991340643,0.00796529263343216,0.00843498719362809,0.010437239187587934,0.017025573872531213,0.039257025040055606,0.10130144132216183,0.15182692146925963,0.13565786003377356,0.10974701893765747,0.09045965105295171,0.07860481665029187,0.07237681652816051,0.06877247818383946,0.06687243635314959
4156.1,239.4032808111083,98.1,0.008692953203517205,0.008566023266997694,0.008323459232410577,0.008063661327958516,0.008007498992118377,0.008564285378845727,0.010683622968086032,0.017442637248169177,0.03971821287300282,0.10124309058408362,0.15150161477192076,0.13560874361205186,0.10999446276594811,0.09088134256022405,0.07909018023234426,0.07285537903690843,0.06920841974236773,0.06727798311920907
4156.2,242.21505960760453,97.9,0.008738125040130393,0.008616754328529565,0.008387660883888102,0.0081512511957797,0.008131805919878131,0.008749552299285257,0.010981489378497725,0.01795245688485787,0.040473302849174296,0.10178602754579556,0.15132104697205617,0.1355136151325289,0.11021948875780567,0.09130133778482083,0.07950972065139653,0.07322897569223843,0.0694938572041999,0.06754079193280307
4156.3,245.0268384039513,97.8,0.008541477134792483,0.00844256186503904,0.008261869225989253,0.00809570899971727,0.00816028339134728,0.008875900379400975,0.011240622983973292,0.018402506385554716,0.04099081383357385,0.10165296422719264,0.15065751831023808,0.1350519646565145,0.11005547064831196,0.09138016610334543,0.0797153371107913,0.0734656870797986,0.06971801112899088,0.06775123186516997
4156.4,247.83899060473772,97.6,0.00858075944231827,0.008487426020511486,0.008320666619985647,0.008179445501100493,0.008284020192114707,0.009066406003700825,0.011557080539225283,0.018964950340727003,0.041874314774798624,0.10222918783763563,0.1501434404275639,0.13449022876912115,0.10974811096781167,0.09130274822722033,0.07977082771825693,0.0735591723601205,0.06980398019791179,0.0678296052424018
4156.5,250.66076309727438,97.5,0.00839785717376677,0.008324468462928588,0.008201481046856076,0.008126003681516215,0.00831361038089637,0.009199819428000898,0.011840925849859744,0.01948068536473963,0.04255023880658256,0.10223261973639357,0.14945986927522217,0.1341877032106895,0.10977886978165875,0.0915205298658053,0.08006632689377902,0.07385913866744742,0.07007691550650427,0.06808342071673153
4156.6,253.47254189377063,97.4,0.008208729197398663,0.008154689849821619,0.00807468431821273,0.008065138847488107,0.008338573163123886,0.009335635074527629,0.01214023647196875,0.020029547784711835,0.04326681279534568,0.10219436209924314,0.1486129927494905,0.13368685374327785,0.10960243907584698,0.09155986570618824,0.08021713522761745,0.07403781265994347,0.07024642844111142,0.06824266025723745
4156.7,256.2843206901174,97.3,0.007993248158926504,0.007959016767350476,0.007923416235469305,0.00798316525334377,0.008349030710346312,0.009468332596271112,0.012454378203017825,0.020615388413775873,0.04404214746915975,0.1022462243613814,0.1479485286946206,0.13349701441754896,0.10976204075680991,0.09188695174010329,0.08060224365141906,0.07441411491164954,0.07058607958597095,0.06855820561501129
4156.8,259.0964728909038,97.1,0.007998971103541256,0.007972029341429649,0.007954681155966249,0.008047827192621102,0.008469111179895369,0.009683267215657437,0.012847415710918167,0.021340279778201923,0.045173789325591594,0.10292621465249158,0.14749933694786085,0.1334178291225679,0.11009061695921261,0.09238178594705015,0.08112650332831259,0.07489703608536646,0.07100247951237289,0.06893873937786907
4156.9,261.9082516872505,97.0,0.007793084190145572,0.007784217931725623,0.007808303209763265,0.007968786446910193,0.00848573512978996,0.00983650967034151,0.013214526093394201,0.022024915207769384,0.046076474622554695,0.1031048502025738,0.14708584401530408,0.13375980760496237,0.11087671898599345,0.09325059419347424,0.08194114689625968,0.07562308715685973,0.07163469609909712,0.06952013806698681
4157.0,264.72003048371363,96.9,0.007572025464602594,0.007580706196006904,0.007645518240751107,0.00787376074990499,0.008490412442061461,0.00998933657761436,0.013604405163883688,0.022759684850183936,0.047039434506145214,0.10336993631611255,0.14693064532058478,0.13460254714181838,0.11226253658414788,0.09465668533205857,0.08319435170677242,0.07671334087114838,0.07257589968082165,0.07038366599861437
4157.1,267.47010321002824,96.7,0.0076002958587409524,0.0076147720530762636,0.0076951499786627325,0.007954933874811058,0.008630509937014539,0.010242010718021891,0.014080699098258018,0.023646593942427054,0.04843224239541441,0.10455680322658431,0.14742898160038836,0.13583453282844662,0.11390086890016708,0.0961397856347793,0.08441345041948269,0.07772512942693277,0.07341834836671433,0.0711464083676781
4157.2,270.2301213259193,96.6,0.007418343482356695,0.007447109058348122,0.007561480002414725,0.007880544764286198,0.008649803144464065,0.01041339014120068,0.014512822135441614,0.024469747931336973,0.049575420462827174,0.10524974375017533,0.14774260775866951,0.1370262665396104,0.11550147461902471,0.0975862260913227,0.085605739146063,0.07872486098743972,0.07426374442892181,0.07191611495795876
4157.3,272.98013950767654,96.5,0.007270630850324559,0.007311494453465207,0.007455227706144383,0.007827311241312243,0.008684523175011652,0.010598886031716147,0.014966900567228204,0.025332730856318875,0.05081125076559054,0.10618917504619871,0.14819662388587304,0.13804303651538483,0.11675704279366875,0.09864128538546421,0.08642877097249158,0.07939746004346684,0.07482267717067563,0.07242143724553006
4157.4,275.740157623571,96.4,0.007112571800150708,0.007165378726138221,0.007338317093009288,0.007763828458700789,0.008711161940646833,0.010782170871721333,0.015430565881695477,0.02621137565827298,0.05206146066882597,0.10713411280407752,0.14842162344074403,0.13856143789945063,0.1174140992705577,0.09916229124040368,0.08684155630326294,0.07974603955634928,0.07512981697827699,0.07269756567913642
4157.5,278.49017580532825,96.3,0.00698335039381121,0.007046817137227359,0.0072463375352912,0.007721802905624887,0.00875654989396874,0.010986114117182982,0.0159215268309515,0.027116859746298495,0.05333334732870759,0.10805767651647814,0.14855864871554683,0.13887052857778812,0.11785143830540028,0.09951365101953184,0.08709425937495306,0.07995590171258596,0.07529440166963615,0.07284936308733944
4157.6,281.2502482681512,96.2,0.0068426626206310095,0.006917045972758232,0.007143569587164011,0.0076700797947756635,0.008795620574064448,0.01119109983901484,0.016422860383618957,0.02801705538216054,0.05455702227325094,0.10884660981987442,0.14825235601588146,0.13854220014949956,0.11768481572740884,0.09940684231843717,0.08700763930410133,0.07987316416980039,0.07521163370405484,0.07276895337141365
4157.7,284.00026644991186,96.1,0.006711268951481581,0.0067962502636457495,0.0070492126317140405,0.007626532749874587,0.00884444982497883,0.011411074762885255,0.01694413838060412,0.028919584836516455,0.05577066048662171,0.1096880622463492,0.1479615535972127,0.13795897009510005,0.11707767889356854,0.098845499910383,0.08652695676237904,0.07946269258246001,0.07485616033412576,0.07244137294580688
4157.8,286.7602845656865,96.0,0.006611060256714766,0.006705865536799484,0.006983704101118446,0.007609930920843462,0.00891916612378348,0.011657782412036504,0.017489399353486118,0.029822508086491704,0.0569610730204171,0.11048809917449035,0.14755674628130921,0.13719900228080187,0.11628939657633394,0.098130988827571,0.08592375265501757,0.07895518098200252,0.07442302283974056,0.07204462226244877
4157.9,289.51030274744375,95.9,0.006509807647479389,0.006614272938760659,0.006916702811348166,0.007591809143256801,0.008993666189949994,0.011907701167057508,0.01803552257810248,0.03069451852273604,0.05809194081271357,0.11126707128534054,0.1471214513572881,0.13621823666216698,0.11512770255918311,0.09701649166658999,0.08496153565415812,0.07814359521905691,0.07373476065738935,0.0714156142155673
4158.0,292.2703208633348,95.9,0.0062700183575599665,0.006385521883262933,0.006715577789701645,0.007445132411093015,0.00895128432515307,0.012065136061286136,0.018514313437867396,0.03142765703436998,0.05889295721712579,0.11159151428561849,0.1464502896685285,0.13506227778718233,0.11381146262831017,0.09579914660836258,0.08394171583155714,0.07729438765969741,0.07303371060716413,0.07077789641944386
4158.1,295.0107770297294,95.8,0.006210430800155894,0.006334088117522426,0.006685510490391802,0.007459227117770263,0.009052756725584461,0.012336945787436578,0.01905952699335892,0.03223035340479814,0.05990776811604466,0.1123088178858539,0.14602871333234937,0.134143827766493,0.11280871173031022,0.09488841716668375,0.08315786656864234,0.07662108452623402,0.0724417534454206,0.07023264436471711
4158.2,297.7514338854007,95.7,0.006171858127064479,0.006303165543268451,0.006674866081885409,0.007491189332948995,0.00917058057710551,0.012622568084471895,0.019605154841987132,0.03299679135095065,0.06084730457137247,0.11294542323733452,0.1455583801987019,0.13329167016607707,0.1119517052913144,0.09414418660509527,0.08254675911934847,0.0761108122178203,0.07200485203270393,0.06983133224204746
4158.3,300.50208835298884,95.5,0.006345836343591696,0.0064835519475370815,0.006872990162537954,0.0077272212636728625,0.00948064419307232,0.013065580807621949,0.02024284189658013,0.03386929289208291,0.06207710892175268,0.11404036777961297,0.14528919233911408,0.13268936336982687,0.11150115482509103,0.09387011926499454,0.08239274166789416,0.0760038429199841,0.07190565500792799,0.06973553840634655
4158.4,303.24254451938344,95.4,0.0063377280795456365,0.006483491590354561,0.006894322064670627,0.0077935367997363355,0.009636612743841725,0.013389126115058755,0.020794423661434806,0.034561453221070716,0.06287186031494883,0.11456642491584947,0.14509772675348354,0.1326227405970929,0.11169829308096067,0.0941865057613399,0.08273956132993769,0.07633009200639021,0.07219118627526826,0.06999828873467348
4158.5,305.9832013749383,95.3,0.006342689766443865,0.00649675280876853,0.006929670522021822,0.007875398521212293,0.00981076582171791,0.013731652599141626,0.02134814702799175,0.035219515999638434,0.06361660240476727,0.11506741704868415,0.14500960249235825,0.13280799693891215,0.11222481295072634,0.09482829737086931,0.0833761439727339,0.07690712087099438,0.07269219038739703,0.07045908872194699
4158.6,308.73365588284685,95.2,0.006379588826062526,0.006542149420813336,0.006997735507295117,0.007991195743892088,0.010020217168044934,0.014106121369963354,0.0219125655355284,0.03586407852198244,0.06434182596423871,0.11556591342015506,0.1450666487481677,0.13328016203505014,0.11309022783918454,0.09579376128619903,0.08430077460552668,0.07773406727387727,0.07340740704654262,0.07111687953377627
4158.7,311.4743127384017,95.1,0.00641391826992914,0.006585112820346104,0.007063717057571221,0.008105745048965074,0.010229880802887427,0.01448028656283323,0.022462964976556272,0.036476271106684666,0.0650476224385866,0.1161187087987751,0.1452785543568743,0.1339232685154495,0.11409528384430873,0.09685691788819557,0.08529747596217387,0.07862109042920165,0.07417620110661968,0.07182619141572377
4158.8,314.21496959397695,94.9,0.006660963461705117,0.006840903856960088,0.007342905177893078,0.00843256701052853,0.010640782373521519,0.015010431826775989,0.023096928206857194,0.037225786407039996,0.0660962979950494,0.11710957578719465,0.14554645687719056,0.13433845963021052,0.11475674701252044,0.09757201855712672,0.08598786778673721,0.07924414452378932,0.07470949739467966,0.07231605031108304
4158.9,316.95542576037155,94.7,0.006961624117668759,0.007150603500727346,0.007676845415579876,0.00881340709811295,0.01109899775846846,0.015563375497912715,0.023732582181248997,0.03799846507669256,0.06720468184989913,0.11812566513262203,0.14599367887229575,0.1349774789215288,0.11571735016428464,0.09869402715719813,0.08718751081833222,0.08051389948417324,0.0760104719284979,0.07361732922656364
4159.0,319.70608022793937,94.5,0.00727726777956794,0.0074745299810447365,0.008022742885695253,0.009202226238233998,0.011558500032895744,0.01610976229123832,0.024347010066299,0.03874906993942004,0.06829692377554673,0.1191584464639273,0.14635598802589334,0.13539795122770049,0.11620038393487161,0.09914084737649421,0.08761039795280655,0.08089908865947573,0.07635447241487191,0.07393002487307405
4159.1,322.4669677664119,94.3,0.007451434869320996,0.007667690018835465,0.008296667293087439,0.00977207913436873,0.012937365942530261,0.01900977093610565,0.028908124560448844,0.04515552231613993,0.07479916037025187,0.11590794260685373,0.13530104272698634,0.12515418376028306,0.10560276093309144,0.09205007862378857,0.08620764341298731,0.08093254379914738,0.07598498654811595,0.07335534374008892
4159.2,325.23812276029355,94.1,0.007973907893001638,0.008192698673354473,0.00882697533226202,0.010293660171993685,0.013394136808900057,0.019298846621760166,0.029077244549568296,0.045506900685963296,0.07563232344768406,0.11692675331731486,0.13582453438788503,0.12527621838864952,0.10551298006890895,0.09216303424464095,0.08639760624106255,0.08105289114373189,0.07613626432967764,0.0735369009413149
4159.3,327.9990102987425,93.8,0.008801774699136684,0.009016927112786377,0.00964018556151705,0.011049104312282742,0.01399327320124719,0.01960093470258727,0.0292322552684755,0.0459777777978956,0.07668672401034374,0.11818953752747227,0.13649648334886935,0.12521259114804878,0.10506641762471369,0.09232178272956904,0.08677003715840619,0.08115972036298306,0.07629482704081382,0.07374687485925259
4159.4,330.7598978372151,93.6,0.009395850960327065,0.009610060618859235,0.010227643922469913,0.011616236956425038,0.014496017006403471,0.019983500762084307,0.029546455313196728,0.04642030739764442,0.07737195587716625,0.11870905645199838,0.13651232236408956,0.12505605020336877,0.10499348028364211,0.0924307120109069,0.08687648341699002,0.08127473050570476,0.0763994711562142,0.0738358707609552
4159.5,333.53105283098034,93.4,0.01006290321028909,0.010274227949862385,0.010881714289630634,0.01224412275701884,0.015055668896072575,0.020429236122956978,0.02993336247072062,0.046917534233657916,0.07801469720411945,0.11905259424460028,0.1364488175929386,0.1250984917407717,0.10530507595651427,0.09290450892754132,0.08728872073153045,0.08164166037518032,0.0767223893573299,0.07412677755791869
4159.6,336.2919403694529,93.3,0.010377889240545364,0.01059884709568439,0.011229988430303083,0.012636947907746119,0.015510313144704649,0.020939929687852542,0.030456396241715953,0.047388957681915485,0.07821831689625294,0.11870243677073013,0.13617200969001714,0.12525546697417664,0.1057158918955429,0.09337844247370672,0.08769615493817773,0.0819954489128965,0.07703073925503776,0.07441130260420417
4159.7,339.05309954633196,93.1,0.011115048535267765,0.011334302806265089,0.011959001180529708,0.01335128522897446,0.016182682518007755,0.021542475341329886,0.03102259730726479,0.04799643803335887,0.0787636218386841,0.1188145160939181,0.13607658890600943,0.12525154842369113,0.10585202350884701,0.09365556950560737,0.087943895239755,0.0822120308968906,0.0772240675555411,0.07458633583994527
4159.8,341.8239838817048,92.9,0.011874821884533836,0.012093162852251468,0.012713945183226152,0.014100144218443357,0.01691014493610338,0.022232602980821817,0.031691204909460424,0.048657079864046125,0.07921072457714819,0.11882501310694046,0.13609323027272055,0.12522257170249293,0.10570483577949516,0.09357490350719064,0.08788232885048694,0.08216280371646745,0.0771860192091869,0.07455162791735072
4159.9,344.58487142017736,92.6,0.013207509694784961,0.0133935031261706,0.013952328976405085,0.015231127701389215,0.017885894308834027,0.023034731907851807,0.03242885630990821,0.049485907641796105,0.08011983608979281,0.11931369821461234,0.1361721670482373,0.1249918805159346,0.10521105876586177,0.09310748410984461,0.08741731457554419,0.08186303498520915,0.07692545229606329,0.07430187182572702
4160.0,347.356026414059,92.4,0.014173958540089444,0.014354357150166313,0.014896322802216451,0.016153387488636456,0.018776089053672628,0.023896833923354253,0.033279691287953106,0.05028588954963285,0.08052099618893602,0.11919433113957974,0.13624225446712582,0.1248563873685705,0.10454406579814855,0.0925620334279701,0.08709412898632624,0.08148625216071281,0.076584179628569,0.07406170716952469
4160.1,350.1561871236656,92.0,0.016494271836599756,0.01657079672580136,0.01690171551882834,0.017846567768074084,0.02010394435762308,0.024899902904908792,0.03421954622834897,0.05142360632891605,0.08183452281684273,0.12002357255104817,0.13647676881351267,0.12435170302673297,0.10343868235418864,0.09162896871647963,0.08626567454770255,0.0808479764650871,0.07603288987041236,0.07354965013921218
4160.2,352.96634726150006,91.7,0.01856069907623964,0.018534537128984865,0.01866628321153039,0.019349740069328745,0.02134144730845841,0.025945115185678727,0.0352243003482049,0.05246022671463003,0.08266333900749216,0.12026069382025054,0.1365748805735611,0.12420274864975796,0.10284606405112835,0.09119368460143372,0.08592596908674673,0.08053452243132893,0.0757780320692683,0.0733435136567822
4160.3,355.7765073992281,91.4,0.021069477821326576,0.020879672121180182,0.020705652005880475,0.02101723718826594,0.022668026746764092,0.02705098701792621,0.036287358943499354,0.05354728358342557,0.08352278316742254,0.12042173548339358,0.13662838417171505,0.12437031157139898,0.10274226749439806,0.09117529040526015,0.085954076077375,0.0805650341097886,0.07579290001502607,0.07335209076403694
4160.4,358.5766681089511,91.1,0.024028371602087015,0.02359635369388526,0.022984186620736126,0.02280526191469703,0.02405027675027297,0.028196997634038008,0.03738065784693589,0.05465689404171986,0.08430782734399558,0.12044444372002261,0.13674553711245685,0.12502009707079495,0.1034657090909695,0.09198028400904924,0.0866688640542859,0.08116790395645326,0.07631470401602641,0.07374758525343404
4160.5,361.38682824679546,90.8,0.027481621026848285,0.026693932561080054,0.025482645499406438,0.024684002921241198,0.025468415970257306,0.02937732167173365,0.03851001051224903,0.05574809569020461,0.08503575678996095,0.12029792647233024,0.13671326838679046,0.12597734656634785,0.10476976129054281,0.09324839142105251,0.08777280771817889,0.08211132906014097,0.07714869527595278,0.07452876292890646
4160.6,364.19698838451353,90.5,0.03136591157372636,0.03009303154959919,0.028116795188821826,0.026600797115338252,0.026914308096512442,0.03061050306472232,0.03968218530828395,0.05681315338678357,0.08563634509108495,0.1198978977821357,0.13644468150531747,0.12692202346283177,0.10623321839244244,0.09463113406266453,0.08896978970264299,0.08313943687837101,0.0780448331860636,0.07536019154455151
4160.7,367.0071485223579,90.3,0.03483205379352306,0.03309417351859233,0.03043501636383869,0.028347007632756525,0.028360680234489333,0.03198797426745035,0.04109177643738044,0.05835987911607775,0.08754288875859012,0.12213134620744523,0.1410575362600681,0.1376822741603905,0.12154646768269156,0.10476420576502356,0.09342587734451589,0.08632332442331822,0.08104556062840086,0.078178721638852
4160.8,369.8073092319645,90.2,0.03752981986965756,0.035482741260334294,0.032378499102135264,0.029921048782485825,0.029729088402180335,0.03326557960408135,0.04222631351400266,0.05910501699276224,0.08737467769660043,0.12072608395494476,0.1401810572991347,0.13859977951883665,0.12345796141211604,0.10673506414099572,0.09517512508734487,0.0878271573972457,0.08234341451738629,0.07937437571983755
4160.9,372.61759391510907,90.1,0.040439340140358125,0.03803903483042903,0.03443898270242051,0.0315813670117714,0.031170483371915247,0.03460592854332853,0.04341127270378286,0.059904582450856565,0.08727118344246325,0.11939889266406745,0.13923854755414208,0.1391854242480181,0.12483056399445422,0.10810102445112613,0.0963550858741132,0.08883373427980827,0.08321209369770367,0.08017462317507268
4161.0,375.42775405282714,90.1,0.04210016171382569,0.039650202130085535,0.035979545170630026,0.033064202482683706,0.03261851120832005,0.03598518665175492,0.04454394458678506,0.060494082956323934,0.08680886250643645,0.1178168739311052,0.1381196781563489,0.13955494422627227,0.12590185530697523,0.10913316324904292,0.0972256314032708,0.08957134625239425,0.08384858344839555,0.08076098537693813
4161.1,378.26819415965167,90.0,0.04471310220692741,0.042007565123551055,0.03798552842701175,0.03479226154580152,0.03419278957745838,0.03745758702418242,0.04580953594524177,0.06131289262901529,0.08665176231054451,0.1164203766560398,0.13680647828198347,0.1393311923308226,0.12622675719279433,0.10944056565637932,0.09744573145843245,0.08974455646682168,0.08399769052029966,0.08089886824263759
4161.2,381.10847583579186,90.0,0.04574633134781358,0.0431597973994552,0.03932307324238042,0.036328075057875026,0.035856062484761225,0.03902448247786154,0.04688589193258833,0.06135456711496704,0.08486251322657556,0.1128754334331904,0.1320351292012597,0.13055089102220097,0.11166885972915741,0.09883526613133421,0.09251449356300659,0.08622289299034998,0.08074130664063835,0.07785898358906831
4161.3,383.94891594250004,90.0,0.04692036306418125,0.04448235651466721,0.04084055796264711,0.037981192846806885,0.03754544030544001,0.040606054665322966,0.04815099388218779,0.062072215880720615,0.0846136384543173,0.11156079825613242,0.13070100201749213,0.12991257823782135,0.11109905078707494,0.09816795827762634,0.09191186209793735,0.08571073292241545,0.08029478672668963,0.07744868733368183
4161.4,386.78919761864023,90.0,0.04801139975781159,0.04576270291964451,0.0423728843207784,0.03968819887796034,0.03929175510029863,0.04222200024590109,0.04944206246269323,0.06284519485735132,0.08447861831941882,0.11040928120626617,0.12944962122771653,0.129174726370945,0.11034675681909466,0.09735425376501464,0.09118757117140786,0.08509176993176107,0.07975395324223612,0.07695015420250016
4161.5,389.61963928036073,90.0,0.04900023948056308,0.04697587162440626,0.043890135776026795,0.041418284391032505,0.04106576811561704,0.04384949348623623,0.05074952190778052,0.06367459673323009,0.08445855232037953,0.10938746358237625,0.12816914584702102,0.12822964153924188,0.10944360748517287,0.09645357135447341,0.09038569550679156,0.08440447154999808,0.07915213183207229,0.07639412311048945
4161.6,392.4599209565009,90.0,0.04985328450182098,0.048083041368989735,0.04535058274281214,0.04313373101300566,0.0428377801192558,0.04546759158474066,0.05205385306414343,0.06451812496255967,0.08446222424671283,0.10835084156119588,0.12672606529963779,0.12708684414070257,0.10845820020221535,0.09550032781586619,0.08952714591673408,0.083668953749318,0.07850683002849168,0.0757970323154769
4161.7,395.3002026326411,90.0,0.050556941936789376,0.049062739135576,0.04672559813744049,0.04480597134684441,0.04458723754894986,0.04706899715227568,0.053354470786152304,0.06536471548771725,0.08447611208631166,0.10737557726522932,0.12547606851126678,0.12634801615132343,0.10807970042429826,0.09514190036827426,0.08918313489460919,0.0833749387938379,0.07824529076268007,0.07555355463370043
4161.8,398.14064273946565,90.0,0.05091115746373783,0.049747964386170455,0.047904786412310496,0.046382749068010945,0.04630674661120727,0.04865609154517714,0.05463141237624987,0.0661442616543751,0.08445812887628565,0.10648614734078532,0.1245169752280508,0.12630676447361844,0.10854755546685106,0.09557455548859642,0.08954158006567359,0.08368838562594688,0.07849478634067258,0.07577555304055392
4161.9,400.98092441560584,89.9,0.053135104925840095,0.05179806098735558,0.049699622224926375,0.047972500632379574,0.047806385161308605,0.0501307092759564,0.05602374205617973,0.06723402291709611,0.08481088242796014,0.10597834084682259,0.12401922076888168,0.12660641827160415,0.10931046640942788,0.09629286113670656,0.09014802501460531,0.08421328279466156,0.07895169632023345,0.07619747212379012
4162.0,403.821364522314,89.9,0.05335329274422114,0.05229065350616616,0.05062887053475191,0.049304218108967277,0.0493562380381748,0.051672179675144675,0.057357171927519164,0.06813038285153983,0.0849553923485204,0.10547383982694941,0.12380896490303094,0.1274348487945635,0.11061061629648154,0.09748947721178759,0.09117341610833439,0.08509316222808229,0.079715256221037,0.07690109227764697
4162.1,406.6734865393289,89.9,0.05319794539022136,0.052442793703705914,0.05129218472661786,0.05047275181568806,0.05083931070405662,0.05320937470215246,0.058714761521714065,0.06906423996968908,0.08520307177916896,0.1052076629961825,0.1239489249493796,0.12850961302772507,0.11191899977766283,0.09866919702936369,0.09220181316338592,0.08597602273798112,0.08048402696946741,0.07761298388300357
4162.2,409.53560114220454,89.9,0.052874005384399694,0.05240639579842147,0.05175939351528484,0.05148042278604673,0.05223491921127336,0.05473664763749291,0.060122704480916785,0.07010431430823998,0.08566029362081098,0.10522616427282308,0.12418797151053317,0.12914821529717313,0.11249223370136317,0.09921002459475262,0.09269511337738373,0.08639946328101378,0.08085385515238655,0.07796040967321502
4162.3,412.3877231592998,89.9,0.05238743347438301,0.052189642553250856,0.05203517318840467,0.052320491440733696,0.053522127785170945,0.05621985889836298,0.06153755384940021,0.0711980673312739,0.08623856785617971,0.10534659669544688,0.12425494244905068,0.1292300035501725,0.11248247235239367,0.09927384084601003,0.09277841742216196,0.08647243004821355,0.0809135519829268,0.07802361700916348
4162.4,415.2398451763147,89.9,0.05177103342871336,0.05182634684450854,0.05214679021964926,0.05300530797141766,0.05467975513410597,0.05762182845069067,0.0629211295607997,0.07232187649346813,0.08683235470454559,0.1053919182307585,0.12404067391233642,0.12882100892403353,0.11213974781327336,0.0991030171612459,0.09260787060569639,0.08631118626945261,0.08079831028407984,0.07789462633585122
4162.5,418.0919671933296,89.9,0.05101886683148595,0.051311775686600676,0.05209304821122972,0.05353177781457528,0.05572368091396396,0.0589529732978413,0.06426308477499983,0.0734203792252992,0.08748381319223103,0.10549180843380465,0.12365709143644882,0.1281137270430419,0.11159833532898027,0.09877941537349437,0.09232578834369097,0.0860656222779666,0.08058445472514945,0.07769300296329043
4162.6,420.9540817961694,89.8,0.05227412452402712,0.05235088696210095,0.052819981744754795,0.054073139612566386,0.056393019597180044,0.05998563082945579,0.06556949079555534,0.07473012244991617,0.0884922166266635,0.10592031903248039,0.12338420093974845,0.12718881807038024,0.1108033226104077,0.09828093761693502,0.09189716498910556,0.08569236451595102,0.0802630059062116,0.07739371175023493
4162.7,423.8062038131843,89.8,0.051156087222128194,0.05148209612479145,0.05242924999025614,0.054283524201561836,0.057154915550302186,0.061089813627737286,0.06675579110733705,0.07575564605485482,0.08915403188065368,0.1060484611306769,0.12296174361874722,0.1264908907671471,0.11041209428571465,0.09810689799355751,0.09173441333234243,0.0855506181569894,0.08014533581005334,0.07728457770675402
4162.8,426.6583258303155,89.8,0.05020138084376949,0.05069994175947121,0.052000087342035504,0.05434333117281976,0.057726726329534975,0.06204354640649255,0.06786320113994672,0.07678117632335531,0.08991010934419613,0.106375932408962,0.12281550946247717,0.1259852525861247,0.11005104128127131,0.09795068209375926,0.09160073947750737,0.08543174879281212,0.08004799568709976,0.07719417297888533
4162.9,429.5104478472945,89.8,0.04921010304199442,0.04985184153021604,0.05145783910939391,0.054252707023658364,0.058148506619646816,0.06288521345441984,0.06890820549938029,0.07780183733388495,0.09074827204062996,0.1068875906111202,0.12290927472961503,0.12565085106617016,0.10975912949070378,0.09786170467295441,0.0915369547111065,0.0853707691344829,0.07999995443222105,0.07714924611928113
4163.0,432.3725624501701,89.8,0.04818971012732086,0.04894827534862282,0.050815033406419796,0.05402006631275856,0.0584182015180162,0.06360191025614716,0.06987102882062825,0.07879736726550698,0.09166325587707487,0.10763210518141737,0.12338558461306151,0.12567099095336046,0.10967190135840324,0.09795419568438339,0.0916464220618421,0.08545606188223195,0.08007749736327066,0.07722051313317861
4163.1,435.2255258217959,89.8,0.04733472597828172,0.04815417539617471,0.05018006401617528,0.05368531009930171,0.058526193857282485,0.06417598683962174,0.07074625353947142,0.07977205761287202,0.09266639904691094,0.10865282087670249,0.12439008138778715,0.12632792033823603,0.11010845085435657,0.0985159431332623,0.09217719402414415,0.0859009642340319,0.08046686318036719,0.07757999133769253
4163.2,438.07805101886146,89.8,0.04644442059614373,0.04731377153524782,0.04947648828115095,0.053254204874145304,0.058520705017040715,0.06464461037257584,0.0715403673475366,0.08070167647733602,0.09369893550001572,0.10984790533948846,0.12575412044916473,0.12740945293228692,0.11087757795823709,0.09937104134743432,0.09296950187598862,0.08656844946510676,0.0810492487547696,0.07811703556746892
4163.3,440.93101439060354,89.8,0.04551282315121408,0.0464224531586626,0.04870123980108849,0.05272283742709921,0.05839355709839842,0.06499669185942672,0.07224402637035247,0.08157183426799555,0.09471454983022913,0.11112071968681912,0.12735364300847168,0.12883238179235104,0.11194986160761243,0.10048677944907601,0.09398844658778188,0.08742845126066981,0.08179975567694016,0.07880721098205482
4163.4,443.7839777622293,89.8,0.044345873789855425,0.045321593634387806,0.047762689805242196,0.05207716804106411,0.05818250997433204,0.06527262629099544,0.07287384905625212,0.08238636452543134,0.09571819888395397,0.11248242206670801,0.1291505041228517,0.13045469794945944,0.11314483224456344,0.10170322137313408,0.0950999317181915,0.08836132712792974,0.0826164383659524,0.07955441494337506
4163.5,446.6369411338551,89.9,0.04145847404626299,0.042733581567231935,0.0457950926432253,0.05097975386136763,0.05796616414439474,0.06562553183881124,0.07341906213704659,0.082941020180056,0.09632207648547836,0.1134232870078303,0.13062864300741486,0.13205877420309556,0.11442027402164995,0.10293748874036941,0.09619435845747507,0.0893066938226671,0.08341002349115632,0.08031412099096302
4163.6,449.48990450548087,89.9,0.04046519785155322,0.04174887558227028,0.0448568841544392,0.050201626694404596,0.05753825443100242,0.0656856447758653,0.07391518053494026,0.08367723855876527,0.09726144600274957,0.11460987218839123,0.13200279841922136,0.13303887704784684,0.1149879724417525,0.10362303920355503,0.09679562786825474,0.08984098465028459,0.0838465548898131,0.08073112144037825
4163.7,452.3528575263827,89.9,0.03944713652827943,0.04073518741045806,0.04388106252358841,0.04936536028292114,0.05702739394823353,0.06565845307189555,0.0743230962980546,0.08432978454960034,0.09807665081950159,0.11559656406870078,0.13303554565780865,0.133633220793845,0.11528073688442217,0.10402034335473428,0.09716821180067312,0.09014680559449831,0.0841170201632488,0.08096760931335793
4163.8,455.2058208980509,89.9,0.03840982213026181,0.039698805627793904,0.042872383594752546,0.04847464486031663,0.05643363750405968,0.0655349765019923,0.07464874971712783,0.08492705330742514,0.09882585873694451,0.11642380760930725,0.13371347636727046,0.13381020792407042,0.11528527207507519,0.10416057502668913,0.09730653052642492,0.09025727131987585,0.08421286904620094,0.08104957623125882
4163.9,458.05878426979297,90.0,0.03553917707306536,0.03702649410611816,0.04064764501634317,0.046976178845315554,0.05579287481394455,0.06550259744095767,0.07485547345689673,0.08517134923944943,0.09907239951382181,0.11679143870542001,0.13419600674617763,0.13422802838129183,0.11557199149812165,0.10446346731479801,0.09758093863127802,0.09049006912192993,0.08440944946228726,0.08122421174685755
4164.0,460.91174764141874,90.0,0.03454720496874801,0.036012478116246624,0.0396112346236138,0.04598746868019583,0.055043773659728325,0.06521451656608263,0.075042380110702,0.08566566915588998,0.09973728946803388,0.11752276803519357,0.13470166886617238,0.13416752469151955,0.11535401506624643,0.10439176598700524,0.09752896932134417,0.09044103297210947,0.08436690693326349,0.08118185310198209
4164.1,463.7423836123118,90.0,0.03371416855324108,0.03513835906263687,0.03867030276332171,0.045021569005860664,0.054240517493579755,0.06484779191109728,0.07518119649474526,0.08614786195277047,0.10040545979079635,0.11822516294525304,0.1351146272802329,0.1340420918212533,0.11514093805730496,0.10432102589072809,0.09747304241691386,0.09038981922250097,0.08432314962684122,0.0811396131030222
4164.2,466.5732492043991,90.1,0.031549071680406104,0.03304338543510625,0.036761387511412,0.04349691080178798,0.05331835046950708,0.06452337911327874,0.07523005139012902,0.08637807966269327,0.10072106943604797,0.11863608872144656,0.1354674627918918,0.1341631888127162,0.11516252959052384,0.10439289991678521,0.09753703717850343,0.09044506489255949,0.0843734304295662,0.08118478287118934
4164.3,469.41411174944704,90.1,0.030758800965596304,0.03219939121994224,0.03581788208881387,0.04247068361986323,0.05239474553884677,0.06402721774475469,0.0752743029509765,0.08680059190383317,0.10137273715250174,0.1193862577334722,0.13595095868176096,0.13405112090707455,0.11491221963870979,0.10428471947009081,0.09744713730418755,0.09036512649965202,0.08430713468542916,0.08112374573049895
4164.4,472.2449773413949,90.1,0.02997414968814179,0.03136176606910294,0.034879899612212356,0.04144186851070425,0.051448770028918,0.06349082320646862,0.0752778728939991,0.08718957918325715,0.10201577063027102,0.12019700172707407,0.13660265466684365,0.13417202476858053,0.11486048746431726,0.10434976781648339,0.09750728340436836,0.09041390038550907,0.08435274902458945,0.08116637319624381
4164.5,475.075613312424,90.2,0.02802460084696851,0.029434574414201425,0.03304367552146736,0.03984956455493186,0.05034783791878367,0.06298018562789318,0.07514852436182926,0.08726935993815484,0.10228658031131228,0.12077765539398756,0.13734270476642502,0.13474201653878143,0.11515988788996591,0.10464565367515231,0.0978106715311761,0.0906390504035124,0.08455285983014565,0.08137539922321724
4164.6,477.90647890437185,90.2,0.02731268457067238,0.02866819266430586,0.032164575895035956,0.03884400206142282,0.04935836675001325,0.0623393070360228,0.07502370551455,0.08753861651572353,0.10288055083823786,0.12172506457915264,0.1383698870808765,0.13532781360681653,0.1154951999129507,0.10506191466769797,0.09816653235059208,0.09094762981133304,0.084822072392648,0.08162292389969493
4164.7,480.7373444963427,90.2,0.02662960053523631,0.02793242795655218,0.03131790149761602,0.03786499531743816,0.04837034296808273,0.061661557780404636,0.07484155102574253,0.08774666110296653,0.1034262634217948,0.12269483374892173,0.1395896709341561,0.13627435885425626,0.11618262979376105,0.10578122083107398,0.09878681192290589,0.09148341141561309,0.08528686797336128,0.0820481109792512
4164.8,483.5779782285473,90.3,0.02484787400620411,0.026158188747206948,0.029582481198849223,0.03628430251691872,0.047170430386409556,0.06096779653318149,0.07450709392969868,0.08763396795433695,0.10355763206103466,0.12336254280070506,0.14087809527037967,0.13777000516210514,0.11740544008379299,0.10689706976318387,0.09975349991779428,0.09233176519725123,0.08602455758883025,0.08271443480247664
4164.9,486.4088438204951,90.3,0.024400403028764426,0.025650794302432077,0.02894150653132382,0.03544919535557121,0.04621387047394927,0.06021938406927869,0.07423532529565025,0.08776958401385881,0.10404432941424926,0.1242536043154347,0.14202193226056917,0.13884605465799374,0.11836221968684371,0.10783457698415883,0.1005594336754865,0.09303132941081722,0.08662982243325094,0.0832625708318601
4165.0,489.23970941246597,90.3,0.023890467330025693,0.025087870439570795,0.028260899350373306,0.03459883705159267,0.04526158370618567,0.059458624530997525,0.07390611011484283,0.08781054719252146,0.1044481363091024,0.12519213747408928,0.14349623071886497,0.14044849825731615,0.11976608507336138,0.10915455249172812,0.10169410119792541,0.09401419749237447,0.08748125607785871,0.08403598893490982
4165.1,492.03058741056077,90.3,0.023327686592805385,0.024479914516270334,0.027553057018066474,0.03374950522511876,0.04433769696078657,0.05872068267315572,0.07356865911714404,0.08782594283316747,0.1048378981374774,0.12613166415747526,0.1449138232379499,0.14184381703734358,0.12090799381712916,0.11024613082963917,0.10262987245646683,0.09482608323625925,0.08818708447251046,0.08467718492295173
4165.2,494.821232497303,90.4,0.021825877685492465,0.022978377236148703,0.026055468725354684,0.03233372508977773,0.04318611618350608,0.05797855186837444,0.07313542695169038,0.08755431865133895,0.10480874615921283,0.12672912862956384,0.1461847796477746,0.14335012560940755,0.12204068448956219,0.11128632657680379,0.10351681207032123,0.09554939843396759,0.08883276210407791,0.08533035981300234
4165.3,497.6218752806068,90.4,0.02139737797949059,0.022509172805656893,0.025491972987795992,0.03162596782215554,0.04236818504565462,0.05728232567800779,0.0727808367350884,0.08754481437441075,0.10525053485620714,0.1278677477272203,0.14783662753821614,0.14472244808025028,0.12299223571720909,0.11224487525694703,0.10433848635799811,0.09625470466466103,0.08944423086097171,0.08589351061304891
4165.4,500.4127532786782,90.4,0.021021902257125257,0.022095065794635806,0.02498746730273201,0.030979529146281076,0.041602964874045,0.05661411351697699,0.07242706610573847,0.0875103248529136,0.10564905071047674,0.1289315624972561,0.14932381992961594,0.14580543446328992,0.1236545967264543,0.11294793402161325,0.10493820636330056,0.09677013392271779,0.08989130850531497,0.08630492594216727
4165.5,503.2033983654405,90.4,0.020708272480730174,0.02174380339506853,0.02454714864816376,0.030394865795026246,0.0408839697421894,0.055963609683952045,0.07207701330952083,0.08748784092198783,0.1060687664992755,0.1299602755545783,0.15060786581421037,0.1465512670293977,0.12403633258688965,0.11340995585578315,0.10532813590338327,0.09710596295814314,0.09018280196162964,0.08657289052946705
4165.6,505.99427636339556,90.4,0.02045528584613799,0.021452619565838316,0.024164828459496256,0.029860736532417487,0.04019611815687747,0.055319399964469954,0.07172611681775112,0.08746518059064157,0.10648963222252283,0.13098666700395,0.15186185725665255,0.14716007889951443,0.12424906812013947,0.1137285342509376,0.1055938289743283,0.09733521457230661,0.09038161454145598,0.08675523487048939
4165.7,508.7849214501578,90.4,0.020257286992745323,0.021215809629108632,0.023835001196909077,0.029372793675168728,0.0395374763815606,0.05468066336402687,0.07137231594639402,0.08743992256922864,0.1069154103711456,0.13205083198882653,0.1532491518246129,0.14799099618783143,0.12467661677976641,0.11423628556339953,0.10602106402300093,0.09770236415837127,0.09069858494899102,0.08704579626937912
4165.8,511.58579631353575,90.5,0.01926882599605041,0.020214488582267064,0.022808035396635784,0.028338243949281517,0.03859855556075225,0.053988373371321084,0.07090521101774391,0.0871227144070163,0.10688623727172279,0.1326858304760408,0.1545068683568867,0.14903222568209884,0.12521504771789882,0.11477179390056422,0.10647756232886751,0.09809820658213629,0.09104268133836949,0.08736283493670188
4165.9,514.3764414001616,90.5,0.019088476971105217,0.019999794888837522,0.022509593132515097,0.027892734405775492,0.03798277398958649,0.05336828841372732,0.07054030479661827,0.08706416909558504,0.10725075124964614,0.13370129922694254,0.15600914563823723,0.15018494237715088,0.12597275730844026,0.1155582436815831,0.10714401583654863,0.09866958926238295,0.09153383889165563,0.08781252930969961
4166.0,517.1670864869039,90.5,0.019023962351077995,0.0199001606900324,0.02232352967670171,0.02754900372318357,0.03743728901471033,0.0527688003717205,0.07017508971886009,0.08700544861718541,0.10758715796293625,0.13458066533237156,0.15722024720352995,0.15104401541049237,0.1265380841411653,0.11616086051090511,0.10765273511533682,0.09910493635824706,0.09190723174498862,0.08815396465250255
4166.1,519.935840719469,90.4,0.01948026640068894,0.020307013558972953,0.022608636280409874,0.027597700572987056,0.037132051953193274,0.05224267849801491,0.0698792724231119,0.08712249944463918,0.10819733943412613,0.1356597499649362,0.1583057995069181,0.15150051494323866,0.12684920512051942,0.11657811342549233,0.10799641579340521,0.09939561278778497,0.09215493546162278,0.0883796458124712
4166.2,522.7145634476282,90.4,0.01908760315010001,0.019895741377187248,0.022151161206546168,0.027061799863896903,0.0365118994390746,0.05162846271349638,0.06941853268201022,0.08688166811945795,0.10826294154382082,0.13612934371229693,0.15897878496713283,0.15205371410719315,0.12728166708130978,0.1170073044161846,0.1083608605426687,0.09970884289709686,0.09242327141282622,0.08862478306225681
4166.3,525.4833176801192,90.3,0.019537828070423147,0.02029944479776742,0.022442369065929058,0.027136891271696596,0.036255519003834946,0.051122504839788106,0.06906555394991991,0.08691702029395973,0.10879591618905758,0.13705542680171576,0.15972598830513884,0.15216509402201625,0.12738040893679092,0.11722089565919389,0.10853058836431963,0.09984962893201783,0.09254081199889162,0.0887304478425281
4166.4,528.2520719126842,90.3,0.01923001960346576,0.019975655158400985,0.022077969733272657,0.02669915080375631,0.03572309479960895,0.050546541707909926,0.06858287489439548,0.0866599789744501,0.10893622099473778,0.13769413658050395,0.16046303060075448,0.15241967578038412,0.12745127583422056,0.11736850217734429,0.108648852476209,0.09995164439883356,0.0926275376776894,0.08880920730985382
4166.5,531.0307946407273,90.2,0.019843770499363925,0.020537314453997115,0.02251776982207285,0.02691033156552468,0.03557963946639363,0.050097664968598896,0.06823984009157041,0.08677243574297704,0.10974449146052402,0.13906661553664276,0.16148774311385308,0.1522426757103388,0.1271781263498435,0.11732605582449379,0.10859021102084976,0.09989496592175351,0.09257337809305298,0.08875654967534569
4166.6,533.7987722417993,90.2,0.01961346536613022,0.02029308745738369,0.022237709671895586,0.026562537849115973,0.03513188447219092,0.04956666772757083,0.06775163690285893,0.08654921714904402,0.11008426284061176,0.14007570605146713,0.1625058853257688,0.15235717458872922,0.1270311833376834,0.11733544296753996,0.10858218622376761,0.09988849757714915,0.09256722912229894,0.08875073177865937
4166.7,536.5675264742903,90.1,0.020225528699150376,0.020850074913248362,0.022681386299911017,0.02679149922564884,0.035041782225085874,0.04915997577039087,0.06738165083955501,0.0866430797106936,0.11100667711299252,0.14164210564187885,0.16368939872554072,0.1521645372948133,0.12683003598318618,0.11739485800368511,0.10858821020883488,0.09987272649499454,0.09256583364856227,0.08874591593993089
4166.8,539.3362807067813,90.0,0.02086890604259487,0.021439964337272507,0.023152711657358716,0.027055734107812073,0.034988422811290755,0.048788543108702925,0.06701847134593085,0.08673650993347662,0.1119503694864867,0.14328732250066525,0.16492952562086186,0.15211482604865093,0.12671504886226367,0.11749824182875956,0.10865355681334343,0.099921255641265,0.0925958994613544,0.08876991226035558
4166.9,542.1150034350142,90.0,0.020774156820938822,0.02133529557092821,0.023021447494802505,0.02686913298277593,0.03470033104870362,0.048361052610454265,0.06654435041584918,0.08653256266453527,0.11241030147232511,0.14442531309392873,0.16595977859412334,0.15242016740978367,0.12694323007940467,0.11782214353662891,0.10891432919185606,0.10014277163264201,0.09278651528367994,0.08894665192071735
4167.0,544.8837576675052,89.9,0.02142645531903496,0.021936742940616212,0.02351338474119482,0.02717417745886052,0.03471708379877427,0.048056818680581946,0.06618182414881,0.08657115709000672,0.11326640499257556,0.14596614628679203,0.16723012000329918,0.15277591917460648,0.1273198394279601,0.11831122823513136,0.10931234120561822,0.10047885286251003,0.09307036016671492,0.08920555578725364
4167.1,547.6671369086961,89.8,0.022334226868600652,0.02277871787195183,0.024207866335771048,0.02764005467486036,0.03484128639592525,0.04782278912406339,0.06588097735874719,0.08669154020468425,0.11420979089085909,0.14759264507007508,0.16853394529233934,0.15331989450159506,0.1279273798418904,0.11895939200776887,0.10986265327121623,0.10096644893314619,0.09347954914352466,0.08958179224542237
4167.2,550.4518271967055,89.8,0.022358549663560504,0.022796499983419743,0.02420719622939385,0.027596526351974633,0.034702955793867854,0.047513851673594024,0.06543925618687621,0.08642854729320436,0.1145360647296785,0.14862632485623967,0.1697283714200859,0.15415372231342042,0.12869373872163614,0.11971582461138208,0.11049922716966015,0.10150942681769211,0.09394687056486568,0.09001123239372413
4167.3,553.2365174845912,89.7,0.023258961123931776,0.023625062504418592,0.024889583486967622,0.028055713137510607,0.034850006749342854,0.04731691721431553,0.06513895397752179,0.08648524702803155,0.1153583297551156,0.15009361716265673,0.1709644534239463,0.15465914301173644,0.12928381608128114,0.12034667664632458,0.11102221875761745,0.10195740602500632,0.09433408179453681,0.09036788669928449
4167.4,556.0198967257821,89.7,0.023247170363112572,0.02361149701691323,0.02486720969360805,0.028004785197473812,0.03472207668855503,0.04702980945668471,0.0647004607023203,0.08617349417590503,0.11556686053928353,0.15099453096563598,0.1720888319678449,0.15548313006547432,0.1300367598426266,0.12107287076006382,0.11163535121856578,0.1024796549630906,0.09478334889907028,0.09078062828455825
4167.5,558.7946759962977,89.6,0.024153256556939395,0.024438430944633317,0.025536746710734054,0.028443771811095406,0.034853574504711916,0.04682947786587688,0.06439361670029853,0.08620718150725352,0.11632151773410584,0.1522919204182923,0.17304268185026905,0.15577593451970181,0.13048238850811503,0.1215501404054365,0.11203037398921392,0.10281809888048819,0.09507648618068983,0.09105097254347598
4167.6,561.5793662841917,89.6,0.024124238018993573,0.024409044820567546,0.02550079604265968,0.028381396349981453,0.03471563313876306,0.04653329218276278,0.06394850284579326,0.08589617315574069,0.11651667356702453,0.1531085061878537,0.17400486583935337,0.1564366406824405,0.13109515558073234,0.12214106004022135,0.11252912491515035,0.10324236413223248,0.09544141895477308,0.09138626862784563
4167.7,564.3627455252622,89.5,0.025137177321256615,0.025326458389017457,0.026232925898023347,0.02885344523329158,0.03485858476450918,0.046334235913443544,0.06364437785020745,0.08595152732977705,0.11729631662070265,0.1543518528034128,0.17480545879252352,0.1565479031169808,0.1313805373444147,0.12246681897260668,0.1127966393709552,0.10347142816447642,0.09563958414402524,0.09156888717336774
4167.8,567.1474358132716,89.4,0.026106613624546703,0.026200054356456587,0.026932468236213036,0.02931589106707933,0.03501900875064915,0.046239646167934675,0.06380605551723342,0.08732516903376977,0.1213680980522712,0.1630302378545903,0.192583983413506,0.19269619433453608,0.16943238095884386,0.14403578253575228,0.126737332579245,0.11499963219290885,0.10574119458305721,0.1008200339986565
4167.9,569.932126101281,89.4,0.026041640327023458,0.026143188402672275,0.026882601396147517,0.029252454722076555,0.03488627013938701,0.04594147553347067,0.06334513613856008,0.08703857173189868,0.1217029637046406,0.1640752930971876,0.19369044788026865,0.19332089146440373,0.16966746042105554,0.1441253408605365,0.12680699178930638,0.1150678518882248,0.10580127428926021,0.10087439949706907
4168.0,572.7155053424719,89.3,0.026982690582390334,0.026985143629438994,0.027539549454395126,0.02966556573628335,0.03500967010882426,0.04575035938866976,0.0630122515165718,0.08709807834063531,0.12268448775434622,0.16573950520682507,0.19497214198882165,0.19366139124414938,0.16947124579498904,0.1438102802636429,0.12653241285790434,0.11484851671829881,0.105617506501833,0.10070621386858343
4168.1,575.5119495132393,89.3,0.02741470316482477,0.027373382915710384,0.027841560940374727,0.029841388874217473,0.035005878527281806,0.04550078673209475,0.0626039931779239,0.08699351465717403,0.12338081428882573,0.16700687202179904,0.19574084221902635,0.19351347790724427,0.16890109441564236,0.1432124727347908,0.12602367597034822,0.1144286127669367,0.10526238631920612,0.10038175830554844
4168.2,578.3198846976887,89.3,0.027837638469459088,0.02775448204052763,0.028139475372345985,0.030015746699998777,0.03500060506137982,0.04524381196214058,0.06217569313097467,0.08686340236478172,0.12405647396320324,0.16823995667563016,0.19650556237798397,0.19345755394796046,0.16846269533935035,0.14273854517044174,0.12562074308370919,0.11409740218844794,0.10498243782786996,0.10012594592226663
4168.3,581.1261990065769,89.3,0.028360390202359836,0.028224174979849935,0.02850595522345612,0.030234671761194366,0.035015961126942635,0.04498769578599221,0.06174329726512773,0.08676066877667121,0.12482912747429908,0.1696081015500351,0.19745158803650323,0.1936962178422125,0.16837755241418406,0.1426096083441695,0.12552516039631725,0.114027216528777,0.10492352938074577,0.10007188881310286
4168.4,583.9226431771945,89.2,0.029860641908657077,0.02954238710420445,0.02950102240621293,0.03084020886442198,0.03521543454657095,0.044808305501391796,0.06143410997411077,0.08697297565202498,0.1261169798660657,0.17131362066144484,0.19833494344524263,0.19368732079472226,0.16809874896823968,0.14236780787721576,0.12535326761252436,0.11389403841422513,0.10480946251030562,0.09996803635254285
4168.5,586.7305783616439,89.2,0.030243714784832003,0.02988860096230953,0.029772018931627734,0.03099569061306934,0.035195986259042904,0.04453443460097869,0.060974825104141074,0.08681193943737416,0.12679271141330023,0.17253943190670096,0.19924533876925019,0.19416646087477415,0.16841088651871364,0.1426548824536633,0.1256307359097082,0.11413881114719526,0.10501659290727058,0.1001571685492098
4168.6,589.5368926704172,89.2,0.030588394072805055,0.03020283357924357,0.030021558478053396,0.03114099654161278,0.03517653764653237,0.04426869669642582,0.060519704621144824,0.08661938888626868,0.1273822044529299,0.1736902672349135,0.20021529971450286,0.19483661523975032,0.16895252691730642,0.14315895175391377,0.126097968617554,0.11454393853589083,0.10535953649126137,0.1004703009078974
4168.7,592.3333368411845,89.2,0.03100170465786984,0.030574762531556877,0.030310610614813743,0.03130761556835415,0.03516849648843384,0.04402201547831938,0.06010515032402984,0.08646688986914501,0.12796937783446732,0.17479384139920823,0.20121124707515572,0.1956585667017658,0.1696993622384273,0.14386276968319617,0.12673948623000622,0.11509574615909127,0.10582651658664821,0.10089665395922551
4168.8,595.1396511500727,89.2,0.03125192419786521,0.030805690939532265,0.030495991505209253,0.03141194882058889,0.03513641792865895,0.04378302207964378,0.05970722082592226,0.08628464950695874,0.12843527596245716,0.1757266930194463,0.20203827689367335,0.19632956301451315,0.1703384331499487,0.1444988779289434,0.12733113100513932,0.11560495936040018,0.10625666161025578,0.1012892148365144
4168.9,597.9475863345222,89.2,0.03139172344106903,0.03093641089021243,0.030605782971071128,0.03145366909130131,0.03504231721855157,0.04341120681821448,0.058888607831092454,0.0846783202176382,0.12492423220432658,0.16703293293275934,0.18057771982483986,0.1548328296435826,0.13237479767929225,0.12385765518748125,0.11390647871562241,0.10440222619814654,0.09644115601918489,0.09230604547442953
4169.0,600.7440305052895,89.2,0.03155904550349438,0.031092937623624226,0.03073284245111212,0.031524252903479336,0.03501368559250562,0.04323393125491258,0.05860632858868578,0.08457152531103394,0.12530434740191676,0.16768880751843016,0.1809562886673328,0.15511061857494224,0.13283932303435414,0.12426494050486143,0.11425634680264865,0.10470065830953987,0.09669617666025104,0.09253940046492942
4169.1,603.5602158684154,89.2,0.03193431719710265,0.031423492634159056,0.0309785104181435,0.03165875764873947,0.03501602951597189,0.043094406870432124,0.0584110055583775,0.08460179050728618,0.12582227655553035,0.1683476185929134,0.18107584296949986,0.15502558453283913,0.13303253980902216,0.12443401890993985,0.11440111974761485,0.10482460012228921,0.09680206952595942,0.09263650758887737
4169.2,606.3764012315753,89.2,0.03217566583337655,0.031638942169803896,0.031142016200203584,0.03174949030373834,0.035013374076426934,0.04298588445541401,0.0582708247580868,0.08468773108303194,0.1263781850844073,0.16902197992406573,0.18120412866505256,0.15480927821716492,0.1331162833654365,0.12450978229078953,0.11446540144702777,0.1048803150778784,0.09684933629014295,0.09267959663988967
4169.3,609.19258659485,89.2,0.03253772130792492,0.03195520986060407,0.031375104587630265,0.03188109509769718,0.03503905037849111,0.04292024795753852,0.05821667743456176,0.08491024080226685,0.1271226363186067,0.16992543407168376,0.18147497150521014,0.1545870040757688,0.13317711225522763,0.12457236433741418,0.11451708755394818,0.10492435040793999,0.09688753533596967,0.09271554893116384
4169.4,612.0087719581247,89.2,0.032787466353466424,0.03217602307717263,0.03154212129143201,0.031980285964153164,0.03506516865290321,0.0428844023812461,0.05821172758273591,0.08518728050210524,0.12792667581227612,0.17088007321310508,0.18170861537268787,0.1542053218794131,0.13309222627120043,0.12450908059863185,0.11446052741714277,0.10487613118439974,0.09684657454580146,0.09267908338606841
4169.5,614.8249573213994,89.2,0.033170962908152773,0.032509468660303846,0.03178901014454774,0.03212994909075117,0.03512931473854814,0.04289999338030916,0.05829926721979472,0.08560665743344195,0.12890645734119313,0.17198261858959576,0.18211881423779727,0.1540147188957868,0.13319575619791788,0.12460879924362174,0.1145436209890127,0.10494588939263363,0.0969077129913246,0.09273723695924133
4169.6,617.6411426844105,89.2,0.033442632308155994,0.032750275759737414,0.031976509306961914,0.0322579533214387,0.035207238062196326,0.0429570474665326,0.058433183416033464,0.08602885915392496,0.12977591434849153,0.17289006150129912,0.1825961426724733,0.1542256817121531,0.13363421587723154,0.12499207816173781,0.1148715661438285,0.10522361970620353,0.09714699300603631,0.09295855880869654
4169.7,620.4573280476852,89.3,0.03260520942073234,0.03206278028145812,0.03153311098333373,0.03206144693575814,0.03518836183011916,0.043013077094674966,0.05847746429181819,0.0861096156447212,0.13000180662753763,0.17321319319565603,0.18302507780231517,0.1547682297169407,0.1342126352861531,0.1254901334470826,0.11530343851124102,0.10559356565097244,0.09745938451725135,0.0932409386697517
4169.8,623.2735134109599,89.3,0.03286650975978367,0.03229712357142721,0.031722866386109196,0.0322070745086175,0.035309942537361784,0.04315447098958668,0.05873197847911148,0.08661829414527188,0.13075736036033342,0.17369152145983316,0.18322083254749044,0.15514322443378317,0.13476677765786138,0.1259632991384505,0.11570983440119086,0.1059381019023319,0.09775555389119203,0.09351397875859879
4169.9,626.0913139717024,89.3,0.03324249885718114,0.0326264809368666,0.031977674625333574,0.03239220641507427,0.03546338537227345,0.043346375258135623,0.05907695153780443,0.08723489844614876,0.1315540540437579,0.17409392956368727,0.18342668458279876,0.1556806713650758,0.13547104564932563,0.12656455865984576,0.11622575189229171,0.10637479217826305,0.09813148664843742,0.09386110005791637
4170.0,628.9074993348623,89.3,0.03347392180559822,0.03283281189949752,0.032147119880845385,0.03253549179088136,0.03561684598633852,0.043574700516081914,0.059475442951294935,0.08787060187873807,0.13225194675785198,0.17428252546321227,0.18346361368173383,0.15617348736374204,0.1361166247332968,0.12711191062082244,0.11669594395090406,0.10677285667765786,0.09847357408173836,0.09417663106683506
4170.1,631.7120135530895,89.4,0.032441169262196916,0.03197660696525787,0.03158838133079203,0.03229924293595944,0.03565325650533344,0.043799672561656705,0.059774808450513514,0.0881221800259095,0.13223234002982023,0.17395100464821986,0.183642411468248,0.1570471501555364,0.13691128240288336,0.12778857085241913,0.11728259451163818,0.10727490639668438,0.09889751751897613,0.09455912000269792
4170.2,634.5152259959355,89.4,0.03249886593531742,0.03203521713477358,0.03165549082064635,0.03239415593104362,0.035815347573669304,0.04409882262596038,0.06029692445166105,0.08886681702367215,0.1328750925033513,0.1738954065897042,0.18343041767921653,0.15739656789403622,0.13743152843902717,0.1282224461839079,0.11765620999832568,0.10759175617103978,0.09916874894623576,0.09480842228715221
4170.3,637.3197402141626,89.4,0.03253597304108063,0.03207541107840115,0.03170888123194178,0.03248313052540712,0.035984562574209185,0.044428082762411746,0.060883220789005627,0.08970355702166935,0.13360875838365177,0.17393342207831836,0.18327765337151036,0.15774897278749528,0.1379892516086043,0.12868812401967727,0.11805713269827972,0.1079317354915909,0.09945957963619238,0.09507581606112914
4170.4,640.1341673316487,89.4,0.03268892823631322,0.03221254102700989,0.031828577577071554,0.03260888407422699,0.0361752336558109,0.04479028406678629,0.06154917246788316,0.09067683527718064,0.13448064010250588,0.17400423318197955,0.1829399867433424,0.15770883637039765,0.1382147815389091,0.1288668916064367,0.11821120931737561,0.10806186609601026,0.09957131996169144,0.09518026526542149
4170.5,642.9386815498758,89.4,0.03271035919363167,0.03223757876951487,0.03186931402156746,0.032692368607661795,0.03635642201056387,0.04517049730349695,0.062255582072743496,0.09170485389402114,0.13539705266909138,0.17407623157690402,0.18240830020503745,0.15731878556181286,0.13815596396879398,0.12879786119549272,0.11815321346170302,0.10801256295644256,0.09952867919348557,0.09514301772486725
4170.6,645.743195768103,89.4,0.03285204521317878,0.03236312862945724,0.031979003477026244,0.03281515919728889,0.03656296368631131,0.045590972195615934,0.06305463433814132,0.09288970076381817,0.1364915621554594,0.17426908076066322,0.18179437133485896,0.15655982313730196,0.13778295175896485,0.12845864731188475,0.11786281445829165,0.10776563925963305,0.09931730069816962,0.094952785631326
4170.7,648.5576228857044,89.4,0.03286458635284051,0.03237783907265581,0.03200933508711299,0.03289420852015104,0.03675888969258085,0.04602944094026876,0.06388849560829687,0.09409614044859096,0.13756405708672537,0.1744713611076641,0.1812533746754683,0.15577419482501267,0.1373562683247525,0.1280742968107033,0.11753422432929178,0.10748675908709651,0.09907758581468139,0.09473640364541559
4170.8,651.3621371038162,89.4,0.03299354217088614,0.03248987422959232,0.032107054674033235,0.03301379762919064,0.036985029307282744,0.04651610899513661,0.06481750451350995,0.09543021657974571,0.1387161108808877,0.17459729984469333,0.18040190691742766,0.15461443256470922,0.1366378584156824,0.127432526137196,0.11698444665415264,0.10701959231472034,0.09867682565843394,0.09437427160313303
4170.9,654.1666513220433,89.5,0.03174381852644941,0.03143014604980219,0.03137917265122201,0.03267375787901015,0.03703413656089821,0.04694941207865966,0.06557622228652447,0.09626462436818094,0.13902121285790506,0.17405865010992988,0.1794835448922981,0.1537334030840136,0.13598383927881638,0.12685045234884412,0.11648964293566084,0.10660349991521693,0.09831393099566131,0.09403605496610391
4171.0,656.9711655401476,89.5,0.03183990085904526,0.03151484747852622,0.031460476344381226,0.03279463657824677,0.03729211034952951,0.04751883226662666,0.06663196884905663,0.09766234586491858,0.14002335519694992,0.17393508915474018,0.17857673100197932,0.15273858584568786,0.1353899157247722,0.12631368689618022,0.116029826135263,0.10621255568268335,0.09797804838536622,0.09373362241055848
4171.1,659.7714690951778,89.5,0.03179922024413656,0.031485372174406126,0.03146679987557647,0.03288578524232583,0.0375630669537599,0.04813462035177818,0.06773748325162812,0.09904753958614358,0.14088477832164,0.173603378564067,0.17754750060083171,0.1517605110048683,0.13478557887636144,0.12576689247550418,0.1155614530623635,0.10581453542708408,0.0976355190549129,0.093424491744399
4171.2,662.5618095761255,89.5,0.031874473112403504,0.03155913760976279,0.03155585611720736,0.033042055414680416,0.0378946002343004,0.048827462032087404,0.06894771822850747,0.1005223570937008,0.14177601256341557,0.173374028048109,0.17692196670784013,0.15135191861233213,0.13469148209611867,0.12566271187260988,0.1154726220370569,0.10573858099349961,0.09756967928761545,0.09337012145455809
4171.3,665.3521500571892,89.5,0.03182401923139298,0.03153036920801499,0.03158164967010628,0.03318124515511244,0.03825390083458929,0.049584197634368526,0.07022679706095858,0.10200940489429951,0.14261290542518384,0.17319607762313532,0.17662257972103068,0.15135431935061525,0.1349332519380047,0.12585561191739394,0.11563647158193759,0.10587747427338376,0.09769031567173074,0.09348208357072842
4171.4,668.1524536121397,89.5,0.03189736240682633,0.031612326279691995,0.03169693350962742,0.03339235950065771,0.038682235494616315,0.05043081841388574,0.0716295724500702,0.10361599919731479,0.14352879998539256,0.173077933195199,0.17638470460639014,0.15143943851112626,0.1352562269704231,0.1261329846176064,0.11586246425009525,0.10606760167100644,0.09786801660773857,0.09362775468881893
4171.5,670.9427940932034,89.5,0.03185653246612141,0.03159951532180924,0.03175629191894274,0.03359318524418649,0.03915069845330672,0.05136814698988722,0.07313601882013705,0.10527653344261641,0.1444514130501298,0.17302964600019693,0.17625828433296545,0.15149168537337482,0.13550745551925908,0.1263686883599292,0.11604439703636112,0.10621702302796915,0.09802722858041925,0.09372905087926382
4171.6,673.733134574151,89.5,0.03193779300518943,0.03169356149356269,0.03190351976731225,0.033865527858972726,0.03969252312634575,0.0524100114183169,0.07478225242619702,0.10706740522405012,0.14543514597461654,0.172865980289669,0.1757847339553076,0.15114192679414595,0.13544570908513315,0.1263099133275243,0.11598791008305498,0.1061629998303156,0.09799972282559093,0.09368041766242784
4171.7,676.5334381291813,89.5,0.03201679635844282,0.031789877023025756,0.03206194413766154,0.03416590443739165,0.04029148642502534,0.05355167684883319,0.0765470492751257,0.10890244464565506,0.14633860191072845,0.1725420334237388,0.17504947337951218,0.1504615540256444,0.13509571797818554,0.12598324004874664,0.11571123335408877,0.10592315070663101,0.09779946675281936,0.09349590371146968
4171.8,679.3237786101648,89.5,0.03196108243694779,0.031773877123008984,0.03214583029350182,0.03443851893421898,0.04091370706041282,0.054764321179224966,0.07837825123114765,0.110686453623478,0.14703707196827354,0.17195095867188942,0.17404902991688154,0.14960111304659618,0.13456116196731313,0.12549355041225743,0.11529566555400494,0.10556586132290233,0.09749553953000961,0.09321992450477694
4171.9,682.1141190912285,89.4,0.03329118457613255,0.03295644512967699,0.03312368410294522,0.035292724094104895,0.04188682920067917,0.05624972649732875,0.08059156574276508,0.11301336648888033,0.14827687688518854,0.17158355059779598,0.17285087185650527,0.1484651330778648,0.13391497724762935,0.1248942840964326,0.11478585213221537,0.1051192825119506,0.09712982657288435,0.09288807702981289
4172.0,684.9144226461428,89.4,0.033222156294094106,0.03293903767366189,0.033227919826081045,0.03561878611285842,0.04261208803168072,0.057629490569675555,0.08258043423324682,0.11477354642554916,0.14877612985885638,0.17084581946181082,0.1717255332488206,0.1474995503052243,0.13327260388106724,0.12430681096558895,0.11428971056021144,0.10468870813555624,0.09676813359447527,0.0925538244869043
4172.1,687.6965980540259,89.4,0.03339334554162979,0.033140003677092945,0.03351254598536243,0.03613602313101764,0.043654256850007976,0.059797001903506314,0.08628536210942551,0.12013429280307633,0.15644373488237007,0.18299112063330616,0.19241484444610985,0.18252627539910696,0.16021484125412874,0.13862355703583334,0.12359235379078855,0.11256384614479932,0.1036082976495655,0.09885672939408337
4172.2,690.4783960337651,89.4,0.03346259391774692,0.03324966246807674,0.033728120127782986,0.03656940190668725,0.044514330945596044,0.061378431372674534,0.08848061055095105,0.12203943308216987,0.15716862453195726,0.18257501858267444,0.1914861542065945,0.18144352039587294,0.15918977989547786,0.13774516778712836,0.12285746195107555,0.11194590677396354,0.1030809728159587,0.09837529963412364
4172.3,693.2502005001784,89.4,0.033534603472014736,0.03336520504796701,0.03395593229004367,0.03702505576806304,0.04541234791919497,0.06301129798945361,0.09069413941675765,0.12390562625590326,0.15786813028129862,0.18217830483220265,0.1905535377318192,0.18030795526663632,0.15809343361580477,0.13680002286474074,0.12207026980642138,0.11128214095384266,0.10251618400563058,0.09785735724052658
4172.4,696.032375907945,89.3,0.03495440502766379,0.03464759514404155,0.03506511638054702,0.038079857373943087,0.0467080185561106,0.06495726006249349,0.09321957387844267,0.12618568334287084,0.15901527240526828,0.18205961892840006,0.1896741246658872,0.17912054484300824,0.15697746697674203,0.1358824664914393,0.12132045409692165,0.11065280638670191,0.10197831752833406,0.09736647777705003
4172.5,698.8141738876842,89.3,0.035019315675018696,0.034766752215653604,0.035315632958481676,0.03858371632928398,0.04768554209726102,0.06667637763319151,0.09539034831780234,0.12779449461138714,0.15934326495584014,0.1813771605817952,0.18873080807939047,0.1783293199179291,0.15643735361584946,0.13553357234685937,0.12106848508656684,0.11044158794259293,0.10179465763939541,0.09719848825959011
4172.6,701.5959718674568,89.3,0.03506966789373267,0.03487776048939006,0.03556932855231985,0.03910569206866969,0.048698774106507706,0.06843390403893636,0.09753979931388583,0.1293006856545657,0.15951969852081488,0.1805180024953059,0.18765639046415838,0.17754681871386901,0.15602733008285694,0.13536218035704908,0.120986089045444,0.11037309363408768,0.1017311362926388,0.09714002966857076
4172.7,704.3781472753399,89.2,0.03652339043999417,0.03620156829744781,0.036747096179808765,0.04027366180768802,0.0501651911355483,0.07053650617788451,0.09992813990410249,0.13122346830777173,0.16036068684738286,0.1801413290441546,0.18609995568761262,0.17424568939335447,0.15158513910951904,0.1320927082125296,0.11893140499911128,0.10881535599924938,0.10035965537009277,0.09588247820717219
4172.8,707.1599452549627,89.2,0.036570251743656516,0.036324504145353695,0.037038910295673175,0.0408646949631123,0.05127516571836189,0.07236563222117556,0.10200431698852976,0.1325859894738823,0.16044472310327332,0.17921121162204665,0.18491912699386,0.17342883320489508,0.15122660711691238,0.131945008952433,0.11882936512952812,0.10872078223938383,0.10027637223936176,0.09580654751619343
4172.9,709.931749721376,89.2,0.03662340038423987,0.03645817525886739,0.037349361453689,0.041484501784227426,0.052422496478355,0.0742180650494744,0.10406672424165231,0.1339844714988667,0.16068832614428027,0.17848377970449872,0.18382183442425126,0.1724933673468532,0.15063371974149808,0.13155672806184981,0.118518948395216,0.10845234296579115,0.10004520620939017,0.09559524321349551
4173.0,712.7139251292591,89.1,0.038205772526892175,0.03791034937399812,0.03865878462721309,0.0427983619972804,0.05404185183984421,0.0764005651491991,0.10640268117896484,0.1358518086173718,0.16146798456469297,0.17800439322778905,0.1824385417265611,0.17085646865304807,0.14927175821314376,0.13048882051364477,0.11763101016267494,0.10769691684589144,0.0993984064312897,0.09500356525851361
4173.1,715.4839973304996,89.1,0.03862161759744758,0.03836335583450176,0.03922366993108307,0.043612627110608926,0.055338818496632386,0.07834134626368647,0.10848183189116066,0.13735304025977826,0.1618933763343055,0.17730588313098186,0.1810250658665799,0.16931727188288123,0.1480079591321536,0.12948867963824606,0.11679319026350155,0.10698268639332056,0.09878675039450886,0.09444392780383057
4173.2,718.2540153810035,89.1,0.03905430292133749,0.038832668519437764,0.03980400098095934,0.04444122648789449,0.056644892153173504,0.08026349300118613,0.11049868164498648,0.1387813066148654,0.1622030206258493,0.17638094094839007,0.17930857904990993,0.1675255833852461,0.14658748710862213,0.12838242228423635,0.1158665236022262,0.1061905457577614,0.0981077384547623,0.09382254215215433
4173.3,721.0240875821275,89.1,0.03964547069018232,0.03944035514104245,0.04049258697115522,0.04534849728060631,0.05799921213327383,0.08217666332280277,0.11243458777203494,0.14012134151471645,0.16245615627823948,0.1755323140547751,0.17792820912107557,0.16628783213160545,0.14575712904454516,0.1278082269049491,0.11539876725718322,0.10578680929148261,0.09776009307700895,0.09350443649301127
4173.4,723.7841600449573,89.1,0.040046950866811704,0.03988963616535671,0.0410698338925978,0.046188624791755714,0.059310726329024614,0.0840238657530676,0.11424941250423588,0.14131804554812794,0.16262972564610198,0.17477333430571784,0.17686361922188984,0.16552186527725438,0.1454141314091975,0.12767274497800318,0.11531073712672271,0.10570506863687774,0.09768736317445388,0.09343803672087
4173.5,726.5542322461978,89.1,0.04040156741789078,0.040304169426172605,0.041631240088011855,0.04703145148636489,0.06063098976263371,0.0858438939214675,0.11598343508919631,0.14244679875611252,0.16287374496101753,0.17436726333891164,0.1764372001947078,0.16548270601385998,0.14570491705160088,0.12806599447804268,0.11567540524459027,0.10600966808827929,0.09794525643565641,0.09367430499393968
4173.6,729.324304447445,89.1,0.04068027982602433,0.04065919194395884,0.042159133692294515,0.0478680076430976,0.06196159382533911,0.08765027395497554,0.11765267495606169,0.14351229003308968,0.16320074635928444,0.17433827575279381,0.17665431040109883,0.1661265950034815,0.14655194815372907,0.12890637424508608,0.11642044399793881,0.10663964266162108,0.09848176694389613,0.09416552222794045
4173.7,732.0943766486855,89.0,0.042621592742611104,0.04244131747878191,0.04376587948196733,0.049454667671625444,0.06378811466997542,0.08974496591403329,0.11953163262300527,0.14498644948465556,0.16401352880456063,0.17467376760048978,0.17687103909495325,0.16638169004666417,0.1468673493893715,0.1292447596721926,0.11673573975334715,0.10690897775529744,0.09871060263912045,0.09437492114854318
4173.8,734.8544491115152,89.0,0.04276813434769337,0.04269413390065393,0.04423719931092444,0.050280115801443016,0.06513525581350917,0.09153987076501896,0.12114921316614458,0.14602921362929255,0.16447193293506843,0.17493447648265573,0.1773186438088593,0.1669888944100683,0.1474652777370594,0.12978743847365357,0.11721504650980763,0.10731764163522545,0.09905911409530509,0.09469381491463734
4173.9,737.6244671620158,89.0,0.04302042673532982,0.04303849322536372,0.044780385604346204,0.05116129960179361,0.06652466731155679,0.09334898424296587,0.12275666921632644,0.1470620101511678,0.16487726461952198,0.1749730493737602,0.17729186088705895,0.16701119262909694,0.14754926507896624,0.12990792437117182,0.11733607536063327,0.10742108483893835,0.09914646216419548,0.09477370847806063
4174.0,740.3945393632563,89.0,0.043022337926064726,0.04316701251435436,0.04515904636593092,0.05192633239527357,0.06782811350786361,0.09507005430662752,0.12424502285576157,0.14789823276086317,0.1649965392386402,0.1746100713791007,0.17676398498311457,0.1665500262262253,0.14724673712659392,0.12971407186837566,0.11718660131229568,0.1072925877813079,0.09903540191389615,0.09467210540499589
4174.1,743.1546118259696,89.0,0.043700648629867646,0.043873063995286975,0.045966684448220385,0.05297368268075478,0.06928826632240481,0.09683553708692495,0.12573461688928125,0.1487855218898939,0.1651199171502507,0.17408488074717737,0.17586638861406942,0.1656675710323985,0.14662077807477283,0.12928061013119024,0.1168388460974458,0.10699405521089408,0.09877864878991255,0.09443746307553662
4174.2,745.9146299418607,89.1,0.04249817094011255,0.04295807678816476,0.04553579079343772,0.053136602777985514,0.07011397345201512,0.09816768349799615,0.1269607699210338,0.14913547515528822,0.16466177567206813,0.17315351935766998,0.1750134596938946,0.1657230735183994,0.1476319944691709,0.1301073951913575,0.11730476011419258,0.10733403224861728,0.0990779900093131,0.09471744095027561
4174.3,748.6747024046836,89.1,0.043087235424681854,0.043585819124678196,0.04627699132476554,0.05411736527039046,0.07147406631620971,0.09975220854971929,0.12819894948711674,0.14975147546497405,0.164571999486829,0.17248050406916796,0.1739999501687862,0.1647036604530231,0.14683693061519457,0.12954211330545212,0.11687058353580833,0.1069687045319605,0.09876196451988332,0.09442782644671203
4174.4,751.434720520578,89.1,0.04366475301113663,0.04420231688099449,0.04700522364266731,0.05507677990914332,0.0727881186260188,0.10125208340555575,0.12935866196615536,0.15032050625270987,0.1644209798191171,0.17166072282195688,0.17272911360430387,0.16337554731964377,0.1457518398273006,0.12872730671756347,0.11622350984504494,0.10642224259258018,0.0982908202791263,0.09399623735141022
4174.5,754.1947929834009,89.2,0.04231916776343703,0.04314802876131626,0.04645694649058385,0.055175178332048144,0.07357702014905176,0.10242575790276,0.130233636972351,0.15050374354926144,0.1640164372311976,0.1708240159965064,0.1716719981104331,0.16232585307860167,0.1448616154310584,0.12799841410802842,0.11558983326834604,0.1058285069465062,0.09770692296349238,0.09347519380092238
4174.6,756.954811099292,89.2,0.04286105803655693,0.04373618705888824,0.04716496949503316,0.05610953768624917,0.07481829129010545,0.10375640535211157,0.13123486034746443,0.15105642809940162,0.1640157368370405,0.1702781801987267,0.1707095865707034,0.161246193860977,0.14395346876830029,0.1273503715239352,0.11515894013034564,0.10555186748168184,0.09753628588850623,0.09333430858454433
4174.7,759.7148835621217,89.3,0.04092633299522211,0.042123774275887635,0.046025251536513295,0.05538200676536831,0.07388997873760866,0.10197323249362732,0.12771218523405717,0.14358200740317825,0.15512028192627295,0.16824046506919563,0.16757937710514867,0.14850264497779342,0.13828372668689887,0.12838683182293717,0.11776349794281975,0.10759243200648763,0.09915137749862726,0.09480099470263544
4174.8,762.4749016780128,89.3,0.0414225727432665,0.042674260781456606,0.04669797710348419,0.05626074641646992,0.07499162773893171,0.10304871600812461,0.12840226081978626,0.14390350865702842,0.15512596557415642,0.1680199943263288,0.16703141351472467,0.1481138236186116,0.1380100097037087,0.12815254501045237,0.11756076624931153,0.10741140806727259,0.0989936623393405,0.09465847465888585
4174.9,765.2349197939038,89.4,0.04000244159682589,0.04151780244194698,0.04602236556933681,0.056238748526043277,0.07563069464780775,0.10388331924808206,0.12879811130053515,0.14376256082461553,0.15483592263629417,0.16782152162802896,0.16699977971230826,0.14820379560960478,0.1380774704320782,0.12821443538025323,0.11762487404449978,0.10747029269040853,0.09903095687206317,0.09468130366220508
4175.0,767.9949922567336,89.4,0.04050864276727594,0.042058139935266754,0.0467107169660498,0.05709843177241062,0.07670084677845565,0.10481890207388062,0.12929335839560765,0.14390915853045416,0.1548673176049931,0.16760043277646128,0.16688960224776467,0.14824627382694,0.13791500018610608,0.12799007328123296,0.1175238443676401,0.10747263554350255,0.09899751761726291,0.09460012476034287
4175.1,770.7568032567799,89.5,0.0390550046030079,0.040851523767492605,0.04598283282687639,0.05703811156069226,0.07729834909437351,0.10550400226830249,0.12949557634960568,0.14368213778195296,0.15456771922698878,0.1674830566139521,0.16710397614944633,0.148607840873738,0.13821172784653762,0.12824868978467693,0.11774402493618888,0.10766078973984483,0.09916349720098953,0.09475507769895501
4175.2,773.5186142568599,89.5,0.03968608850009762,0.041530857808127354,0.04676982891214299,0.057977268170694304,0.0783120376356972,0.10626919374279051,0.12986453003720602,0.1438723529549518,0.1546392633375767,0.16748052093132326,0.16697231592154374,0.1486366467128801,0.13828521050669693,0.12830654066906425,0.11779460175445917,0.10770491345291965,0.09919921786655433,0.09478539130074533
4175.3,776.2804252567898,89.6,0.03823130642477038,0.040300636655029656,0.045994609904959675,0.05786503777747583,0.07884351169984277,0.10682163907382018,0.12996690903199976,0.14367317294722093,0.15443330148744114,0.1674232967029737,0.16713153304186953,0.1488862545264954,0.13849373734980017,0.12848506571734342,0.11794436874991435,0.10783365897344194,0.099316744021033,0.09489757226750285
4175.4,779.0422362568362,89.6,0.038882159157002966,0.0409931921077619,0.046777711987215836,0.0587625298105393,0.07974928138183647,0.10744580639888328,0.1302851658780093,0.14392503942818954,0.1546003580037164,0.16747772293761554,0.16697253755257535,0.14884955377594172,0.138518174672919,0.1284987119744957,0.11795644173800275,0.10784516367644706,0.09932523225764155,0.09490334648889244
4175.5,781.8040472569162,89.7,0.0376525731796309,0.039944779677097454,0.04611456623197677,0.058688297948215534,0.08024295926656728,0.10791877294327754,0.13039822230285933,0.14390942975215185,0.15471335988033666,0.16783929228352917,0.16737954591396115,0.14921018644207792,0.1388436572356899,0.12877757275149457,0.11819234468159073,0.10804666703030855,0.09950506504401752,0.09507287083118894
4175.6,784.5658582569625,89.8,0.03625929783817938,0.038720642219852344,0.0452697171771567,0.05846550326919423,0.08066008000345283,0.10835334754724872,0.13048092536380934,0.14384459880067132,0.15466468121136143,0.16781571106494708,0.1673685092879301,0.14920711630860367,0.13886758668355453,0.1287882313160319,0.11819718838593198,0.10805267670377137,0.09951890526361838,0.0950913102615043
4175.7,787.3276692570425,89.8,0.036914636841174873,0.03941093238406835,0.046033433778755864,0.05930791125295837,0.08146576008371585,0.10890738204717024,0.1308450271197779,0.14422514887591065,0.15501382999865493,0.16808224141337796,0.16732835504214144,0.149206172787864,0.13894006847078316,0.12884240653198692,0.11824354831735723,0.10809281292449872,0.09955233868974331,0.09512031394820883
4175.8,790.0894802570889,89.9,0.035473173531922524,0.03814604123384036,0.04509976599685668,0.05901540908364531,0.08183563367327017,0.10927969349986921,0.13097540204263644,0.14410643022717684,0.15511709242457478,0.1684735627258999,0.16755808546225884,0.14939738950974227,0.13929134295450196,0.12919759954169793,0.11848591515862196,0.10824882565994946,0.0997038058148011,0.09527807108146041
4175.9,792.8512912571352,89.9,0.03608704884768858,0.03880319187849013,0.045843431837682434,0.05986232117297742,0.08266377146342763,0.10986189863583465,0.13133230604095608,0.14441692727414626,0.15537616447354777,0.1685855574874558,0.16730548554867608,0.14921741806372285,0.1392061175087143,0.12911914413300404,0.1184155911906239,0.10818694491847093,0.09965090037172829,0.09522960919502921
4176.0,795.6131022572152,90.0,0.034652834235233,0.03750515716875028,0.044908746868338255,0.059586894653682616,0.08313557383439012,0.11030200195847713,0.13133921121389727,0.14420616194625258,0.15528910644007055,0.16868523682628428,0.16756385652567765,0.14948235785620886,0.13941290468810738,0.12928430820322928,0.11855420644981086,0.10831450767647202,0.09977005419699175,0.09534171002028427
4176.1,798.404320629209,90.0,0.0350601560903077,0.03797907315347187,0.04552756731220526,0.06040254927676613,0.08400579408625876,0.11086810490867004,0.13159952544708142,0.14437892172948547,0.15539916154610003,0.16865241162194378,0.1673366009439742,0.14940491912013065,0.13939256082560605,0.12926162646869105,0.11853158240476729,0.10829541579528176,0.09975526652105622,0.09532821159080888
4176.2,801.185579337079,90.0,0.035497668307034665,0.038486735489654395,0.0461853866790748,0.06125700317668863,0.08489159402110272,0.11141734684621474,0.13184457153789994,0.14453934085511552,0.15545279336196416,0.16851703961955125,0.16704084941642294,0.1492965263486163,0.13933890275308206,0.12921040437458606,0.11848407778186618,0.10825518490673229,0.09972290110200732,0.09529897791244403
4176.3,803.9777111390167,90.1,0.03409958098471311,0.037219714716320476,0.04529368377118559,0.06107453906723109,0.0854640182486942,0.11181473281424263,0.13178128348230214,0.14432908262878355,0.1552703206467033,0.16832311027178823,0.1670243688106735,0.14942106001607142,0.1394274352044745,0.12927350150002018,0.11853293711535784,0.10830307331293593,0.09977476663333332,0.0953526391909648
4176.4,806.7589698468868,90.1,0.0345726092078957,0.03777048726737561,0.04601091836261935,0.062000557376476216,0.08638116095520905,0.11232253700746306,0.13200601322513145,0.1445215761823101,0.15534420113555308,0.16812589396253685,0.16663363305177703,0.1492537886862203,0.13932501275548412,0.12917828314110744,0.11844726393114881,0.10823088171851669,0.0997157795887676,0.09529929783024778
4176.5,809.5501882188805,90.1,0.03506264352769519,0.03833975045166952,0.04674851442594475,0.06294454866233466,0.08730257376277029,0.11282995238666582,0.13224608280511121,0.14473657955157093,0.15542804969696697,0.16789773849159495,0.16616276361520083,0.14901009840525795,0.13915754317224985,0.1290259675597669,0.11831195143938063,0.10811637104354452,0.0996212964469211,0.09521399202693599
4176.6,812.3314469267506,90.1,0.03556607864931648,0.038924152472849395,0.04750384055282693,0.06390644108870763,0.08823288408248492,0.11333589458445623,0.13246460149006023,0.14489641829748662,0.1554392628949086,0.1676119362646993,0.1657088907750618,0.14880375709306823,0.13901271951080382,0.12889481221341248,0.11819462582977025,0.10801695216696126,0.0995400091758177,0.09514103396420262
4176.7,815.1226652986284,90.1,0.03608182757634874,0.03952244233406263,0.0482761073192694,0.0648873447771722,0.0891798998230019,0.11386084201205861,0.13269331475601545,0.14505271326981503,0.15548179066869536,0.1674319519340596,0.165381795991963,0.14869782848700683,0.138958052121467,0.12884268567568083,0.11814454412059583,0.10797421013861346,0.09950775724418244,0.09511339339647362
4176.8,817.9048407064679,90.2,0.03525750275501994,0.03884719045077194,0.048115991044604296,0.06587702684261823,0.09147990116832172,0.11698871638098908,0.13826773169434056,0.1547172776891932,0.1649784716619348,0.1677038657124877,0.16475531096616805,0.15388915048972987,0.13747952167040586,0.12250505794781984,0.1113969938147407,0.10238145004768469,0.09480502903400613,0.090811205021822
4176.9,820.6960590784616,90.2,0.03583593214904979,0.03951575610369803,0.04897745611103522,0.06695324441780863,0.09245765712458134,0.1175303521471982,0.1385811467615405,0.15500329698718482,0.165174569586615,0.16766960458993518,0.16444326906007406,0.15345785523353542,0.1371219057448172,0.1222656456278179,0.11122753300149059,0.10225046487819006,0.09470259722504923,0.0907229718168441
4177.0,823.4773177863317,90.2,0.03627470402309541,0.040047569979030695,0.049714849270129036,0.06794213314761359,0.09340068936665012,0.1180690481297107,0.13890672623807276,0.15527532135772013,0.1652855893945255,0.16746427334948552,0.16390303838232395,0.1527908263125098,0.13655203469511312,0.12184447128409107,0.11090546885806267,0.10199266605029765,0.09449236515702165,0.09053710459943774
4177.1,826.3200277610222,90.2,0.03680050394169848,0.04066506080680675,0.05052873738297283,0.06897434921579702,0.09434013923441031,0.11861626661802735,0.13927970403125514,0.15563311400419955,0.16552152724476554,0.1674317719591695,0.1635823776081024,0.1523485210105589,0.13617432525829212,0.12157885609847331,0.1107109823157996,0.1018395590813024,0.09436721352704903,0.09042655316526586
4177.2,829.1612422901015,90.1,0.038840406190670605,0.042706664843549194,0.05233572897474888,0.06992621303860261,0.09388727587068271,0.11651654628805913,0.13400969150994643,0.14596255213022372,0.15577292063243117,0.1667885613391638,0.16437211949089017,0.1488258511714179,0.1392534768162081,0.12908521101710588,0.11831641926378186,0.10811248246739853,0.09965730016916974,0.0952678407816303
4177.3,832.0024568190657,90.1,0.0393776366679944,0.04331597444416939,0.05315426913350504,0.07093556993800204,0.09481516608199297,0.11711921943884052,0.13413296545566172,0.14632220294759743,0.15580712069946323,0.1667056761731884,0.16453941605768851,0.14907583699562305,0.13924678375906013,0.12901512294338052,0.11836601465536331,0.10820703840110835,0.0996865220730183,0.0952621495426133
4177.4,834.8451667937304,90.1,0.04019567212292182,0.04421293884980272,0.05419632220591513,0.07206372766403138,0.09572577677514757,0.11761125817637645,0.13446121522258014,0.1466399686991504,0.15595378999515272,0.1667108162627039,0.16450357624185794,0.149220409800235,0.1394066376827941,0.12914915260647034,0.11847840881173738,0.10830238002654212,0.09977018663956375,0.09533960786600375
4177.5,837.6863813228098,90.1,0.04108033289107795,0.04518068510383526,0.055312603979763605,0.07325189905260793,0.09665039500936361,0.11807043097429827,0.1347440074682897,0.14691950384768418,0.1560841632195933,0.16671481326325488,0.1644236624537504,0.14930113909294646,0.13951022780911146,0.12923423388310562,0.11854838673184147,0.10836175207813038,0.09982331049236601,0.09538911564198461
4177.6,840.5290912975003,90.0,0.04446036057152491,0.04850417953285775,0.05835332069864161,0.0754218337037607,0.09757465868375514,0.11846055762097561,0.13524528011470485,0.14750424052180477,0.1563937714696572,0.16664907660879064,0.16393585798060106,0.1490360230872953,0.13934843382928255,0.12908782540182623,0.11841295757184152,0.10824803460151673,0.09972765498421518,0.09529663272251179
4177.7,843.3703058265796,90.0,0.04528852025298345,0.04942634694398579,0.05944209308980486,0.07660218092302344,0.09848679720024156,0.11885641480698887,0.13542079328366793,0.14767749458337676,0.1564893810205637,0.16661910515594472,0.16368868559254648,0.1488942210034764,0.13925525421097373,0.12900159634278177,0.11833446177993147,0.10818172694354551,0.0996743256760681,0.09524856773993942
4177.8,846.2130158011291,90.0,0.0464343775517409,0.050647548338765634,0.06077100389409814,0.07789690703052775,0.0993805898509968,0.11921425869771683,0.13556822754867587,0.14779986463978556,0.15649958018381382,0.16641779200447177,0.16317906405567997,0.14850432048256668,0.1389423751809817,0.12872445841193644,0.1180910408844034,0.10797576854725734,0.09950140469554314,0.09508998289486127
4177.9,849.0542303302085,89.9,0.0503958762452352,0.05443506824500607,0.06401632168514958,0.07997735899261643,0.10009958433317157,0.1194429193065303,0.1359111457713596,0.14821971568698952,0.15666265528800086,0.16607958490484925,0.16224893054484907,0.14777384043181133,0.1383647079061356,0.12822144578945455,0.1176453630553467,0.10759971537275241,0.09918041840310018,0.09478524885623342
4178.0,851.896940304758,90.0,0.04878974152860759,0.05315375642013413,0.06347823413934009,0.08048817386702921,0.1011047096810515,0.11983661218829728,0.13573542105793393,0.1479059168473248,0.15641895819253812,0.16594591714688478,0.16216550338282928,0.1477224216473119,0.13830361408784483,0.12816079059908972,0.11759518017451503,0.10755644199345366,0.09914944051213237,0.09476638387204078
4178.1,854.8191654844443,90.0,0.049729370759183565,0.05419003516027122,0.06466359395397439,0.08168844175935135,0.10191108470813265,0.12005836340275171,0.1356827423164215,0.14779550272724562,0.15619836375024426,0.16557490692157972,0.16170120140246963,0.1473900370736725,0.13801733843052094,0.1279095810717641,0.1173742614411724,0.1073693881353819,0.09899288806592317,0.09462319269762436
4178.2,857.7334750080641,90.0,0.05079665816197748,0.05534803388113471,0.06594462307281114,0.08291780741295991,0.10265890978046219,0.12018511850971006,0.13554538349868347,0.1476345717374793,0.1559943434279334,0.16537054929221967,0.16153444116693944,0.1473207181738218,0.13796039525626663,0.12786001548245637,0.1173258475225933,0.10732875241471758,0.09896177267915765,0.09459441505524514
4178.3,860.647784531684,90.0,0.05197314803449614,0.05660521915261243,0.06729027481989276,0.08413889190187346,0.10332100258258604,0.12021528627156979,0.1353403561991441,0.14741980298278634,0.15568934780642085,0.16498895068904082,0.16119261545603566,0.14709599102939505,0.13776083904238828,0.12768674775179645,0.1171711969710667,0.10719775561889072,0.09885318068138367,0.09449465952217177
4178.4,863.571908332168,90.0,0.05324395061356203,0.057948887019721534,0.068692619060362,0.08534946900055745,0.10389582956582288,0.12013792536667137,0.13505745831806376,0.14718689532654927,0.15544017951779723,0.16470449754542235,0.16089478393142598,0.14686965327767784,0.1375638766487844,0.12751569111788053,0.11701843783786073,0.10706835388666955,0.09874583667102022,0.09439584387361542
4178.5,866.486217855902,90.0,0.054563043172700755,0.059332120515111116,0.07010666675801763,0.08652068625221589,0.10438869866630779,0.11997733365970736,0.13469207560997204,0.14686862439859233,0.15509990234948537,0.1642980603132463,0.16047794216236652,0.146527365455767,0.1372579422570755,0.12725021993632984,0.11678545657481482,0.10687038638110552,0.09857932453722261,0.09424330530861849
4178.6,869.4103416563861,90.0,0.055919820494235516,0.06074286790474033,0.0715185187914204,0.08763942521357901,0.10479341974701599,0.11973212195747908,0.13424563747641954,0.14648937780429078,0.15477096383640543,0.1639652687756082,0.16010050581422888,0.14617740808916818,0.1369448613806839,0.12697878144666017,0.11654824344307631,0.1066684911456088,0.09840890777606427,0.09408747453497934
4178.7,872.324651180006,90.0,0.05695056456532397,0.061856747106128186,0.07270471495943934,0.08864254960087316,0.10515912048967004,0.11943478302883011,0.1337086978231177,0.14601864883451388,0.15440124138658112,0.1636241268525867,0.15976163296181414,0.1458577735946191,0.13665045292103448,0.12672337629346975,0.11632637079865467,0.10647916323574977,0.0982490809291184,0.09394286673578867
4178.8,875.2389607038048,90.0,0.05828218751368174,0.06322915485530112,0.07404065590001559,0.08962820809435129,0.10540599553197856,0.11905223177601246,0.1331215734186523,0.14551629675762354,0.15404974586355843,0.1633828862988111,0.15956702635579734,0.1456572873619806,0.1364595538131792,0.1265598708687153,0.11618386305187521,0.10635694404174459,0.09814588234710406,0.09384951547886199
4178.9,878.1630845041104,90.0,0.05959464314501418,0.06457266628687543,0.07532333323988318,0.09052725929297417,0.10555523624851973,0.11858826340413631,0.1324713421670036,0.14499593469155028,0.15376877490656393,0.1632951956270123,0.15957395268881835,0.14563197164854638,0.13642236724884255,0.1265308657993809,0.11615759799373296,0.10633334763463358,0.09812676856082779,0.0938332894588533
4179.0,881.0773940279092,90.1,0.05753038752036072,0.06294744163234771,0.07466739500155656,0.09102009071388265,0.10615908315262795,0.11824618853256037,0.131553044641298,0.14409537877554918,0.15327702002537605,0.16329108306922976,0.16001535298494712,0.1459815839295978,0.1366778278792971,0.1267526520187354,0.1163497172181675,0.10649629622463777,0.09827111993528351,0.09397427076225441
4179.1,884.0702187804754,90.1,0.059049127659493154,0.06447292673721303,0.07604563130856312,0.09183889370491365,0.10608611183798045,0.11758621748892643,0.1307758676848919,0.14351323117867337,0.15299083597299204,0.1632100586173355,0.1600491006080092,0.14597363411314623,0.1366507309335602,0.12673347638696653,0.11633232400404367,0.10648056885604831,0.09825790908759373,0.0939626088125357
4179.2,887.0630435331175,90.1,0.06087852688287389,0.06625879095384517,0.07755323251232142,0.09259323321214442,0.10584246620837112,0.1167949915290506,0.12993358904599456,0.14291330084756132,0.15269036613319223,0.16304726025927052,0.15989235401617916,0.14575707553625852,0.13644020513712352,0.12655438374991212,0.11617874298750187,0.10634875443149906,0.09814425241586038,0.09385884210267198
4179.3,890.0558682856837,90.1,0.06229723863716493,0.06767650832868556,0.07879671563060066,0.09323359731063931,0.10555227578088575,0.11589101722709262,0.1289117418691421,0.14210971082124735,0.15221650384555332,0.1627707610232388,0.15973006617275007,0.1455217958136307,0.13619258600785902,0.12634425644311434,0.11600023884347378,0.10619548471165435,0.09801184346868078,0.09373923739793596
4179.4,893.0486930383257,90.2,0.06154008866580093,0.06743176091752587,0.07933108013750194,0.0939633287865298,0.10600280086845923,0.11810899846318368,0.13476978474247886,0.15177502875786836,0.16100384879439825,0.16021847900009523,0.15406908807554517,0.1425490108057818,0.12772801815253002,0.11474535386851971,0.10502016082535222,0.09694919299941948,0.09012504518213695,0.0864757613470121
4179.5,896.0435720008948,90.2,0.06304786216612417,0.0689270831059528,0.08056596869712591,0.09440856129996077,0.10546186150444264,0.11695149266531295,0.13336949923861366,0.15045670479316212,0.16001209843990977,0.1596331137278944,0.15378864250037055,0.14241601305349577,0.12760879704523814,0.1146074268286483,0.10488142404547837,0.09682571032031685,0.09002081407655524,0.08637925009250053
4179.6,899.0363967535368,90.2,0.06408013584463033,0.07000979655793854,0.08153900210655966,0.09477934142483797,0.1048931540908157,0.11568926200289466,0.13180667397817183,0.1489910561251297,0.15898942556801915,0.15915732456127027,0.15371933202789806,0.142516954999268,0.12768860612023436,0.11462567006649692,0.1048695875555578,0.09681147079847807,0.09001075073759054,0.08637080101458028
4179.7,902.029221506103,90.2,0.06495440231720813,0.0709573190715165,0.08241917546571755,0.0950895411986237,0.10424999024251841,0.11431510957264315,0.13011550427891644,0.1474430453232958,0.15802152200537042,0.15891554635806612,0.15403094393769487,0.1430437293508929,0.1281518792203259,0.11496370633859408,0.10512588936230946,0.09702647577410595,0.09019842496810163,0.08654541494734495
4179.8,905.022046258745,90.2,0.06579990020520052,0.07192599181723443,0.08331074728020091,0.0952526347935291,0.10338278924535442,0.11277409302177537,0.12841188299882228,0.14598345658270792,0.15687108656882465,0.15838266718273453,0.15431001523975182,0.14379437197138678,0.12903699877391525,0.11579993768714858,0.10575429633684225,0.09752328056822165,0.09061774657299251,0.08695349172275448
4179.9,908.0148710115011,90.2,0.06669341573428497,0.07286676044505841,0.08410012930057369,0.095355366424496,0.10249651445929861,0.11114774383258867,0.12646134974863896,0.1442668145133858,0.15597436395422049,0.15846975924765921,0.15515893084492755,0.14494136648228967,0.1300770957747563,0.11665252584702067,0.10646685948519224,0.09813251947036868,0.09114538930022432,0.08743979409395268
4180.0,911.0076957640673,90.1,0.0690689973606533,0.07474419379572017,0.08513157065331446,0.09563174888090244,0.10121521383808674,0.10681034626895883,0.1188049857184338,0.13400704164978802,0.14770332779987466,0.16066304952445176,0.1592475145025621,0.14384480078398004,0.1341317469669041,0.12461398616598836,0.1145400969614379,0.1049548264985629,0.09693112405928957,0.09275216130865017
4180.1,914.0496852447409,90.2,0.06896899153759578,0.07502788405763292,0.08551252839565641,0.09500308702799028,0.10022616384396611,0.10760518107286524,0.12237493557530603,0.1407013624817422,0.15407978704778164,0.15859180623072994,0.15693356886921947,0.147533616965142,0.13259874669979957,0.11880714597489458,0.10828266331249312,0.0996709634934008,0.0924687490498987,0.08865468458394073
4180.2,917.0996852447073,90.2,0.07052687211044194,0.07630686942850018,0.08607950756775803,0.09453412236574103,0.0988958706633936,0.10577553626533076,0.12024443673068269,0.1387594920679819,0.15318178933866178,0.15887044059286778,0.15788267420413193,0.14882136476986424,0.13385327671663502,0.11972976393709539,0.10905620688037156,0.10035804520012842,0.0930842166381242,0.08921407539900406
4180.3,920.1398497138996,90.2,0.07054821278231846,0.07615469682980845,0.08586955135957372,0.09445577573849566,0.09752307895043283,0.1015704720809678,0.11330326511474068,0.12951040883150963,0.1447564112686565,0.15870267363956184,0.1595135181576686,0.14408899710430506,0.13381504319447232,0.12438594709250769,0.11436591411317179,0.1048131258801171,0.09679198937964836,0.09261535067036468
4180.4,923.1800141830919,90.2,0.0718013723896418,0.07710767561936052,0.08603728101051149,0.09348489117603301,0.09581080099311973,0.09971553659330508,0.1115929109284169,0.1282453636354138,0.14388687804946615,0.15763200325895044,0.1585278424563298,0.14304228569621721,0.13272645138114708,0.1234512526965045,0.11356766443238825,0.10413222613210292,0.09620477635906488,0.09207798253331684
4180.5,926.2220036637655,90.2,0.07272793365852699,0.07770089525938212,0.08583897897191968,0.09225751049958596,0.09401429111371758,0.09786318041439415,0.10992158257335818,0.12706109772244023,0.14309629469716864,0.1564148402052161,0.15701120072477445,0.1413623686409493,0.13108459590577218,0.1220340805681004,0.11235245725448832,0.10309375407590222,0.09531233980616975,0.09126319177389114
4180.6,929.2720036637319,90.2,0.07293102272631104,0.07762120561996741,0.08514399814932189,0.09083312380161786,0.09222423868310374,0.09603983254299611,0.10827175459073358,0.12592792422390722,0.14241321919807523,0.15521739372948185,0.15528027804276687,0.13935965692809035,0.1291535390275887,0.12036466899299597,0.11091910760251769,0.10186824579384417,0.0942587558756055,0.09030064043928755
4180.7,932.3121681329242,90.2,0.07311088380048891,0.07742096616575285,0.08418973801887954,0.08911690362027902,0.09027969026639025,0.09418998460455386,0.10663364720569303,0.12482522920688428,0.1417999330069693,0.154070608545477,0.15351507039431755,0.13728402197420594,0.12714436163350828,0.11862861615511786,0.10942687481996954,0.1005895825510485,0.09315938700551885,0.08929727639015643
4180.8,935.3523326021165,90.2,0.07284608120906148,0.07676972175861872,0.08283759697575896,0.08716004693139928,0.08825442827031507,0.09231699963462651,0.10495579987684303,0.12364308409603925,0.14108698176085585,0.15284951250286632,0.15189638841155617,0.13552052082150465,0.1253768397487435,0.11710114063410769,0.1081153248166286,0.09946590264218926,0.09219052553434451,0.08841117029276561
4180.9,938.39432208279,90.3,0.06862615611443768,0.07296476978700163,0.07994899440980224,0.08531301792992087,0.08676662874404058,0.09047991996036141,0.10289264158365172,0.12198977526091542,0.13986886441531213,0.1516237839284233,0.15094216603945834,0.13466852873661925,0.1244356140539246,0.11631171906822875,0.10743743826081419,0.09888156450232835,0.09169170793301669,0.08794950759938167
4181.0,941.4443220827565,90.3,0.0677011555246556,0.07162516593371493,0.07793338847089304,0.08286487180812592,0.08451891041646233,0.08853838367469764,0.10114847727494031,0.12070481068581854,0.13911084155336628,0.15047406814398154,0.14987011572899905,0.13379109574775297,0.12338275357319423,0.11541784957140278,0.1066980317604609,0.0982169246011928,0.09111927081716291,0.08743735993694367
4181.1,944.5019355312309,90.3,0.0674653662666903,0.07075579279426653,0.07598093746172442,0.0801207897445997,0.08197385976270188,0.08653689393943859,0.09952673880807376,0.11965491226915538,0.13862958495047156,0.1495754107515452,0.14886012406585467,0.13297718173264483,0.12243581210231132,0.11458618635436946,0.10601331278534847,0.0976063634573625,0.0906022615652316,0.0869482387549284
4181.2,947.5681383946728,90.3,0.06664996399284484,0.06934974552194244,0.0736613417592086,0.07726625884454255,0.0794145172332441,0.08454257455784257,0.0979506903146786,0.11871215510911413,0.13840941362445716,0.14887615734154222,0.1477428566642272,0.13204654213800496,0.12130437191244606,0.11369560839048944,0.1051069670669078,0.09699797293540557,0.08990381997715785,0.08647507357745843
4181.3,950.6356618256576,90.3,0.06581678374990606,0.06792445560682096,0.071279233939516,0.0742576206198482,0.07671946872398662,0.08249452061516412,0.09644266702627284,0.11806699956059771,0.13847626862143805,0.14841642708203856,0.14648090938656871,0.1306215783994739,0.11994588402191242,0.11244883019549222,0.10412517958467574,0.0960615327802393,0.08918319902989565,0.08571289535628823
4181.4,953.693275274132,90.3,0.0644416834251283,0.066042420666035,0.0686479896332089,0.07122914111193776,0.0740339020676076,0.08043170271652095,0.09494127070320507,0.11748740010828952,0.13881578647671966,0.1482117339164448,0.14519426499787585,0.12904343458875558,0.1183892015546468,0.11107581525663927,0.1029519709422298,0.09504614171386262,0.08831394820838137,0.08490205727345933
4181.5,956.7607987052322,90.3,0.06305194522380632,0.06414431777274919,0.06600558216715126,0.06817409767523602,0.07127551954781527,0.07830364273452389,0.09342507726997319,0.11695631754218495,0.1392514262599018,0.14794927029521285,0.1435087498132939,0.12696000816753253,0.11637109416870228,0.10929856526523345,0.10142085590794364,0.09373169872735439,0.08717523776985164,0.08385720938297304
4181.6,959.8184121535912,90.3,0.06132979369125681,0.06199951419188572,0.06326861301289406,0.06513857843272121,0.0685171057264963,0.07612343102922921,0.0918359309484599,0.11635794159253834,0.1396700156354883,0.14761357471053108,0.14166708113543602,0.12480327773604512,0.11429088866911866,0.1074491539251348,0.09982869055103602,0.09236594526562747,0.08598301556627105,0.0827809933517447
4181.7,962.8846150170332,90.2,0.06147036736614987,0.061269050553546645,0.06124839975825648,0.06220218875622105,0.06560185876365857,0.07393420153562526,0.09045680583645113,0.11605967888492527,0.1402446844381312,0.14713849054706093,0.13927115069868617,0.12211499429874079,0.11169768193842149,0.10517933284732049,0.09782729221105647,0.09064697429076772,0.08454120975516946,0.08139439286868816
4181.8,965.9521384481334,90.2,0.0590285604813279,0.058619032775630034,0.05834342636746745,0.05922778723826541,0.06289891834014247,0.07163620661669191,0.08865418598075062,0.11514817641607433,0.14058981145801416,0.14690341556659434,0.13743730069512966,0.1201744717803813,0.10990257429971909,0.10348278154237664,0.09633450300303002,0.08943082092866947,0.08346682549603092,0.08041100704508251
4181.9,969.0097518966078,90.2,0.056175727156973165,0.055678910261125716,0.05531497027070488,0.056229865479638416,0.060107481729114204,0.06919688249476519,0.08667467573095952,0.11414981341512198,0.14096469451203922,0.14695858574884038,0.1362038812219344,0.11883504816017465,0.10848116893519291,0.10224261252786321,0.09524391167397699,0.08849342748696776,0.08268249854188058,0.07965203442270237
4182.0,972.0772753275926,90.2,0.05340002146595234,0.052809046501650476,0.05233093006448335,0.053220661337905234,0.05724875003050913,0.06666865463636634,0.0846533593765917,0.11319674977852943,0.14162787052981696,0.14758306795756887,0.1356373160653944,0.11807438873776128,0.1076232174867534,0.10148966005058249,0.09459520369737852,0.08794392580313166,0.08220989712965239,0.0791967150296731
4182.1,975.1252254584366,90.2,0.051460490329944826,0.05060407449914312,0.04971513396140076,0.050304523845075506,0.05430802197721475,0.06406952977914072,0.08271426483739776,0.1125192274311133,0.14253926437218922,0.14843997654673957,0.1355186115042725,0.1176509824604959,0.10698895757078107,0.10104316074683818,0.09422032161549142,0.08755309636260762,0.08188837901929254,0.07891255022102306
4182.2,978.1731755892806,90.2,0.049207211308624724,0.04816200781474566,0.04699547704429944,0.047370971479721906,0.05134914907972873,0.06137946177629279,0.08064416765052052,0.11169448631114173,0.1435958231500609,0.14972911998935298,0.13573190151096132,0.11749598402507183,0.1066750520547001,0.10078827126091235,0.09400619022484107,0.08735983733051818,0.08171942423431978,0.07876072785721225
4182.3,981.2310997217386,90.3,0.04538066612918379,0.04451148544926812,0.04360415677520806,0.044197484376675825,0.048304949637337745,0.058481470076184566,0.07813446251344629,0.11025176718859352,0.14427078660070966,0.151033438686115,0.136001628708624,0.11732528453045821,0.1062963283612459,0.10045560203492554,0.09371759189662517,0.08710829746689983,0.08150408111103906,0.07856862923269892
4182.4,984.2790498525826,90.3,0.04321325771843756,0.04218722191704341,0.0410250151053175,0.04136187172050316,0.04530798924031964,0.05558600826625778,0.07580724858263657,0.10917727580625293,0.14512655667923946,0.15193773240460767,0.13525625104693106,0.1159078187804756,0.10479007658069242,0.09913694438408435,0.09257538619555264,0.08611844908697434,0.08064377342813367,0.07777828004990851
4182.5,987.3269999834266,90.3,0.040946265076087326,0.03982063879239616,0.03848284146209902,0.038608727949478644,0.04236205212720502,0.05263869708977235,0.07334719773923658,0.10792573938010204,0.14576546669641677,0.15248877263908578,0.13392276263847308,0.11383085819493552,0.10265196284155001,0.09724432846710007,0.09093443510688123,0.08470107796362915,0.07940978360595798,0.07663963750840797
4182.6,990.3756882258883,90.3,0.03871407024984321,0.03753329466197459,0.03608469264204098,0.03604438356071364,0.03967592503557014,0.0502488378153152,0.07251509803243644,0.11085989440585592,0.15384143566205255,0.1652254028507602,0.14841728091957407,0.12653640279752598,0.10738138064009067,0.09337299968457134,0.08476895791127387,0.0792645585464477,0.07490482944388412,0.07248013924875733
4182.7,993.4336123583954,90.4,0.03506363601499762,0.03410881299915307,0.0329677323205459,0.03311985031082762,0.03670514784008552,0.047052218238288555,0.06931883974663813,0.1084652944604643,0.1536207949839509,0.16570316077791322,0.14746978183816767,0.12444324828834685,0.10490954437062468,0.09095273558423785,0.08255692102761916,0.07732687395288744,0.07322510861667038,0.07091740438330633
4182.8,996.4815624892394,90.4,0.032717310065444954,0.03177721514593208,0.030620794152763642,0.030666524052927722,0.03400410302020803,0.044031280732955695,0.06633528673522236,0.10640267754188867,0.15367628958538274,0.16656717210485247,0.14723036659729843,0.12326678000905186,0.10340490086853782,0.08943052216337745,0.08113355638388611,0.07607076046813906,0.07213293043387711,0.06990658886232262
4182.9,999.5295126200346,90.5,0.029295659230299313,0.028568794475084713,0.027708823460051192,0.02793721198536522,0.031183924324364724,0.04081633892582498,0.06279199177898324,0.1033310723545227,0.15279815632753235,0.16768338572588862,0.14824232133228207,0.12387602713778473,0.10382943171213305,0.0897322506908983,0.08134304827088971,0.07624123564058251,0.07228391851747358,0.07005195051109021
4183.0,1002.5774627508786,90.6,0.02626992643270912,0.025698940950723666,0.025052488782816948,0.025390931763916026,0.02849014600197676,0.037648821635534124,0.059142467954166465,0.09997409068384053,0.15146645220096233,0.16894687105260897,0.15021419474887723,0.12597813099232497,0.10594506339427116,0.09166209835142208,0.08300954477389715,0.0776798507184829,0.07353986213730608,0.07121992965988631
4183.1,1005.5780626908823,90.8,0.023093933421950152,0.022700261438013833,0.02231025804147825,0.022809334605771156,0.025787030456300385,0.03440306817760147,0.05515314762395865,0.09597706152255701,0.14934374908606277,0.16991409164500457,0.15241886170668195,0.12870241900264284,0.10890882593537216,0.09447896190225705,0.08548289650441607,0.07981473643659924,0.07539760199615234,0.07294421631894016
4183.2,1008.5788792464288,91.1,0.019637860995091128,0.019442158668182996,0.01935729872795184,0.020084900636091686,0.022992792067421726,0.031019646621552325,0.05070974831306564,0.09106351873628986,0.14611700966131672,0.1703094634348638,0.15434937085335457,0.13122587235498573,0.1117479609399105,0.09719497962024524,0.08784778924026422,0.08184607038220736,0.0771632582750801,0.0745776171717712
4183.3,1011.5694811925083,91.4,0.016855893643154103,0.016766310642078158,0.016818900218933765,0.01757128351415296,0.020347265105410867,0.028246247090330186,0.04783160651420386,0.08606507700848426,0.13538943638562653,0.15610544053790998,0.14061667147862406,0.1217076645303317,0.10667954611795212,0.09974306863356303,0.09329794676625403,0.0867763639388351,0.08126899236375788,0.07837688588680684
4183.4,1014.5702977480547,91.8,0.014072532033577894,0.014076727295832776,0.014272276824451665,0.015143630084888312,0.017855998652453277,0.0254274545061025,0.04447551580686462,0.08244121770598117,0.13244245672322824,0.15542172678428434,0.1407108206226535,0.12187561772290982,0.1063030933004675,0.09905058863421766,0.0927703001659015,0.08637340954876026,0.08091031117402372,0.07800605624048017
4183.5,1017.560899694153,92.1,0.012176463879698863,0.01221112817853094,0.012441896449779395,0.013292932610231829,0.015845790989311024,0.023030415732367235,0.0415896415370248,0.07944349155199344,0.13017847238527172,0.15481250796454724,0.1399994255023086,0.12039615103319405,0.10433415359141315,0.09701490716471181,0.09107714717941441,0.08488822480171733,0.07955514819185176,0.07672069264502838
4183.6,1020.5617162496777,92.5,0.01028036499577649,0.010346211053063591,0.010620825791966281,0.011482623824867848,0.013942491383378938,0.02084986754202966,0.03896523290668024,0.07644496503193593,0.12751476274642182,0.15393685756543876,0.13911128395889416,0.11828558017893476,0.10151653240069015,0.09415562073062625,0.08864108255138842,0.08274211361660287,0.077654826830364,0.0749577211029536
4183.7,1023.552318195776,92.8,0.008978949548757232,0.009052606561871748,0.009329076317810204,0.010153636715468081,0.012482098935491352,0.01909706464605612,0.03678155256547973,0.07391079704832201,0.12523141053158485,0.15312877672238695,0.13828942640407751,0.11635589741705789,0.09889846138757627,0.09143510000118918,0.08631505359286588,0.08072229838443619,0.07588593568821493,0.07331625042313179
4183.8,1026.5531347513008,93.0,0.00834624870429207,0.008432581345536714,0.008724339353742217,0.009472128922973931,0.011246631432888054,0.01556795830222684,0.02717520247121069,0.05902946902872725,0.1215690617060146,0.16874829651320178,0.15606633607835538,0.12849660468383628,0.10638220292403078,0.09074836598910542,0.08122164782542744,0.07583384130295832,0.07196413059858434,0.0697493837538519
4183.9,1029.543736697399,93.3,0.00740986655736627,0.007497542040396221,0.00777982737376862,0.008475188011109644,0.010088783425237415,0.013962664684025867,0.02441931096409809,0.05413274343814779,0.11646581043081415,0.16758724435466835,0.15584657343226072,0.12767143438337006,0.10539074268237637,0.08982462271132885,0.08041178665448918,0.07517400522504676,0.07152863682373382,0.06943772106457292
4184.0,1032.5445532529238,93.4,0.006956048338355826,0.007035630569357659,0.0072920445247445205,0.007920695476066886,0.009375309570250049,0.012866243576801476,0.022379029016655488,0.05034940582300544,0.11246899942873931,0.16658782925395227,0.15543452664404278,0.12668352125521268,0.1042075174820567,0.08869955826786183,0.07936052205057577,0.07424027966474016,0.07070890812134568,0.06870808316429786
4184.1,1035.4645532529657,93.6,0.006441610573291249,0.006516695677573272,0.006755282736204504,0.007332480780536498,0.008655218403322998,0.0118148344167372,0.020473131722999867,0.04665104044082339,0.10793574035175871,0.1650174946764619,0.15493187424349017,0.12582473938759983,0.10325248918704728,0.0878153082500883,0.07853425916416727,0.07351729799690944,0.07009347596705175,0.06816364986568392
4184.2,1038.3945532529006,93.8,0.005960940080374793,0.00603265058189816,0.006254818263174409,0.006787473633618957,0.007995014830917094,0.010865527039217778,0.0187708948309881,0.04329183282176365,0.10343463319724862,0.16327059479086398,0.15457359395059703,0.12530200792859492,0.10268030748733316,0.08729077518792686,0.07796925526003046,0.07301380172046594,0.0696276418336704,0.06778133257451674
4184.3,1041.314570376179,93.9,0.0056558783968561266,0.0057221660447503405,0.005925417751507289,0.006413085753312409,0.007516022616870132,0.010137162400958443,0.017406940881035452,0.040518953244584266,0.09953889151355837,0.16176536809057238,0.15479734418787966,0.1255350995015362,0.1027707819041043,0.08723021295436797,0.07777166922728082,0.07277688736316662,0.06940909053924171,0.06758993971952822
4184.4,1044.234570376221,94.0,0.005377852722228936,0.005439049624823238,0.005624772051675323,0.00607116897412384,0.007079770829663354,0.00947819574119442,0.01618511668564948,0.03802685021377387,0.09580559239475883,0.16019514472973084,0.1554219711646427,0.12635164332072477,0.10340488313702913,0.08760267760838081,0.07792293425568109,0.07282489514978902,0.06943562592616696,0.06762104013405237
4184.5,1047.1645703761558,94.1,0.005103708934057018,0.005160240507393853,0.005329493876908759,0.005737108622139498,0.006657764456324223,0.008849732991180966,0.015040674789897094,0.03571458681808094,0.09215921462166783,0.1583212483609496,0.15591354612961905,0.12714146488854802,0.10404308436760096,0.08799091656035825,0.07810266242500212,0.07290529337267583,0.0694998684004903,0.06769341079222296
4184.6,1050.0845703761977,94.2,0.004855381701093416,0.00490485230378244,0.005059478016378966,0.0054290978775767,0.006263779674117763,0.008261001910194918,0.013976968259389403,0.03358422457185891,0.08857748916491467,0.15614990890243877,0.15641833202301197,0.12798733890467673,0.1046774553033014,0.08833408664501642,0.07832457712067513,0.07298834791993754,0.06957870309222977,0.06763936167222484
4184.7,1053.0145703761325,94.2,0.004739138640079685,0.004782108097425614,0.004918770111489506,0.005249466215309372,0.0060033631214359085,0.007820893444030924,0.013092136897258569,0.03172887215759768,0.085514742370582,0.15394386483550168,0.15597198071962903,0.12762299310358294,0.10419179153058769,0.08785651683675558,0.07786971858247324,0.07257358427175536,0.06921904236677487,0.06731412341061817
4184.8,1055.9345703761744,94.2,0.004652707372650589,0.004689067422794377,0.004807634902471324,0.005099875725884681,0.005775295448364875,0.007419644011871828,0.012253272457722428,0.029911556747145136,0.0825804796922203,0.151724797323723,0.1550119481123796,0.12647981937896935,0.10292348054500211,0.08673327627044976,0.07689213941198665,0.07170074164741505,0.06844796332301145,0.06660613584878672
4184.9,1058.8545703762163,94.3,0.004475941031901204,0.004507144719866346,0.004610719014230934,0.004868769193191605,0.005470412832995758,0.006947809718356291,0.011363522339833515,0.028070104557777805,0.07944155635349799,0.14896469844955032,0.15359241879883231,0.12485552378078502,0.10127091224622795,0.0853689132577095,0.07579170041002081,0.0707802382564188,0.06767200952599704,0.06590570108576078
4185.0,1061.7845703761511,94.3,0.004417792940675678,0.004442773886307736,0.0045295469151448355,0.00475260514413383,0.005284504529821409,0.0066106743074127285,0.010636286850322597,0.026392053810470547,0.07663406335212056,0.14676171360022164,0.15241241638100422,0.12344535710135907,0.09985006958168262,0.08421108688850223,0.07486136267156711,0.06998667442939717,0.06698769938675424,0.0652826573847409
4185.1,1064.6146410467247,94.3,0.004155323801150387,0.004177512640780902,0.004258084903762462,0.004477287155739829,0.005009925885515332,0.0062900602416302845,0.009601106853561319,0.01976550247780024,0.055790034052943756,0.1345879003545178,0.15680580629187327,0.12724544821970765,0.101393548045468,0.08473769124646006,0.0751125071192801,0.07004014343691001,0.0669078986867154,0.06518128252735307
4185.2,1067.4447117171753,94.3,0.004089079963381885,0.004105423902919983,0.004170441657003172,0.004358289186582516,0.004830893056628981,0.0059881697976137994,0.00900223810180517,0.01830143359784772,0.052247258206114165,0.13122208041644962,0.15732360190825564,0.1283933816621715,0.10228713833595313,0.0853405918349863,0.07550243773336542,0.07031403738026865,0.06713178309706866,0.06538737788039155
4185.3,1070.274729384922,94.4,0.003945335552842491,0.003957922547935904,0.004012009480027052,0.0041755872898294345,0.004596779943887869,0.005639653032632836,0.008360291692838858,0.016761489882066518,0.04833420029845663,0.12724352234088784,0.15813547134269246,0.13007478592805602,0.10355925872221054,0.08615074864706211,0.07601215183585674,0.07067660938217132,0.06743427830336562,0.06566789859690976
4185.4,1073.1048000554956,94.5,0.0038320040425721858,0.0038405758447687143,0.0038834702555402396,0.004023302178998373,0.004396178534344521,0.005334876595729434,0.007793264111962558,0.015387510408685537,0.044694911594115566,0.12340150468668068,0.15878983908476355,0.13099029395582087,0.1037665794019567,0.08591372811125655,0.07561186863103436,0.07027121759295964,0.06708973068230008,0.06535878140392017
4185.5,1075.9348177232423,94.6,0.0037305719561225585,0.003735392738335197,0.0037678462904623174,0.0038855302978647835,0.004213632133111572,0.005056267198960638,0.007273934870589602,0.014121286588499907,0.04120540079626501,0.11938268213421199,0.15888512556151366,0.13109407116932495,0.10316089778971844,0.08498877386482216,0.07462347058829076,0.069330159671008,0.06625496295495266,0.06458951467603605
4185.6,1078.7648883936995,94.6,0.0037202807818445716,0.0037198249452860188,0.003738855414415071,0.0038307922473150434,0.0041131788564736215,0.004868619909716107,0.006885307706895618,0.013123017877824002,0.03825994248730521,0.11559220751135858,0.15817967321897075,0.13006198248412984,0.10158471506542148,0.08336834160203023,0.07310555571989558,0.06791282625218559,0.06496476605170527,0.06338547784463322
4185.7,1081.5949060615626,94.7,0.0036530693904201187,0.0036492374567768282,0.003659060455351082,0.0037316462647236435,0.003976284395439054,0.004652683192176847,0.006474787032167634,0.012097395616070135,0.03510925060376422,0.11117424977266398,0.15732562085393412,0.1291335521885451,0.10024671234642916,0.08204734485001809,0.07188937240094387,0.0667671820091622,0.06391229774679612,0.06240208619197244
4185.8,1084.4249767320132,94.8,0.0035910429524418394,0.0035843468565852025,0.003586186156798184,0.0036417095726585676,0.0038529924515746197,0.004459097885071486,0.006107794098444956,0.011177846289736825,0.03214863708118051,0.10661160575895312,0.15650401913889647,0.12863236528175384,0.09959399984741214,0.08151902940836123,0.07146109450866746,0.06634801156515498,0.0635064268172091,0.06201910022374882
4185.9,1087.2550474025868,94.8,0.0036100117086027344,0.0035988757841658374,0.0035892800302973747,0.0036232948638077024,0.0037986367301352003,0.0043396922568308596,0.005843973069093942,0.010471894164639945,0.029691509801359504,0.10252127388564795,0.1559551823011723,0.12872376424372636,0.09973217811859483,0.08175134680926871,0.0717039168485233,0.06653170562922839,0.06364145146037889,0.06213898258370126
4186.0,1090.0850650703335,94.9,0.003575511440206073,0.003561764223177208,0.0035447655345740236,0.003563544170143073,0.0037103951857335293,0.004194643471384671,0.005562689046069701,0.009762278144899847,0.027247279163954734,0.0981889835693446,0.15587379568057422,0.1294062781657399,0.10024618877737798,0.08216231416575291,0.07202809153680564,0.06677200826962684,0.06383152392026956,0.0623122964631147
4186.1,1092.8668630500727,94.9,0.0035846289153514815,0.0035671883873626604,0.0035406929460986957,0.0035416373888014874,0.003658080322563568,0.004088361850025516,0.005336772327304832,0.009174091798828764,0.02514548173677559,0.09428455878399604,0.15636034404174426,0.13054529993049316,0.10100306143431596,0.08264395239683174,0.07235087989771512,0.06700668876633636,0.06402160374355967,0.06248564584474457
4186.2,1095.659030666752,94.9,0.003608298926240217,0.0035865768424112165,0.003549741385976565,0.0035320061424390144,0.003617896401731313,0.0039971077489896105,0.0051385664864918605,0.008662355190590564,0.023320881256956985,0.09059361816740673,0.1569050273851399,0.1317235428563454,0.10153860479556395,0.08268107075526138,0.07215559365078672,0.06675173058032673,0.06378032125092968,0.06226221064944516
4186.3,1098.4408286464911,95.0,0.0035703576373073134,0.0035463942178534987,0.003503841038300119,0.003474290320055508,0.003537538294294668,0.0038723275156028855,0.0049104434523390425,0.008118129259969149,0.021462133243658855,0.08665794719339023,0.15740285006139526,0.13281009505376618,0.10196811463789845,0.0826405412682096,0.07190068100481461,0.06644027397819649,0.06349005746963438,0.06199652307656826
4186.4,1101.2226266262637,95.1,0.003530650277066575,0.003504569541809056,0.003456548156235747,0.0034158042493827954,0.0034581021207128193,0.0037521822739001154,0.004697776676195213,0.007629285342535339,0.019846377253035452,0.08285571207327594,0.1577499649129795,0.1342838645350223,0.10296773924069398,0.08316418913309505,0.07216786580947464,0.06662480402540813,0.06367172558980046,0.06218031808621136
4186.5,1104.0044246060029,95.2,0.003500511261626811,0.0034720205280059603,0.0034178933331420157,0.0033653536736105508,0.0033868769398273206,0.003642669881538477,0.004504946377081388,0.007192252306216093,0.018403167773272337,0.07921561224474355,0.15771388745467008,0.1358051000082553,0.1044636499707563,0.08433903930894567,0.07305005384193894,0.06733231809846026,0.06429285730698725,0.06276442729238434
4186.6,1106.7862225856593,95.3,0.0034670309936505094,0.0034363330144333306,0.0033764923653672027,0.0033129717619939884,0.0033153344647047058,0.003535971139651724,0.00432231778757747,0.006789355396370834,0.017096621422350917,0.07569164267160822,0.15738662866240152,0.13744261433525354,0.1064678339974189,0.08618984267086705,0.07460588194009914,0.06865258116880492,0.06545865144380084,0.06385348932078808
4186.7,1109.5683979935054,95.4,0.003444234666503586,0.0034110272067616396,0.0033447761328064506,0.003269473456617774,0.0032524236714099406,0.0034394019550064675,0.004156267415058652,0.006426745041390481,0.01592681914358203,0.0722820952745536,0.15653025521988342,0.1390323759765676,0.10885390708900654,0.08859698315668241,0.07672557261708209,0.07048644537511255,0.06707859608715108,0.06536212965513909
4186.8,1112.350195973278,95.6,0.003361352534289856,0.003332910648747244,0.003275242988595139,0.003207768047987305,0.0031878770415506214,0.0033427701452146534,0.003971378311543469,0.0060086975376985536,0.013614280784268571,0.05079993989817093,0.14794259458696893,0.14081761316587899,0.11004944748232169,0.08986954919168111,0.07801151138459647,0.07185154790351284,0.06838434788060799,0.06653859872696219
4186.9,1115.1419875127976,95.7,0.0033505580993754315,0.003319482670807194,0.003255058070257851,0.0031752941158614484,0.0031357850923759987,0.0032585483611023273,0.0038247532733623846,0.005699833692144231,0.012715150759399647,0.04745847838571972,0.14475514144442345,0.1408414998756502,0.11089076952170114,0.09090831522863244,0.07897600518626006,0.07267401980652116,0.06909832660539249,0.06720160855084385
4187.0,1117.923785492454,95.9,0.0032953769654575343,0.003263347392585496,0.003195943349488209,0.0031096289994843093,0.0030573310670371115,0.0031546961191972088,0.003664118351680234,0.005380166896989257,0.011794440585238637,0.04389165937754672,0.1410201341666153,0.14010776865276703,0.11053659713949782,0.09069043246153836,0.07881279532607222,0.07249263091091364,0.06892001393443627,0.06703767000591708
4187.1,1120.6950848267106,96.0,0.0032702335852584086,0.0032364601675868654,0.003163881299368242,0.0030669211261538753,0.0029975267990098825,0.0030671667695669935,0.003522786207222766,0.005100947517449084,0.01101470595670936,0.04092488175928557,0.13758774580193037,0.13864580728556833,0.1089918999864742,0.08911915261916205,0.07741943539420282,0.07123547199598904,0.06784021310087741,0.06610845410647208
4187.2,1123.475462498856,96.2,0.0031973180848357493,0.003163137597310252,0.0030891725466361893,0.0029885352755331654,0.0029103485765866006,0.0029604178929622856,0.0033694857050827493,0.004815149869953111,0.010226731504906841,0.03782172115475513,0.13399818426371887,0.13759951722557376,0.10766025000785948,0.08759473962019551,0.0759396999569121,0.06983252913482076,0.06654324456236888,0.06488097234567897
4187.3,1126.2467618331125,96.3,0.0031777818527070345,0.0031418382276652886,0.0030636998203531396,0.002956097399758677,0.0028662394598573055,0.0028955771688695515,0.0032588996748374325,0.004561982264455698,0.009333121843276181,0.031963408531163105,0.12598110233567883,0.1411242400831087,0.10660472795942781,0.08515011199168554,0.07330457166578166,0.0672646354021273,0.06419812128359875,0.06267803973123469
4187.4,1129.018061167369,96.5,0.003120431746550425,0.003083745709009696,0.0030034527216656094,0.0028912683392621936,0.0027925660098960556,0.0028043973312396353,0.003128627644216948,0.004324828741692715,0.008707606914386518,0.029581461684625658,0.12150030170774984,0.14174613650318763,0.10653791160157756,0.08443607414546042,0.07238699720553797,0.06635379381087018,0.06337834864803876,0.06192271365142777
4187.5,1131.7984388395946,96.7,0.003069518587733162,0.003032029013077753,0.002949497765097895,0.0028327681890724884,0.002725687220152047,0.0027215184486064276,0.0030108016382804953,0.004112609922843613,0.008154426025985444,0.02745785498476433,0.11709125600346368,0.14267606715635694,0.10693179735720534,0.08423243601381417,0.07193915814275187,0.06585715337457063,0.06292489573219665,0.06150709602138256
4187.6,1134.5697381738512,96.9,0.0030222767156969877,0.002984102898339148,0.002899640609573705,0.0027789330931579266,0.0026644234272639434,0.0026459590181642134,0.0029039250927761426,0.003921289740881026,0.007658570282621196,0.025532069374668762,0.11256635407526588,0.1434691010019972,0.10732083219838762,0.08407597796197916,0.07154982127218462,0.06541575265298011,0.06251970767535112,0.06113596017373756
4187.7,1137.3501158460767,97.1,0.002973168282332072,0.0029346297122212054,0.0028489906034082904,0.002725537580250879,0.002605299534911696,0.002574845121232927,0.002805297927852758,0.0037472577642517027,0.007211800488280986,0.023784696766267523,0.10805075089201932,0.14432479936287385,0.10780125121341184,0.0840016101506847,0.07120884570421311,0.06500198616169375,0.06213607389434935,0.060785286459769834
4187.8,1140.1214151802174,97.3,0.0029311333017238857,0.00289215054976049,0.0028051863143276237,0.0026788620465418847,0.0025530158865287545,0.002511410835460646,0.002717047153656909,0.003591962436891808,0.006815381896560277,0.022224109839998566,0.10348650244103673,0.1449645001199934,0.10782246263814639,0.08357815788920693,0.07062580738747617,0.06438665994377626,0.061568041010561084,0.0602618233582524
4187.9,1142.9026738880875,97.5,0.0028912231047893075,0.0028518785645236942,0.0027638004814584598,0.0026349959054293172,0.0025041941823989904,0.0024525691248852926,0.002635741467247878,0.00345007942241085,0.006456857803557232,0.02081040081682663,0.09899164257902429,0.1457478234323307,0.10851755839289169,0.08389494675652984,0.07071136152096884,0.06436607270029307,0.061532275044940396,0.06023284215633014
4188.0,1145.6730890194638,97.6,0.002899551356144227,0.002857941911051258,0.002764500133562103,0.0026269738543008895,0.0024843785763068033,0.0024173900367817818,0.002576860876091744,0.0033393812742313813,0.006176390026497745,0.01973764937990134,0.09558688727487513,0.1462607518251297,0.10883077139145282,0.08390405631227899,0.07055506241878493,0.06414051294181107,0.06131353364307556,0.06003324045770907
4188.1,1148.5128425298362,97.7,0.0028805438397408625,0.0028379931816304876,0.002742162590205786,0.0026003550543538794,0.0024510505939243444,0.002373323787690261,0.0025123870903663967,0.0032241989828793558,0.005885849141570076,0.018594614713817993,0.09164856623656413,0.1472135439701923,0.10981743215104077,0.08463608059982228,0.07106101680268133,0.06450299935959014,0.06162058213155986,0.06032232156072656
4188.2,1151.3412696545658,97.8,0.0028658085427059467,0.0028223404258327545,0.0027241931243482597,0.002578270727700489,0.002422617062425278,0.0023349514452585835,0.002455533120770893,0.003122051424527888,0.005628001149425902,0.017573648499235383,0.08789951789931791,0.14827469942665472,0.11099315534456963,0.08561639519551367,0.07182146587133395,0.06510246912976915,0.06214117313630361,0.060809235473077254
4188.3,1154.1810231650727,97.8,0.002898391341829504,0.0028520850895680993,0.002747338052340742,0.0025910338916312918,0.002422204669624633,0.0023192410626773673,0.0024197307705081067,0.003047768322768699,0.005434628290551624,0.016819473166449633,0.08513427001078923,0.14971875334964552,0.1126739005814346,0.08709376332213184,0.07303261347474509,0.06611858462186249,0.06304116371723607,0.0616475167851738
4188.4,1157.010881818739,97.9,0.002890883374926793,0.002843766397241905,0.0027369487578064577,0.002576936791189195,0.0024023952026531767,0.0022906344850280964,0.0023752023358231734,0.0029650727869732565,0.005221632471838734,0.015952396810338026,0.08151820570517211,0.15120365523864365,0.11442326353730568,0.08880053840900427,0.07452298467318505,0.06739104380338785,0.06416518422413489,0.06269252480179986
4188.5,1159.8492087907186,98.0,0.002882704971391322,0.002834913115784229,0.0027263379663101687,0.0025631087994483067,0.0023834859251418853,0.002263701806967114,0.00233346606901699,0.002887488992153124,0.005021085143277322,0.015129559349463376,0.0779542760898002,0.15253012973328128,0.116099297329585,0.090529480012134,0.07606807557169763,0.068714807199964,0.06533250369213815,0.06377647425478904
4188.6,1162.6790674445003,98.1,0.0028819754147806965,0.002833242772294705,0.0027223315469743293,0.002555079027087789,0.0023695934255560007,0.002241412435691667,0.002296997209000368,0.0028184417960474637,0.004842913093555029,0.014404299138229142,0.07474966056284012,0.15368076772985903,0.11759275056545267,0.0921085682872302,0.07748341565638676,0.06992249556611718,0.06639501741441209,0.0647625218584167
4188.7,1165.517394416496,98.2,0.002884343484586928,0.0028345262742105045,0.0027209710719372834,0.00254927849477392,0.0023575473074139834,0.0022208147935271856,0.002262568475460985,0.002753060756431042,0.004675008442417554,0.013720946278111492,0.07157669339718666,0.15444166729293907,0.11823061591152764,0.09271534136292588,0.07800388263973654,0.07033063476231691,0.06674304618588583,0.0650864068782385
4188.8,1168.3571479270029,98.3,0.0028899464948307736,0.002838853869334048,0.0027222363268403368,0.0025455147229887136,0.0023469428514717853,0.002201270191261087,0.002229264021486286,0.002690020274223924,0.004515535416914337,0.01308380330575895,0.06860193295177902,0.15457538719713204,0.11797189192515008,0.09250809507025401,0.07784448128725785,0.07014312157618105,0.0665562132633192,0.06491379019670666
4188.9,1171.1870065805344,98.4,0.0028962660870857112,0.0028438463087415242,0.002724071802209202,0.0025422391730823045,0.002336853188732589,0.0021825127981521604,0.0021975218104514217,0.0026307367138912185,0.00436790527782117,0.012499023943825693,0.06573261597426945,0.15414348153977375,0.11666021725564805,0.09107458821458399,0.07658286240716866,0.06899700850556281,0.06551651325350195,0.06394992234393046
4189.0,1174.0253335526454,98.5,0.002901086929986878,0.0028474706583927287,0.0027248588702045544,0.0025384547535587105,0.0023270129779221446,0.0021650067510198623,0.0021685353602175043,0.0025773284841311235,0.004235955971763183,0.011973457242398311,0.06297970940503841,0.1535907036197083,0.11499741720507703,0.08918662883653741,0.07491142823174694,0.06750082562116372,0.06416421710497769,0.06269461653891119
4189.1,1176.9850125892222,98.5,0.002939692667718189,0.002883326418160118,0.002754451032265868,0.0025585708129324696,0.0023358997375987054,0.0021623282616559394,0.0021532512372763445,0.0025420220016554034,0.004144399415280979,0.011610146412153364,0.06101771664151644,0.152513558783576,0.11300139548894947,0.08720376729232669,0.0732530979468999,0.06604433559069288,0.06284434205249077,0.06146620395841778
4189.2,1179.94288344517,98.6,0.0029330632729437215,0.002876426258791437,0.0027468184660671825,0.0025495476722965727,0.002324598049680515,0.0021472898377634638,0.0021310976704143553,0.002502396431654723,0.004044770141340754,0.011191396490916846,0.0584283761741294,0.151483650194725,0.11111345157862391,0.08530206645921125,0.07166136194711799,0.0646486006993263,0.061575837254703725,0.060283978384896665
4189.3,1182.9025624818614,98.6,0.002962201659381442,0.002903667384426192,0.002769745186228306,0.00256596998960268,0.0023333683183069396,0.002148300647131668,0.002123902038352563,0.0024825609040599254,0.003989231670764234,0.010953349546895103,0.056902483517511565,0.1504337145426412,0.10986892567373509,0.08430720137367309,0.07098094016389969,0.06409722668737597,0.06107034771784395,0.05980907986015136
4189.4,1185.8604333376425,98.7,0.0029423046241992563,0.0028846185680761562,0.002752467590867177,0.0025509847570394516,0.0023202761959817426,0.0021354648311838727,0.002107863866478094,0.002454668000456699,0.00391603781957218,0.01062516523636138,0.054676303498769716,0.14973077389034273,0.10966783172277098,0.08451936512000377,0.07141777251233401,0.06452677966852018,0.061441063829765316,0.060149318510755855
4189.5,1188.8201123742192,98.7,0.0029605618275634297,0.0029018235097725015,0.002767228846494116,0.0025619476451163533,0.0023265634053626916,0.002136675139743887,0.0021031691313250682,0.0024400201496000322,0.003871974412522772,0.01042876527322799,0.053413052294488866,0.14939723028632604,0.10999958491733278,0.08528133912590602,0.07235098470624257,0.06540636027907765,0.06222179276562751,0.06087122896604848
4189.6,1191.7779832301671,98.8,0.00293395497395145,0.002876589298426777,0.0027449198088137137,0.002543582421401405,0.0023118739191247736,0.0021237999412101146,0.0020883883517526774,0.0024150117704840896,0.0038066607095847533,0.010142826583303463,0.05158269776445214,0.14928607691296936,0.11108031116451268,0.08676097318486409,0.07387986789563619,0.06678807112349941,0.06344903710072236,0.06200909478621975
4189.7,1194.7376622668585,98.8,0.0029434511285643225,0.0028856360489118572,0.0027528265686408474,0.0025495025668193327,0.0023149608147544527,0.002123182609380003,0.002082482821647726,0.00239881195605756,0.0037590162815870536,0.009939160119605887,0.050408625895048124,0.14909386750156942,0.11176795305621512,0.08789184048806635,0.07515546831206345,0.06797085814459868,0.064499017914629,0.06298033561442881
4189.8,1197.6955331228064,98.8,0.0029570053745126756,0.0028985276069470557,0.002764105721399957,0.0025581156241856243,0.002320017782395793,0.0021239745298313067,0.002077777588077266,0.002384310383562019,0.0037160882797828377,0.009760016934770003,0.04941225617728931,0.14870156865685705,0.11204159037984189,0.08827053535388073,0.07557327572441605,0.06835171627622887,0.06483301209030302,0.06328918693610956
4189.9,1200.6552121593832,98.9,0.0029267601048853426,0.002869990346905847,0.0027392181710839186,0.002538174105935598,0.002304760119701416,0.002111279008320546,0.0020635871176459836,0.0023601748723556955,0.003653083265381959,0.009492538358928661,0.047782961638178405,0.14777021130582857,0.11164309708801098,0.08791781314938409,0.07530457032886545,0.06811553637690508,0.06461164328960503,0.06308233796755962
4190.0,1203.6130830151642,98.9,0.0029387810838581866,0.0028815302173154076,0.0027495575530760326,0.0025464656485439992,0.0023102253880495117,0.002113252636874001,0.002061003898609316,0.0023495375005224955,0.003619289935338475,0.009347066243879515,0.04691849784408989,0.14647050476165943,0.11048711407567804,0.08675746249285071,0.07430722451015702,0.06725224393902907,0.06383348553075048,0.06235758443870055
4190.1,1206.6765777516368,98.9,0.0029468598804392983,0.0028893261554349178,0.002756609018636396,0.00255216619944333,0.002313926460077093,0.0021142827382084517,0.0020582515329869086,0.0023396487238249394,0.003588140016223813,0.00921052501061466,0.04605861070325731,0.1450377330090564,0.10891638615430362,0.08510917534355224,0.07284264640301473,0.06597265602745375,0.06268194455526283,0.061285272253506
4190.2,1209.7382276337494,99.0,0.0029121929364231344,0.002856680310609085,0.0027283743097855045,0.0025301270407730365,0.002298201309443934,0.0021029937476735785,0.0020477450858790336,0.002322996110103823,0.003542615804993398,0.008998494010919199,0.04451006891716795,0.1430536258294041,0.10695826033146671,0.08314887345755714,0.0711689906143779,0.06453940232262663,0.061390831930729785,0.060079866279874904
4190.3,1212.811548313306,99.0,0.0029210859263786603,0.0028652898057346505,0.002736267697003214,0.002536776166797757,0.002303092306320474,0.0021056559695641114,0.0020474206256461624,0.002317196052733212,0.0035199746973818067,0.008883782488048232,0.04360672009208598,0.14109230930183006,0.10500599721372579,0.08120928992511879,0.0694972875346856,0.06310803775658301,0.06010278788438475,0.05887631550737582
4190.4,1215.8731981954186,99.0,0.0029360712804912654,0.002879709613048694,0.0027493554994238397,0.0025477517115510373,0.002311420007261456,0.0021111295290348444,0.0020498169695878743,0.0023150364292861773,0.0035048973771995874,0.008796007969790543,0.042853455179927606,0.139320005395187,0.10326957243913822,0.07953182578929482,0.0680679913228123,0.06188625974682491,0.05900048848401249,0.05784478695944601
4190.5,1218.9348480772464,99.1,0.0029046466439817333,0.0028502152839404407,0.0027241060765651986,0.002528532679565296,0.0022984687418093797,0.0021028115410966623,0.00204291351738259,0.0023036417068082785,0.003469779542192776,0.00861696025451362,0.04144952794945068,0.13768277432031953,0.1019948817827388,0.07824007582040073,0.06694104510015811,0.06091798974315829,0.058124885200301894,0.057024744216188084
4190.6,1222.008168756976,99.1,0.0029166797314634407,0.0028620078925137124,0.0027352908613452187,0.0025386559577992027,0.0023070937728574977,0.002109596733634936,0.0020474527799059024,0.002304515085946724,0.003459477583033218,0.00854057142920142,0.0407731479171573,0.13667457356904453,0.10136508749183304,0.07769087977883447,0.06650091650142972,0.06054556325583932,0.05778373475474695,0.056704001464243786
4190.7,1225.0698186389182,99.2,0.002885975188588352,0.002833421854107722,0.002711382228030651,0.002521435975979024,0.0022969167500460092,0.002104838644796328,0.0020449828055766352,0.0022990468336282007,0.0034345024745827167,0.008391690661106748,0.039566400822441325,0.13571209037953938,0.1010747828559719,0.07747170556575166,0.06634494427662473,0.060412515730285984,0.05765479537531078,0.05658168913393859
4190.8,1228.1333133753908,99.2,0.0028964471067354208,0.0028439905047485028,0.002722096452511055,0.002532186911046524,0.0023073809517733844,0.0021145562137297024,0.0020534167669563445,0.002304985696385168,0.0034315741754890237,0.008328409679383095,0.038903880333311554,0.1349337109847094,0.1010200876365653,0.07752108913167566,0.06642018028626033,0.06047200391329706,0.05769838832373506,0.056621304816705416
4190.9,1231.2047951024492,99.3,0.0028689574912384884,0.0028185444480990254,0.002701200219936894,0.0025178877069763996,0.0023001978345284415,0.0021131695201232646,0.002055257447586657,0.002306248210484051,0.003421362121351749,0.008234108681413763,0.03803120794604046,0.13404636106101553,0.10120210066871847,0.07775906431568917,0.0666195575951724,0.060617195521680226,0.0578153107321674,0.05673031675232469
4191.0,1234.2664449845618,99.3,0.0028785852621541733,0.0028283869609094237,0.002711471743972405,0.0025286571112320185,0.0023112822703932,0.0021242106244865593,0.0020659069171775585,0.002315970552809843,0.0034265348443419173,0.008198193059614767,0.03751605457867325,0.13348916025495866,0.10167047643102445,0.07830205459557871,0.06706197742411577,0.06095969322589737,0.05810995069447946,0.057006728431661796
4191.1,1237.4163814918445,99.4,0.002834947344740933,0.002787634566157217,0.002677208477698207,0.0025039614102670637,0.0022971954349354632,0.0021191958071811196,0.0020666230594226314,0.0023175284687725335,0.0034157048645179398,0.008087486075556483,0.036437990133361665,0.13250914343923006,0.1021986813360259,0.07892411343769644,0.0675781801628583,0.061358600295593244,0.05844936931241655,0.05732448743782955
4191.2,1240.5663179991273,99.4,0.0028368853339908818,0.002790244077836105,0.002681304784790418,0.0025101885045342603,0.0023056845308690468,0.0021295361044846917,0.0020782066044607223,0.0023296972790946796,0.003425265217026012,0.0080585189354239,0.035898171333586304,0.13164516797604678,0.10268937679745693,0.07954992704698412,0.06810491605351085,0.06177348330562523,0.058807059786914036,0.05765941988833312
4191.3,1243.7146826540127,99.4,0.0028388398925134474,0.0027930216439298098,0.002685902247677147,0.002517390789214949,0.002315643436009859,0.0021417242781733917,0.0020918210056487295,0.0023438021395402347,0.00343568547289922,0.008021908695431802,0.035274821107193655,0.13072655714764275,0.10324349995132719,0.08035642779765119,0.06886626362044541,0.062421177435449865,0.05937623674329695,0.058190280280330055
4191.4,1246.8646191612954,99.5,0.002808795014695339,0.002765466913065249,0.002663963944041893,0.0025037761791583614,0.0023113249560779907,0.002145442808627252,0.0021007843238008282,0.0023539835744007336,0.003435518671098726,0.007928698709345582,0.034245956438771756,0.12961264422829813,0.10394157793991511,0.08138770102166677,0.06991238600226443,0.0633541237579505,0.060203752754204864,0.05896006130315187
4191.5,1250.0145556686932,99.5,0.0028291308099035834,0.0027860224002399948,0.002684935560419363,0.0025251671283727834,0.0023328330397124884,0.002166591824421731,0.0021212219807279645,0.002373317971311204,0.0034497177611778574,0.007892978055032224,0.03363727879017043,0.12868840662412995,0.10427943825478869,0.08197454798290746,0.07050201516466174,0.06387771071630007,0.06066788063701909,0.05939173295130498
4191.6,1253.1629203234338,99.6,0.002816405774782138,0.0027751832807742013,0.00267830677728406,0.002524673651930635,0.0023389766689537426,0.002178082607446565,0.00213549032966286,0.002386332659574038,0.003448598717528795,0.007789977104280135,0.032623636880447046,0.12736724521442924,0.1042526943163403,0.08225020395340536,0.07086439392838903,0.06421334579742746,0.06095861173021567,0.059660087268104546
4191.7,1256.3128568307166,99.6,0.002856603319170404,0.002814894995755741,0.002716758844901194,0.0025608536832724257,0.0023718699220531872,0.002207021860559154,0.002160282939638193,0.0024064590560671146,0.0034581145693130273,0.0077366550620361395,0.032010677537860965,0.12646566790206532,0.10387233866617276,0.08198035752033278,0.07069247671207421,0.0640920962019774,0.06084874704222719,0.05955545443340925
4191.8,1259.4627933379993,99.7,0.002860065211751911,0.0028196224614280498,0.00272423362050608,0.0025721387312663464,0.002386885120184456,0.0022243373447933565,0.002177464659310047,0.0024194075854072883,0.0034529706157867845,0.007626248229462461,0.03108226582482677,0.12530738050207083,0.10316564069379328,0.08115778607509967,0.06990155064293406,0.0633947226243591,0.06022086395134019,0.05896937100834221
4191.9,1262.6111579928847,99.7,0.0029090469937711944,0.002867760290045525,0.0027702506599979757,0.0026144786171407104,0.002424127087369716,0.002255673903163679,0.0022027695920649702,0.0024382115181706796,0.003459414842398541,0.007574486154437416,0.030602015525275816,0.12483497528379736,0.1025528678494543,0.08026879879226305,0.06891287268909743,0.06247045180388756,0.05938860934761508,0.05819570832385292
4192.0,1265.7610945001675,99.8,0.002903853500106474,0.0028642473627830066,0.002770472727497819,0.002620097170288873,0.002435456823640887,0.0022713086841056503,0.002220011117482797,0.0024527644625479865,0.003458081078293459,0.00747564351962261,0.02972883980873608,0.12367701087056136,0.1021331844316181,0.07957337646289113,0.06805713001477909,0.06163430989673486,0.05862617451708979,0.05748731078917603
4192.1,1268.9537892867359,99.9,0.002912741384248112,0.0028739549693962106,0.002781987922591273,0.0026341865772216582,0.002452202294275339,0.0022899728737600855,0.0022393533610204504,0.002470968642107756,0.003468807271916226,0.007434271409964919,0.029247542812871972,0.12279937054776673,0.10206984217605258,0.07937198978921345,0.06767413853184126,0.06119750460440176,0.05821673118030565,0.057108638526442115
4192.2,1272.1464840731887,100.0,0.0029047982897528217,0.002867443219549051,0.002778761549721639,0.002635960685289878,0.0024597673963341923,0.0023028029077102356,0.002255994340119602,0.0024894322062796424,0.0034833155740826385,0.007399785257692034,0.028698574019248402,0.12167926133104678,0.10222903336763257,0.07932789199230704,0.06736394046930326,0.06080437890032197,0.05784500130034327,0.056766325489892265
4192.3,1275.3292501657756,100.1,0.002892285944574926,0.0028563316767965165,0.002770931070434998,0.0026332858541878806,0.0024633787872632034,0.0023126676032783197,0.00227131040600597,0.0025094707801968826,0.003506561531683527,0.007402677945110375,0.028347937864235114,0.12059843909848722,0.10281341350140098,0.0799387788821387,0.06772505201880225,0.061004440352885506,0.05800124403700398,0.056916429308560695
4192.4,1278.5219449524548,100.3,0.002823344500330249,0.0027910692469582904,0.0027143152923215534,0.0025903593007234765,0.0024372951405261917,0.0023032953561000703,0.0022756419059138263,0.002522948455205988,0.0035200603932726425,0.007358926369989797,0.027664192693335504,0.11893850476765862,0.10367818210497715,0.08082942389381939,0.06836041486932683,0.06146335015576764,0.05839213557346537,0.05728486234376413
4192.5,1281.7146397389076,100.4,0.0028021005810490458,0.0027713244851000824,0.0026981515728357807,0.002580006035465443,0.0024343769813467793,0.002308293021808623,0.0022881851525049296,0.0025428820326992346,0.003547789915221267,0.007379920394614396,0.027388727747505594,0.11766895884677367,0.10498853277902297,0.08251391521369436,0.06983798697383964,0.06268477822522743,0.05946923505530761,0.05829270880305907
4192.6,1284.8974058314946,100.6,0.0027400141020188238,0.0027115033492627547,0.0026435337823219047,0.002533568374868786,0.002398299202175321,0.0022830081778858016,0.002273178789333934,0.002540686647722593,0.003584314690646315,0.0076375374130772875,0.029836511215036367,0.11537614864503724,0.1042443930876364,0.08397419097457061,0.07132194363786501,0.06411586714111162,0.06084560268930049,0.05955702180652852
4192.7,1288.0889258455863,100.7,0.0027180622360657553,0.0026913171241142535,0.0026276265398023518,0.002524643956598793,0.0023983927177062075,0.002292817859280856,0.0022922350377870293,0.002568099814268189,0.0036170792461902497,0.007636403076711788,0.029256558642273747,0.11428024872614201,0.1051227529827156,0.08524314547055713,0.07247834604973735,0.06506037001584795,0.061661257474613755,0.06031761645674778
4192.8,1291.2716919380578,100.9,0.002661055202775348,0.0026375157949388084,0.002581509056289899,0.00249100202281826,0.002380749083859345,0.002292041002846543,0.002306488141514417,0.0025934408519522416,0.003643169371265089,0.007590255715592665,0.028375901855746934,0.11292073633079863,0.10582679855068033,0.08629300462888632,0.07347776496420128,0.06589712212012673,0.06238608521647796,0.06099386080722257
4192.9,1294.4643867246261,101.1,0.0026093570088422326,0.002588206706171345,0.002538166853303965,0.0024567831448573762,0.002359150456123146,0.0022845334899597733,0.002314949704105388,0.0026125519749298875,0.0036508196358990006,0.007620022610685106,0.038350038986312056,0.12015555056497543,0.10874450180721612,0.08932814125458738,0.07595487430184436,0.06796979717441572,0.06406194565929105,0.06252516178857491
4193.0,1297.6570815111945,101.3,0.002572934848725812,0.0025539162968621315,0.002508973051959454,0.0024360182514272803,0.002349175935897813,0.0022860865208455348,0.0023267728283693488,0.00263213817647167,0.0036714682273581507,0.0075923825506319,0.03678739566512794,0.11866788483088543,0.10781367473057737,0.08853326505717805,0.0754133648923128,0.06753642540526524,0.06367017414892957,0.06215706397354821
4193.1,1300.8186317638247,101.5,0.002539459423996907,0.0025223330141806517,0.002481936652306994,0.0024165683550720954,0.002339510948252502,0.0022869186275549314,0.002336814426944484,0.0026485114704715255,0.0036857131941581993,0.007546380005152872,0.035221546368540295,0.11743710742128854,0.10702962901673457,0.08765683164792469,0.07472035913795819,0.06697623556309952,0.06317379250220106,0.061691855887965885
4193.2,1303.9801820164182,101.7,0.0025171680850970195,0.002501455363202701,0.0024644769672221506,0.002404890532159611,0.0023353451302993967,0.0022908651601967304,0.0023477863398442475,0.0026639001334404,0.0036967708082421198,0.007490048554654992,0.03362167066529001,0.11594471347422876,0.10609079795003402,0.08668750568330942,0.07401986154310336,0.06644876643695326,0.0627104892134721,0.06125512437606903
4193.3,1307.1417322690484,101.9,0.002504900826864664,0.0024902697150978917,0.002455905107314748,0.0024007774140214666,0.0023369933519244894,0.0022986323081713458,0.002360537470195903,0.0026791005323236004,0.0037054351850509507,0.007426661661611721,0.03206334557591085,0.11471458362008517,0.10509599957570408,0.08538279878018094,0.07288581985884941,0.06550794063164568,0.06187932844760924,0.060477594968321585
4193.4,1310.3032825217579,102.1,0.0025004001828669285,0.0024867487333180014,0.002454735060532244,0.002403628855082285,0.0023449989857999413,0.0023119625967487067,0.0023778769374251645,0.0026978899307067345,0.0037167405338413492,0.007365157343662007,0.030598357101779147,0.11368765365261105,0.1040512669404176,0.08371078874676262,0.07120641075578756,0.06402006343446218,0.06055723881844422,0.05924569133428422
4193.5,1313.47479635587,102.3,0.002500156304006918,0.0024876088232068565,0.00245822446946743,0.0024116107717265713,0.0023587201162444706,0.0023314692345667073,0.0024014096864984572,0.002722213397434832,0.0037313398105324534,0.007297077588587795,0.029104757411260757,0.112782939349961,0.10326243221298047,0.08225554735495515,0.06964974009778722,0.06259496721259238,0.05928293189027578,0.0580591491561771
4193.6,1316.6363466084636,102.5,0.002501725127056656,0.0024904359756529448,0.0024640474117862987,0.0024225446783550137,0.002376248321339341,0.0023556774257004185,0.0024303367653722677,0.00275213345030599,0.003751257522466202,0.007235129260817245,0.027748041217201824,0.11196070434095258,0.1026238212199199,0.08100105897812576,0.06823948467860481,0.06126003030660487,0.05807750991848422,0.05693742952576399
4193.7,1319.7978968610937,102.8,0.0024503995472029733,0.002443847572670405,0.0024288378419828963,0.002406563253271983,0.0023864835848263714,0.002394665394129639,0.0024906779940319017,0.002811313486831184,0.0037411721706998176,0.0067800303708253325,0.020847840012782698,0.10181180402027316,0.10381197518512494,0.08011443719598536,0.06671739107774582,0.059709840125445314,0.05674488016984446,0.05575345360728253
4193.8,1322.9594471138032,103.0,0.0024511577901402295,0.002446274842709914,0.0024352767922220437,0.002419656702206753,0.002408055361442508,0.002424572583539974,0.002525467455752965,0.002843391680578781,0.003750178533267177,0.006673198147422461,0.019910176256358023,0.09842460726324674,0.10682310581590562,0.08005688783785835,0.06584275032657778,0.05873280681755684,0.0558211131453311,0.054895393798280366
4193.9,1326.1209973664334,103.2,0.0024420011452605125,0.002438974193040523,0.0024324906000051764,0.0024245354463552655,0.0024233796956859145,0.0024513798400216647,0.0025614914519286906,0.002881145844691262,0.003770274789087441,0.006605029576410016,0.019370790667271102,0.09682426716459526,0.10707372994474444,0.07967530898252534,0.06527216915101583,0.05816881294772936,0.0553008265652758,0.0544102502024214
4194.0,1329.2825476191429,103.4,0.0024263359955741053,0.0024252474172810337,0.0024235197796442674,0.002423764308173727,0.0024340545730190174,0.002475073662143835,0.0025962846970950648,0.002919393221217578,0.003792020891623474,0.006539805807262183,0.018835223572498835,0.09495414602127411,0.1078048596979222,0.07968307280425739,0.06509466640051949,0.05801072303753574,0.05516712168842939,0.05428699125335167
4194.1,1332.3777858974813,103.6,0.002423955068174269,0.002424418403329629,0.002426503854051404,0.0024333378105575584,0.0024528400440575835,0.0025042799412244763,0.002633989548867864,0.00295831108415725,0.003813340818684835,0.0064785640358082045,0.018335440238670467,0.09296247652689514,0.10851136134889224,0.08002497686788725,0.0653911757784019,0.05833057418027253,0.05547026117396714,0.054569608854911245
4194.2,1335.463041154285,103.8,0.0024163016195880983,0.0024184126732428564,0.002424558122474387,0.0024384463513445185,0.00246788376634692,0.0025306278928024484,0.0026694631335208168,0.0029945388706761355,0.0038293603119492984,0.006406326344018219,0.017815366799385408,0.09082129422823962,0.10955678734029176,0.08076581914164378,0.06608838125262552,0.05901104448894874,0.05609662785459365,0.05515417846819397
4194.3,1338.5582794327938,104.0,0.002415003804767646,0.002418597675966464,0.002428373804616015,0.002448519935682406,0.002486649297578315,0.0025589548854325853,0.0027046210332623334,0.0030276308399299744,0.0038396534857090265,0.006330741701890792,0.017328540242688532,0.08870237447051414,0.1107753504046615,0.08191913166285691,0.0672347800870349,0.060097906400731316,0.05708659179910712,0.05607765773136862
4194.4,1341.6441342575617,104.2,0.002417693401868089,0.0024226336733043897,0.0024356692651430548,0.002461341888616144,0.002506924102316698,0.0025868696991831813,0.0027365601916239193,0.003053693410653683,0.0038384590533877415,0.006240779282457977,0.01684100107000711,0.0866163509819208,0.11176852365843164,0.08264167863798566,0.0679312314526094,0.060775948020886414,0.057706643273211476,0.056655210216120536
4194.5,1344.7393725359543,104.4,0.0024233683278947855,0.0024295008762733805,0.0024453941583442566,0.0024758389047586406,0.0025276704279744507,0.002613536325093186,0.002765020199924505,0.0030737723354100797,0.0038294081710513474,0.0061447427427719905,0.016366933136826706,0.08452300122525712,0.11299172071905733,0.08367873335066663,0.06890364523507589,0.061673292512368756,0.05851673924413917,0.05741069124266297
4194.6,1347.8246277928743,104.6,0.0024239382070884523,0.002431221669213256,0.002449884787705217,0.002484986876415438,0.002542981175317105,0.002634777304006073,0.0027881942710403056,0.0030888977281153156,0.0038164639154528533,0.006049027287624445,0.015911721549228805,0.08238803183864447,0.11407685423246824,0.08455022669697976,0.06967084120024583,0.06234567401622755,0.0591126618473188,0.05796677344802544
4194.7,1350.9198660712127,104.7,0.002469584733799215,0.002476911518598714,0.0024954874384203163,0.002529922242833144,0.002585754841463548,0.002672399299457536,0.0028158132978022845,0.003099813250261302,0.003800321613606506,0.005975051071126982,0.01560548059659673,0.08090937806040709,0.11473666032873706,0.08494759401126215,0.06993307928393674,0.06255450807384616,0.059295760156752274,0.05813863547700863
4194.8,1354.0051213280708,104.8,0.00250587732975173,0.0025132978548432112,0.002531968296212518,0.002566199620847931,0.002620863001042287,0.002704205667870592,0.0028406002213658796,0.0031120660363282058,0.0037908407581133253,0.005915532145749113,0.015333306929990489,0.07949373778232965,0.11509467591054562,0.08475698471859562,0.0695112616811301,0.0621106938367648,0.058887494424960204,0.057760742127695275
4194.9,1357.1003596065254,104.9,0.0025303164452014533,0.00253796265158459,0.0025571217194473458,0.002592013836933975,0.002647127633042136,0.002729822123592835,0.00286293653773295,0.0031262875336438563,0.003787705144955632,0.005865921799015265,0.015064599095620973,0.07782335686074394,0.11561720584009132,0.08460063479198662,0.06895232487865073,0.06147728706314701,0.05830048658193948,0.05721887216622379
4195.0,1360.1862144312934,105.0,0.00253690664363439,0.0025451314066211755,0.002565732157192827,0.0026031657351510197,0.002661879587969281,0.0027484806252252945,0.0028838194297511792,0.003144221339520126,0.003791422207800217,0.005822198582573778,0.014782522188117804,0.07587266897355344,0.1164003585291551,0.08448804843394979,0.06837567861153492,0.060814316104775015,0.057684533761997184,0.0566504343739679
4195.1,1363.1999496552585,105.2,0.002527948184123741,0.002537095982015489,0.0025600521556821128,0.0026018007852336485,0.0026670347668544055,0.0027616878934000146,0.0029041605690123123,0.0031662193359503605,0.0038027595790837885,0.005790555843181941,0.0145348358590242,0.07416183373130303,0.11722031059317341,0.08451107750209869,0.06788234563368682,0.06018801033179138,0.05709290506113317,0.05610545386136587
4195.2,1366.2036973144523,105.4,0.002506485672876428,0.002516842148821901,0.0025428981507459518,0.0025903810470962285,0.0026644271969295404,0.0027702878640668703,0.002923372318001774,0.003189689726086312,0.003816064120842554,0.005758244960384755,0.014269083525276527,0.0721149141752758,0.11783007003245223,0.08434355974649294,0.06717721159550974,0.059356164356336893,0.05630933172464251,0.05538051474611114
4195.3,1369.2169513694503,105.5,0.0025291673828054377,0.0025398974533760426,0.002566821338406485,0.0026156738032330523,0.0026912876195056947,0.002798015743330998,0.002949635621909579,0.0032102082478461156,0.003824383348412226,0.005738058914341024,0.014114352660039466,0.07072737058073374,0.118155805086205,0.08419258375077743,0.06661141634647316,0.058689290651341985,0.05568014107992378,0.05479784272348973
4195.4,1372.220699028644,105.6,0.0025549373378116118,0.002565986168521116,0.002593610856072419,0.0026434575012936144,0.0027199195180404776,0.0028263260810893883,0.0029748718100124807,0.003228139318571345,0.003829592322408174,0.005717331570906862,0.01397591134596954,0.06944674078127101,0.11861135352742627,0.08439669166126741,0.06644585803545568,0.05839114219455536,0.05538322972216131,0.054525156355664975
4195.5,1375.2244466877912,105.8,0.0025238178729535604,0.002536227421618529,0.002567330028608358,0.0026235960830096913,0.00270989943472592,0.002828719902325202,0.0029886585440422166,0.0032456211973263776,0.0038346417490445197,0.005673271221935567,0.013690290721817197,0.06718337707054385,0.11917877529690832,0.08457969350007757,0.06623162208976842,0.05805349336291032,0.05504866856643973,0.05421636990742786
4195.6,1378.2381819117563,105.9,0.0025452789466290484,0.0025579422155498927,0.0025895902082409337,0.002646589831862354,0.0027333894206060024,0.0028515067944994785,0.003008075528693517,0.0032576565192988993,0.003834061713315774,0.005646179665801456,0.013538585634965976,0.06580297199555821,0.11939486365946234,0.08473097386031195,0.06613333292975784,0.05787799289346389,0.05487448572649824,0.0540561628442945
4195.7,1381.2419295709035,106.0,0.0025586926555445752,0.0025716775671479775,0.0026040885208178043,0.0026623359730040203,0.0027506677739502984,0.0028698800496606025,0.003025654938578774,0.003270638005113548,0.0038361632715906615,0.005619967001187806,0.013367874975789739,0.06425578821796725,0.11962532910918494,0.08497250137818343,0.06617113081106397,0.057841367089341116,0.05482663807384212,0.05401324153017344
4195.8,1384.2556647948686,106.1,0.0025678453762651644,0.002581206107477567,0.002614568299017169,0.002674538317361105,0.002765410673326343,0.0028875522794021232,0.0030453028467951407,0.003288993735557944,0.0038467706550631233,0.00560531826267121,0.013215159782726379,0.06279231663717574,0.1199835308970186,0.08551381187144756,0.06657433975923487,0.058152718193599254,0.05509540618759433,0.054265885483728675
4195.9,1387.2594124540624,106.2,0.0025765069408423815,0.0025902835381759193,0.0026247182506246624,0.002686683077492781,0.0027806189552347337,0.0029065539863066875,0.0030674399547041065,0.0033109614903693513,0.0038615299265728075,0.005593969239715547,0.013058644669351882,0.06128195562304736,0.12033176689458311,0.08628914938345054,0.0673102977240409,0.05881095311867463,0.055688445068491764,0.054820620066947136
4196.0,1390.273147677865,106.3,0.0025763575802702308,0.0025907693747298853,0.0026268824354549803,0.0026920809889433477,0.002791252791735638,0.002924267470963584,0.0030923238525570234,0.003339185137772828,0.003883909902925793,0.0055882341501793465,0.012898012250579769,0.05978826432213685,0.12118949555378213,0.08777006162701594,0.06883883203315767,0.06021782168159728,0.05696302485873039,0.05601123978022544
4196.1,1393.1986903626455,106.4,0.0025689203051013436,0.0025841101990565747,0.0026222943335970413,0.002691531341246379,0.0027973654306681786,0.0029396586975409945,0.00311765056406114,0.003370325539591142,0.0039102918087366954,0.005585497864484365,0.012732608070344459,0.058191556260145265,0.1218756938670273,0.08942759481826432,0.07062998254348042,0.06187279872226072,0.05845694618485985,0.0574039954872664
4196.2,1396.1348443095806,106.6,0.0025063877925728816,0.002523212184830716,0.0025658256430578065,0.0026439422453180166,0.002765033736348226,0.0029298300181854068,0.0031341615995855083,0.003406332781497185,0.003943900509960981,0.005570892253868228,0.012462172252265827,0.05593834455240206,0.123307699221576,0.09184399156166348,0.07304388214946714,0.06402362813217384,0.060381465919063265,0.05919862415858498
4196.3,1399.0603869941876,106.7,0.002501064805252672,0.0025184855462637616,0.002562704116880342,0.0026440091526242437,0.0027705070394274094,0.002943106294124241,0.003156113505827715,0.0034333862183325153,0.003965812976380852,0.005563164094605057,0.01229202377456487,0.05438215366874506,0.12427367525018414,0.09377836554226664,0.07503490078437855,0.0657978294562284,0.061962937019318876,0.060670894465626166
4196.4,1401.996540941183,106.8,0.0024970507547370916,0.0025149653318530976,0.0025605165487944726,0.002644480697569866,0.002775519180773408,0.002954737399952837,0.0031751988645053516,0.0034569217815227384,0.00398479311580018,0.005555367279916752,0.012135415402868525,0.052952251634153194,0.12546953508838607,0.09615050725018837,0.07742274007844344,0.06790251357032516,0.06383733754166421,0.062415155715796374
4196.5,1404.9320647444438,106.9,0.002493549766052367,0.002511920666704886,0.002558706611839788,0.002645144192699631,0.0027804282948177437,0.0029658710263316935,0.003193358309647587,0.003479142186815407,0.0040020381583658554,0.00554498680122139,0.0119737173715714,0.051505932058976835,0.12628607380259466,0.09815941651582642,0.07955216197573976,0.0697895943280838,0.06550785598509691,0.06396617103850034
4196.6,1407.8582397221921,107.0,0.002482371353023475,0.0025013104628379295,0.002549644449871669,0.0026392163107558245,0.002779962769920796,0.002973583735476922,0.0032106081927122856,0.003502532109248528,0.0040206729988156486,0.005533720186147723,0.011808119889430807,0.05012637049442679,0.12728527388721497,0.10010954114989418,0.08153021310532525,0.07152665288521491,0.06704571085169801,0.06539377725597072
4196.7,1410.7937635255691,107.1,0.0024726124026902578,0.002492095602092853,0.0025419326761942653,0.002634602579632406,0.002780873678813355,0.0029830236690465304,0.003230474615520268,0.003530050093042913,0.004045533034021356,0.00553286641962308,0.011670203284176147,0.0488525401887358,0.12754024066679803,0.10141792714406528,0.0831558898090125,0.07304892927355124,0.0683936553296094,0.0666389515455812
4196.8,1413.7193062102335,107.2,0.0024586594782296935,0.002478716291237222,0.0025301574559317285,0.002626187107914778,0.0027785725907477007,0.002990401516639994,0.00325006595263282,0.0035591353497596424,0.004072629371499066,0.005533071398857614,0.01153152704853977,0.0476035235116352,0.1272240516273829,0.10187066582993848,0.08410733517604455,0.07404491262671486,0.06927323312632698,0.06744568633616715
4196.9,1416.6554601571686,107.3,0.0024378244732719367,0.002458447514024221,0.0025115014652073177,0.002610989949351997,0.002769856143579058,0.0029923085638485117,0.003265972081771345,0.0035867619353789253,0.004099632804466867,0.005532950308748008,0.011393444023071098,0.04639314789623866,0.12641421165816213,0.10127577847045972,0.08392474122666053,0.07403905236424682,0.06926585315377817,0.06743046641689318
4197.0,1419.5909839604294,107.3,0.002470651895145284,0.0024910761698238777,0.002543601100092169,0.0026420170683593975,0.0027989524698711836,0.003018305899535631,0.003287821049005189,0.0036044174759454813,0.004113770763495397,0.005539730608740006,0.011347892121946132,0.04576372295598463,0.12474018240193216,0.09937818978454914,0.08249392181830656,0.07299080583662174,0.06834579606700346,0.06656678872247514
4197.1,1422.4727368992396,107.4,0.0024458464098482276,0.0024666877866483103,0.0025204400965683723,0.002621591437931253,0.002783880010389504,0.0030124489435268366,0.003294841148634711,0.0036232700493156068,0.004133797412532458,0.0055360831362518135,0.011216148632481385,0.044580808061604735,0.12267552221723715,0.09666598891304339,0.08001967682521227,0.07098085148676395,0.06657550136443682,0.06491495832074604
4197.2,1425.3544898379657,107.5,0.0024242907974809146,0.002445400793085171,0.0024999756015167823,0.002603041947322228,0.0027692561452238216,0.0030049222085620007,0.0032977822780087622,0.0036365371535680515,0.004148883899227988,0.0055307318641521636,0.011091837884651906,0.04344338353040877,0.12057746907765182,0.09392029355921139,0.07737247612103418,0.06875008865098796,0.06460212826350704,0.0630747139220396
4197.3,1428.2362427768078,107.5,0.0024487299158826386,0.0024694878198660737,0.0025231189005215492,0.0026242831527331866,0.002787141970338339,0.0030176135325903613,0.003303971585113684,0.003637246490354323,0.00414728955390414,0.00552536729985115,0.011042046556656778,0.04284501559651789,0.11839578927975249,0.09071873938832803,0.07408193214528207,0.06588439265056514,0.06206433541496664,0.06070979955146971
4197.4,1431.1179957155339,107.6,0.002430110970277614,0.002450937449983797,0.0025048412487695803,0.0026067896178047834,0.0027715524967137314,0.003005981939650706,0.003298960214601909,0.0036397588428704803,0.004152162976821971,0.005514965593747527,0.010932517024943491,0.04189844981964378,0.11693453383793499,0.08872185189010456,0.07198316579029744,0.06402454910237577,0.060406008461211025,0.05916234240851428
4197.5,1433.999748654344,107.7,0.0024104461841647144,0.0024312501566853247,0.002485201945315241,0.002587537670554147,0.0027536405659843556,0.0029914450495877893,0.003290879739851348,0.0036400847047867836,0.004156956819357871,0.005507931703850139,0.01083822141531508,0.041087314391396644,0.11615256312744439,0.08734284633313119,0.07033739771479888,0.06249607856963032,0.05903524093899193,0.05788525402069724
4197.6,1436.891460949838,107.7,0.002436885775619909,0.00245697806187134,0.002509084654334549,0.0026078792988530877,0.0027681512607705253,0.0029977743896968147,0.0032885703121528797,0.0036335913693540107,0.004155062232921096,0.005517015088218523,0.010852029742135515,0.04095129621374197,0.11568042242607303,0.08645073117712035,0.06924722683949751,0.06145219697978523,0.058091023988590444,0.057005803719532774
4197.7,1439.7723288746088,107.8,0.0024073962416362627,0.0024273141218181357,0.0024791497783289975,0.0025779281333128414,0.002739376072306742,0.002973247043210334,0.0032737479052067937,0.0036337522839663488,0.004168307786472334,0.00552730357652625,0.010792999967450178,0.04030263283145133,0.11538707073589687,0.08600500021478039,0.06863146472224954,0.06083726037325044,0.05752538998658026,0.056478420381169236
4197.8,1442.6540818133349,107.8,0.0024290727916664733,0.0024480809829844834,0.0024976209783926107,0.0025921694638023733,0.002747059165819491,0.0029725549968564915,0.00326578417554175,0.003625440420760369,0.004170343012623042,0.005546137463205905,0.010823091549236228,0.040215750170967735,0.1152630246357267,0.0858525633551215,0.06842364962687635,0.060627421687779695,0.05733024125984146,0.056296299426647024
4197.9,1445.535834752061,107.9,0.002402394533826825,0.002421024229393991,0.002469759720890772,0.002563260319622419,0.002717613331536355,0.0029449362803968485,0.0032453777108372244,0.0036193505238961365,0.004180675856279548,0.005561623427487494,0.010790268620119496,0.03969769704190485,0.11492875026354088,0.08584043015075345,0.06842200609735788,0.06061778513504351,0.05731221783561407,0.05627794792747567
4198.0,1448.4175876908712,108.0,0.0023781057418141094,0.002396311736505055,0.0024440975712626757,0.0025361994512365735,0.002689274434661992,0.002917048306551275,0.0032226290868629954,0.003608863814072266,0.004186151333198171,0.005574567428110138,0.010763467005027472,0.0392369656300275,0.11479059916213268,0.08612596568526826,0.06870162064445191,0.060842833102584565,0.05750061284903175,0.056453255946666385
4198.1,1451.3076568941726,108.1,0.0023466189768386932,0.0023645086978490272,0.0024116050292555943,0.0025027633065865438,0.002655221543274933,0.002884224871094051,0.0031955505371556135,0.0035939884845667754,0.004185872172314247,0.005576811232236537,0.01070118235577396,0.03853374501498744,0.11416495408498596,0.08639703640778479,0.06911408680728441,0.0612401179601212,0.05784939652820651,0.056775463517314176
4198.2,1454.197726097474,108.1,0.002367841135108112,0.002384806058041982,0.0024295086541329357,0.002516100433617053,0.00266109473762413,0.0028796234903983144,0.0031796347580542307,0.0035721991225295922,0.004170873456722875,0.0055801695366291095,0.010718068911604466,0.03836476623520599,0.11319882991461763,0.0863034957014077,0.06923993175111527,0.06141124545630011,0.05800329800878934,0.05691475996251829
4198.3,1457.0889887973533,108.2,0.0023434762034722396,0.0023600959059887384,0.002403983356128234,0.0024892542852981473,0.0026326852905553784,0.0028503904523359213,0.0031524657530649204,0.0035524993251596164,0.004162934528776797,0.005577945181736169,0.010669615202761178,0.0377706118860566,0.11239202766301294,0.08658470126494315,0.06969683758788904,0.06184236091158565,0.05837911991426188,0.05726193671328367
4198.4,1459.9790580006547,108.3,0.0023197101798336597,0.0023359524944891793,0.00237894976969219,0.0024627773106934477,0.0026044886950441315,0.0028212383854631868,0.0031254163728759456,0.003533369753673812,0.0041565513143671,0.005578553376268843,0.010627338658588417,0.03723438644042988,0.11170730995967305,0.08651080752314244,0.06969006140880939,0.061870341612366826,0.05840871354369202,0.05728712046553861
4198.5,1462.8691272040658,108.4,0.00229549255675323,0.002311318923509227,0.002353340139002304,0.0024355961525083752,0.0025754569754670785,0.0027912277017394724,0.003097816898947442,0.0035146366975606414,0.004152267775066052,0.005583731484636734,0.010597937157241609,0.036792905127597295,0.11106436413527405,0.08658138793211233,0.06990029696365876,0.062081837485852824,0.05859023088540884,0.05745324892252179
4198.6,1465.7591964073672,108.4,0.002315406189586332,0.0023301525195852275,0.0023694313706190714,0.002446602854805044,0.002578470605935696,0.0027835910862139238,0.0030795643917985093,0.003492580705228366,0.004141031962585697,0.005598245565456142,0.010647275648503767,0.03682058745739916,0.11062772549424187,0.0867223282364638,0.07027844058491137,0.06252391703594974,0.05900251317259162,0.05783405541248044
4198.7,1468.6492656106686,108.5,0.0022914373876648294,0.0023056598817246103,0.002343711955668199,0.0024189077384295403,0.0025484207025274885,0.0027521437518295386,0.0030506158862076216,0.0034738089577640873,0.004139842159909671,0.0056108280656374,0.010631005010240257,0.03643136660323481,0.10996531987618613,0.08686479234819633,0.07067172810150017,0.06296035264575325,0.059396670549552846,0.05819668261576898
4198.8,1471.53933481397,108.6,0.0022702663916675378,0.0022839396933315398,0.0023206909862577606,0.002393745425932086,0.002520566374993484,0.002722250028930673,0.0030221382492863153,0.0034541060320176535,0.0041366533458651435,0.005621171339264525,0.01061376812305767,0.03607765706081097,0.1095880198945058,0.0872327775985328,0.07130763588338317,0.0636128198877255,0.059978791133252045,0.05873446198498313
4198.9,1474.4294040172715,108.7,0.002246115875213364,0.002259383914430338,0.0022951797017482047,0.002366679828282427,0.002491609551093922,0.002692063927785577,0.0029936634682963766,0.003433419241278271,0.004129880246834407,0.005624007656574431,0.010581067406854402,0.0356649292455138,0.10908200236506058,0.08780275281097114,0.07222606688957883,0.0645465668748815,0.06081615998040044,0.05950897437296602
4199.0,1477.3206667172633,108.8,0.0022294698642347658,0.0022423197065816517,0.0022770948414041585,0.0023468292371893866,0.0024693083712338153,0.002667251501066735,0.0029680494653110162,0.003411712390399804,0.00411820516283736,0.00562118740274293,0.010550620977450065,0.03530256435188631,0.1087545328500653,0.0886495118712447,0.07332136850178106,0.06556149465014924,0.06170913957348512,0.06033759593868005
4199.1,1480.255372835447,108.9,0.002193463403049582,0.002206258201828378,0.0022409397323710583,0.002310648419665963,0.002433494693468416,0.0026329609710014565,0.0029378060367893145,0.0033893592239108154,0.0041058638909432345,0.005610492720011799,0.010490893484018316,0.03482443616164581,0.10817054590721974,0.08901964394132823,0.07389497671955227,0.06609417915553645,0.0621683601676177,0.060761711793649455
4199.2,1483.2013022302735,109.0,0.002159802237856029,0.0021725097694218595,0.0022070019841173923,0.002276469468490638,0.002399250789097355,0.002599446948466164,0.002907050918402138,0.003364834289521504,0.004090064775709405,0.005596528123532987,0.010429813144849033,0.03433087437003811,0.10729886069509749,0.08899381495385163,0.07398196064252947,0.06615285876408564,0.06220042390614407,0.060788927602570604
4199.3,1486.1373199413795,109.0,0.00216715566175981,0.0021791775457745354,0.0022119112094039395,0.0022780755707816885,0.002395544155521299,0.0025882939194872448,0.002887443057843857,0.0033396444853659247,0.004068601592006067,0.005590820472757902,0.01044015769001915,0.03421780965810226,0.1064288255815857,0.08841909991835119,0.07333662009104014,0.06549786566485176,0.06159652926984695,0.06022669997367507
4199.4,1489.0832493364449,109.0,0.0021749116585223142,0.002186109057721994,0.002216752600300736,0.002279059520343074,0.002390483957232535,0.002575091432550145,0.0028656184997082907,0.003313363461090487,0.0040490164069543625,0.005590923843933178,0.010455636090863236,0.034061439646824045,0.10544905063676233,0.08794195287562732,0.07289334536651665,0.06506201412861574,0.061189857557327434,0.05984605997472534
4199.5,1492.0192670475508,109.1,0.0021425634555356627,0.0021533842737677432,0.0021831331742997702,0.0022439687561108313,0.0023535599511627222,0.002536850699141145,0.0028287106126993118,0.003283900584032941,0.0040349469489508825,0.005592292495680625,0.010436105317495274,0.0337319705974062,0.1046353336214141,0.08737461218657078,0.07225131157343335,0.06444108392567766,0.06062364554117173,0.05931755103905241
4199.6,1494.9552847586651,109.1,0.0021553734537967865,0.0021650567592378356,0.002191952044615726,0.0022476015388392077,0.0023492345932717104,0.0025220821270138167,0.0028032548744557056,0.0032535120210848015,0.004014595654407526,0.005600966148729731,0.010480547999294713,0.033707818693965254,0.10392020341489483,0.08676677266816354,0.07157130957095537,0.06378250836708083,0.06002267487019585,0.058756695380937536
4199.7,1497.901214153607,109.2,0.002125492315737225,0.00213465386768324,0.0021602940093735884,0.0022138235665067683,0.0023126262295154513,0.0024827926699164597,0.0027636898611658996,0.003220122837617733,0.003997079943085971,0.005601939672855169,0.010463424277687823,0.03339368096205891,0.1032684318117013,0.08628135020740944,0.07096048702512989,0.0631970021881759,0.05949540058533075,0.05826477120498636
4199.8,1500.8359202717907,109.2,0.0021364626692925485,0.00214452987096046,0.002167437819692961,0.002216040720001393,0.002307356823055071,0.0024677667848546133,0.0027385731838852952,0.00318970812368065,0.003974442978065473,0.005604226173050009,0.010493796819640506,0.0333569319023382,0.10295051871761089,0.08609115783251176,0.07063278719604717,0.06284342905909139,0.0591700716067322,0.05796257699889318
4199.9,1503.7818496666173,109.3,0.002109985072808851,0.0021176423005022675,0.0021395650770157787,0.002186507261936188,0.002275607348352093,0.002433896898783415,0.0027043884766858413,0.003160215013635083,0.003957707364847792,0.005603319561727537,0.010477956109451705,0.033084624760537834,0.10237768928232267,0.085808379324583,0.07029193400634838,0.06248755346033025,0.0588344422956961,0.05764846878628648
4200.0,1506.717867377847,109.3,0.0021232734340844014,0.002130017064361801,0.002149655003783404,0.0021924693083898326,0.0022752649863666276,0.0024252012266050794,0.0026865791194197837,0.003136278384117366,0.0039377245274472335,0.005603857715754291,0.010512418653577075,0.03312829421026447,0.1022934527639085,0.0858314255114634,0.07011573749079539,0.06222064755986277,0.05857597848733907,0.05741045604984946
4200.1,1509.7505229798135,109.4,0.0020810534233037512,0.0020878889555430782,0.00210779162724507,0.0021511924040524873,0.0022351851726225024,0.0023875003156469516,0.0026534873260706496,0.003111428471212028,0.003924479041924101,0.005596215733969632,0.010461506445558828,0.03273878393715003,0.10194797838629016,0.08578747962446874,0.0699290476657943,0.06194754824007582,0.05830117758062009,0.05715473339024134
4200.2,1512.7931041209165,109.4,0.0020829832553492496,0.0020892363191850473,0.002107687770983071,0.002148485370343064,0.0022285528031441575,0.0023757890588171626,0.002636531086043117,0.003091754757333765,0.003909556505940661,0.005597004916183631,0.010478118287800547,0.03268047363826869,0.10176631808976545,0.08582408938505093,0.06980035039332785,0.061732605651735294,0.05808861246301758,0.05695868361695009
4200.3,1515.8245559182617,109.4,0.00208785493595816,0.0020934578600088328,0.0021102885566665623,0.002148176672812779,0.002223845753439684,0.002365338516681934,0.002619954418381937,0.003071379252122735,0.003892968490246392,0.005596381450223323,0.01049695948161782,0.0326445847443238,0.10153947178504277,0.08578547861196635,0.06964164902108509,0.06149857393483383,0.05785601848578242,0.05674291243538491
4200.4,1518.8572115202282,109.4,0.00209201992209975,0.002096943856881468,0.0021120865705482857,0.0021469585895833995,0.0022180986347231455,0.002353725434763687,0.002602131369800672,0.0030497014734376065,0.0038749670702654415,0.005593721299254368,0.010508726673574288,0.032568562538773216,0.10130320781371005,0.08577307176634857,0.0695017000176827,0.06128045873367403,0.05763761714991554,0.056540362591897
4200.5,1521.8997926612155,109.5,0.002066329249949664,0.0020710608737283514,0.0020857442615874553,0.0021198541407696507,0.0021900146618514292,0.0023248161678777147,0.002573520799645248,0.0030244717905054657,0.0038584090548297143,0.00558656356929423,0.010471063356946418,0.03220042208371621,0.1007614670412311,0.0859998207261743,0.06977692810358593,0.061508215225252356,0.05782856917400996,0.05671730897692229
4200.6,1524.932448263182,109.5,0.0020772152970575343,0.002081105167571169,0.0020936989402545723,0.0021240829463051118,0.0021886537965134546,0.0023161716786989778,0.0025569273248055103,0.0030021561836397256,0.0038386862065913976,0.005584373384657807,0.010492075279470109,0.03215588749684348,0.10040527338194848,0.08608510090287634,0.06996762996910078,0.06169316895782496,0.05798817561670707,0.05686442797861509
4200.7,1527.9639000605273,109.5,0.0020955896531217933,0.0020985117391531553,0.002108709495024382,0.0021348396729518205,0.00219306053779819,0.0023123176162304707,0.0025439206790685465,0.002981884805090104,0.003818989774125613,0.00557984727288886,0.010505773783784547,0.03207789311491945,0.10025492417851406,0.08669359155207632,0.07070660458193323,0.0623815739529945,0.05860374171251294,0.057438446313336625
4200.8,1530.9965556624938,109.6,0.002082037085617522,0.002084621692999974,0.002093993832830605,0.0021186888731091025,0.002174851203912243,0.002291648269566871,0.0025210832813725857,0.0029587459165914543,0.003799794167616495,0.005566726827196482,0.01046676138237161,0.03177252686219256,0.09997039656147877,0.08737235674066242,0.0716515055899378,0.06331944140274713,0.059450373976350904,0.05822521187338239
4200.9,1534.0391368035969,109.6,0.002107240816407878,0.002108796761100361,0.0021156231298155807,0.002135803503285723,0.002185223428536241,0.0022931660669826487,0.0025123899029841144,0.0029405877263394427,0.003777922461118681,0.005554169000562705,0.010469434616256906,0.03169589277232039,0.09965332145585909,0.08798465742126613,0.07259732173624761,0.06425476471052147,0.06028723898946061,0.059001818950186635
4201.0,1537.0705886010526,109.7,0.0021041107086800857,0.0021053184563628808,0.0021112854725211182,0.002129948931329162,0.0021771199546498777,0.002282142711345895,0.002498055303776,0.00292319495753798,0.003758556166750889,0.0055307005686238715,0.01040551115749657,0.031341548022355954,0.09946141289770756,0.0890492993908905,0.07396837226618697,0.06554369459728027,0.061431875221004364,0.06006601419286548
4201.1,1540.2031275074537,109.7,0.0021198682369398393,0.0021204661231789307,0.0021249326621564204,0.0021409578559062684,0.0021842290613789763,0.002284166200527207,0.002494135075414815,0.002913191292085394,0.0037436594362830287,0.005511808477907876,0.01036203781959425,0.031103738033211915,0.09937852587754856,0.09026329315415903,0.07547489551608531,0.06687769797554603,0.06259150718634254,0.061145002296847904
4201.2,1543.3456265129673,109.7,0.0021367193930274873,0.0021368299977262894,0.00214010537793099,0.0021540572453923393,0.002194304591315701,0.002290355817788396,0.0024958208499312796,0.002910136385625774,0.0037361467240142948,0.005499256808229246,0.010330143929210197,0.030974579076418162,0.09932170210770234,0.0910564341915245,0.07634611635809421,0.06760268020724852,0.0632152229000431,0.06172683378185774
4201.3,1546.4772874141877,109.7,0.002153022548077159,0.0021527886027812703,0.0021552410233635164,0.002167807563875949,0.002206134096786029,0.0022999009876149687,0.002503000462051186,0.00291510923811638,0.0037386977088397643,0.005495523770997523,0.010296667874723477,0.030785791007962398,0.09930530705240545,0.09157620927790523,0.07678679785468986,0.06784622182804968,0.06339099176686183,0.06189400381134727
4201.4,1549.6098263205056,109.7,0.0021691212277673267,0.0021686453825918587,0.0021705442922488154,0.002182240592198573,0.002219494191510461,0.0023122439470934487,0.0025147254477718524,0.0029267608043957115,0.003749682217396147,0.005499082341866206,0.01026233705289594,0.03058980524389349,0.09964561384334408,0.09208746554392643,0.07689893078634462,0.06772190568816537,0.06324471804447764,0.061766012092808215
4201.5,1552.751450104521,109.7,0.0021860922485358193,0.0021854197999785804,0.0021868847878003276,0.002197940676063617,0.002234500987898142,0.0023268005914000404,0.0025294392616564175,0.0029423275395116205,0.003765335754786346,0.005507215411227643,0.010233244756212909,0.030426949896773674,0.10011401059715785,0.0923797949798012,0.07660166895255684,0.06715964032655997,0.06269883095690863,0.06126824571878139
4201.6,1555.883989010922,109.7,0.002205400007807492,0.002204583707311345,0.0022057468126244506,0.0022163987171377334,0.002252620821318184,0.002344933925645008,0.002548241537664105,0.002962364864039162,0.0037853288137641556,0.005518946810443157,0.010210281538870178,0.03030085266089464,0.10060956668013743,0.09230838535683904,0.07584410969007009,0.06620862495194461,0.061818199917134366,0.06045816165387311
4201.7,1559.0156499120621,109.7,0.0022284257751031505,0.0022275356694190403,0.0022285612498042485,0.002239074745390648,0.002275290649835564,0.0023679007389863192,0.0025718389016542364,0.002986226824036316,0.0038060397431579447,0.005524591751724879,0.010168351490023906,0.030109687969955265,0.10092799258380528,0.09187882354614321,0.07478873632060602,0.0650313172562949,0.06073511081566461,0.05945603783908453
4201.8,1562.1481888184633,109.7,0.0022551072665964855,0.0022542757925679375,0.0022554738580316857,0.0022663505454520927,0.0023031982552707557,0.00239670605199744,0.0026014666435865558,0.0030151918927362,0.0038287907411029545,0.005527420307371831,0.010124176441739663,0.029953747904391027,0.10138942323370259,0.09190338371829526,0.07443028571437514,0.06456249189809801,0.060295817046470225,0.0590517554853969
4201.9,1565.2898126023986,109.6,0.0023262655843668827,0.002324624825464257,0.002323857830348612,0.002331338565235086,0.0023632507240219825,0.0024503164305908023,0.002647019379245938,0.0030503081968777093,0.003849754211954376,0.005532361231673614,0.010127582678195909,0.03005411836007829,0.10186262765975461,0.09157232537737632,0.07388503050448113,0.06402920444455804,0.0598169566127878,0.058607215432922376
4202.0,1568.4223515087997,109.6,0.00235849982424409,0.002357072558914123,0.00235683805887355,0.0023652548947898804,0.002398498153119888,0.002487037947815459,0.0026844986000365543,0.0030854711978164804,0.0038741773857167375,0.005529395564807926,0.010069427236782898,0.029849283609267734,0.1019735578433315,0.09128410966584288,0.0734145240212911,0.06353620969665012,0.05935881549768304,0.05818066992237142
4202.1,1571.6463242133782,109.5,0.0024075702522741087,0.0024060271785228088,0.002405515522419485,0.0024134475323195894,0.0024459220416907105,0.0025331726381675277,0.002728053940310631,0.0031230658774959886,0.003898216282328112,0.005528018733492962,0.01003133307883658,0.029755002530124967,0.1020869110409313,0.09103460699327878,0.07322531730318725,0.06339543883705596,0.05923013881907114,0.05805845710224153
4202.2,1574.870296918073,109.5,0.0024058627416679553,0.0024054481838578076,0.0024077196024248483,0.0024205325357873077,0.0024601263066826935,0.002556288788856962,0.002760348699390848,0.0031609080603811606,0.003929006873007997,0.005523183089123502,0.009932796708693367,0.029362073460179803,0.10230258391139592,0.09093982270263958,0.07296822335142188,0.06315260663836539,0.05901429028106419,0.05785750504966088
4202.3,1578.0937888134642,109.4,0.002448950197320979,0.002448622459646336,0.002451136506235088,0.002464426666629899,0.0025047656995743836,0.0026017662455428015,0.0028059503133639487,0.003203566614668929,0.003960658625630151,0.005529671927787426,0.009895577699831558,0.029229777945898153,0.10248271375475766,0.09073049732954043,0.07265661596524925,0.06285322318820309,0.0587399453123208,0.057601293657562704
4202.4,1581.307773878739,109.4,0.002438374212810702,0.002439455490495939,0.0024454750049644463,0.0024650025765381605,0.0025146481245777244,0.002623719130543731,0.002841153709902777,0.003248739844734722,0.004002215912316966,0.005537127296097087,0.009812586307845162,0.02887952663713383,0.10276087128514375,0.09062655902834502,0.07239392911979964,0.062623942942324,0.05854257336798583,0.057417473284494605
4202.5,1584.5317465833175,109.3,0.00247448862699178,0.002475992794305272,0.002483104604319025,0.002504659072922908,0.0025574493487395063,0.002670649490313504,0.002892184020749946,0.003300719956947542,0.004045320392072648,0.005553553178833892,0.009779936533985763,0.028755609495350675,0.10328371259031292,0.09058500605317955,0.07214498349582285,0.06240941644199246,0.05836727885521896,0.057255915367243504
4202.6,1587.7557192880124,109.3,0.0024590471894406674,0.002462253265526266,0.002473624581618487,0.0025028402742301513,0.0025672521520684103,0.002695860109876267,0.002934748724911159,0.0033568686948257788,0.0040984010221708864,0.005568599431915035,0.009699635500845866,0.028417924074957832,0.10373745526322724,0.09035304092725566,0.07168816832324477,0.06199470560457813,0.05800292501499946,0.05691652923233714
4202.7,1590.979691992591,109.3,0.002443383007443551,0.00244837939312079,0.0024642422245010976,0.002501579899885926,0.0025784157253263616,0.0027236501526682,0.0029813394800524387,0.0034178604944924747,0.004155142929292015,0.005584894778724366,0.009622388708925284,0.028102601320094685,0.10423740101576948,0.09021686303611803,0.07141840692031218,0.06180429815379186,0.05785451118314265,0.05677818002445389
4202.8,1594.203183887982,109.2,0.0024781335929858882,0.002484081564297146,0.002502334842035064,0.0025439822714700745,0.0026273005364379595,0.0027807240722431043,0.0030460454213898135,0.0034837695510867837,0.0042063528203572864,0.0056020028419029345,0.009602376553055783,0.028128051111480982,0.10521917678971815,0.0901637535573201,0.07130497339731692,0.06177232188297622,0.05785027492163607,0.05677492953023357
4202.9,1597.4271565925606,109.2,0.0024591485053498435,0.0024673893296198804,0.002491379187108865,0.002543389602254963,0.0026425343248224803,0.0028169161341163366,0.0031049336818271215,0.0035571355607766615,0.004268324974540708,0.005614858619867349,0.009531974807058396,0.027910024167015598,0.10575050956100734,0.08990654937921469,0.07100996735275436,0.06159582789361341,0.05771971574383988,0.05665202884958937
4203.0,1600.6511292972555,109.1,0.002488026385366235,0.0024979148999720387,0.0025260102847760794,0.0025853726265652006,0.0026954939912424655,0.0028835259229503412,0.0031836271729637905,0.003636222674639635,0.004322942646691974,0.0056218675026642895,0.009496251286204379,0.027938892897640323,0.10680893836616381,0.08996100141836433,0.07108814982866252,0.061790233334956784,0.057933234370752644,0.05685163145114386
4203.1,1603.9413724492858,109.0,0.0025075187066042684,0.0025194476915365352,0.0025526509429721345,0.0026212441390215287,0.002745360788673885,0.0029512407206806757,0.0032680514078603454,0.0037239119975361755,0.004385041344621602,0.005632848410489227,0.00946151161852212,0.027961773718051825,0.10784391640041141,0.09013921272669811,0.07125971096903251,0.06206658540491545,0.058225987521190875,0.05712616458823234
4203.2,1607.2417512154714,108.9,0.0025224366904568122,0.0025365808117490474,0.0025753582428119067,0.0026541187456938235,0.0027938595406396018,0.0030199909233381297,0.0033560775937875867,0.003816045768915728,0.004449105904856527,0.005641393766797629,0.009414973912788567,0.02792680129711533,0.10881385392091765,0.090414617902764,0.07149034655068393,0.0623720563800068,0.0585409765846189,0.05742207643566365
4203.3,1610.5319943676182,108.8,0.002533956960994715,0.0025504081358252296,0.0025950480704066943,0.002684665151987801,0.002841446504657321,0.0030903080633250465,0.0034489494752579916,0.003915422204799489,0.0045200463296561876,0.005654663252520974,0.009366887665568223,0.027852094362789185,0.10963589876057596,0.09072558144979338,0.07188065768409593,0.06285594090999838,0.05901513840071192,0.05786442698450976
4203.4,1613.8323731336873,108.7,0.002543108942346712,0.002561925960234902,0.002612615381144777,0.0027135632072596053,0.002888436312791682,0.003161938666156107,0.0035455872577147022,0.0040198173668485795,0.0045949326617837115,0.005671537372282986,0.009326461091059465,0.027818494097079816,0.11071244392650248,0.0910163023520375,0.07213084797808832,0.06319807033181038,0.059368861095807114,0.0581959670565909
4203.5,1617.1326155490729,108.6,0.0025505544809316444,0.002571808788099454,0.0026287620116304125,0.002741550686817158,0.0029355823391479636,0.0032355627648056103,0.003646302126364053,0.004128619792573185,0.004672148732100883,0.005690925005992455,0.00929639639529321,0.02783950259726111,0.11193341717083712,0.0915603349016516,0.07266906952765687,0.06378473404716964,0.05993454286316099,0.0587252919586238
4203.6,1620.4228587011032,108.4,0.0026104545318319256,0.0026336475186331514,0.0026955003422048742,0.0028172661816343856,0.003024956474723889,0.003341398166380778,0.0037627777135656026,0.004232794288741284,0.004733966587692591,0.005709176319663878,0.00931961528662617,0.028138994812082527,0.11304351155317117,0.0916098420221731,0.07282833090201551,0.06406782093325321,0.060228891838996476,0.05899909567489983
4203.7,1623.7232374672888,108.3,0.002615375191113567,0.002641354027904973,0.002710377827462313,0.0028457714159779287,0.0030756452659129823,0.0034226166442014832,0.0038736561152568688,0.004347714530941392,0.004808372721261356,0.00572502714353771,0.009301603504615796,0.02824071819515604,0.11408816543454446,0.09196763159074041,0.07331480576859903,0.06462203549316975,0.06075493806347603,0.05948851248424691
4203.8,1627.0134806194355,108.2,0.0026123483835145582,0.002641238366462225,0.0027178012795788997,0.0028676893601095542,0.0031215665175259944,0.0035022376795251888,0.003986514963146681,0.00446507999492674,0.004881788786855852,0.0057383759315532004,0.009284013705399077,0.028369009826981276,0.11530637739148887,0.09220449842159092,0.07359248867094012,0.06496876763571058,0.061095378760130145,0.0598058646381717
4203.9,1630.3138593855188,108.0,0.002666855041087061,0.0026980844852500046,0.002780577386164488,0.0029414295829452717,0.003212169427973501,0.003613014461907438,0.004108503641512237,0.004567480042965995,0.004934321428007257,0.0057544373951574175,0.009334008297745278,0.028843727866812184,0.11668504447416442,0.09235174774378853,0.07381051373784248,0.0652647915721798,0.061391191935506816,0.060081851208638924
4204.0,1633.6141018009043,107.9,0.0026621937175986907,0.0026960429995985754,0.0027854007464625952,0.0029597136937959396,0.0032533419059532984,0.0036871781967422507,0.004215483598994497,0.004678075157333611,0.005003660400680045,0.005774958610018094,0.009346070701609428,0.02910544851997304,0.11839566713409273,0.09311055905813549,0.07446921852405478,0.06586220253757327,0.06193988396320362,0.06059662039681019
4204.1,1636.9441618603837,107.8,0.0026706077535971723,0.002706635297119311,0.0028017297693083663,0.002987370416270656,0.003300410975625705,0.0037623349787470678,0.004318080725970914,0.004781749558712678,0.005071403121747414,0.0058074725378919135,0.009391624067597588,0.02944321368573109,0.12054611905372582,0.09410798063996247,0.07521766486866402,0.06647435984131356,0.062493748986899515,0.06111864086960293
4204.2,1640.2742969928538,107.7,0.0026757212330380566,0.002713586262689741,0.0028135754067717526,0.0030090495331141203,0.003339367497966539,0.003827201983572892,0.004409911200926648,0.004878097015211938,0.005138720545378753,0.005845880017796049,0.009450920908400306,0.02984862429385137,0.12238694426088279,0.0947410763716114,0.07548828727196136,0.06662420693311051,0.06263600141955605,0.06125913989314987
4204.3,1643.6043570523277,107.5,0.002738956562334016,0.002778101126022858,0.002881328770251079,0.0030827088417003513,0.0034217039869637988,0.003918438547571471,0.004501622574904388,0.004951684218668242,0.005187659600891116,0.005897836326093633,0.009598276213394971,0.030680403862958817,0.1244907241098512,0.09553004637670812,0.07583619950039963,0.06678163966761914,0.06277723264729702,0.061401438277094246
4204.4,1646.944491780119,107.4,0.002742497241740685,0.00278305060538243,0.0028900694284881784,0.0030991829948682536,0.003452056366820399,0.00397019227381462,0.004576651845154933,0.005032954118188775,0.005249717257835792,0.005943844414525615,0.009679597403871438,0.031125902068363822,0.12595410796184742,0.09586219341209598,0.07579616695207107,0.06665945885632765,0.06267906310709428,0.06131754576015821
4204.5,1650.2746269125892,107.3,0.0027467580142174807,0.0027886243270629075,0.0028991565947145727,0.0031153907461502336,0.003480930608143261,0.0040182901886169145,0.0046447809557745336,0.005104458889391167,0.0053025686846642816,0.005984255453978302,0.009758610905423787,0.03154771757702333,0.12670099277531627,0.09536316583102225,0.07494547302335171,0.06579606068835699,0.06190701802964149,0.0606050932876932
4204.6,1653.604686972063,107.1,0.002814727759469245,0.002857663572086983,0.002970772181381193,0.0031912807326973935,0.0035618319901460677,0.004100646215111191,0.004715835592258515,0.005148238889576723,0.00532635832319581,0.006024624581115484,0.009907851247977294,0.03235481185998871,0.1273874587328902,0.09460580173308794,0.07386352506700926,0.06476109933713857,0.060994105914720514,0.059760997028191376
4204.7,1656.9348221044168,107.0,0.0028231274233584906,0.0028673547078502826,0.0029838413405801037,0.0032109752986242152,0.003592734815482503,0.004147127220040102,0.004775387546525699,0.005204098895259751,0.005364694250299703,0.006060621450449025,0.010004409383488296,0.03287239939066564,0.12756135570979638,0.09349685684645812,0.07251384966905576,0.06350461157913649,0.059875610618167936,0.0587223354267053
4204.8,1660.2748819842006,106.8,0.002897333625240635,0.0029426152109790077,0.0030615447509773903,0.0032924076239735467,0.0036774952132053993,0.004229163017144472,0.004838694493684068,0.005233632999272068,0.005375110858803274,0.0060932837668707975,0.01015550038242166,0.03371827854884043,0.1277487408510714,0.09237605989326186,0.07118856885955847,0.0622611955381584,0.058763879725117575,0.057689457823206405
4204.9,1663.6050171165543,106.6,0.0029753971965049302,0.0030216310771540656,0.0031426986531690594,0.0033765783814563863,0.003763509962519605,0.004309845654722132,0.0048976836104754505,0.005258507643128761,0.005383926703498743,0.006127764141278725,0.010313752389563486,0.03458696106546177,0.12746746201991613,0.09100193808918831,0.06977982755154502,0.060991745257991316,0.057628388102477154,0.05663045376226955
4205.0,1666.9350771760282,106.4,0.0030582436267871703,0.0031052444085677535,0.0032279266696775017,0.0034636818110846367,0.0038502555562069576,0.004387712652338542,0.004950252068442152,0.005276935126891148,0.005390195276412856,0.006164035259222112,0.010482694553927568,0.03552637433957417,0.12713535136858756,0.08969890563391812,0.06854168704843294,0.059916266981376136,0.05667300754642867,0.05573747467552492
4205.1,1670.2551374165137,106.3,0.003102282975307126,0.003150105812857732,0.0032747303918655036,0.0035136122695664145,0.003903609856842624,0.004441416226471469,0.0049950600368876994,0.005303629261499153,0.005406411214789124,0.006196077868394492,0.010606737504114566,0.03622744337701621,0.12693316841376362,0.08880512114946344,0.06772591969431944,0.05921806010488719,0.05605339469373728,0.05515752568786353
4205.2,1673.5851974759876,106.1,0.0032223176172415705,0.003270324123533063,0.003394812170891975,0.003631444693556024,0.004012386844696808,0.004525634474398343,0.005033982838184294,0.0052978834013857916,0.0053962015092398055,0.0062334715517983925,0.010813469122568779,0.03737311014646794,0.12702462976290596,0.0883580107892736,0.06747608457892822,0.05908895473695418,0.05596401985541853,0.0550730222410095
4205.3,1676.905257716473,105.9,0.0033498690176184294,0.003397806383205668,0.0035214198083938987,0.003754165063112587,0.004122935212354372,0.004606861522841103,0.005065337036545989,0.005283486869120819,0.005379146156410147,0.006266938121315085,0.011029044716656791,0.0386853419799381,0.1276292733103783,0.08843153852397027,0.0675945034868559,0.059228148783568746,0.05610892559900468,0.0552108380062382
4205.4,1680.225393255826,105.7,0.0034841309121107777,0.003531812128357476,0.003653962665535336,0.0038814391002827226,0.0042353134413868326,0.004685689773723339,0.005090114958655857,0.005260833964449461,0.005353755628309452,0.006291460937675468,0.011233304838875519,0.040000252531319676,0.12867460530830396,0.0892494628696893,0.06840769276363175,0.05996726928039815,0.056791345427592954,0.05585242280549075
4205.5,1683.5454534961893,105.5,0.003625466434915205,0.003672690478408145,0.0037927645511672977,0.004013590303123908,0.004350016152084299,0.004763323643247783,0.00511113212793548,0.005234710694629909,0.005326420548861931,0.006316623192798164,0.011451573399140135,0.041463809775009186,0.1304838104253953,0.0909875042602649,0.07002157311319285,0.06137216265621023,0.05806695970844927,0.05705022008262764
4205.6,1686.8655137366748,105.3,0.003773456950115676,0.0038199738115703348,0.003937226791932518,0.0041497762678214395,0.004465868369430906,0.004838332286876172,0.005126936796117977,0.005203447501023409,0.005294205512917115,0.006335526611391002,0.011659918598834498,0.0429254198146081,0.13239765329233222,0.0927175621728773,0.07150212592963637,0.062611067237089,0.05918803765740507,0.058104302987593975
4205.7,1690.185573977038,105.1,0.003927494805518148,0.003972909051315759,0.0040862628504339015,0.00428841243642885,0.004580867519130595,0.004909041716897321,0.0051376532529243315,0.00516986007455691,0.005262056016913306,0.006354910812912917,0.011870363526797859,0.044430864412134584,0.13462408519104707,0.09494021848935547,0.07344853097892662,0.06426841268457889,0.06068951386618425,0.05951204855896123
4205.8,1693.5156340366339,104.9,0.004088646410737093,0.004132297483504245,0.0042400418571320675,0.004428629007640087,0.004692898340399393,0.004972550925824798,0.005140853834711829,0.005133067183265638,0.005230775106838476,0.0063769122456664865,0.012085370216678163,0.0459422200720377,0.13646599907632992,0.09689337513173334,0.07514876798957622,0.06570513252293662,0.061989606899982154,0.06072963598364992
4205.9,1696.8356942769972,104.7,0.004254774231535943,0.004295906542210129,0.004396153819009279,0.004567880808826894,0.004799650592208707,0.005027525297996088,0.005136461034287038,0.005092972268000387,0.005198363425825352,0.006395139820387161,0.012283878412881692,0.047367561813224615,0.13778970305521354,0.09817342252741937,0.07625428350380474,0.06663904331584955,0.06283787887754431,0.06152378503421998
4206.0,1700.155754517477,104.5,0.004425023146597302,0.004462853387861549,0.0045537188394508986,0.004705509787717581,0.004901282555595206,0.005075860025782639,0.005128576799287752,0.005055461565661137,0.005172861657170271,0.006423392560033869,0.0125016678598439,0.0488249968208964,0.1382493389834164,0.09886459674104817,0.07699294480315713,0.06730807178765225,0.06344890395563156,0.0620929603101699
4206.1,1703.4261367580325,104.3,0.004607551620589162,0.004641123360742252,0.004720238818598587,0.004848031497144787,0.005002564233239433,0.005119489172829561,0.005115065641071519,0.0050140898148750895,0.005144674345687814,0.006448416264068375,0.012713261668340813,0.05026136903516266,0.13843370175310354,0.09935270952414031,0.07762570830437757,0.06792116807673801,0.06401278940548964,0.06261618717520906
4206.2,1706.6963813972186,104.2,0.004680112533789017,0.004712240201484855,0.00478731748700015,0.004906761163902907,0.00504678743366661,0.00514314866257554,0.005117681795595278,0.005005113533147895,0.005138798253194063,0.006463148445611355,0.01281447133311249,0.05098130281809474,0.1381883102990263,0.09922259587102301,0.07769014477455927,0.06805091032171318,0.06414063880770733,0.06273237902119942
4206.3,1709.9567648102611,104.0,0.0048640250722215535,0.0048913265576708154,0.004953354292910733,0.00504697197720884,0.0051444703077076865,0.005184378384846563,0.005105795787001105,0.004968301965667799,0.0051137885971886685,0.0064867949030885585,0.013013021153672828,0.05230414061221076,0.13759164163691556,0.09900238844127927,0.07774007631389014,0.06816443270012988,0.06425037399572962,0.06283140380481883
4206.4,1713.2271470509331,103.9,0.004921225038431379,0.0049477191780571295,0.005007316218665076,0.005095556593039257,0.005183137898358392,0.0052081518217285605,0.005113044183270018,0.004964377835707276,0.005108965928301229,0.006495073158857293,0.013087202169174155,0.05286167423742622,0.13677793194552226,0.09819164163242469,0.07722249999685418,0.06781081288656196,0.06394618037290231,0.06254422107377364
4206.5,1716.4975292916051,103.8,0.004984789344856663,0.0050104867108523,0.005067567062009126,0.005150018280556003,0.005226610667973272,0.0052347684039026725,0.005120651340068312,0.004958803517481813,0.005101538989774166,0.00649971660696721,0.013145464136043512,0.053183403301081934,0.13548378503852318,0.09670904787532796,0.07599179874577322,0.066807680117595,0.06305843896290828,0.06171493791307606
4206.6,1719.7677739307912,103.6,0.00516582332204105,0.005186715485535546,0.005230683298107353,0.005287153941028667,0.005321356286415057,0.005274120639261345,0.005108269958737183,0.004920432371698041,0.005070209921969373,0.006509267941008938,0.013310098922842982,0.054315434178456565,0.1337879689611322,0.09515388518294646,0.07487824583609477,0.06595381826115361,0.062307391553211154,0.06100998542810227
4206.7,1723.0381561714632,103.5,0.0052214525204514976,0.00524196656178477,0.005284384054971791,0.005336630559609797,0.005361867878446886,0.0052998114329278825,0.005116162732359355,0.0049147593448015375,0.005061058671723098,0.0065111600560330725,0.013374301388658137,0.05477958919475076,0.1321077152977902,0.09328064293492715,0.07332890786673832,0.06468899310829514,0.06118696137382904,0.05996182136085419
4206.8,1726.2985395844034,103.3,0.005399187859654745,0.0054145278415095996,0.0054429732198518965,0.005468051474836085,0.005450227444172699,0.005334055826260027,0.005102126619282362,0.004877784022321389,0.005031685688341928,0.006522385958718128,0.01354648767818553,0.05598481663323032,0.1308109920658034,0.09191353356271378,0.07215574016256407,0.0636955196854413,0.06030522174296313,0.059138504759186465
4206.9,1729.5687842235895,103.2,0.005449057107529801,0.005463813210046692,0.0054902540888844146,0.005510498550608279,0.0054833643043514565,0.005353094110241427,0.005105669995613239,0.004870861714373379,0.005024166874395283,0.006530640405386115,0.013642210817225959,0.05671970910708032,0.1295845908101533,0.09052415346303519,0.07095738053034095,0.06267825637435137,0.05939810534394843,0.05829047207344697
4207.0,1732.8391664642616,103.0,0.005633273540849191,0.005641456119339298,0.005650643705786706,0.005638651965090866,0.005563093631344449,0.005376046174848508,0.005082360558431497,0.004829275223075046,0.00499434133047427,0.006546567948055102,0.01384651911000446,0.058278014971148664,0.12910245053426633,0.089897538463332,0.07036882768648936,0.06214197811527349,0.05891907756548905,0.057844987751513206
4207.1,1736.053664869882,102.9,0.005702217431765933,0.005708113241439878,0.0057111956033268066,0.0056876153659314605,0.005594402160653427,0.005386355728446619,0.005075202945107665,0.004814960452075844,0.004985164681671922,0.006560017001680596,0.013962894534005526,0.059153697552550365,0.12909604162741903,0.08985255643562705,0.07027624269262804,0.062032349181522804,0.0588215480424646,0.057755953481644494
4207.2,1739.278149324883,102.8,0.005775569550453659,0.00577848889570033,0.005773798425988107,0.005735879380177276,0.0056216048707740055,0.005389671476791959,0.005059983106804928,0.004793455341322326,0.00497046732836269,0.006569461543309752,0.014078890706115154,0.06010064293485745,0.1296288473051472,0.09049750944151906,0.07084139847970529,0.062498067985293046,0.05923942486231384,0.058148221981850594
4207.3,1742.4926477305034,102.7,0.005854483169735635,0.005853697003024098,0.005839472664630936,0.005784331633681968,0.005645483124336887,0.005386779740255724,0.005037631397755019,0.00476601540611511,0.004952315424144492,0.006579348036727533,0.014207803625719969,0.06115885934571904,0.13066852413857064,0.09186018076039296,0.07209250171958068,0.06356454178022335,0.06019621986390238,0.059043192787587656
4207.4,1745.7071461361238,102.6,0.005934882777763714,0.0059300365328799716,0.005905402431146308,0.005831594739430443,0.005666427919689395,0.005379528073416879,0.005010321664985866,0.004733725068345208,0.004929549178699973,0.006584053960708252,0.014325440712317094,0.06214329335363909,0.13188540607143787,0.09343905451067253,0.07355446003941939,0.06483764049379735,0.061344906289799196,0.06011585955328561
4207.5,1748.9211312015148,102.5,0.006032356960551669,0.00602236262294541,0.005984658258345424,0.005887750759999968,0.005690659630977782,0.005370422819518026,0.004978258822890097,0.004696497971850224,0.0049036754997701815,0.006589659843180491,0.014457279606886404,0.063218010067136,0.13279768782785922,0.09512298856523148,0.07521277176276984,0.066290850501089,0.06264815586311383,0.06132961643760595
4207.6,1752.1456156563997,102.4,0.0061151689097522395,0.006100527276949938,0.0060510238958965306,0.005933341246795377,0.005707763259815683,0.005358091466538136,0.004945847831012095,0.00465949178308431,0.00487616990931818,0.006588367436906228,0.014558408826085407,0.06402330481712765,0.13395884880088177,0.09727626086885098,0.07748463929711677,0.0683579069289241,0.06450692940208261,0.0630553630932114
4207.7,1755.36011406202,102.3,0.006195784849193051,0.006176449860317142,0.006115072367252199,0.005976632371914727,0.005722911315753313,0.0053445713663532275,0.004913027558750965,0.004622186971922668,0.00484744548759303,0.006582954890745891,0.014640483500684934,0.06464131197169504,0.13461930290601143,0.0990056255027598,0.07948845176869097,0.07024120035458074,0.06620055947186604,0.0646227039463822
4207.8,1758.5746124677567,102.2,0.006275437191085242,0.00625130419250538,0.006177875690047665,0.006018609587766706,0.005737108497710001,0.005331055251820696,0.0048813425723691585,0.004586658309159178,0.004820591508451025,0.006579729479438471,0.014727915938916149,0.06526569496805418,0.13488136655343053,0.1005066171710458,0.08146378420858538,0.0721514123594348,0.06791242750607701,0.06620196830189393
4207.9,1761.789110873377,102.1,0.006350705600706257,0.006321814365001987,0.006236507527602117,0.006056922297513221,0.005748721453946165,0.005316558683541672,0.004850187950710896,0.004552378826873474,0.004794901480971096,0.006577409183824854,0.014817958276187284,0.06591070150727193,0.13508867050922496,0.10192210807318432,0.0832984603491452,0.07389949768495256,0.06947003888379599,0.06763807077466448
4208.0,1765.0036092789974,102.0,0.006434881946931137,0.006400559550278015,0.006301802453003742,0.006099483323157686,0.005761886631546315,0.005301508403108138,0.004817425785228509,0.004516201014529709,0.0047673016589409225,0.006573419266098583,0.014909604560259821,0.06658653662282062,0.13469337256304748,0.1025790026579956,0.08453363325960178,0.07517229011930658,0.07060509903355011,0.06867937897347845
4208.1,1768.1968051703182,102.0,0.00635926306333943,0.006328769273688126,0.0062390987295568925,0.006051389463796592,0.005731659564604609,0.005287526697843937,0.004813464852811765,0.004515316155085013,0.004765387555268683,0.006570266589338336,0.014916654939838271,0.0666882865115672,0.1347704632986109,0.1034345030981235,0.08570341289861087,0.07629764839190518,0.07160163866173513,0.06959614217915645
4208.2,1771.390001061523,101.9,0.006436985627247311,0.006401420431394513,0.006299282438077785,0.006090725058296487,0.005744469923518413,0.005275540602268058,0.004786824904505238,0.004487443188386361,0.0047483849842636485,0.006583711230028631,0.015063030424223372,0.06770335515711601,0.13404556535373088,0.1031026098756392,0.08571766768703841,0.07643366461745864,0.07173305968110621,0.06971213500711411
4208.3,1774.5741650020502,101.8,0.006482584358181447,0.006443920682135536,0.0063341572901297665,0.006112863004171344,0.005750464552220039,0.005266550951325598,0.004769137705618785,0.004469429880265423,0.004738187565194635,0.006596842182302195,0.015186328819336984,0.06858654516204288,0.13333824107964592,0.10261653973845931,0.08545940097844941,0.07628360093758718,0.07160837858018908,0.06959339229589012
4208.4,1777.767360893371,101.8,0.006371712713609341,0.006339322331437455,0.006244696619065894,0.00604818299516877,0.0057166737695698334,0.005261418700501719,0.004782055932026489,0.004487982494104283,0.004754768939242837,0.006610423721759199,0.015208812834449614,0.06865627858944348,0.13225172717677777,0.10140754275356971,0.08439765985136098,0.07542277716201558,0.07085826086452607,0.06889651614662652
4208.5,1780.95152483387,101.7,0.0063951838218418156,0.006361249120261964,0.006262914733929526,0.006060392901888726,0.005721598694543713,0.005260135983143527,0.0047781564708061644,0.004486263043506463,0.004761314996546247,0.006641811285911561,0.015361285456131264,0.06960610824234462,0.1308423425960925,0.0998232174267373,0.08299133853089762,0.07424941987766688,0.06983153106585044,0.06794363651999859
4208.6,1784.1447207251908,101.7,0.006239646235799159,0.006214295698426654,0.006137022593505176,0.005969774024618479,0.005676266343957188,0.005258369000976473,0.004805093865394853,0.00452300877139711,0.004795643904990089,0.006671502998268912,0.015402257009093758,0.0697600990658765,0.12974394930425764,0.0984144723434171,0.08166566886924391,0.07313294469811601,0.06885488463946557,0.0670374076104532
4208.7,1787.3379166163957,101.7,0.006095535304590518,0.0060774495923774435,0.0060182658417109024,0.005882008857767207,0.005629568322323594,0.0052528541899323185,0.004828351298891013,0.004557713368543928,0.004830499748338235,0.006707265797366011,0.015476580467761174,0.07020851225230222,0.1289880006695321,0.09708539810850114,0.08020745970563237,0.07182698929273389,0.06770894055330993,0.06597798241384968
4208.8,1790.522080556923,101.7,0.005953043685993945,0.0059412828583411065,0.005898112852901471,0.00578994740146684,0.005575970208020205,0.005239540469881224,0.004844965605134811,0.004587830738143311,0.004862453617571107,0.006740674753315929,0.01554342139535525,0.07057675698470318,0.12821681749435163,0.0958820077578158,0.07895048615613247,0.07071342309122829,0.0667301917817158,0.06507142980431069
4208.9,1793.7152764481277,101.7,0.005806032326361858,0.005799967566561191,0.00577147190261439,0.005689715374634716,0.0055132062818731955,0.005217974589137961,0.004856267378704993,0.004616465376216779,0.004897254657542532,0.00678552654472479,0.01566424895568864,0.07141513686635138,0.12827388658068445,0.09538274443786457,0.07816858108587843,0.06993313868312591,0.06604158110772068,0.06443823925953555
4209.0,1796.899440388655,101.6,0.00581700480485191,0.005808196741833422,0.0057733712604851155,0.005681891533212894,0.005494716385822524,0.00519283335382612,0.004833200468414975,0.004604965242286555,0.004906528518634053,0.006840192684922104,0.015915677457453987,0.07303082184705502,0.12797949626462538,0.094847284164984,0.0775160368275042,0.06930503965990488,0.06548837902088528,0.06392836765082059
4209.1,1800.0921351752233,101.6,0.0057133483794543595,0.005706906263228663,0.0056786169941294914,0.0055999379733434355,0.005432947118038141,0.005156611027045382,0.004822137874528522,0.004613418839651427,0.004930424126612288,0.0068911623255281575,0.016098995364253833,0.07431067365910822,0.12856622460378941,0.09485017664243842,0.07710317893384049,0.06880340777958954,0.0650440885509884,0.06352422523938372
4209.2,1803.2749012676948,101.6,0.005616053026415474,0.0056113602221396375,0.005588092069306884,0.005519674864935069,0.005369662581640648,0.005116043160434028,0.004805459633806927,0.004616739791685411,0.004950442678546331,0.006938788512098196,0.01627257232339402,0.07548704525404396,0.12905553811180825,0.09481963033376008,0.07666571001563464,0.06826464287727976,0.06455930014000251,0.06308241751458787
4209.3,1806.4675960542631,101.6,0.005520985970112859,0.005517726445544352,0.005498667787964161,0.005439083842595667,0.0053041528474512805,0.005071512987072122,0.0047841375092336595,0.004616249884694469,0.004969012487266041,0.0069906631770449675,0.01647649764571312,0.07687476938637068,0.12923930923358412,0.09429484958346966,0.07575792863292669,0.06733128352060952,0.06372852060449227,0.062318736760904096
4209.4,1809.65036214685,101.5,0.0055564193777636085,0.005548649706464234,0.005518842125619253,0.005441852073445668,0.005285835378531224,0.0050360243675952165,0.0047443340729953955,0.004588593221237659,0.004969549560865727,0.007053559070635322,0.016796412857585097,0.07884597265412431,0.12893260119935587,0.0937153190588247,0.07497460125569433,0.0665284916503938,0.06300607653574004,0.06165314117342123
4209.5,1812.8430569334137,101.4,0.005577067553907071,0.005565553918441174,0.005526897053469439,0.005435770501157128,0.005263030737245439,0.005000290584790718,0.004706629254994167,0.0045627086619174665,0.00496971822727873,0.007113383509143281,0.01711315572388817,0.08085086355361837,0.12856352350557268,0.09329281538986571,0.07441550197246433,0.06595771098939748,0.062494709256380426,0.06118157876923545
4209.6,1816.0258230260006,101.4,0.005485793838010819,0.0054760367043971215,0.005442150251178458,0.005360245239192556,0.005202022781860489,0.00495806709245243,0.00468412782627725,0.004557622198508955,0.004981133602078491,0.007155036123569408,0.017289314470967414,0.0818551709494903,0.128223051521963,0.09271450237948428,0.0736627140324996,0.06519819591092296,0.061807208241913984,0.060546629561806696
4209.7,1819.218517812569,101.3,0.005525074473346321,0.00551107920102071,0.005466973929329767,0.005368270806881813,0.005189105920225394,0.004926676127875246,0.004644940982066394,0.004525515859130002,0.0049718993938532964,0.007202008030405281,0.017575681267076176,0.08350461822159878,0.12755395323403984,0.09231937490819342,0.0733767684334585,0.06494184845146546,0.06157642137146805,0.06033205261839966
4209.8,1822.4012839051559,101.2,0.005571156289843579,0.005552676351727885,0.005497734919909146,0.005381179612961353,0.005179653534020395,0.004897143398148867,0.004605951335073728,0.004492080475580881,0.004960280830547761,0.007246541214176531,0.017861626861379175,0.08507979709663094,0.12688353931832605,0.09198532085715398,0.07313183815517894,0.06471433741047085,0.06137060939289349,0.06014065837944645
4209.9,1825.5939786916088,101.1,0.005622119253492283,0.0055990295940450555,0.0055329262571441416,0.005397963579858648,0.005173335212025119,0.004869845017850625,0.004568069702616742,0.004458461628121633,0.0049474730870756305,0.0072902654281847635,0.018153740546353214,0.08664638972724661,0.12623558343224117,0.09190189996317231,0.07326539381057763,0.06488209694681413,0.061526984417179485,0.060283651254016066
4210.0,1828.7767447841957,101.0,0.005677661864795435,0.005649830507038466,0.005572236215117713,0.005418330833059216,0.0051699119840660675,0.004844582461774943,0.004530979406182958,0.004423794631525048,0.004931083434358635,0.0073263715638028,0.018429016032423993,0.08819246593777673,0.12586930198409574,0.09223829901887727,0.07382818462157405,0.06543123322042692,0.0620224651461699,0.06074166854262979
4210.1,1832.002903490742,100.9,0.005732039587116603,0.005699656900022924,0.005611046858587442,0.005439056481291036,0.005168077383256972,0.0048221959407899655,0.004497523737136147,0.004392709216837489,0.004917983332903779,0.007367115369927365,0.01872005873107826,0.08975923365213519,0.12549998561452003,0.09259710205681827,0.07441857979224518,0.0660089272933399,0.06254431038069717,0.06122391618735402
4210.2,1835.2290621974037,100.8,0.0057822175406285516,0.005745422430230925,0.005646220450126929,0.005457076473659954,0.005165147342170324,0.004800831242051342,0.0044671167050270725,0.00436617163051844,0.004910938652154047,0.007417806643718266,0.01903436649201494,0.0912552477813896,0.12533854065115713,0.09353611149150326,0.07567146829170748,0.06719605575004962,0.06360869008347775,0.062208395498403714
4210.3,1838.4539652966075,100.7,0.005822879730148733,0.005782123308361441,0.005673485150099838,0.005469263298054585,0.005159328945231082,0.004779828607727994,0.004439739088343394,0.004344352008322067,0.004910215449764816,0.007480012493305739,0.01938865615375155,0.09289173079281073,0.12494752930955684,0.09412955032561583,0.07667242936796473,0.06820691359890257,0.06452198246496318,0.06305021451278665
4210.4,1841.6801240032692,100.6,0.005855625693100871,0.005811106439788502,0.005693646699233578,0.005475656366277313,0.00514990240090892,0.0047580560622009094,0.0044144377634137855,0.00432705060853906,0.004916605525505634,0.007554321711115348,0.019768699903230165,0.09450434255848505,0.12435051771641248,0.09481744878923719,0.07787705096469755,0.06941156062411899,0.0655995151235726,0.06404208828608622
4210.5,1844.9062827098155,100.4,0.006009968434105942,0.0059540162285538845,0.005809698879229383,0.0055495916024701185,0.005174427083258492,0.004740665316986567,0.004376162070771605,0.004294322268788365,0.004920879680193384,0.007672898898683241,0.020396659985194764,0.09695427488668075,0.12367510655632659,0.09508870726124928,0.07860806264729511,0.07018908405081366,0.06630300494796686,0.06468807631503086
4210.6,1848.1324414163619,100.3,0.006024362576418744,0.00596497386863139,0.005812915102806544,0.005541528204790163,0.005154888016243638,0.004714505621384916,0.004352249853758859,0.0042835871952894055,0.0049406203184826055,0.00777919290514421,0.020882612715348997,0.09849129739516758,0.12292275337772054,0.09505392204108849,0.07893468122324128,0.07057217270982288,0.06664911351574246,0.06500387770049483
4210.7,1851.3474219762852,100.1,0.006162136935604641,0.006091099627057112,0.005912296446805927,0.0056004940097933616,0.005168992766136132,0.004693721796630764,0.00431785916177118,0.004260909117505495,0.004962759500422088,0.007937474673670996,0.02163205413533843,0.10075332866922915,0.12189424408062698,0.09471821326083274,0.07896835006280613,0.07069281616251155,0.06676416819377808,0.06510586650685471
4210.8,1854.573580682713,100.0,0.006157411143553523,0.006083700092523727,0.005899258463287838,0.005580183771984066,0.00514312633612754,0.004668065369531931,0.00430084181600441,0.004263064367491698,0.005004433946351192,0.008091167606680931,0.0222653875964266,0.10240115027764463,0.12116234006655686,0.09428136018366008,0.07868881447455241,0.0704866126606447,0.06658984620638594,0.06494260648938845
4210.9,1857.7997393893747,99.7,0.006408759364255373,0.0063147380107145745,0.006084375887895469,0.005697530849295464,0.005187310700234889,0.004656304010605648,0.004265693408161294,0.004241434228869029,0.005044957167774392,0.00832942615224851,0.02335041946701765,0.10508351792129468,0.11998474137574712,0.09357782858617002,0.07823666436801077,0.07013270736880944,0.06628315262694735,0.06465611132951252
4211.0,1861.024642488694,99.5,0.006511721205868012,0.0064074482379947,0.006154596070704006,0.005736185660651665,0.005194747491046005,0.004644136230513587,0.00425240708274035,0.0042489130406780625,0.005109845854323975,0.008570554036266107,0.02433120102949674,0.10705103474538531,0.11864469536085695,0.09246607096728965,0.07723225584628092,0.06925145953667264,0.06550648407919848,0.06393543260700123
4211.1,1864.305572234992,99.3,0.006697887437805065,0.006577369359205031,0.006288820455801572,0.005820185088748497,0.005228210042265044,0.004643109644645639,0.00424216344984452,0.004258453431045612,0.00518577330099423,0.00886160563476971,0.025532715294065197,0.10916031992410466,0.11736857106138686,0.09128755174083537,0.07619029413066342,0.06834779875154659,0.064711496254424,0.06319794734262373
4211.2,1867.5853893030053,99.0,0.007016746951674363,0.00686896533915645,0.006521043157672477,0.005969898913775475,0.005295647072828595,0.004653115653424281,0.00423148810208492,0.004266880384088629,0.00527459097106287,0.00922485689303366,0.027060178162082876,0.11137638392373088,0.11606076594632303,0.0902672134090803,0.07536285319201587,0.06765028675684588,0.06410086003721836,0.06262990964342105
4211.3,1870.8762554504206,98.8,0.007174065341045466,0.007012118496168807,0.006634123669340975,0.00604293065604059,0.005331542873382816,0.004667031812551575,0.004244340263531518,0.00430399295684697,0.005385136951658171,0.009579872906593293,0.028423931205307913,0.11283918840667233,0.11500201571045708,0.08933361508819439,0.07450582041898364,0.06689828918792581,0.06343982986245411,0.062016266119041305
4211.4,1874.1560725185361,98.6,0.007342082514468931,0.0071654129973096085,0.006756426337767935,0.006124474074735837,0.005375862460453561,0.0046897094426973235,0.004266442045479462,0.0043515925732490295,0.0055109640052586695,0.009969977263472735,0.029894545242597267,0.11411279413405603,0.1139677462138928,0.08869490955267832,0.07408479027639135,0.06658343059129648,0.06317114270420626,0.06176435233012699
4211.5,1877.437002264834,98.3,0.007663700453049222,0.0074583549360998196,0.006989143973286966,0.00627812287137627,0.005456369159210259,0.004723842094734949,0.004288221090418028,0.004398698288719444,0.005652579076147695,0.010447092317492825,0.031772654367315856,0.11583952875557821,0.11285811816270475,0.08782664704536303,0.0734269780194911,0.06606531478379662,0.06272609485836003,0.06134849091235818
4211.6,1880.7168193327316,98.1,0.007836786399911944,0.007616872729811268,0.007117759454677987,0.006368911094830967,0.005514357736013435,0.004764349470216565,0.0043309492916053524,0.004469703612601262,0.005810028360186143,0.010902445643378014,0.03342460123107025,0.11688895510079562,0.11189815674201607,0.08712350697016936,0.07289912522937576,0.06564989207834059,0.062369211025155774,0.06101482586750513
4211.7,1883.9966364008471,97.9,0.007990487878138837,0.007758736181801015,0.007235532308617778,0.006456605373327656,0.005576541635538526,0.004813937918546695,0.004385066770770573,0.0045529678218514625,0.005980696863026764,0.011372226862043443,0.03503962804127893,0.11783638247326446,0.11138831238993278,0.08696651701631894,0.07289288615287395,0.06570045361884655,0.06242888985441,0.0610691033819245
4211.8,1887.277566147145,97.7,0.008153894877707638,0.007910529437654338,0.007363707987220607,0.006555269926853302,0.005650018907481328,0.004874727510300168,0.004450218036858453,0.004648141813035259,0.006168254842994148,0.011881694363994572,0.03681215780429543,0.11884606928547488,0.11118556425114656,0.08701870090886063,0.07298804636423034,0.06581158138590604,0.06254214056423402,0.061174148596458935
4211.9,1890.5673229771194,97.4,0.0084738208413013,0.008204218285678525,0.007603836104999476,0.006727880708531353,0.005763040219596107,0.004952083565456283,0.004521379996641117,0.004750074735263476,0.006380820683551869,0.012493869129178778,0.03898155630364412,0.11974560097319882,0.11093894337082034,0.08721511258493231,0.07327646232989173,0.06610190449224441,0.06281306160463798,0.06142508308290327
4212.0,1893.8482527233125,97.2,0.008610262857669755,0.008334624313142695,0.0077220559372706814,0.006830927106610173,0.005853322423541961,0.005037200300528428,0.004614134489125268,0.004874796951083927,0.006602511478389774,0.013050758322590327,0.04077474465432638,0.12034128049915904,0.11146554895546464,0.08832471527399365,0.07438424607982543,0.06709538605443925,0.06370540296283617,0.06225381967071863
4212.1,1897.1584793017623,96.9,0.008870346499052991,0.008576903957197396,0.007928197429513596,0.006991766042975455,0.005974414706746778,0.0051352989760635025,0.004711752318692796,0.005004923391501518,0.006843288045872886,0.01368415723505468,0.042856483656889925,0.12117968638859597,0.11230806005636033,0.08963539285386354,0.0755622206058574,0.06811244058757229,0.06461749485258746,0.06310271520702009
4212.2,1900.459539737325,96.6,0.009146644439434273,0.008834292741497192,0.008147318209336505,0.007163061888009003,0.0061037667248555125,0.005240071186847858,0.004815120994081553,0.005140828151797797,0.007092314645530255,0.014338375553861851,0.045005231423328275,0.12207805676163543,0.1131094209429008,0.09089936800143736,0.07672018055101773,0.06912094343831991,0.06552152368707333,0.06394326652207241
4212.3,1903.770566768409,96.4,0.009263484940106636,0.008950467088901392,0.008261855820176106,0.007274806493400294,0.0062124848234456935,0.005348684645574023,0.004932955027862539,0.005291288928972941,0.007342094440133849,0.014930469073539999,0.04680829324558541,0.12274825125649061,0.11398273019122343,0.09224182653444016,0.07795997381779,0.07020609480175474,0.06649166861792859,0.06484387923793711
4212.4,1907.081593799417,96.1,0.009590497754391554,0.009253649492097,0.008517069482891697,0.007470517061020106,0.0063562342846358744,0.005461397834882906,0.005041242435490594,0.005432064895063168,0.007600505311596071,0.015612946793223741,0.04902028953654669,0.12364242078790709,0.11459315828264834,0.09319172057270765,0.07887765146471822,0.07103893746856352,0.06724277411878575,0.06553989529743733
4212.5,1910.392620830385,95.9,0.009744446552460179,0.009403023455215638,0.00865694135324431,0.0075978363136966305,0.006471856808962682,0.005571037746002947,0.005156825284321678,0.0055785610697525806,0.007845456891728027,0.01620138988673062,0.05080241294243675,0.12408102334645382,0.11462503737164612,0.09352287711522782,0.07930515926474271,0.0714703066927845,0.06763629406415357,0.06590242380434244
4212.6,1913.7036478613932,95.7,0.00991519397669465,0.00956702616374532,0.008807203064059894,0.007730539777480182,0.006588772552737319,0.005679606881048166,0.005270490498989085,0.005723371486766029,0.00809027630137487,0.016794701043436843,0.05258076165239026,0.12439436730387009,0.11428353829413693,0.09333058678248851,0.0792255375197471,0.0714504595739106,0.06762941705021834,0.0658942493405737
4212.7,1917.0146748923612,95.5,0.010098049685496619,0.009740838454763909,0.008962893037482173,0.007863749370917219,0.006702590844754008,0.0057835985244534555,0.00537999134758459,0.005866292938187249,0.00833957322117817,0.017412657091891076,0.054403582406568965,0.12445962477122414,0.11363283360331325,0.0929534555450203,0.07909040079265559,0.07141690150392134,0.0676098807791219,0.0658721959952963
4212.8,1920.3257019233693,95.4,0.010089394545925211,0.009744570787981638,0.008991039875222477,0.00792091801614817,0.006784167475386246,0.005882364003678401,0.005495145468687712,0.0060121185120773826,0.008567179666786233,0.017905192603002648,0.05568885839392433,0.1244179435151166,0.11316361458826202,0.09267625248472493,0.07901228044806634,0.07142827079823416,0.06763032143877082,0.0658875373168605
4212.9,1923.6359285017459,95.2,0.010304395443250364,0.009945326638880689,0.009163512055555342,0.008058972828256886,0.006893264490516378,0.005976437078910273,0.0055933395665827695,0.006145137013201375,0.0088119686396909,0.018534163919122146,0.05749740705504571,0.12442408663975947,0.11249874555428778,0.09226166370723313,0.07882917057246197,0.071342978171576,0.06756284465331569,0.06582136850476665
4213.0,1926.9369889373847,95.1,0.010325293192454366,0.009973903532112612,0.009207208803842288,0.008120635198697192,0.006970302804026532,0.006065557494586544,0.005697294999035555,0.006281261548075296,0.009037970984569845,0.0190630188725481,0.05894854437909158,0.1244301543445594,0.11180805938161648,0.09169037642959757,0.07846214393963935,0.07108989394355995,0.06734773019833927,0.06561886225862769
4213.1,1930.2708305653784,94.9,0.010452054217923563,0.010095396371595282,0.009318242322765716,0.008218904505950147,0.0070581883326333444,0.006150101593076715,0.005791027599465591,0.006409884053023422,0.009273944975100713,0.019677101201538413,0.06078775948868956,0.12454260971729844,0.11123230980689289,0.09119285167033417,0.07809127585779393,0.07080258694987461,0.06710049597623478,0.06538794093059509
4213.2,1933.6042072316964,94.7,0.01057272771814843,0.010210633165410106,0.009422827051341575,0.008310820367524781,0.007140362096704792,0.006230180616650182,0.005882248639221645,0.0065395794896441675,0.009520416992912409,0.020334260038506483,0.0627443557851797,0.12508098803241088,0.11080830537150047,0.09060449797129773,0.07752796911965848,0.07032089025104514,0.06668426232580688,0.06500252954169392
4213.3,1936.9275940583796,94.6,0.010501420267029028,0.010154720469319884,0.009397700620620817,0.008323491576422757,0.007186661473251246,0.006301603523901268,0.005976225939279412,0.006670099421844903,0.009745892331990464,0.02088742705297006,0.06438336097836513,0.12594818918441406,0.11072299048271377,0.09017201708776394,0.07703060558407201,0.06988355314871562,0.06631001015091174,0.06465722580857457
4213.4,1940.260970724814,94.5,0.010439098041412628,0.010104935492514747,0.009373576874365172,0.008332078371644005,0.007226180758423384,0.006366583372281445,0.006066539915789978,0.0068021552505618385,0.009982600312920366,0.021465306488821913,0.06596801779529153,0.12686817391853955,0.11099311614451052,0.09009450131602793,0.07680320437593909,0.06965988356993344,0.06612296327772738,0.06448667004584478
4213.5,1943.5943473911739,94.4,0.0103712962405469,0.010048575692259224,0.00934109886817436,0.008331001812145088,0.007256218182607019,0.006423848581406397,0.006152113710308501,0.006934029622697703,0.010228254694517581,0.022075748261243262,0.06762759558994168,0.1278714847301035,0.11120603595549937,0.08982203325044046,0.07634925933278065,0.0692288779572116,0.06575392982459956,0.06414815640542386
4213.6,1946.9177342179735,94.3,0.010274761206502819,0.00996530260183727,0.009285834004678183,0.008313220854303771,0.007276352120383294,0.0064774578247754535,0.006239350575322304,0.007072572758757793,0.010485501233544874,0.02268845810066373,0.06912706297611537,0.12888218977217053,0.11184948852168948,0.09007496104570918,0.0763683698553024,0.06920492467005182,0.06574356035995478,0.0641424812683239
4213.7,1950.2515758458062,94.2,0.010193580857992131,0.009894757037487626,0.009238394976123087,0.008298008612446865,0.007295737839527195,0.006529995794468593,0.0063281179898609366,0.007218616112863007,0.010762102339188721,0.023334353755831413,0.07051321406456802,0.1294805797952865,0.11227208509409842,0.09024020875724856,0.07636504734252243,0.06917303295522399,0.06572357656392719,0.06412678936244186
4213.8,1953.5849525121662,94.2,0.009889177606877898,0.00962372154856065,0.009036939655849232,0.008188069017297801,0.007274702966673872,0.006578985353795014,0.006430603092197725,0.00737683610354563,0.011016956986897492,0.023811153141281242,0.07123670737879226,0.12975860047778914,0.11261374639990561,0.09051847541676228,0.07658875219534785,0.06937740750582942,0.06591147831833792,0.06430131430527963
4213.9,1956.9083393389658,94.2,0.0096060828751851,0.009369135956005071,0.008842641501973824,0.008074825031891745,0.0072429801311139665,0.006615351963279065,0.006527055073131922,0.00754963181058226,0.011345658206425671,0.02489141315499548,0.07725796140121863,0.1260753520451863,0.11144827309570503,0.09096007794857494,0.07738164402793504,0.07026007147711207,0.06672178469971989,0.0650277452973308
4214.0,1960.2417160052837,94.1,0.009548744877853803,0.0093181209176151,0.008806600671227061,0.008066669481559504,0.007274478926920845,0.006688659329370922,0.0066141072239596895,0.007638959993159592,0.01202726742646598,0.03159265617585076,0.09372609697633431,0.1258853722764401,0.11043424115675234,0.09132955558990401,0.07814198301186756,0.07078565374504106,0.06707383907721842,0.06539483763031675
4214.1,1963.5920891188077,94.1,0.009309128144064722,0.009102983985596846,0.008644015266620722,0.007975936720154297,0.007257362570941413,0.00673325257289604,0.006710511132971415,0.00779702879968676,0.012299659444859343,0.03193019950276749,0.09331212275457418,0.1258086929915796,0.11053207649978199,0.09147538150322856,0.07836170555158559,0.07103240603265934,0.06730068424609988,0.06560636966024055
4214.2,1966.942327916244,94.0,0.009311793668845963,0.009107189728750357,0.008652988889521615,0.007994329062425176,0.007290809506164381,0.006788783510448864,0.0068014110458619196,0.007957362200825229,0.012623276381436467,0.03246106169910638,0.093237848637306,0.12569224312257024,0.11037734941834913,0.09125568660292639,0.07816357421822696,0.07087098908947581,0.06716795695880196,0.06548579299639044
4214.3,1970.2825674286987,94.0,0.009138484948299951,0.008952886955673872,0.008539725120790835,0.007937942660908736,0.007294043454282948,0.0068440247266573,0.0069030873593910105,0.00811740164122007,0.012885960852092312,0.032730554871024664,0.0926963103235208,0.12518799033767658,0.10968485800182967,0.09040770537872622,0.07737530922989479,0.07019210999501434,0.06657188781593601,0.06493278582302993
4214.4,1973.632806226135,94.0,0.009023671967989717,0.008852830473501987,0.008471897045069388,0.00791549753219132,0.007320422302799516,0.006914807095266567,0.007016042526340608,0.008285587474391669,0.013144565992161399,0.032945973260821236,0.09209824394609659,0.1245442263142084,0.10867135476483947,0.08917497881698887,0.07622261354404312,0.0691890728557369,0.06568814994765707,0.06411081340033847
4214.5,1976.983179339659,93.9,0.009125641235044843,0.008951774092505,0.008565502330447094,0.00800383947614839,0.007407780282045386,0.007010276612277489,0.007135757335297791,0.008461455289497221,0.013434801985274065,0.03325779652633218,0.0916790463578408,0.12381680474539136,0.10762673892601708,0.08799219912348925,0.07511912116419851,0.0682173511464276,0.06483060298065638,0.06331258867468037
4214.6,1980.3334181370954,93.9,0.009053442997178906,0.008894073955389296,0.0085394569866565,0.008022235961191506,0.007473768159390122,0.007118987966614479,0.007283353059632705,0.008653651360011562,0.013667433918078814,0.03328182374380779,0.09073649172385842,0.12256586870916639,0.10605795454997576,0.08637094525414045,0.07366795115391772,0.06695375174640777,0.06370523427633545,0.06226066407022723
4214.7,1983.683656934648,93.8,0.009246038588138838,0.009080156933559257,0.008712672060873396,0.008179400381589416,0.007618327065458698,0.007261942149670834,0.007443506522972649,0.008861518765134187,0.013948324813981878,0.03338246926412544,0.08973497417131351,0.12142158864782013,0.10506909776527794,0.08549606589246025,0.07292836633988344,0.06632360523708795,0.06314557498326488,0.06173455428987504
4214.8,1987.0338957320844,93.7,0.009457123447415934,0.009285458592363715,0.0089065493603123,0.00835880768350222,0.007785960711545071,0.007427405913374152,0.00762318456552508,0.009079761038388826,0.01420272219812027,0.0333308265148337,0.08853161394481501,0.12030619263091458,0.10424726811605997,0.08485638108559199,0.07244196444927503,0.06593299911387297,0.06279835989641873,0.06140421984899066
4214.9,1990.3742699625946,93.6,0.00970778425576105,0.009529027952458288,0.009135767993891833,0.008569181588571947,0.00797940760988533,0.007613532385859603,0.00781804976004528,0.009304209569825958,0.014434753856893514,0.0331581788461844,0.08712420436453083,0.1193655429415098,0.10368066496388277,0.08437177574249036,0.07206089348497392,0.06563576457536759,0.06253655342557875,0.06115503231209006
4215.0,1993.7245087600309,93.5,0.01002163954491594,0.00983283285217194,0.0094187635986159,0.008824186846734123,0.008207510027020562,0.007825161137063915,0.008030156362857198,0.009534815176706266,0.014645436711385039,0.03290521869857575,0.08572062916448557,0.11887865819674584,0.10385117431761257,0.08465632643841699,0.0723804458249175,0.06595678454539738,0.06282302892228174,0.06141759849688236
4215.1,1997.0845236409384,93.4,0.010364116768252288,0.010165941746510978,0.00973216573038301,0.00911063896228083,0.00846702894240182,0.008065998839566395,0.008266489510561078,0.009778041594973112,0.01483988063289385,0.0325916595869911,0.08441175833424895,0.11907292422520901,0.10480870302373364,0.08559797321105372,0.073259230171923,0.06677536614966773,0.06355644640349356,0.062097670614748815
4215.2,2000.4345385663707,93.3,0.01072061314205514,0.010515790998719157,0.010067667104732569,0.00942583056752718,0.008760532366071484,0.008342313667308872,0.008535174669852118,0.010043251630289478,0.015033965135581306,0.03225637026850531,0.083086837461221,0.11939788140626557,0.10607190623085916,0.08688441013197876,0.0744406466999876,0.06784806222651839,0.06451333477196683,0.06298657088677942
4215.3,2003.7945385663568,93.2,0.011078993129404618,0.010872800890326396,0.010420862409918215,0.00977153331254066,0.00909465204347684,0.00866276912854241,0.008842912243041873,0.010331373414019084,0.015219527215521098,0.03188344392479941,0.08181017340624754,0.1201823576839178,0.10805049500029876,0.08885905752101102,0.07619823638201345,0.06940789231928368,0.06590536674177377,0.06428384446342135
4215.4,2007.1445534916727,93.2,0.011150040434169107,0.01097660464973102,0.01059190995333393,0.010028625434788774,0.009428124408346223,0.009039700194290257,0.0092203646040066,0.01065302304310166,0.015339775089415536,0.03128000963528479,0.08020792915453367,0.12090932302895233,0.11007814276080742,0.09083717619432356,0.0778981639581957,0.07088493100949254,0.06722632413560935,0.06552514866932944
4215.5,2010.5045683725775,93.1,0.0114888708158239,0.011330049820802698,0.010973625716361375,0.010442018942552174,0.009860732688271104,0.009467306725805497,0.00961516381355406,0.0109798060638983,0.0155019953336114,0.030906456898904103,0.07914559053970374,0.12169519965096122,0.1118809171095656,0.09258396702634902,0.07939970660836965,0.07219272150962078,0.06839500560698379,0.06661997320535525
4215.6,2013.8545832978962,93.0,0.011868967966083901,0.011728806163208257,0.011408060463067754,0.010915576372127788,0.010355022127724147,0.009946219450509454,0.0100383161248016,0.0113035428531602,0.01563241443432591,0.030497260521921934,0.0779876933850363,0.12225594941274368,0.1136891510579545,0.09443911015052119,0.08097703541649949,0.07354355684223997,0.0695901276393983,0.06773281889772613
4215.7,2017.214598178801,92.8,0.012574196585203779,0.01242978969045966,0.01209351447494352,0.011564458502490707,0.010939289144877877,0.010439631187575314,0.010426598672358728,0.01158114127838092,0.015768796009028405,0.030307398366047213,0.07743829502412097,0.12266177293738766,0.11480182760313241,0.09552302138464437,0.08183074931633248,0.07425223532182351,0.07021619088252498,0.0683140721579125
4215.8,2020.5746130597058,92.6,0.013355179818853955,0.013206950306362125,0.012853426775034893,0.012279725434056808,0.011571918007862725,0.010954165960076062,0.01080585013698213,0.011825422263362258,0.015865489520352313,0.03011886617063517,0.0769023659100249,0.12236619287828879,0.1150000917789308,0.09589311509737346,0.08212412059631251,0.07448922043600668,0.07042008775410528,0.06849811265582673
4215.9,2023.924613059799,92.4,0.014231025571226028,0.01407749537877252,0.013700246623769018,0.013066897219110358,0.012247764897930278,0.01147253833720597,0.011156174086912963,0.012025279577862624,0.01592959533502226,0.030006246838919004,0.07683869717668294,0.12210313350228222,0.11474169119813325,0.09569595002444015,0.08181842286791789,0.07416182498322425,0.07012233708355393,0.06819632652985506
4216.0,2027.2846279407038,92.1,0.015633495213411272,0.015429068309197705,0.014925540161671157,0.014080584719774058,0.012985708153855552,0.011921513177152796,0.011361616963364355,0.012074733252200091,0.015861313172195236,0.028868615373042885,0.07080105867499678,0.1241894458522116,0.11531742257488818,0.09444917516866215,0.08024242226579481,0.07281021378198807,0.06900746269349234,0.06716228142606107
4216.1,2030.6246429106968,91.9,0.016949290612893846,0.01670796938256919,0.016103076585277827,0.01507281509366633,0.01372178377693842,0.012383747822528606,0.011594307051854585,0.012156596415807245,0.01589402491291773,0.029103424582470474,0.07196384403402589,0.12343505136913699,0.11364053972809521,0.09317702069027155,0.07910838915994112,0.07174518661455775,0.0680478986764022,0.06627540529000893
4216.2,2033.9647027903643,91.8,0.017780043111411587,0.017573396133018594,0.017008839517438753,0.015962447290347025,0.014482171135086652,0.01291365630706106,0.011871536683446848,0.012230889412344802,0.01584936444430265,0.029132253219346562,0.07268045516517645,0.12244985935533255,0.11201779636917394,0.09201698271029773,0.07807734103053593,0.07076342353247222,0.06715732884312968,0.06545186550097762
4216.3,2037.3047177604765,91.6,0.019181677263242804,0.018946326580646183,0.018280306505438274,0.017017878278623794,0.015218743423148542,0.013316359264051565,0.012022184271704667,0.012247068186035704,0.015863263909205266,0.02946286329739612,0.07415050499598669,0.12136921408966775,0.11001837544009575,0.09058250324411408,0.07685004325588744,0.0696106590200561,0.06611041352934194,0.06448229691738631
4216.4,2040.644777640144,91.6,0.019413372057258998,0.019310201791805433,0.018875667652040094,0.017812398481437106,0.01601364395905584,0.013888742679802581,0.012296710110696451,0.012281399319122283,0.015750115889703906,0.02936470945735004,0.07460844349320359,0.12032430868250678,0.10845044175883646,0.0894093133617474,0.07579084203046067,0.0685987313231903,0.06518879067049652,0.06362893798684333
4216.5,2043.984792610137,91.5,0.020050556984925073,0.02001701819571045,0.019681368345461362,0.01864265381548285,0.01669600410609919,0.014294349851723601,0.01244594395422154,0.012276389272868015,0.01570165696018843,0.029496412157916468,0.07550420395521504,0.11939513132133657,0.1069125551975738,0.08820003487380607,0.07469481237404327,0.0675589017105527,0.0642429460598404,0.06275253917999309
4216.6,2047.3248524898102,91.5,0.020037200207156162,0.020134864138484757,0.020044491442216126,0.019241802824099458,0.017331631802333318,0.014734091627329506,0.01263160373111512,0.012280047786935554,0.01560485049957277,0.02940430838579879,0.07573388451420564,0.11867480261847638,0.1059256552953854,0.08741628536802348,0.07394581979448853,0.06683114546283928,0.06357792933007228,0.06213666614462639
4216.7,2050.6649123695943,91.5,0.019932073000581245,0.020133597180836814,0.020247183177699243,0.01965887179595991,0.017808514524005593,0.01507289726240243,0.012780788970292275,0.012299132693827125,0.015562199818717,0.029391766944428348,0.07598116466184046,0.1181784818936261,0.10515813220191163,0.08668774497649315,0.07321386796483707,0.06612805245834824,0.06294005951741136,0.061546037996797746
4216.8,2054.0049273395875,91.5,0.01968866213891174,0.019966982255417605,0.020244519465354476,0.019856743963201792,0.018111928936248103,0.015320862996766743,0.012910588596689972,0.01234211854752863,0.015565386820133089,0.029415616072100973,0.07614393864720101,0.11789647635786764,0.10472371331741646,0.0862883609103224,0.0728268274678903,0.06576119310728183,0.06260728414088908,0.061237539839400904
4216.9,2057.3449872192605,91.5,0.019433785148548637,0.019745539226130964,0.020105409940389125,0.019842584382404802,0.01820579163766115,0.015444320607551448,0.013008964611700946,0.01241383557160129,0.0156310146290302,0.029491046164867044,0.07604459672934352,0.11729847596578698,0.10426302002517455,0.08597164320183968,0.07254687246794904,0.065493448537719,0.0623604366766004,0.06100815907152664
4217.0,2060.68500218937,91.5,0.01910160315918571,0.019414270195324483,0.01979711275454899,0.019610381151656475,0.018102869297104727,0.015459816915105154,0.013084513928495604,0.012511461618858504,0.015745292367724026,0.02960286320401575,0.07582264681240997,0.11682216898723709,0.10409090641392713,0.0859653577708875,0.07257604451284726,0.06551587539793507,0.062375358382354494,0.06102140498200965
4217.1,2063.9668461831475,91.5,0.018999733885193538,0.019252597876903227,0.019524764033461962,0.019241731503449096,0.017763021806753713,0.015282989641602115,0.013079858945919367,0.012622708937288708,0.01594364631855685,0.029858807431855077,0.07560294126216689,0.11638511225515726,0.1043075122828197,0.08644459819966452,0.07309118056289517,0.06599110649377957,0.06279783870602788,0.06141243778654368
4217.2,2067.2386958129428,91.5,0.018794300626593548,0.018966997994659673,0.019093697999965333,0.0186881561106529,0.017251484984232957,0.014990904355987112,0.013025279921439998,0.012728518444036913,0.016153539629276924,0.030086032298630765,0.07515610036925766,0.11620482929070562,0.10499107337780966,0.08732475475508629,0.07396328200454781,0.06679586136000067,0.06351874296121092,0.062080499818035186
4217.3,2070.5205398068365,91.6,0.017930102807271614,0.0180696114064862,0.018171217415501612,0.01783737601903088,0.016640290565312837,0.01470862135327401,0.012998174551458899,0.012833737409486535,0.016299503145557927,0.030076245291095365,0.07416110778220487,0.116384701037478,0.10622244589416559,0.08858375771246699,0.07515053221463473,0.0678958595852145,0.0645089141492556,0.06299830519007744
4217.4,2073.792389436663,91.7,0.017078323096452856,0.01717022764516497,0.017211068668532326,0.016892755264275732,0.015885132003844185,0.014281310010378622,0.012871579624968685,0.01288926616556168,0.016427787577897396,0.030061776550050674,0.07320861888998134,0.11712426126870805,0.10807039423629738,0.09012995655990153,0.07646767751180523,0.06909708330859705,0.06559540217631929,0.0640068201648894
4217.5,2077.0642390664584,91.8,0.016267726533700788,0.016304862517603807,0.01626285395351124,0.01591523889025219,0.015037938854990865,0.013727744427558683,0.012634191454287217,0.012874756814675719,0.01652870146353469,0.03008840241800696,0.07250790550397744,0.11806085328786811,0.10959347326445135,0.09106496008382776,0.07721880398795204,0.0698190851315032,0.06626145213440787,0.06462461228557667
4217.6,2080.3460830602357,91.9,0.015512540250766147,0.015495743413431752,0.015365631147220352,0.014964133341439584,0.014164795536341855,0.013091792190199538,0.012293272698069025,0.012771739339725993,0.016573167609362786,0.030132851179273164,0.07209308692699763,0.11931457661094481,0.11100233074061416,0.09155882714171026,0.07748356804843919,0.0701043011798187,0.06654499095187369,0.06488889998132444
4217.7,2083.6179326900624,92.2,0.013998190058917958,0.014007080242469048,0.01396439163868628,0.01375489249501405,0.013267047882586128,0.012563996294762786,0.012075375167415577,0.012723520201662565,0.016584614422597302,0.031003602833605037,0.07663911793196253,0.11795117520638183,0.11073796817915427,0.09208481572279476,0.07814665178256808,0.07061243986827277,0.06691592038516672,0.0652497777053512
4217.8,2086.899776683925,92.6,0.012374812648201271,0.012420707688016105,0.012485662268019433,0.01249073965438646,0.012326359699895026,0.01197915534995475,0.011753312750520146,0.012497417368792028,0.016282423416306452,0.030451135126252186,0.07578984984895486,0.11886961938192549,0.11134421538475933,0.09170598019051848,0.07753300018555911,0.07006029219077789,0.06643899099241382,0.06481313784904684
4217.9,2090.171626313752,93.1,0.010778816363278728,0.010856223410685635,0.011013299811835651,0.011206730397855738,0.011339361795229935,0.011337082637155053,0.011373812727028542,0.012199060917587266,0.015865296847780586,0.029758821355965973,0.07493590896332282,0.11964165437280773,0.11182639958993316,0.09131815426019013,0.07693839176352614,0.06951737514732302,0.06596665328793042,0.06438083124377915
4218.0,2093.4534703076456,93.8,0.008956590667426313,0.009069876532584667,0.009330682929427953,0.00973961364253919,0.010225033470275547,0.010648561256138103,0.01100332157682279,0.011877763176136839,0.015286276796603925,0.02867522110508734,0.073602387891729,0.11994334638600472,0.11184690939185164,0.09060061080922242,0.07609403319602265,0.06876135230006614,0.06530152925279854,0.06376422071127542
4218.1,2096.652485781085,94.4,0.007615264736732578,0.007734923784664466,0.008023700542373202,0.008513658477843288,0.009175454879841227,0.009876140898120127,0.010499124146774369,0.011457095412928409,0.014682987330231866,0.027759541802793105,0.07284935025834238,0.12028917191471424,0.11182651553479529,0.08998841974040117,0.07538347820616681,0.06812270227322849,0.06474628139001365,0.06325242685993819
4218.2,2099.851501254594,95.0,0.006570940994773862,0.006686308522276652,0.0069727260218510525,0.007481843748998174,0.008222083725257852,0.009092709942493594,0.009922060035482854,0.010961412994042692,0.014032886203716979,0.026896096665401433,0.07253949778879965,0.12062482459459602,0.11160448259169087,0.0894859267434238,0.0749618278429945,0.06779389492333457,0.06447157679399806,0.06299706319867335
4218.3,2103.051282497177,95.5,0.005873445286423646,0.005978336992678758,0.0062436767164307065,0.006728378486874387,0.007461536219209876,0.008378121352918573,0.009310353497463052,0.010416486682901958,0.013406741868584083,0.026243177680364535,0.07273402117234994,0.12111865744222895,0.11179226033250467,0.08971649075155587,0.07528947435990584,0.06816659931378027,0.06477982056532779,0.06321426041394855
4218.4,2106.250297970686,96.0,0.005284818715442873,0.005380049808029931,0.005622086771124537,0.006073800852851484,0.006782808373295148,0.007717692158482539,0.008723130803748126,0.009875815423595904,0.012772884206475682,0.025566759066595116,0.0730466688779624,0.12147688735513494,0.11194825875998674,0.09033211171698587,0.076169224989644,0.06905116259608038,0.06556130912547715,0.06390994205844425
4218.5,2109.4493134443114,96.5,0.004770361770169838,0.0048557194676765395,0.005078483262622616,0.005500456651705453,0.0061823072218447,0.007120895024702193,0.008172140542669402,0.009348858536546182,0.012146910128270887,0.02490089870699834,0.0733677521506548,0.12163630367891888,0.1123726047338623,0.09164526317008886,0.07792045722701854,0.07059742794294249,0.06693055873637876,0.06540821177561956
4218.6,2112.6490946867784,96.9,0.004413926459258444,0.00449383317899661,0.00470181576442982,0.005100945682265413,0.0057579747516396385,0.006693898014891504,0.00781493845314131,0.00911739917745087,0.01167757520642785,0.020416025606827266,0.05773272636277485,0.12114652415888062,0.11599496781034678,0.09456268854724345,0.08067744586585,0.0733960309834005,0.06950776318971012,0.0676228949229326
4218.7,2115.848110160334,97.2,0.004224903380757014,0.0042968384738973865,0.004484425514853275,0.004844788955687358,0.005440227661065624,0.006298535643748329,0.007358778476591985,0.008641720406136581,0.011137532922387419,0.01956327643849328,0.05703697800345089,0.12168109060120287,0.11720595237064105,0.09686760164591095,0.08325077976891217,0.07572269789409325,0.07153468001910737,0.06949570989716705
4218.8,2119.047891402801,97.6,0.003971036359529298,0.004036672431652105,0.004207841735628729,0.004537570499832396,0.00508660900945648,0.005891392758517228,0.006916962858481626,0.008189020113466243,0.010595302743223282,0.018601319890537947,0.05579461107473468,0.12222795121914411,0.11852004176818129,0.09894206185572817,0.08535765718001415,0.07749249737094235,0.07299456959587021,0.07079035162890703
4218.9,2122.2469068764262,97.9,0.003851951621399168,0.003910260415233476,0.004062094414300975,0.004354893268480358,0.00484235231967592,0.005560536567707604,0.0064959435399553666,0.0077137990067403074,0.010057287914254781,0.017793283788453063,0.055126551664260115,0.12326403381024052,0.11963990324308683,0.10054349678375375,0.0870977822662432,0.07912068480225708,0.07443915130039794,0.07211654545764047
4219.0,2125.4459223499352,98.2,0.0037576820361973156,0.0038089609831385824,0.003942454382279322,0.0041985979891133235,0.004624398563954051,0.005253022261181119,0.006094812063336699,0.007249149831468034,0.009528500217523933,0.017024620401345926,0.05458497225267948,0.12466912214720505,0.12069709087183869,0.10157930839897654,0.08811911889104504,0.07999584828987293,0.07523829727837276,0.07291854819640721
4219.1,2128.6100494017182,98.4,0.003719360729210083,0.0037637483290137567,0.003878586624180801,0.004097604097707014,0.004460089794061636,0.004995061966873917,0.005730283111115388,0.00680286752738559,0.00901406118836838,0.016329018701610767,0.05430885951650522,0.1260973259745916,0.12116850696418527,0.10160461050232537,0.08798963043823753,0.07981206077388982,0.0750578299157481,0.07275756943015842
4219.2,2131.764252946275,98.6,0.0036956636560930766,0.0037332025011515553,0.003830336558409561,0.004014937189114331,0.004317547573040381,0.004767013804195377,0.0054022693057236846,0.006389561406089566,0.008517812639617489,0.015640906494945296,0.054043687452949865,0.1278728501463891,0.12178371221092006,0.10149469237954482,0.08765874120149433,0.07948624426674032,0.07477988720295414,0.07249679489660636
4219.3,2134.9296281214542,98.8,0.0036731157151217034,0.0037045604863900354,0.0037856756690420224,0.003939129898711173,0.004189813910034522,0.004564461947790461,0.005111183657473009,0.006014060007746294,0.008045971247398443,0.01495452955231544,0.0537898763612761,0.1295101779138655,0.1219238524767016,0.10081945064964665,0.08679884873306522,0.07867304609673599,0.07406839715781607,0.07184579792713063
4219.4,2138.083831666011,98.9,0.003733289652235669,0.0037574609690620335,0.003819524364836806,0.003936230607609256,0.0041265074667951205,0.004415507696639225,0.0048619040590693234,0.005670327828017274,0.00760907144020846,0.014359212350060296,0.053915245834000966,0.13151368694374438,0.12207603502241225,0.0999772109819635,0.08573005554424148,0.07767378014018515,0.07319840603251737,0.07104871779839605
4219.5,2141.247958717794,99.1,0.003715872038636651,0.0037346710212593066,0.0037828756220398435,0.0038734845255910845,0.004022187296371095,0.004253862003810343,0.0046323909525142655,0.005366545051391148,0.00719773130104789,0.013691708987471048,0.05345711763117147,0.1330189483501124,0.12210822727629875,0.0991749342326333,0.08478553620700303,0.07680227038004807,0.07243491100977766,0.07034802548050742
4219.6,2144.402162262236,99.2,0.003782130085196156,0.003793603222301497,0.00382306409049244,0.0038789310564895435,0.003973722743186878,0.0041337713923595264,0.004431822903204842,0.005085881658329445,0.006820886555033132,0.01312456722234257,0.05351038344755543,0.13486180278322324,0.12201920087404726,0.09816523818044974,0.0836213131763597,0.07573331518294657,0.07150272096839116,0.06949117168781471
4219.7,2147.566289314134,99.3,0.0038444708699898584,0.003848390809309577,0.0038586997415969364,0.0038798325073191578,0.003923145578949509,0.004019065847508977,0.004251286955695387,0.004854524363746911,0.006572983122280261,0.01248737087547935,0.04079089001762161,0.13311624371388506,0.12205554219413259,0.09609311466105996,0.08129459352687583,0.07365158666470432,0.06972304273993819,0.06782402865977369
4219.8,2150.7204928585757,99.4,0.003917064205853412,0.003913731382294673,0.0039060815180989566,0.00389572144951002,0.0038930051596370928,0.0039312083570722444,0.004098779397542448,0.004625688207867937,0.0062011495037887655,0.011639349857134502,0.03723147414036192,0.13442969358941678,0.12352149050912366,0.09533381425878072,0.07997453185409817,0.07224689744097103,0.06843848238967208,0.0666510195536015
4219.9,2153.8846199103587,99.6,0.003918441291061873,0.0039099421964198565,0.003889381965749761,0.003856306231880957,0.0038207126662507702,0.0038180221319988497,0.003939540836846236,0.004411168443673344,0.005889570680232047,0.011016400511274022,0.03505520509627019,0.1349520274038714,0.12408648399864952,0.09450961234519595,0.07880148152718768,0.07110214599995417,0.06741922196097212,0.0657144003637536
4220.0,2157.0388234549155,99.8,0.003923421523363916,0.003910018893995838,0.0038772629113629237,0.003822845399359931,0.003756655770308099,0.003716281576351311,0.0037952556719173442,0.004214589363214683,0.005600681251258299,0.010463918449934726,0.03349523554287508,0.13467182157411464,0.12436725716499733,0.09384842919304112,0.07781341184269293,0.07010848303096529,0.06652732535140209,0.06489452010086957
4220.1,2160.2085079816943,100.0,0.003926432138766174,0.003908783743235313,0.003865445311718925,0.003792511955302331,0.0036998078904006307,0.003626664722060833,0.003667890463625647,0.004038692993761928,0.005335646438083835,0.009942773747947107,0.031988647257891474,0.1342489449471474,0.12443179015101741,0.09296489016723056,0.07667821289188519,0.06901654114890542,0.06555057414162821,0.06399418841283734
4220.2,2163.36675116437,100.2,0.003932967842509362,0.0039115296331214,0.0038587425536572733,0.003769320876468308,0.0036531163623460534,0.003551036812826919,0.0035587495908632723,0.0038855391386727204,0.005099715605369905,0.009465947314142346,0.030558211527109063,0.13353365012230045,0.12444631644821319,0.09216868841923398,0.07563131342556521,0.06798639658990283,0.06462097990262616,0.06313738356885396
4220.3,2166.5265612852427,100.4,0.00392446305075743,0.0039003786915910313,0.0038409661567977023,0.0037399307926368297,0.003607053473399412,0.0034840458540386122,0.0034663239154746504,0.003756795528217826,0.0048971225844792205,0.009038969397245624,0.02921045851868113,0.1327811968366125,0.12443022177701663,0.0912757053664788,0.07447782253131832,0.06685925610290201,0.06360376503584175,0.06219873648358555
4220.4,2169.694683757518,100.7,0.0038401653288621363,0.003817141000130486,0.0037600853614533566,0.003662434684894091,0.0035326956650959585,0.003409950113304913,0.0033850850642973954,0.0036516268290111595,0.004721675081034099,0.008612694867314103,0.027623310366507493,0.1308172071992895,0.12441604408956124,0.09069225213301302,0.07368001085971827,0.06605687457900998,0.06286698481599064,0.06151837843357479
4220.5,2172.8544938783907,100.9,0.0038167417083103754,0.0037925527546889886,0.003732556065560418,0.003629647256916627,0.003492064497707367,0.0033586203685377902,0.003318562343337614,0.0035586395334478767,0.00456667635416392,0.008254834615924637,0.026322065296071017,0.12891390535951425,0.1246236389640183,0.09027622278058252,0.07309361664167384,0.06547743821030881,0.06233930505662157,0.061030571559168724
4220.6,2176.02261635081,101.0,0.003863707196130812,0.003835401888830072,0.003765422288155305,0.003645827039030924,0.003485976201192489,0.0033276859568164827,0.003262680807821366,0.0034750196061009452,0.004435465429556572,0.007981794268409429,0.025401287556500594,0.12741857613994975,0.1249125908024169,0.09051820947568646,0.07330876593229119,0.06565903699150899,0.06249252633356656,0.06117217078971299
4220.7,2179.182426471683,101.2,0.0038418490905956326,0.0038127621127335455,0.0037408418496126584,0.00361785013775864,0.003453005531851751,0.0032878357519710117,0.00321252816641546,0.0034054479465584105,0.004317044141477347,0.00769260295623972,0.024261251408583453,0.12502168883615633,0.12594628048938633,0.09150704044806586,0.07414472210099847,0.0663730874771823,0.06312050623820074,0.06175575951794086
4220.8,2182.3505489441022,101.3,0.003886005595385909,0.0038533179071224234,0.0037727319616428627,0.003635435671523406,0.0034518272320819094,0.003266107682554272,0.0031703688059652887,0.0033401635336980018,0.004210309522311718,0.007456677587927061,0.023391947691038355,0.12297709561831044,0.12691280332707355,0.09259973917922013,0.07516811224393552,0.06728401168969593,0.0639273764862048,0.06250371280759497
4220.9,2185.510359064975,101.5,0.0038620609035486773,0.003829188019288571,0.00374808726355988,0.003609733938215999,0.0034241630501177906,0.0032348189494697693,0.0031319292438275466,0.003285831650968709,0.004113570111283659,0.007208805056385917,0.022363167899741705,0.12004747321021704,0.12777731055000602,0.09356062722736665,0.07606956056740345,0.06808635061416898,0.06463324667436458,0.0631570172310175
4221.0,2188.6686022475355,101.6,0.003903938493167565,0.003867944057239223,0.003779367409923823,0.003628776993175419,0.003427347218009741,0.0032208920740571427,0.0031012373931265146,0.0032363105030405698,0.004030133213171946,0.007018123316465076,0.021626911043068724,0.1178589320998651,0.128627492203872,0.09453895456467395,0.07697258817858614,0.06887413693490668,0.06532508189862576,0.0637981264970036
4221.1,2191.87110127158,101.8,0.0038608409381231767,0.0038260044501089337,0.003740131017972687,0.0035937379413868856,0.0033970968305133058,0.0031941099492319856,0.003073748743857882,0.0031990027794723094,0.003959080661360162,0.006819015721583096,0.02073600332049795,0.11467316522524035,0.1295340963205557,0.0953077281691567,0.07757943366949527,0.06938355502596977,0.0657688714346156,0.0642101212486263
4221.2,2195.063733414601,101.9,0.003886257142901493,0.003849459718473776,0.003758897107467247,0.003604837859070366,0.003398243684935461,0.003184380160900403,0.0030528985683866087,0.0031644783805702945,0.0038974929421918326,0.0066670967213024466,0.02010018543141784,0.11231792452703519,0.13051525005818135,0.09609087730439277,0.0781526474764524,0.06984371020903196,0.06616965968561242,0.0645834506090153
4221.3,2198.25636555747,102.1,0.0038246419800118314,0.003790299242757022,0.00370553361417465,0.0035606890477015737,0.0033652729220765955,0.003161534074757528,0.0030353837622857783,0.0031429347560137126,0.003850607285710957,0.00651409748716776,0.019344866836241068,0.10905743319035065,0.1318434597874166,0.09677027463538505,0.07842981967344677,0.0699860988419985,0.06628483811298072,0.06469533607502687
4221.4,2201.4572560585616,102.2,0.00383543169963681,0.0038003154907933464,0.003713681346887023,0.003565715581113663,0.0033660677252881116,0.003157282368490182,0.0030250681978371404,0.00312342149255271,0.003810185574026283,0.006400095967261806,0.018820501764272964,0.10666092926940102,0.13278400185641182,0.09724059234161016,0.07858515689357996,0.07003437662805463,0.06631631252321746,0.06472847556326448
4221.5,2204.6498882014675,102.3,0.003836725930890731,0.0038015738583649693,0.003714821444293379,0.0035665500249171082,0.003366196154071964,0.003155894675119281,0.0030205104226875843,0.0031118436825281655,0.0037799737497829235,0.006301690431423256,0.018337363596731528,0.1043505916380705,0.13376631117386417,0.09752989526873655,0.07851653344769112,0.06987623901876854,0.06616559463261773,0.06459351414620654
4221.6,2207.8425203443367,102.4,0.003828297778073964,0.0037938506233131863,0.0037087558605439458,0.0035630890441694326,0.0033657697419579476,0.003157867583500434,0.0030228204581280753,0.0031102865097246846,0.003763947863728171,0.006227955566934322,0.017921887349993282,0.10204864260187556,0.13484762198726533,0.09807486971671613,0.07869404203500129,0.06991379423106646,0.06618223140871428,0.06461382206951365
4221.7,2211.0351524873577,102.4,0.003881234143747846,0.0038447664802085026,0.0037548653375243765,0.0036014033688880733,0.003394138172092167,0.003175888980838145,0.0030316952731291803,0.0031111940570767204,0.00375423732551869,0.006185253101717109,0.01767590959277701,0.10059953816987904,0.13574860164035157,0.09845574286764584,0.07878096072807876,0.06990125640981694,0.06616058860719093,0.0645978740670633
4221.8,2214.237651511517,102.4,0.0039222196620553795,0.003884531134132359,0.003791727646329264,0.0036335487957459686,0.0034202132598185123,0.003195501809126502,0.0030452733671551013,0.0031188460010198346,0.0037524665596233627,0.006150809211337849,0.017429106812603425,0.09889641581009304,0.1370196701480752,0.09925079178595889,0.07915077444487299,0.07009094078406465,0.06631345227386182,0.06474560753345143
4221.9,2217.428670157642,102.4,0.003944159188956314,0.003906380531339918,0.0038133685055571714,0.003654828362717139,0.003440916291522887,0.0032152951935150277,0.0030636017213931284,0.0031345060338141295,0.0037612446939431074,0.0061303141513390814,0.01720342426553497,0.09710994557159124,0.13864697329359243,0.10040341768826445,0.07979667153690462,0.070506264952651,0.06666719541174686,0.06508040304399823
4222.0,2220.621302300548,102.4,0.003962093736517096,0.003924580708827938,0.0038322119568538057,0.0036746940656494646,0.0034619656351507102,0.0032372480834797924,0.0030856662748684365,0.003155240579508226,0.0037766805455702076,0.006119789454839644,0.016995061164520812,0.09515041984557597,0.140630423618189,0.10208147511845547,0.08090633869126858,0.07131193723736892,0.06736604081981572,0.06573534451519114
4222.1,2223.864094307519,102.4,0.003954333620855707,0.003918485502462774,0.003830081471276884,0.0036789391273767155,0.0034741158524502842,0.0032570039728621854,0.0031108096611261633,0.0031821971432998506,0.003799191203500827,0.006113012278264567,0.016760370907154307,0.09274824704163147,0.1428297425468052,0.10407060023911217,0.08228159796725272,0.07235090769680022,0.06827421353724081,0.06658374639897358
4222.2,2227.1068863143746,102.3,0.004007232166206623,0.003970145245783252,0.0038788291856454216,0.003723022976364437,0.0035123434422541493,0.0032893243015593887,0.0031383665179450623,0.003206743706635014,0.003821643345108815,0.006125441797195602,0.016654641982544648,0.09115127002113382,0.14451213470140797,0.10570687951436195,0.08352495975150943,0.07334838152054943,0.06915344633461028,0.06740171396581955
4222.3,2230.348274905693,102.3,0.003984972774967384,0.003950470263529135,0.003865334197309117,0.003719554996770619,0.003521507784908758,0.0033110422278294143,0.0031696653239737093,0.0032427628193969806,0.0038548705322230437,0.006129242696204179,0.016415582353731237,0.08838392955061186,0.14714855149769537,0.10827690289334374,0.08558761953945794,0.07505750484919618,0.07066453601213893,0.06880384021132649
4222.4,2233.591066912664,102.2,0.004036096103409596,0.004000733667174539,0.003913605810822707,0.0037646907516997387,0.0035627876030244325,0.0033485614234114707,0.003204406612154117,0.003276302585223512,0.003888422785098509,0.006156399474638523,0.016331481495030855,0.0867005212204333,0.1485599996654096,0.11010575578511032,0.08730511716252473,0.07656182566238265,0.07199501697028224,0.07003279993258257
4222.5,2236.8239603534794,102.2,0.0039992634954675935,0.003967519562758504,0.0038890394059960896,0.0037541789945507898,0.0035700696943469557,0.0033736712990479318,0.003243307025796326,0.0033223572763677474,0.003932273795421494,0.006169848861673806,0.01610679906255774,0.08413268518252685,0.15053856796944207,0.11219900208345403,0.0891890619110625,0.078214841427237,0.07345932521377536,0.07138466104736316
4222.6,2240.066752360335,102.2,0.0039717057320069245,0.003943358037894242,0.0038729887627672707,0.0037513172913874117,0.003583911663816613,0.0034041699530796203,0.0032863721342823622,0.0033711892717818354,0.003977307427966109,0.006183677207440449,0.015896225239720917,0.08176847678095246,0.15235552107279746,0.1140794347535124,0.09085000570663458,0.0796535882927697,0.07472941669463992,0.072556954237401
4222.7,2243.309544367306,102.1,0.004017884909950442,0.003989910813610628,0.003920369257598688,0.0037998589242927896,0.003633505339336425,0.0034540316426619733,0.0033351824570018,0.003417474711756504,0.004018675964224236,0.006207128971208261,0.01577659403982308,0.07999039001171189,0.15362759861941538,0.11538759172771401,0.09198318464131788,0.08063019411386978,0.07559037152417233,0.07335143213043853
4222.8,2246.5509329586243,102.1,0.003995795242488837,0.003971762106877785,0.003911546895157575,0.003806034616816806,0.0036583372144528828,0.003496743527845429,0.003389931082020996,0.003475020204244745,0.004066760735923993,0.006215502319525716,0.015557581847972835,0.07778686243191811,0.1546804065982087,0.11599926473794388,0.0923891677414939,0.08096337999080917,0.07588347419787837,0.0736229199035883
4222.9,2249.79372496548,102.0,0.004050059085205493,0.004027024801632144,0.0039690072846321305,0.0038666031775083775,0.003721854369107434,0.0035613613046355246,0.0034523317744126927,0.0035314105776686104,0.0041127019340386145,0.006236701951264184,0.015440306510403068,0.07624951752812473,0.15536162068875242,0.11656335293829968,0.09281258934370404,0.08131449847007603,0.07619109381263775,0.07390735641398566
4223.0,2253.036516972451,101.9,0.004116401003931299,0.0040942947234396294,0.0040382712474670845,0.003938551667816296,0.003796001682801823,0.0036354374588585215,0.0035225795715573024,0.0035937316927028783,0.004162638816951321,0.006260619763791339,0.015332535724062898,0.07487573793666664,0.15583635617455227,0.11687624270841784,0.09298106540045536,0.08142238423306433,0.07628071978089547,0.07399159989270984
4223.1,2256.351995821597,101.9,0.004125220847594842,0.004106955330152755,0.004060016749815695,0.003974905724645022,0.0038504032186930273,0.003706511883954595,0.003603168723991872,0.0036728418016365887,0.004226848578943966,0.006280452248993236,0.015129493038734936,0.0727363546537332,0.1562707375328009,0.11683973631061696,0.09270942794080539,0.08112654496640814,0.07601364772898554,0.07374823119119932
4223.2,2259.668454776621,101.8,0.004218125593074426,0.004200403584395128,0.004154509874660746,0.00407044090896463,0.003945791147656187,0.0037989029498986253,0.0036884821195716207,0.0037471384524652446,0.004286760573889632,0.006315761706697642,0.01505117449482445,0.07155064292668398,0.15644104642141252,0.1166952453028404,0.09244288308968723,0.08087322775072427,0.07578915901716957,0.07354263888255379
4223.3,2262.9739804534893,101.7,0.004313013911406317,0.004296120405636385,0.0042519469711533656,0.004170002995178719,0.004046508940839861,0.0038976953845689193,0.0037804743634772355,0.0038272531883221453,0.004350375331467321,0.006350161463321697,0.014952947397042258,0.07019904391651104,0.15672280137986147,0.11645531212971233,0.09195752776850179,0.08039432446748722,0.07536503795741135,0.07315472079745465
4223.4,2266.290439408397,101.6,0.004408790596476647,0.004393103576402465,0.004351538149083363,0.0042731341680182664,0.004152504834468343,0.004003233768074733,0.003879840583066618,0.00391437866965215,0.004420273584509565,0.00639120428473642,0.014865570222564406,0.06880491414845674,0.1564625914942587,0.11605924539742998,0.0915036574135921,0.07998253880424973,0.07499671832297981,0.07281588043806667
4223.5,2269.6059182577487,101.5,0.004507265536393298,0.004493194314095174,0.004455146435882692,0.004381602399679104,0.004265140460061139,0.004115913979665291,0.003985263882388903,0.004004666782014033,0.004488875632354787,0.00642389592577796,0.014751142561049816,0.0673321963515704,0.1563141965612334,0.1152323227932413,0.09057123053363067,0.07917477308286223,0.0742874026046595,0.07216252118328083
4223.6,2272.921397106895,101.4,0.004609065511129766,0.00459707199209641,0.004563561488399348,0.00449634285544649,0.004385455902906661,0.0042367111063881325,0.004097400932947378,0.004098333863550541,0.004556194340746355,0.006448751897968542,0.014611823938569418,0.06573330883024092,0.15575108378021177,0.11423257187071767,0.08962322614683658,0.07838439313357856,0.07358957443669135,0.07151761683469876
4223.7,2276.2378560619186,101.2,0.004818424998134496,0.004804427551082094,0.00476523718807916,0.004686454944737205,0.00455607206500953,0.004379618238886515,0.004207614798744675,0.004177183902412537,0.004610687763873195,0.006485267379320228,0.014596186838694878,0.06496760257119555,0.15440028122095045,0.11278520407442506,0.08841959347155207,0.07740771553940345,0.07272721341706335,0.07071860579552074
4223.8,2279.55333491127,101.1,0.004929686057876356,0.004918716897774947,0.0048861043781012765,0.004816413842716915,0.004693881145822661,0.004517795302207966,0.004333344928046712,0.004277869763036685,0.00467819538991028,0.006505350570518499,0.01445517142868784,0.06348292421765996,0.15380618721383826,0.11182821030148746,0.08755232172711269,0.0767070057618365,0.07211098605471944,0.07014763892969815
4223.9,2282.869793866178,100.9,0.005155122829416977,0.005142631301178924,0.005105198843654965,0.00502465083453884,0.004882137195590632,0.004675617571389885,0.0044535607484600245,0.004361243815112641,0.004733136524264858,0.006541324884719588,0.014452515446094029,0.06292707947626788,0.15260146871419203,0.11070767283032151,0.08667754771240896,0.07601575136194774,0.07150068971370584,0.06958062699179758
4224.0,2286.1852727155297,100.8,0.005256490582461461,0.005248605186412995,0.00522145027114174,0.005155845782189059,0.005028011457146691,0.00482705916234009,0.0045936056472560905,0.0044733603196968645,0.004808381927301626,0.006568907078870766,0.014337853332687469,0.06165934002201594,0.15146054973909412,0.10957732345564868,0.0857897556049626,0.07530210951746683,0.07086406841549181,0.06898893855838396
4224.1,2289.5395833749376,100.7,0.005390676365118674,0.005386239264568479,0.005366467641111881,0.0053107369974009075,0.005190407918940038,0.004986735403896015,0.004734523387878984,0.004582347202673347,0.004881646853682166,0.006604216768731877,0.014277323472232975,0.060805713867245356,0.1507355088598052,0.1090790187075295,0.08545605686367018,0.07504577078310486,0.07063134615044121,0.0687715283634134
4224.2,2292.8944157105,100.5,0.005651389201871324,0.005644827329194298,0.005618468063083108,0.005548138315362137,0.005401396004622369,0.005158564034934587,0.0048602948174456505,0.0046667645196138766,0.004939274536100416,0.006654394748802582,0.014347369232527236,0.06083018448608064,0.1495541841769379,0.10812259007507123,0.08464106330159907,0.07432701157797432,0.06998481043660358,0.06817306348136547
4224.3,2296.2592336847447,100.3,0.005906018693406591,0.005897636202228057,0.005865441622089125,0.005781812765924704,0.005610464890619231,0.005330536983314653,0.004988095125913341,0.004754473417856723,0.005000734674585315,0.006709043422127419,0.01442890480884799,0.06096475596264291,0.14869944275062916,0.1074867162504415,0.08411060289611956,0.07385701201038619,0.06956093711522467,0.06778055911389375
4224.4,2299.6135443441526,100.1,0.006180073566073996,0.006168981711868251,0.006128712208111262,0.006027861009052956,0.005826553598901792,0.0055040619119701385,0.005113868331761661,0.004839603606471171,0.005061809580699694,0.006769260760592774,0.014540145515667053,0.0612738873472105,0.14755278162568855,0.10664232423357413,0.0833526675385884,0.07315498573084875,0.06892473146542127,0.06719238561802499
4224.5,2302.978362318563,100.0,0.006290691777827863,0.006285556296418241,0.0062586144129331105,0.006177053388471568,0.005994034299149702,0.0056765664497813225,0.00526886577982667,0.0049590217878333126,0.005141879663279192,0.006813167480594246,0.014521490138840095,0.06082406956426132,0.1470866334901107,0.10628614698845323,0.08290911614790568,0.07269802507141407,0.0685055003777715,0.06680649638381951
4224.6,2306.332672977971,99.8,0.006569940849763478,0.006562603454392308,0.0065284641783928555,0.006430263684107306,0.006216321238092243,0.0058527698745903444,0.005391998698792752,0.005036676688009086,0.005192357005041054,0.006861083663824032,0.014627652270150535,0.061302064300223766,0.1464713102269607,0.10579119111338009,0.08242185493483957,0.07223801245568051,0.06809100110621978,0.06642384288478956
4224.7,2309.6875053135336,99.7,0.0066765638632119585,0.006676347453472028,0.006658031167355569,0.006582436869538695,0.006389138887332136,0.006029397783758199,0.005545717407736916,0.0051486124596781405,0.00526180627509019,0.006896033737023435,0.014616966842738305,0.0610000940375599,0.14626760755891566,0.10592196703338964,0.08246523283741203,0.07222063066264126,0.06806564619281386,0.06640210808729928
4224.8,2313.0518031600213,99.7,0.0066327480988333624,0.006647149428264141,0.006663574197420144,0.006643872713065047,0.0065164288805085605,0.006204910113029019,0.005723952633197717,0.005285946776628644,0.005342292690131878,0.006917891914083297,0.014528627602845694,0.06029526008412475,0.14615073158217945,0.10603592822266097,0.08248263948782747,0.07218259445958317,0.06802110476692685,0.06636240932849997
4224.9,2316.406635495584,99.6,0.006757328764825363,0.006777470414807773,0.006806165860365779,0.006802704794716183,0.006686577688421363,0.006367546409279745,0.005853805519197024,0.005370784727733914,0.005389974930214958,0.006945085842982528,0.01455325049323856,0.0602602071999658,0.14587883248608643,0.10637195795336533,0.0828760489563471,0.0725334797744427,0.06833071202546807,0.06664825861022344
4225.0,2319.7709333421185,99.7,0.006525349970260961,0.00656630046862696,0.0066468935947636195,0.006733523868798958,0.0067365053738238185,0.006524847504029255,0.0060514289764149526,0.005531392543062789,0.00547821397837058,0.0069480798732182315,0.014361529827799244,0.05892789134908337,0.14641499881800402,0.10718315399093492,0.0835350090994301,0.07307852033826097,0.06880978251902883,0.0670928036444887
4225.1,2323.121470612554,99.7,0.006462473786340662,0.006514501389912659,0.006622454931973851,0.006756097728013013,0.006819787528836611,0.006658145590494304,0.006192531571260495,0.005637712099363529,0.005538478356167562,0.006968883250636434,0.014319739128527863,0.05846160465391151,0.1465537313687499,0.10795942041402713,0.08431811296894319,0.07376957711019566,0.06942144122915174,0.06765808636690672
4225.2,2326.482006284118,99.7,0.00638353263179574,0.006445153341852755,0.006577383795636882,0.00675434460083331,0.006877186704849587,0.006769157572930037,0.006319308586587765,0.0057380581506401886,0.005599705658146131,0.0069973805194541135,0.014296299391742255,0.05802188215330169,0.1470330442057123,0.10924428317563821,0.08557077814657754,0.07487460453597276,0.07040288120499011,0.0685652375840053
4225.3,2329.8425419556993,99.7,0.006322408444739627,0.006391047335719281,0.006541298352028347,0.006751151201525101,0.006920345739160681,0.006856181522044965,0.006421175028451043,0.005820955343498147,0.005654217777117473,0.007032635254929845,0.014317904829890277,0.05787343972600666,0.1470344719084696,0.10981277990730344,0.08619118137928658,0.07542934552637427,0.07089271103627617,0.06901704265653039
4225.4,2333.2030776272636,99.8,0.00610025770179211,0.006178943178848371,0.0063569107218635875,0.006622501422488199,0.006881177893357661,0.0069204159921069965,0.006549039943885084,0.005942730948953428,0.005733083212810497,0.007061570020519958,0.014233650800048448,0.05694919165888996,0.1471840494538793,0.11067828498976633,0.08704510267237954,0.07617744911969115,0.0715508167232051,0.06962447404244881
4225.5,2336.553614897599,99.8,0.006033906041281375,0.00611624121469199,0.006304338750505884,0.006590557901748307,0.0068830088410137625,0.006962240598878077,0.006616170671564121,0.006008540357153582,0.00578620392383124,0.007110140087436404,0.014301166465365658,0.057014939547751754,0.14740514328474735,0.1115017333053147,0.08785388936215022,0.07687766557933977,0.07216939218956947,0.0701959017904978
4225.6,2339.914150569163,99.8,0.005989277585031548,0.006073489309198621,0.006267051403384344,0.006565063651273591,0.006878243633539821,0.006984534497202362,0.006659341809735378,0.006056647244493797,0.005831570817631874,0.007160962318046763,0.014390469841136708,0.057183412116842955,0.14725540019611857,0.11189890086628974,0.08831602383789745,0.07729282939066483,0.07253562553488287,0.07053319831334302
4225.7,2343.27487965672,99.9,0.005779728249282022,0.005868971547423334,0.006077949241081804,0.006411168029154937,0.006789924673463028,0.006986730851895824,0.006734620231106907,0.006146977849425733,0.005896732099752992,0.007189447405803843,0.01433160280771147,0.05649563032852224,0.14738140858057874,0.11254991559637878,0.08898562473596744,0.07788394980173334,0.07305405686676551,0.07101099340984618
4225.8,2346.625416927155,99.9,0.005753365551370129,0.005842179107270607,0.006050608164840634,0.0063843504429448115,0.006767516773045365,0.006976237670018333,0.00674242835212247,0.006171104416324918,0.005932399752549106,0.007243224032568318,0.014450248837315613,0.0568883115548945,0.14756357060981337,0.11305328500794522,0.08941799000441761,0.07823355246813218,0.07336272635425135,0.07129706873088734
4225.9,2349.9859525987363,100.0,0.005585205928278908,0.005675760582793589,0.005890815020622204,0.006242802732773559,0.006666122560437702,0.006940407278853166,0.006772564462728938,0.006229565959996891,0.005983447919808045,0.007272085328818179,0.01441310292072516,0.05632819592359901,0.14772320554114082,0.11351449349741548,0.08978492494055552,0.07852692348903549,0.07361842075486996,0.07153391549952152
4226.0,2353.3464882703006,100.0,0.0055663511909835855,0.005654398903638352,0.005863547427127315,0.006206066247458483,0.006619288695583265,0.006892202051116674,0.006742064582322175,0.006228961102675239,0.006008981151581855,0.007323304065229455,0.01452337548922906,0.05660497742431578,0.14765366681707778,0.11378451752265774,0.09008363915626666,0.0787937158052347,0.07385486226260636,0.07175167150430321
4226.1,2356.6665033304557,100.0,0.0055039385933297056,0.005589186827612501,0.005792244891399489,0.006126501695613951,0.006534893881498866,0.006818485366432167,0.006702203396128866,0.006229829950744539,0.006036605018521267,0.007366262282778856,0.014576457892420899,0.05647877254866255,0.14721997959044103,0.11367348214379354,0.09002600680395094,0.07873510834709586,0.07379668899445817,0.07169757555477801
4226.2,2359.9765033305116,100.0,0.005455683295211416,0.005536657859543887,0.005729773655875787,0.006048394403910361,0.006440591108351553,0.006722620432023398,0.006635587711101026,0.006211273012951902,0.006056284529619963,0.007411527493691024,0.01465289105655047,0.056536969118483736,0.14698615155988787,0.11334975216465505,0.0896799094779573,0.0784251115817305,0.07352313588162288,0.07144541397919502
4226.3,2363.2965183906695,100.0,0.005422179550030651,0.0054974871310959315,0.005677089987982351,0.0059734134481884875,0.006339396133402906,0.006609132701866397,0.006546991681288815,0.00617679527148305,0.006069457149472975,0.007454580315727958,0.0147117156654577,0.05637937267950266,0.14642638079465964,0.11286683345667074,0.0892578773749466,0.07806666001689085,0.0732042137495436,0.07115017139821102
4226.4,2366.616533450941,100.0,0.005403102114621921,0.005471614412382513,0.005634817866514004,0.005903471454694067,0.006235023050446995,0.006482884846182661,0.006439876641415773,0.006127163752183099,0.006077125252661512,0.007504083159463358,0.014806096938917131,0.05643445731178111,0.14581613754163741,0.11199875107701777,0.0883446783965001,0.07724182143314842,0.07247261849396246,0.07047564284048628
4226.5,2369.936548511096,100.1,0.005263309917095324,0.005327454015538136,0.005481431487058929,0.005738318721030486,0.006064715790565977,0.006332251806801549,0.006345798293238369,0.006102640959480391,0.006096045202989532,0.007529240436784376,0.014761640386323239,0.05575171224848612,0.14552757703933347,0.11125106554442186,0.08743851523840464,0.07640073470343611,0.07172385260284664,0.06978597641660543
4226.6,2373.2565635713677,100.2,0.00512847368119403,0.0051880813976361035,0.005332196134621852,0.005575579102517787,0.005892941497922971,0.006173726119950508,0.006238115513211366,0.006065142538935832,0.006107787321665665,0.007553910308619394,0.014732050000924193,0.05520769007511268,0.14491615348293133,0.11031839805560276,0.08632223219836131,0.07533947371346078,0.07077232006650988,0.06890962467095789
4226.7,2376.566563571307,100.3,0.005020649910184684,0.005075313920120902,0.0052081631054741485,0.005434453254916725,0.0057350905193848615,0.0060161015695854355,0.006117183794159737,0.0060090535449069775,0.006106418465160734,0.007575393946283128,0.014716943957373368,0.05474946154217747,0.14493577231427418,0.10977761663946943,0.08551041297109836,0.07454798792239614,0.07006605479184284,0.06826025679927612
4226.8,2379.8865786315814,100.6,0.0046853969456949794,0.004740524370266661,0.004877046018287751,0.005117201197310145,0.005455624719599803,0.005814693509046073,0.006028606839231777,0.006016535170459041,0.006143029179353011,0.00756560848816939,0.014473704973868141,0.05305016658747818,0.14503378612312195,0.10924831814404845,0.08452879969152423,0.07353265633501059,0.0691451746975768,0.06741425551629684
4226.9,2383.2065936917365,100.9,0.004379286128788459,0.004433873712551457,0.004571101497476767,0.004818665305102169,0.005183488686370176,0.0056059314465571365,0.005923183994916945,0.00601010008796124,0.006173841388811339,0.0075561778129391135,0.01424216926327278,0.05142639235076741,0.14506160644253582,0.1087231526096149,0.08356649243122881,0.07253311843856719,0.06823502156017597,0.06657728003954534
4227.0,2386.5266087518917,101.2,0.004098115949152077,0.0041513616353206564,0.004286927751240641,0.004536691039655177,0.004918412532257257,0.005391309867646977,0.005803024801826352,0.005992136453324267,0.006201758467487104,0.007549316523555687,0.014021205588069493,0.0498663046961323,0.14501883048142566,0.10820480522406462,0.08262444850869985,0.0715500213450575,0.06733619765820294,0.06575016031948852
4227.1,2389.8267451127595,101.5,0.003813611814005804,0.0038651873606943025,0.003998103968099179,0.004247900272759559,0.004642793936384715,0.005162260254385965,0.0056699445983833,0.005971338644066965,0.006234258333307041,0.007542190101812829,0.013776964612052236,0.04819418447577554,0.14518919233060498,0.10820588059048804,0.08217883789411282,0.070999974792425,0.06682124580043998,0.0652782006643895
4227.2,2393.1168818880715,101.9,0.003467258471201422,0.003517404838644248,0.003648376910062808,0.0039000307976818087,0.0043129094986399785,0.004891193622010015,0.0055200565272309505,0.00596359080423612,0.006285492371741977,0.007523492438493175,0.013425043411839019,0.04594565656556069,0.1450682031400977,0.10801850888689427,0.08153139719477108,0.0702719596895419,0.06614321368566863,0.06465418780124242
4227.3,2396.416942493503,102.3,0.0031726703295232236,0.0032204657606234185,0.0033466076857103476,0.0035931733210466167,0.004009535549460447,0.004622003305713266,0.005345453280155085,0.005925147618280576,0.00632140461843414,0.007506852189856617,0.013113149776128399,0.04395945094721113,0.1443241287541228,0.10750582198400392,0.0808005172824537,0.06952095144147265,0.0654415732782038,0.06400467605348759
4227.4,2399.717078854371,102.7,0.002918045659410641,0.0029630950269087268,0.0030829800052535037,0.0033205098247251646,0.0037308927910756156,0.004358817253930899,0.0051519646804980175,0.005856543436352426,0.0063375233218409205,0.007482359728389396,0.012807445769809508,0.0420660102437578,0.14361365393478312,0.10708833769855403,0.08013220905170747,0.06883118230022253,0.06479828043278621,0.06340898550661343
4227.5,2403.017215215114,103.0,0.0027532953544391354,0.002795381205795724,0.0029079491813445374,0.0031327210009730088,0.0035262334194398827,0.004143078913842742,0.004958396913839659,0.005743405304759054,0.0063104891320187265,0.007455518191498252,0.012600986183616845,0.04078351943110656,0.14203456684414906,0.10589502669074158,0.07894867306873611,0.06773573286785267,0.06379053228126198,0.06247161955651791
4227.6,2406.307351990426,103.3,0.002616361998380493,0.002655652984586514,0.002761155409357034,0.002973050036093188,0.0033476892325317643,0.003945929720123351,0.00476589802614185,0.005610500818725225,0.006260990989270868,0.007420539933259506,0.0124088340329794,0.03955174850001695,0.14058621163325252,0.10479142023262215,0.07783824945857404,0.0667114295561344,0.0628483770881197,0.061594165195772356
4227.7,2409.607488351294,103.6,0.002490951284923072,0.0025276948401955564,0.002626676099464991,0.002826427136595751,0.0031824884743898935,0.0037599506284303748,0.004576183555230345,0.005466761363252978,0.006194879993150722,0.00737265017961501,0.012209502814876766,0.038343862589150214,0.13884040803164882,0.10348380566623938,0.07667787684932563,0.06569694265938052,0.06191999020063821,0.06072628903453969
4227.8,2412.9075489567253,103.8,0.002436194140185792,0.002470459813595522,0.002562927187540506,0.0027498590872871366,0.0030839766832269056,0.0036294895012143396,0.004414818066102528,0.005311533451761491,0.006101341004450782,0.007326702827770586,0.012097849122374401,0.03761561058849823,0.13737145876969667,0.10250395159727572,0.07582033769484187,0.06493988539787013,0.06122496244206417,0.06007602278287963
4227.9,2416.207685317593,103.9,0.0024382206003592255,0.00246998212072167,0.002555802544502314,0.002729342065755356,0.003039414381347857,0.003546409136258713,0.004284212537560745,0.005159261938311321,0.005994478683678646,0.007287489988869128,0.012068830470756497,0.03735648576967887,0.13632635847056987,0.10171251656434514,0.07519509613084234,0.06440879953662058,0.06073937558471453,0.059620563503113816
4228.0,2419.497822092905,104.1,0.002383998249021818,0.0024136934911900077,0.0024941366630589308,0.0026572754558063442,0.00294998181093485,0.003432421326202142,0.004147021908602532,0.005026795217578746,0.005910625636785142,0.007240709669727565,0.011953637863712759,0.036698589360961834,0.13500191963746114,0.10099219622656265,0.07474798504367514,0.06405525853219314,0.06040769552834842,0.05930600608214448
4228.1,2422.8000031902357,104.2,0.0023912655258331783,0.0024187000521448555,0.0024932277309121344,0.0026446983582786476,0.0029170047467394294,0.0033675739294648727,0.0040430123773989544,0.004902612984757084,0.005821107350728276,0.007211096670654921,0.011942603117925802,0.0365650261567228,0.13405211132330405,0.10037027114529311,0.07438481888248927,0.06376412674200814,0.06013301495454917,0.05904569121460144
4228.2,2426.091841582398,104.3,0.0024021604739624444,0.0024274270716347916,0.0024963183998827983,0.0026367831365793682,0.0028900989280512884,0.0033113522174250346,0.0039507245204494215,0.004790119219432551,0.005737905443384639,0.007185550513252553,0.011944798886724303,0.03649880938961435,0.1330297801309214,0.09976594028269928,0.07417548858633283,0.06365406769429274,0.06002567149661849,0.05893935298410948
4228.3,2429.3940226798445,104.5,0.002356196445186309,0.0023799871065468053,0.0024450788003439385,0.0025783329016216363,0.0028199261537377564,0.003225075083939501,0.003849445068005317,0.00469182554308122,0.005674718022077211,0.007155391157369644,0.011873302463929213,0.036078932694636474,0.13211636059237994,0.09945231319157949,0.07412077148605711,0.0636313015464928,0.05998799592606841,0.05889934442046714
4228.4,2432.6858610719214,104.6,0.0023578551723578106,0.0023799778152378474,0.002440754332802712,0.0025656728176041334,0.0027931099867238205,0.003176772739385191,0.003774871562403067,0.004602053100298555,0.0056074147099221,0.007137765655469063,0.011886164789225185,0.03604595994147895,0.13105185606585465,0.09860942439712486,0.07351942242846742,0.06309950009727108,0.0594883564087189,0.0584294276123675
4228.5,2435.9780487944354,104.8,0.0023082096630604246,0.002329438124214271,0.002387888505915624,0.0025083670037926954,0.0027285961381405908,0.00310248100682837,0.0036919082920059856,0.004522815965322647,0.0055553397843922415,0.007114005165947577,0.011834606458103481,0.03571215522858447,0.1298946851590355,0.09779757235106161,0.07295454855254503,0.06260787357959881,0.059024323923747436,0.05799166742600466
4228.6,2439.280229891766,104.9,0.002305162685293989,0.002325165917650115,0.002380434449534312,0.0024947503945808,0.002704485255968443,0.0030623182435197418,0.003631573952298262,0.0044493037297355445,0.005497981753322605,0.007102095599150949,0.011869804570976156,0.03581399979672149,0.12913743638716388,0.09671883644529271,0.07194180161596016,0.06167008910029371,0.05815962644121244,0.057182966170848136
4228.7,2442.5720682839283,105.0,0.002300308047138119,0.0023191303837218767,0.00237134419080003,0.0024797841825326067,0.0026796138270109428,0.003022491043203767,0.0035732250195616307,0.004379190104921331,0.005443827735480319,0.00709284676972413,0.011908700224588746,0.03592727518557336,0.12865956556521752,0.09602824582676547,0.07123480828882175,0.060989240717979606,0.057528564259839605,0.05659331760681963
4228.8,2445.8642560064422,105.0,0.0023427309461612664,0.0023596399777141164,0.0024069754977157827,0.002506161527667238,0.0026905085253718835,0.003009738907456012,0.0035293270931259033,0.004308910392220174,0.005384437694970543,0.0071033837262271665,0.012055528676222567,0.03653005595260557,0.12813189216663853,0.09509678154546579,0.07035343730907431,0.06014942923144674,0.056748989632281935,0.05586418243891046
4228.9,2449.1660888307406,105.1,0.0023355071331326764,0.002351014871851532,0.0023947993151085816,0.002487367152851999,0.002661049034515057,0.0029651261613788133,0.003467532385938137,0.004239149522593946,0.005337805281978666,0.007115951880207267,0.012152058841690561,0.036869094239192095,0.1279689400537535,0.09480524628655368,0.06999492482786196,0.059745436196029233,0.05636034320965786,0.055501683513843984
4229.0,2452.4582765532546,105.2,0.002325461605922878,0.0023395189248457933,0.0023796483739440873,0.002465467283773289,0.0026284209690950588,0.0029175395306246473,0.0034034871737058173,0.004168753922577787,0.005294389454348007,0.00714172924915006,0.012288629310670486,0.03737120724886442,0.127959985156648,0.0947656618927136,0.06997605640602557,0.059684262494607565,0.05629037558576815,0.05543642415044824
4229.1,2455.756306268103,105.3,0.0023102673292012517,0.002322985915475991,0.0023597541463922993,0.0024394111543831498,0.0025926874576538733,0.0028685742595386796,0.0033405465357451303,0.004102251795975216,0.005257485698069695,0.007178493948494213,0.012446016146850647,0.03790528750735248,0.1277520422161444,0.09483045146884785,0.07013136824389633,0.05979955948789731,0.0563834845232183,0.05552288769464201
4229.2,2459.0543359829,105.3,0.0023297913564522895,0.002340702415431844,0.002372974437146676,0.002444467332655001,0.0025849726509047134,0.0028430834113004743,0.0032944577752993752,0.004043804313897843,0.005223061107119325,0.007233372337830514,0.01269315395968503,0.038846582090629696,0.12783322329395488,0.09521771146039762,0.07064580677450866,0.06026785162771923,0.056809694603539636,0.05592158212349668
4229.3,2462.352365697748,105.4,0.0022974073532891514,0.00230766525092689,0.002338279119869375,0.002406716852658963,0.0025424825871597292,0.002794446190593202,0.003240641043716924,0.003994190247313403,0.005204860554494584,0.0072870098202047024,0.012873032098752334,0.03937068107059354,0.12766822947768755,0.0954295031193404,0.07107368508193856,0.06070096389030846,0.05720845889165277,0.05629226750956946
4229.4,2465.6503954126615,105.4,0.002297893460514969,0.0023071604350257337,0.0023352985155262185,0.002399234015585853,0.002527984501940415,0.0027703291458709,0.00320594412919437,0.003955671780041636,0.00519061526950443,0.007355355765501458,0.013137252888717177,0.040337912050501246,0.12765809538735898,0.09567343274183698,0.07151060876299334,0.06117001823467567,0.05765581476931487,0.05670935708513535
4229.5,2468.94842512751,105.4,0.002294853967682567,0.0023034318453343163,0.002329834077597614,0.0023905855698041346,0.002514333957341958,0.002749786240578169,0.003177919768837006,0.003925928667054688,0.005183880197777124,0.007429008202493707,0.013418215140643739,0.04136245284499875,0.1271647663660716,0.09521622558507371,0.07131023887981262,0.06108569005535818,0.05760143957331364,0.05665605848656586
4229.6,2472.246454842307,105.4,0.002285950258121802,0.002294151804841489,0.0023195839776262548,0.0023785121402654357,0.002499334961251628,0.0027307407355511367,0.00315481092220229,0.0039040601026307177,0.005185147229124471,0.007507971210226939,0.013706765605302023,0.04237670502506551,0.1263698959165385,0.09447928650371902,0.07078799876367983,0.060694850560529354,0.05726726642498513,0.056341707452813486
4229.7,2475.544484557155,105.4,0.002269677864625323,0.0022778150619366237,0.0023030373934735484,0.0023614809317081724,0.002481390990596794,0.002711446699064207,0.0031345773657751094,0.003887518528146749,0.005190961591078617,0.0075872271613890594,0.014000946968089836,0.04345917944007809,0.1255994808353741,0.09359254598541715,0.07010474454803121,0.06015494372622302,0.05679715900324885,0.05590037289992053
4229.8,2478.8524899984664,105.3,0.0023030887872781563,0.002310298791022069,0.002333234201041517,0.0023875832444418916,0.0025011885510098563,0.002722500885298382,0.0031350768891815184,0.0038803764997162645,0.005198347262969943,0.007683082210622007,0.014403744121236179,0.045059329388439026,0.12441964360128917,0.09227337454080652,0.06915510808877445,0.05940935822969872,0.05614109062854313,0.05528306577361432
4229.9,2482.1505197133147,105.2,0.002331881073425492,0.0023383598512122274,0.002359495835061219,0.0024106387990116057,0.0025193495356692196,0.0027339716891537345,0.003138711101405988,0.0038792189956925196,0.005212807657518355,0.007785123735304202,0.014826536434407567,0.04674488280514211,0.1229052961956781,0.0908916705632924,0.0682365780587497,0.05869338994779381,0.05550484890811335,0.05468255873201502
4230.0,2485.448549428228,105.2,0.0023174405604847416,0.0023242701553863173,0.0023462298388803905,0.0023987544166851633,0.00250943959720813,0.0027266968995368255,0.0031352319361023185,0.0038831606191863013,0.005237856762243502,0.007881148115955612,0.015187397777950662,0.04818504260739501,0.12164849982386561,0.0898131261329638,0.0675816782930275,0.05822001113227107,0.05509309979723354,0.05429230640599574
4230.1,2488.7660183428434,105.1,0.0023385005579896973,0.002345148611534524,0.0023666620548557617,0.002418394055462544,0.0025278802026401804,0.002743554815410436,0.0031505709691924512,0.0038997114818545837,0.005270893380596475,0.007993772744588408,0.0156308832185361,0.05002225671870333,0.12028129700106786,0.08871746489556127,0.06703850415770853,0.057895707654864736,0.054826136456320416,0.05403622434834498
4230.2,2492.082477297867,105.0,0.002361757682429779,0.002368438670253375,0.0023900339275453406,0.0024419131310732044,0.0025516270058107866,0.002767642726643862,0.0031753664608691196,0.003927406244256434,0.00531410099128525,0.008112354943045963,0.01609068137073468,0.05198935772311329,0.11919198265622277,0.08794343500779589,0.06684776494941166,0.05792740416560297,0.054895309458546884,0.054094839307993824
4230.3,2495.398936252891,104.8,0.002432933008329654,0.0024388249304449073,0.002458529304719278,0.0025071571999295446,0.0026121171417057653,0.0028218829869999717,0.0032222610982043393,0.003968678085287283,0.005366932459407549,0.008259363371331537,0.01668867997701085,0.054622163074363385,0.11827880617309287,0.08720820772720747,0.06670427993074693,0.0580111069239613,0.055017158939221815,0.054203413976949666
4230.4,2498.715395207799,104.7,0.002452584168683828,0.0024597543429391005,0.002482068398635294,0.0025350501088605587,0.0026454858646104344,0.0028602889972765065,0.0032627787884019458,0.003996140662459467,0.005346102808205019,0.00819030179455105,0.017407778791298612,0.06530125991473386,0.1113317561288896,0.08583616518789984,0.06715587759572762,0.05857873824592625,0.0554145693484962,0.05451392548061396
4230.5,2502.0318541628226,104.6,0.0024771762008026677,0.002484857142552053,0.002508451043445515,0.0025637116476633116,0.002677631471650725,0.0028972005350276155,0.0033057719541695284,0.004048006317364954,0.00542072098634415,0.008357778051538043,0.017989827392284358,0.06726667139530654,0.11127557610805446,0.08622358548489499,0.06791703911854682,0.05939586898914408,0.05618881507220786,0.055239043753976716
4230.6,2505.358263638466,104.5,0.0024993018765409954,0.0025076131592860814,0.0025327822924525708,0.0025908606058280656,0.002709094371010168,0.0029345913553832856,0.003350736353266515,0.004103655500132707,0.005501217257920155,0.00853547187082519,0.01861034136110081,0.06938089338486642,0.11142003298212125,0.08668482755920423,0.06865106022145905,0.060143193099263983,0.056891266789356354,0.05589875097983749
4230.7,2508.6747225934896,104.4,0.0025287550588802164,0.0025375194956880017,0.0025638630503290526,0.0026241080962125397,0.0027457976732286533,0.0029763064951678565,0.003399441218714598,0.004163775132602882,0.005590132831473377,0.008731051431483016,0.01926735882715057,0.07140701465353327,0.11129604634999313,0.08683737568299917,0.069056563243912,0.06057729854179211,0.057307993286305765,0.056292245975539563
4230.8,2511.9911815484206,104.3,0.0025608001272629877,0.0025699056611968845,0.002597186111425074,0.0026592541106706044,0.002784051488646405,0.0030194697318760666,0.0034502674079657752,0.00422845358422923,0.0056886871818414755,0.008942087236738602,0.01993193628362896,0.07313914332827073,0.11097318990094097,0.08691421979062904,0.0694361007218505,0.06100896597410006,0.05772531681678545,0.056685151256486245
4230.9,2515.3076405033285,104.1,0.0026452058279535146,0.002653111721756605,0.002678190672928484,0.002736774128725069,0.002857044791309757,0.0030882717974988544,0.0035157973344461433,0.004300908649032233,0.005802073771052789,0.009204851713504105,0.020726528736763426,0.07493347951620594,0.10997713727504328,0.08615714250726607,0.069135087601294,0.06084111803937575,0.057590805527155946,0.05657025818623729
4231.0,2518.6240994583522,104.0,0.002685399418083459,0.0026935680557844733,0.0027189551729377244,0.0027784132637000414,0.0029008324924700247,0.003136052438667984,0.0035731010976520943,0.004377115256056092,0.005922174963034709,0.009449087304745443,0.02141559982196773,0.07634709454445285,0.10883111102065689,0.08510445449541924,0.06845985466387845,0.06042999955417644,0.05728558002194321,0.05627965204388287
4231.1,2521.9867918320683,103.8,0.0027903310569710785,0.0027969997722736614,0.002819010574161336,0.0028730897643969174,0.0029885905860962026,0.003216727622015797,0.0036500303562146522,0.004462866042432096,0.00605486099276374,0.009740463847963681,0.022238091759384286,0.0779674397693397,0.10769336872888123,0.08400869186318305,0.0677048260604542,0.05987232806702272,0.056819964853422285,0.05584701193613879
4231.2,2525.349484205676,103.7,0.0028536956801821695,0.002860023866549025,0.002881402851420877,0.002934799180013036,0.0030502708141258304,0.0032803666752799355,0.003720353371406159,0.004550669997769607,0.006187814640650589,0.010003998722686742,0.022957696372359324,0.07930156676628207,0.10634872644935285,0.0826156562266285,0.06664346188899038,0.05903190736260871,0.05608341547221338,0.05515168361491614
4231.3,2528.7121765793995,103.5,0.0029844477137595843,0.0029888612193780806,0.003005902042282174,0.003052039631851787,0.0031578820328940303,0.0033776918948498573,0.0038104631343655604,0.004646001405750881,0.006326421338198914,0.010303264922119313,0.02382827093743301,0.0810757813225602,0.10542259072490343,0.08169307151462106,0.06603693541827642,0.058596452914028714,0.055702588972826705,0.05477948934706894
4231.4,2532.0748689531156,103.3,0.003139069250307826,0.0031409177678865573,0.003152119196656746,0.003188417895382911,0.0032810213732688337,0.003486639150658506,0.003907858030981821,0.00474516879426051,0.006467709812539938,0.01061388999858671,0.02475327295281625,0.0828197772255038,0.1046153779081916,0.08110262498855253,0.06575046728711212,0.05842413703772051,0.055554888170422645,0.05462955860394743
4231.5,2535.4375613267234,103.2,0.0032373551443557564,0.003238874688897554,0.003249116139776751,0.003283488467772598,0.00337209313844624,0.003571113516272746,0.003985074516614434,0.004821262557958828,0.006629385770007193,0.01156212274889087,0.031179524726815424,0.08955735462558738,0.10009954500154447,0.0787632426248771,0.06459601080085679,0.057495361704015396,0.05460510680084581,0.05368488034098397
4231.6,2538.8002537003313,103.0,0.003419330334908905,0.0034176096985927594,0.003420202838690119,0.0034418939221458607,0.0035132731605080933,0.0036922570965898984,0.004086037002202242,0.004906935860783198,0.006726259564978533,0.011767100070540841,0.03198238959777211,0.09122929363701376,0.10062798432013977,0.07949184624592925,0.06536591962896596,0.058200384496899384,0.0552457964108835,0.054287370029602315
4231.7,2542.162946074163,102.8,0.0035953154644522444,0.003591411334822793,0.0035885781752934415,0.0035994287717086722,0.003655970565222977,0.003821059801709018,0.0041975089423000045,0.005016688620130114,0.0068587482991343506,0.012011146472753675,0.032785922468501684,0.09282478480858067,0.1011977630380379,0.08004371110060102,0.06573272482159268,0.058415803178574484,0.0554241381646205,0.05442799399159221
4231.8,2545.5256384477707,102.6,0.0037791550529259134,0.0037714649545874334,0.003760596474735398,0.003761102584442655,0.0038078150067448846,0.00395823548927571,0.004329937533727305,0.005151308637301251,0.007028622720280798,0.012317350795398275,0.033662150131386875,0.09425146198157892,0.10159627496978628,0.08015485827670385,0.06550783418194053,0.0580209109156073,0.055015008210238844,0.05409736002638618
4231.9,2548.88718571052,102.5,0.003859602693260432,0.0038534196780291934,0.0038462495833873982,0.0038535716797466735,0.0039115535436753555,0.004078201833429046,0.00447281730701633,0.005324549224796275,0.0072417202424774505,0.012613192692819516,0.03428495318084249,0.09510961594864908,0.10147817643318606,0.0797350638635611,0.06490368122914959,0.05740920027991355,0.05446870625574463,0.053599014898658
4232.0,2552.2498780843516,102.3,0.0040163907351718695,0.004009852252008913,0.0040025874381130755,0.004010491844792397,0.0040685514653808616,0.004242953351460178,0.004652747099436691,0.00552718292079058,0.007489097420573595,0.012979991304167727,0.03514008321040888,0.09611107334620772,0.10087092201530097,0.07900714516653222,0.06439684303222235,0.05718105165961661,0.05437534959053811,0.053517391548823505
4232.1,2555.672172636126,102.1,0.004251186987718845,0.004242392771191585,0.004229999900616473,0.00422996399507847,0.004279959216157188,0.004450651027461602,0.004859371143802632,0.005754589160277083,0.007775046208629207,0.013441485392381474,0.03620943870604566,0.09718931836214947,0.10019946385406915,0.0781898704344443,0.0636173766896143,0.05645726060761954,0.053742740036944174,0.052904355186364195
4232.2,2559.094467188016,102.0,0.004388679985223411,0.004382244684682202,0.004375813417572254,0.004386736507116892,0.0044537057634553906,0.004647945175704409,0.0050861969116933825,0.006016440630633381,0.008085597920662236,0.013867630021638646,0.036972543781156796,0.09742780403380287,0.09937993043458827,0.0775916725168449,0.06325172079213227,0.05621292282193907,0.053530108093668524,0.0526929905309604
4232.3,2562.5179157418074,101.8,0.004625306984693103,0.004618249170780875,0.004611235864596766,0.004623199536799553,0.004693323411008148,0.004891538103491108,0.005342710599893671,0.0062971290079249535,0.008423310432368623,0.014395158594890333,0.0380686479269726,0.09792379722636944,0.09892521870503186,0.0777240351456528,0.06385090771172891,0.0570167523472335,0.054375617035009385,0.05350758576079805
4232.4,2565.9402102936974,101.6,0.004855040255626421,0.0048493023215024945,0.004845930078584822,0.004864710925579419,0.004945751499167237,0.00515888247015648,0.005629206157697186,0.006611178804379258,0.008796633562333595,0.014956371778642452,0.03914934488224411,0.09831592179421648,0.0989758048396265,0.07848080311541786,0.0648924931528953,0.05809928620914369,0.055391737369064914,0.05445863494194616
4232.5,2569.362504845694,101.4,0.005069150799828165,0.005067486032314533,0.005073286863606607,0.0051077117058185425,0.005210243337238461,0.005449856939054493,0.0059486506829704265,0.006961996797902181,0.00920551230089019,0.01555037793711987,0.04022948470750021,0.09861187398772085,0.09923979298857173,0.07962484309318095,0.06632732330278002,0.05953889041216886,0.056713279870720654,0.05570362452600201
4232.6,2572.7847993974683,101.2,0.005253850119388716,0.005259632230011982,0.005282311636146495,0.005344993787295501,0.005485772845309906,0.005769873138833304,0.006311599655057213,0.007360427703345779,0.009656757061397733,0.016175794311684626,0.04131328025577559,0.09902851574555983,0.10008176322907461,0.08122511179082424,0.06801267319648902,0.061097383714888175,0.05814769920979946,0.05703121132550672
4232.7,2576.2070939493583,100.9,0.005521660694145982,0.0055334800864857035,0.005570510323644544,0.005656579301585588,0.0058292069288337035,0.006148727720600345,0.00672143914063657,0.007795967638742035,0.010154011862907146,0.0169139755382543,0.042690003321184576,0.09976151602298343,0.10110749804072326,0.08288035199430202,0.06962781933597999,0.06254503182086553,0.05946497039456866,0.05825593853569539
4232.8,2579.6293885013547,100.6,0.005772280377712513,0.0057932884336206894,0.005852114212959094,0.00597427596287244,0.006196002497911218,0.006568532787934033,0.0071819914064237015,0.00827812063862366,0.010683780553671472,0.017682764143142723,0.04412354225156876,0.10042421054144023,0.10192470016117677,0.08418189577084254,0.07086188341555057,0.0636397848766202,0.06046208576677414,0.05918969327490702
4232.9,2583.0516830532447,100.3,0.0059937253702271156,0.006026957974587485,0.006115938110958206,0.006289681525850844,0.0065817359908802685,0.007028800143906485,0.007694421002268908,0.008802536495901146,0.011233260526626805,0.01844989422220197,0.04549328771362309,0.10090424347914576,0.10261875623369714,0.08529854644697198,0.07183341718982525,0.06452979283901408,0.06127140576976304,0.0599794526453098
4233.0,2586.473977605241,99.9,0.006353246798002922,0.006396746566381071,0.0065095446354663565,0.006722718386328145,0.007065045924129943,0.007557062156018041,0.008237699998448787,0.009328870895387201,0.011799703628160038,0.019343516754572975,0.047200772491325295,0.1011912186545529,0.10271602211063084,0.08578986315144232,0.07229271960450148,0.06489314065244473,0.061596467306845135,0.06023895293587401
4233.1,2589.9008858326856,99.6,0.006716560929635557,0.006772496399883945,0.006914332594249425,0.007174876378120813,0.007576676988693801,0.008117304245811863,0.008804710700075644,0.009866047747637418,0.012371911059333095,0.02025381349368214,0.048847811095277284,0.10106044902985502,0.10238895770090953,0.0861216006677224,0.07284995476269583,0.06548266159420285,0.06214813884082074,0.06076396611695557
4233.2,2593.327794060246,99.2,0.007286720526245432,0.007347839129946443,0.007501310555919505,0.0077769179245501295,0.008182902573812404,0.008678717127217486,0.009233105102867428,0.010139006356409396,0.01283018227455192,0.02318487025735969,0.059353582771577304,0.10080377636241633,0.09959655677524368,0.08565137203037188,0.07333884231859675,0.0659552099308173,0.06241760849418955,0.060963334078726124
4233.3,2596.7547022878066,98.8,0.007890234147147103,0.007961592001659294,0.00813439049230075,0.0084269089236601,0.008829896490718286,0.009292641728465471,0.009784548027701559,0.01065183310238588,0.013434534763624426,0.02407867595714922,0.060256452567629654,0.099893958227724,0.09866514711046447,0.08527157352050782,0.07317425294264927,0.06588647972314812,0.06240921389257176,0.06091627902791631
4233.4,2600.181610515251,98.4,0.008570820575077026,0.008647133285131108,0.008828217088238267,0.00912469476220975,0.009509163318900345,0.00991109674051472,0.010321185859470129,0.011153556291488145,0.014047659967045045,0.025040836474809765,0.06105344734180115,0.09877949388013503,0.09773944071380831,0.0851840284534628,0.073558063718048,0.06638985874976715,0.06287739218110365,0.0613521234305971
4233.5,2603.6174946809842,98.0,0.00935617700888308,0.00943127720274946,0.009604023775721523,0.009876884256736444,0.010206022959672786,0.010507212159761607,0.010809464519098564,0.011623562597582564,0.014659552175582345,0.026058349122142582,0.06189334279129592,0.09761748260272529,0.09653337241527125,0.08461415802386497,0.07346081690315291,0.06643226810621766,0.06282107772415861,0.06134446353008744
4233.6,2607.0444029085447,97.6,0.01026480908841038,0.010331030396073245,0.010476205381511084,0.010687877834377716,0.010906945055874634,0.011063879445497193,0.011250236105686944,0.01205366898356047,0.015271958491223928,0.027149440044574657,0.06279701554813417,0.09642448779761129,0.09509627578426744,0.08376519469478397,0.07319947745211598,0.06648523624375077,0.06309391226621706,0.06163362954736041
4233.7,2610.471311136105,97.2,0.011371195649384828,0.01141236185059964,0.011490802170201181,0.0115759480370088,0.01160665590775555,0.01155297148787527,0.011596945750877203,0.012414587333952277,0.01587500099485846,0.02828668415546226,0.06382985518373206,0.09547877307824414,0.09383457438577601,0.08283752808577997,0.07257630475548565,0.06602776338491269,0.06269360367948358,0.06125623693408905
4233.8,2613.898219363642,96.8,0.012647783408231904,0.01264195138821115,0.012604562193368826,0.012492213330914218,0.012263248391063446,0.011961843522965494,0.011871191270729295,0.01273656708108683,0.01647888592281684,0.0294767416041273,0.06487276170079417,0.0946639877916971,0.09280416584172782,0.08203236353543429,0.07194085052396501,0.06550376521931706,0.062235865090165314,0.06082458177902344
4233.9,2617.3251275912025,96.4,0.014157958626498077,0.014069673266924109,0.01384152375984721,0.013433035446999404,0.01286029556971335,0.012278071757165806,0.012070146869754241,0.01302330032336334,0.01709686342440911,0.03073816175828828,0.06599463589037995,0.09390820089471127,0.0916608964838765,0.08094088410603967,0.07093617730473266,0.06461552025327343,0.06144979304959211,0.06008914771455026
4234.0,2620.76198662238,96.0,0.01591070120447472,0.015692119290563664,0.015179840083455139,0.014368576785496546,0.013381612094903473,0.012507993080008285,0.012210511586573007,0.013286719507130585,0.017728285596389583,0.03205636580628003,0.067179149301024,0.09329171643793145,0.09073527697504478,0.08012445647360877,0.07019926806404118,0.0639622553032712,0.060870039468865815,0.059545964110519836
4234.1,2624.142001415225,95.7,0.017572440224946546,0.0172073734368867,0.016391145697291717,0.015180658289043403,0.013821691131495664,0.012715094430523747,0.012364912834697081,0.013565142084770535,0.018345437075065533,0.03329075869945686,0.0682130301580604,0.09279278566628552,0.09009635241191222,0.07964122324588986,0.06976870349188137,0.06357367963246725,0.06052262853410738,0.059220026220015355
4234.2,2627.52201620807,95.3,0.019879201401158193,0.019245154969915725,0.017906145191815298,0.016073431077755423,0.014204192229746587,0.012826197734435935,0.012446725532312172,0.013824669559800395,0.01902662789465229,0.03471424054922069,0.06947824075024941,0.09241015763460096,0.08947100027376471,0.07923764479828327,0.06950372987890169,0.06337179573784128,0.06034648384320727,0.05905076678963925
4234.3,2630.9120014588343,95.0,0.021801727810868553,0.0209272784989344,0.019145258740314867,0.016820262676897346,0.014572681401366278,0.012995864246312923,0.012589694806049025,0.01409465414193099,0.019515515904432602,0.03485756987983095,0.06890735084993885,0.09373866847680086,0.09021932549771418,0.07940905330334665,0.06945667297519821,0.06335579740425634,0.06033719007688964,0.059054931535750435
4234.4,2634.2920162516793,94.7,0.02373489446684037,0.02258413791060625,0.02031814448411467,0.017495968392091228,0.014903484800565824,0.01317429776989675,0.012773699881534524,0.014419562794389138,0.020163951513820624,0.03610055290668597,0.07009070606084217,0.09348221717301658,0.09005096190963356,0.079632780810633,0.06982628002686642,0.06372432084986414,0.06066705457723069,0.059359485973746455
4234.5,2637.6720310445244,94.4,0.025596524264915276,0.024157252117013365,0.021408639380982874,0.018120838801687685,0.015227496101375824,0.01337743982809069,0.012994046038375106,0.014776871559313502,0.020826072567943447,0.037300757011883005,0.07114429998386661,0.09331705468252054,0.0899860745507426,0.07990615421530793,0.07022980238282131,0.06412483094480784,0.0610270616730108,0.05969181081059369
4234.6,2641.0520458373694,94.3,0.026109627386595377,0.024649415915073233,0.021860664966912188,0.01852379039858138,0.015586440952996439,0.013709850407304013,0.01332871841690983,0.015161140263845891,0.021346864547730052,0.038035576091319266,0.07152797183867919,0.09323153377252641,0.09047332420439357,0.08078783030809161,0.0711422818974405,0.06495438857342493,0.061766368146068555,0.06037876755280119
4234.7,2644.4420310881337,94.2,0.02645459541946329,0.025003255280656566,0.022224367484364044,0.01888719962098006,0.015939029411538044,0.01405286091933085,0.013680244700165854,0.015562176062010505,0.021876881242862523,0.03874834901973088,0.07186267344059304,0.0931780876369287,0.09098493042949592,0.08163988849231432,0.07198690390330818,0.06570921476313396,0.062437595441314726,0.06100289539105365
4234.8,2647.8220458809787,94.2,0.026067314721293547,0.024768838130927198,0.022237535926534706,0.019124038702244685,0.016303917107173736,0.014460581533604794,0.014091502408047091,0.01598193038285612,0.022345752562498714,0.03924740419076591,0.07199403709384074,0.09360185476743418,0.09248872907217646,0.08348224638640686,0.07360467485185965,0.06709761149630018,0.06367033059976658,0.06215211580965605
4234.9,2651.202060673824,94.2,0.025568499567915785,0.024428808338235027,0.022164497090379886,0.01930734244414366,0.016649133136195454,0.01487352064550602,0.014523809584349692,0.016435291792090884,0.02286190938063156,0.03979884310940698,0.07216275966394771,0.09402813488983691,0.09395343525408273,0.08525000281367935,0.07512726657157373,0.0683931513644829,0.06481902003557016,0.0632227545283049
4235.0,2654.5920459245167,94.1,0.025597597951480092,0.024498875926725325,0.022309292826177024,0.019533549971643843,0.01694030473065722,0.015212743759897878,0.014913492292339021,0.016909021223359286,0.023490053402356922,0.04059325971184917,0.07257391014742585,0.09457968529960413,0.09572499766929124,0.08732093206522148,0.07684467425724754,0.06983603868702759,0.06610057415844083,0.06441676234731229
4235.1,2657.876448457727,94.0,0.025854196673837183,0.024741196148032243,0.022536438943123332,0.019762189129946924,0.017196142445685778,0.01552241862084732,0.015307380158149588,0.017432935479643894,0.024212879515634934,0.04148411111351544,0.07309110278897918,0.09536896387898865,0.097543184640972,0.08926775285430649,0.07840298415185835,0.07113594627891225,0.06725521438413852,0.0654934008282219
4235.2,2661.160850990821,93.8,0.02670774782131042,0.025456843136575764,0.023032553040185654,0.020068221409435368,0.017417347429369266,0.01577092236427282,0.015673993980845687,0.01800029599961886,0.025074478574469282,0.0426138692791473,0.07377054769284476,0.09592639104345149,0.09875356500704562,0.09053612694863751,0.07940251865068362,0.07197134330135954,0.06799919138032817,0.06618689966690079
4235.3,2664.4452535240794,93.6,0.027368762600014574,0.026013576324136634,0.023430577237231645,0.02034011882810685,0.01764886041054049,0.016049835486585253,0.01607405345812478,0.018592190477356878,0.025930202262337648,0.04364041262517746,0.07416072183395939,0.09593390824279947,0.09919911822308543,0.09114495027486619,0.07993279761084106,0.07242724741199022,0.06840326825823603,0.06656241239804139
4235.4,2667.7396426935948,93.3,0.028773253497742884,0.027154780868872498,0.024163158158953042,0.020724010400210165,0.01786247499847265,0.016269348798580035,0.016434595819874595,0.019205364850623192,0.02690179794709926,0.044915677974590465,0.07484525504769884,0.09596100980028069,0.09926354816259783,0.09121208374216265,0.07997793418014904,0.07247195617882564,0.06844722576943177,0.06660354315528416
4235.5,2671.024045226689,93.1,0.029312387215778547,0.027613840681574034,0.024507927369535106,0.020987369371624275,0.018111232408884945,0.01657037331650947,0.016850061941970175,0.019801752228927525,0.027745344507388504,0.04589036530301971,0.07513431724587108,0.09557088191799748,0.0988258900887095,0.09081376220418039,0.07965773823709113,0.07221084453272647,0.06821859876684118,0.0663906927635465
4235.6,2674.308447759899,93.0,0.029153302440341214,0.02752930279346995,0.02454740214923286,0.02115076410172586,0.018372323079068817,0.01691169888638741,0.017278842373385984,0.020352317555789784,0.028465477222553135,0.04665302789856459,0.07518699189155016,0.09478865802924265,0.09776554730310257,0.08975231592667658,0.07876413190877549,0.07145461272393214,0.06755069766066087,0.06576955813344249
4235.7,2677.592850293109,93.0,0.028378224904887773,0.02701487506276796,0.024430230921626925,0.02134932528355574,0.018691103310518795,0.01720616057426832,0.017566648931228092,0.020920760512359252,0.030118991686806533,0.04975804242338333,0.07588901447620865,0.09185521792504246,0.09353161283856828,0.08420416519149376,0.07363700625797676,0.06790251890366647,0.06480085071073553,0.0631173615219241
4235.8,2680.8772528263194,93.0,0.02734928611255458,0.02622187812625102,0.024033084759014736,0.02134146491253239,0.018948557759886547,0.017595536368674867,0.018005720851349685,0.02139884289443044,0.03065739130814695,0.050101566282317524,0.07530072535159561,0.09012679201978566,0.09119753840980664,0.08206736072545026,0.0719032419785834,0.06636464618962445,0.06342441376763758,0.06184140573737182
4235.9,2684.1716419957183,93.0,0.026372351140610227,0.025454835659288185,0.023629877247668688,0.021312368850142014,0.019184496730776154,0.01796307854592683,0.018418804349664,0.02185307854124056,0.031199516125357356,0.050480915387124105,0.07463935682849765,0.08792540058557777,0.0879869330883107,0.07904797608535873,0.06944240217591165,0.06419605878139446,0.061482036966575095,0.06003846554458223
4236.0,2687.455542116037,93.0,0.025260450246845693,0.024559323512534245,0.023121142334912064,0.02121901711544116,0.019397320263546517,0.018328371516121003,0.018828249340333673,0.02229709074779232,0.031728427500696633,0.05080020467620816,0.07370205783722861,0.08517181602032894,0.08417169533350562,0.07557428623498662,0.06666069709118143,0.06174779429031244,0.059271818634869716,0.05798299537696273
4236.1,2690.6278125963545,93.0,0.024024736222849407,0.023539131208317653,0.02249995092190562,0.0210491458713794,0.019580299922536248,0.018694983772537466,0.01924440089024804,0.022745606406215844,0.03227195564464957,0.05110567611284068,0.07277187136525266,0.08249154165696009,0.08053729276174808,0.07231397011558602,0.06400137658845076,0.059426200872241944,0.05707717158892109,0.05594603452554341
4236.2,2693.809714543218,93.0,0.022760983923079705,0.022466486574876033,0.02180099359760486,0.020803156155521006,0.01971375477557785,0.019038915477922427,0.01965369722882604,0.0231966177390495,0.032818433386526166,0.05142948214334116,0.07193398856052731,0.08019881143092394,0.07753306669917598,0.06956389099194613,0.06180227432002769,0.05749927729338541,0.055343855178561094,0.0543089898273225
4236.3,2696.9819850235353,92.9,0.022207676932479735,0.021985673559990652,0.021470353169057096,0.020672206463488295,0.019776565819168184,0.01924984894119568,0.019981107442272557,0.023676688434662325,0.033504773560239794,0.05196087935705016,0.07135234782451606,0.07834640835107289,0.07511780502307217,0.06738862404600365,0.060095648640196085,0.0560288626171205,0.05401266107292342,0.053049123192355566
4236.4,2700.1538929667677,93.0,0.020283437949516724,0.02028484960442901,0.020239997074753095,0.02007636271240626,0.01977688412293505,0.01960826191468544,0.020430747768039548,0.02411248097010695,0.033946381427123,0.052130655931242185,0.07075584184153062,0.07715985137480964,0.07386197953024526,0.06641869575155193,0.059422490333339364,0.05546171972892329,0.05349508087021472,0.05256536723722642
4236.5,2703.336156312189,93.0,0.019147090032113918,0.01924929255308409,0.01943307634438314,0.019613022388840995,0.019687319019000775,0.019800750406996092,0.020771877365624424,0.02456121353887702,0.034520812001136394,0.05253381728488125,0.07046963174857417,0.07638004587208944,0.07305078961245302,0.0658139574542612,0.05901997319110812,0.05513630761067985,0.05320102863573177,0.05228993672181902
4236.6,2706.508064255389,93.0,0.018045256855745817,0.018227766447256575,0.01860304105295652,0.019091957122047167,0.01953248243703619,0.01994806674512293,0.02109398362985991,0.025010809179577636,0.035107173477401755,0.052978032930745086,0.07036560519274353,0.07597104994350394,0.07268164224665156,0.0655702298639316,0.05887932917076294,0.055039152062699936,0.05312279601162236,0.052221517330222234
4236.7,2709.6803347357063,93.0,0.017089508107289094,0.01732619615808164,0.01783856605389707,0.018568410050784242,0.01932429040402986,0.020030532504940135,0.021371566383607363,0.025449766664759774,0.035721430356926674,0.05349851899915722,0.07039240208514971,0.0757289002960864,0.0725186355755543,0.06553253871878408,0.05891060885466583,0.05509236122076266,0.05318234510934816,0.05228349020474579
4236.8,2712.862236682602,93.0,0.01619305419629332,0.016472886956145648,0.017098907922592808,0.018041697426662107,0.019094761219517198,0.020087674425474482,0.021624186790043385,0.025864878423138088,0.03631851175407181,0.0540090886388222,0.07039045877595156,0.0753691930726791,0.07213935450580329,0.0652643190348115,0.058744664895739644,0.054968851077101484,0.0530765720159996,0.05218762631269979
4236.9,2716.0345071629195,93.1,0.01482277112331175,0.015169273326456787,0.01597587413242819,0.017262327618819347,0.018792754047262744,0.020203933764977523,0.021929705567066343,0.026233822676452263,0.03675809492226714,0.05426491354930265,0.0701575979707474,0.0749284898411246,0.07185798715894964,0.06521055439735039,0.058801549855946336,0.05503376971236516,0.053129980326369945,0.052238153822429544
4237.0,2719.206415106003,93.1,0.014060502030290578,0.014429842306679057,0.015307832144514793,0.016755308450278082,0.018546381276920786,0.020230484853067148,0.02213681074804792,0.026586686857075593,0.03728439707274228,0.05470454800782565,0.07016298378985628,0.0747242951566177,0.07180200650690206,0.06530039453566625,0.05892427196817353,0.055130550820603606,0.053193773011307934,0.05229205684579417
4237.1,2722.288378765836,93.1,0.013353744293981307,0.01374297719760569,0.014679621217914697,0.016263461239608912,0.018298995717727307,0.02024966717952291,0.022331836094667146,0.026901047086572365,0.03776074381181523,0.05510000470851554,0.07002139485849383,0.07434114580682842,0.07154325242341199,0.06532737528240137,0.05908403035002544,0.05530305839244397,0.05337745859564924,0.0524755114277166
4237.2,2725.370342425553,93.1,0.012749323781842433,0.013149258959771638,0.014126198281647094,0.01581796218656796,0.01805857738685474,0.02025000941404453,0.02250012372078445,0.02719547796858564,0.03819725882928811,0.0554346046276017,0.0699442440354511,0.0741598092080667,0.07164687406416168,0.06570698997050932,0.05954173357004303,0.05572777610923774,0.05375007710354296,0.05282046494910415
4237.3,2728.452306085237,93.1,0.012164378163227126,0.01257246647379804,0.013583723142970338,0.015375334940356046,0.017816772354583312,0.020250500027091146,0.022664654686507513,0.02746903708542296,0.038580855145353136,0.05570834202678433,0.06990355909658737,0.07416957284527453,0.07202518847449048,0.06631177577205934,0.0601445268092914,0.056265244376215294,0.05422522467556964,0.05326081022122705
4237.4,2731.53426974507,93.1,0.011675684664022449,0.012088408565135203,0.013123350363350814,0.014992245118744392,0.0176012003419086,0.020247711191760564,0.022812000657610063,0.027718397399914208,0.03891902283998086,0.05590257581722997,0.06975282814401015,0.07403103626708789,0.07222445594395566,0.06674499092727841,0.060599055009073914,0.056669782701314356,0.05457943628827186,0.05358833534442424
4237.5,2734.616233404787,93.1,0.011198884466415844,0.011615414796640595,0.012671869880164157,0.014615114544723324,0.017390816893513978,0.02025078232686311,0.022959722465695533,0.02795481718354821,0.039221267445445344,0.05606756753715411,0.06967662645049467,0.07409044007804526,0.07267378769465974,0.06737901295177388,0.06118828094446869,0.05718374191586334,0.05503407032918779,0.05400928193261261
4237.6,2737.6985701807553,93.1,0.01081256312397559,0.01123116262846705,0.012302672574607069,0.014303495426745345,0.017215755190855813,0.020256232274983008,0.023089693353266758,0.02816148973212531,0.03947215695074633,0.056173114505645466,0.06959165627505656,0.0741972197219279,0.07312876644543159,0.06787543599500535,0.061544331268065355,0.05746274825893627,0.05528161575638123,0.05423833796627188
4237.7,2740.780533840439,93.1,0.010443551085355107,0.010863430201769306,0.011947664855291064,0.014001700076401719,0.01704586541451406,0.020263795596218208,0.023218441931264846,0.02836252264407741,0.03970681668365342,0.05623950188278026,0.06941762327056168,0.07411510389903098,0.07329015374424357,0.06803878690589688,0.061585794469457576,0.05745829679122283,0.055275182534773384,0.0542306985416137
4237.8,2743.862497500156,93.1,0.010149190988472551,0.010569561226629881,0.011662683931320665,0.013757766309322484,0.016908046655477352,0.02027003858694085,0.02331647610162133,0.02849612211898355,0.03980792675284103,0.056129944953395634,0.06915946271813714,0.07412576697465487,0.07363688782006354,0.06833455054972076,0.0616847473006356,0.05748723464208348,0.05530021703090572,0.054254396414474305
4237.9,2746.9344675521374,93.1,0.009857039039901075,0.01027592240067566,0.011377994518809333,0.013518049359190949,0.016774111227572035,0.02027795453567611,0.02339613859172528,0.02861175657457465,0.03986383210349437,0.0558683423476431,0.06879228029417378,0.07396332444232284,0.07391342886509156,0.06872829103245649,0.061972965031937964,0.0575971208132872,0.055261566514565263,0.05420656904935122
4238.0,2750.0164312118545,93.1,0.009626580263961742,0.010046507173695018,0.011157166794285262,0.013332557706443657,0.016675803753403082,0.020284885453177717,0.023439429531426297,0.028623329564862132,0.039764743819685436,0.055493287383374376,0.06823754973569282,0.07367830072553538,0.07409348089131573,0.06913291254974055,0.06234954339158561,0.05790279227374136,0.05551834552295655,0.05444334223169383
4238.1,2753.049663810927,93.1,0.009267703474811918,0.009689127758927836,0.010813029860586444,0.013044387958901556,0.01652533550482507,0.02028901799464115,0.02346723603458137,0.02856258785306157,0.03954397683857415,0.054968832849322476,0.06750639258442025,0.07319349288209484,0.07414012831669894,0.06957161304731656,0.06286798124697954,0.05835536791811455,0.05589488630174184,0.05478714932105008
4238.2,2756.0833744102233,93.0,0.009319644258165257,0.0097404159682121,0.010860364981659498,0.013076424272797928,0.016519744091309727,0.02023393317400431,0.02338115719255863,0.028452970510969396,0.03936023147746578,0.0545685570190705,0.0669540983418934,0.07296282596835613,0.07449932002598122,0.07030533727816851,0.06361371615666239,0.058999349819082274,0.056458074328367566,0.05531158414971383
4238.3,2759.117085009403,93.0,0.009070041995012526,0.009489392740922269,0.01061166496552852,0.012852344137249352,0.016369516104101124,0.020169286142290226,0.02331478462135186,0.028300792708029782,0.03906405913322426,0.054008548562620426,0.0661793997628016,0.0723280227334355,0.07428191750596246,0.07049930147542711,0.06395187257549549,0.05930142460812318,0.05670015247963716,0.05552988374503398
4238.4,2762.150795608653,93.0,0.008884660459935904,0.009300364201289154,0.010417205084454756,0.012661328811258588,0.016211441147880506,0.020059138152989583,0.023201804425972326,0.02812236072710074,0.03877307188787048,0.053521181425457344,0.06556147772421378,0.07189419975666411,0.07422185014189246,0.07071050709879828,0.06420295655982164,0.059503226764122175,0.0568602797891125,0.0556763113042679
4238.5,2765.1840282077683,92.9,0.009083659834934837,0.00949431812684623,0.010590753742739175,0.012771364769997186,0.016184241469228144,0.019883451349723472,0.022985503424607995,0.027928699836356433,0.038575217919490416,0.05320433872892368,0.06500217015479412,0.07120301463661442,0.07353941223194374,0.07016383620252786,0.06376583444496538,0.05910770839483971,0.056499219030005855,0.05533817219298821
4238.6,2768.217738807018,92.9,0.008968378633181152,0.0093736998277218,0.010457860413703954,0.012620735733425212,0.01602172218186079,0.019724095714326404,0.022818498070336375,0.0277079910919627,0.03824160826957469,0.05267402857210132,0.06424018256916873,0.07030006735217394,0.07261087931492129,0.06938349086994092,0.06314575597058322,0.058557061027014724,0.05598648587554083,0.05485492197987953
4238.7,2771.2414616778383,92.9,0.008878155548239359,0.009277487701444596,0.010346800147066638,0.012484015796283679,0.015856065879427984,0.01954261112175862,0.022620973530223406,0.02744791133836296,0.03784962221959196,0.052094126543237376,0.06348591489801303,0.06946239197431238,0.07178564852715195,0.06874211485868965,0.06268834638558717,0.0581660760765476,0.05561770817020767,0.05450631312976285
4238.8,2774.274694276911,93.0,0.008557613050847688,0.00895019280083519,0.010008940720884514,0.012150561664221305,0.01558226945702301,0.01936806169875044,0.022467392675608534,0.027192711993722446,0.03740465333238985,0.051429934473733854,0.06268247281935369,0.06858409459201154,0.07088111030198664,0.06797793032640724,0.06210281468761701,0.057659666356135786,0.055139544659093896,0.054055701386559366
4238.9,2777.308404876207,93.0,0.008546518187610786,0.008931436099976237,0.009968259266965446,0.01206121420104531,0.015412807202541855,0.0191275242434031,0.02219899585344522,0.02687095773695192,0.03695096286400783,0.050843626360206895,0.062058309245573436,0.06799957595693923,0.07039201866800371,0.06772188581870282,0.062036874083435736,0.05763681121796056,0.0551051861557642,0.05402059657329884
4239.0,2780.342115475457,93.1,0.008303917166791651,0.008679666593229917,0.009696667167396202,0.01176623006970011,0.015118497813517756,0.018870602611747785,0.02195068279769866,0.026537807416597947,0.036450906459971066,0.05022081513719334,0.0615091066536488,0.06766453402293085,0.07030147631321267,0.06781634071621824,0.06217708115885668,0.057752655526895444,0.055189796405693506,0.054101518312310484
4239.1,2783.3893601324385,93.1,0.008068821944766148,0.008434214218837487,0.009427460447590172,0.011463792758343078,0.014798450193186825,0.01856959982423173,0.02165248238217147,0.026155718405300402,0.035916250450930075,0.04962287616977693,0.06104484231529072,0.0673911948873598,0.07020320825002313,0.0678775287825761,0.06230427862106789,0.057871386325705515,0.05527911034140041,0.054186714730554274
4239.2,2786.4366047895364,93.1,0.007906286578210785,0.008261335980905116,0.009228677095077303,0.011219490258096796,0.014500929841177205,0.018242352377719078,0.02130783872252977,0.025739203745914718,0.03538666039507552,0.04909497787231921,0.06065872070527279,0.06706743530730029,0.069819595201165,0.0675012670917421,0.06200847176400404,0.05762820038531075,0.05505200443591092,0.05397600648479395
4239.3,2789.4845549204474,93.1,0.007743393082416871,0.00808780558363228,0.009028104210154934,0.01097020874684547,0.014191858030868745,0.017894507144454546,0.02093788408595852,0.02529734658552636,0.0348405320957683,0.04854533867593662,0.06017801483780004,0.06653553873412614,0.0691436427782937,0.06683470524947258,0.06145458168129102,0.05715554286988847,0.05461742878249271,0.053570152675881305
4239.4,2792.5417758806593,93.0,0.007856882488611022,0.008190483152738327,0.009095850102755968,0.010947051600793007,0.013988569365645274,0.017493646929726058,0.020465187814810014,0.024818601195644538,0.034375313686683055,0.048200123627656445,0.059879879067162446,0.06600047732256294,0.06820846960419144,0.06579400672163883,0.06056858645390905,0.05641131304796791,0.05395278677978508,0.052943631876030066
4239.5,2795.5890205377573,93.0,0.007721274211889444,0.008042935196794092,0.008916930018904562,0.010707911209147877,0.013666609846834892,0.017110907977364392,0.02006462288493352,0.02437129985380408,0.03385150041310002,0.04766679793623368,0.05930784985788648,0.06517124936359966,0.06698446995008117,0.0645143109012574,0.059463848440039865,0.05546846217797256,0.053104787819921666,0.052133475617476915
4239.6,2798.6362651948552,93.0,0.007593883909263722,0.007903029319478472,0.008744105458867005,0.010470627397752662,0.013336372698446083,0.016708581529048194,0.01963957375980254,0.02390486883284368,0.03331787937572308,0.047155778953412636,0.058854590485396124,0.0646580043040912,0.06631840148731159,0.06390217083680283,0.05898591563490853,0.055079214394517836,0.05275181832155993,0.051786177361223415
4239.7,2801.684215325583,93.0,0.0074823581316303895,0.007779016122788206,0.008586942727547217,0.01024710935407741,0.013013032093443375,0.016303137950303942,0.019208263047749315,0.023441738281276943,0.03280622587087556,0.046709750228005664,0.058546479303331615,0.06435914970817458,0.0658728753134225,0.06343428708384458,0.058587035905675815,0.05474517609479644,0.052449831811600386,0.05149120019940384
4239.8,2804.731459982681,93.0,0.007383050245256394,0.007667486601047853,0.00844268846533154,0.010036194521755871,0.01269854509096264,0.01589766862725135,0.018771312541690607,0.022976255770529506,0.03229830736624161,0.046293466259177546,0.05838412498546286,0.06441320698263732,0.06595095418253,0.06345634329329677,0.0585515705522627,0.05469753694766141,0.0524031450430736,0.051447506010384336
4239.9,2807.788680943009,93.0,0.007324720471523258,0.007597241695238614,0.008339569738580839,0.009862789087217962,0.012408016627077603,0.015492691876238921,0.01832150251547577,0.022504596578311296,0.031808371747886297,0.045950765154133356,0.05836811992936793,0.06465224521917838,0.06619365781168107,0.06353047328728934,0.058450392328001595,0.054543325453611756,0.05225882499885725,0.05131902244547572
4240.0,2810.8359255999903,93.0,0.007264253369888294,0.007525113824145441,0.00823534105252814,0.009690221868485652,0.012121754625413421,0.015093553377085659,0.017876688025516924,0.022042228288009214,0.03134710177784321,0.04567997202262797,0.05847700143667515,0.06504866057738931,0.06662664959899164,0.06382999667434419,0.05858782539845754,0.05461456880316328,0.05231744380255319,0.051383381999879206
4240.1,2813.981239574835,92.9,0.007244742566546156,0.007493258858698311,0.008168871276019082,0.009547992106221918,0.011849794597146522,0.014690167076467303,0.01742570854838044,0.021587156125480084,0.03089748586926562,0.04541050092693391,0.05858314712628907,0.06545793721670166,0.06708198749268193,0.06414551279609876,0.05873577803141835,0.05469494087337659,0.052385640143184406,0.0514591890546448
4240.2,2817.1365050153063,92.8,0.007267014253670221,0.007501506696925736,0.008137436344763075,0.009428924576820555,0.011580078892304385,0.014270938826151408,0.01696812768974099,0.021163713979601765,0.030525647555066034,0.04524393941524136,0.05873015395898416,0.06573808192888131,0.06719894196548448,0.06401627395220845,0.05846001058226129,0.05440204518217103,0.05212256038530435,0.051220723721625346
4240.3,2820.2917704558695,92.8,0.007085857667799925,0.0073069210026403385,0.007908867857323136,0.009138322865558936,0.01120970276414441,0.013857604338564021,0.01658093215532531,0.02080379486596753,0.030151354475134576,0.044964442636950416,0.05873573762579964,0.06598995561560446,0.06749345167775245,0.06425373414774627,0.058598969267972784,0.0544964433076159,0.052201323810476416,0.05129923037415185
4240.4,2823.447035896341,92.7,0.007148108716299617,0.007352362892359933,0.007907206381552243,0.009034022646727504,0.010933183045996765,0.013418065880013546,0.016125024388470455,0.02043245588566539,0.02984887777093253,0.04481252139446524,0.05884593733480919,0.0663035502026935,0.06784746400452303,0.06458808436197437,0.0588805987052391,0.05473512812966983,0.05241189531061126,0.05150859144004469
4240.5,2826.601334550555,92.7,0.006993762064741299,0.0071828239529398525,0.0076986695619928845,0.008752159606254977,0.010552784174566994,0.012981330204051315,0.015737440782224374,0.02012652581087965,0.02954808601335918,0.044550849073792274,0.05884070834055033,0.0666416816753606,0.06839528875700594,0.06520702155168887,0.059432751894864355,0.05521610386556459,0.05283828285859863,0.05191906788041822
4240.6,2829.756599991118,92.6,0.007092249487161647,0.007263130875584809,0.007728534691832849,0.008673551703113333,0.010293827498239174,0.012547357382478834,0.015287297049218647,0.019791661449803166,0.029304334856122462,0.04443604424705939,0.05902736754654219,0.06720176890482947,0.06921322645084754,0.0661074951323404,0.06023982316927221,0.05590847919530695,0.05345412200417459,0.05251936198482648
4240.7,2832.901913965871,92.6,0.006974070261019208,0.007134337346732754,0.007566297521738204,0.008441861123155502,0.009955087921509098,0.012130905141724827,0.014911985157457851,0.01954629204633818,0.02905787609645721,0.04414129473438191,0.059045412824712463,0.06749417364711185,0.07000852070830431,0.06710755484502232,0.06165985317501321,0.05737410212543363,0.0549618806917315,0.053799674270386816
4240.8,2836.057179406434,92.6,0.006869669136678076,0.007016385109679321,0.00741362112400222,0.008224564664364725,0.009645274296177751,0.011749217851833721,0.014559777738883402,0.01928918638522605,0.02882707505748388,0.04386881213839707,0.05897945222687944,0.06788769827886325,0.07073630364858398,0.067896726729423,0.06229419559854635,0.05787475053073469,0.05542265675798649,0.05424477885226557
4240.9,2839.21244484679,92.6,0.00674406245731154,0.00687711685582225,0.0072439834797048,0.008002815650884171,0.009356954100777424,0.011398939157214181,0.014241817652425754,0.01902906419409213,0.02863332840497656,0.04365490158039017,0.05897145719819449,0.06851739290248418,0.07147085519776336,0.06904003786841714,0.06332046497457398,0.058879067596344155,0.056667475123451015,0.05581511459121279
4241.0,2842.366743501004,92.6,0.006641966384148231,0.006764316670159796,0.007103258911606101,0.007809891551791957,0.009089255296712551,0.011072365761598252,0.013931564487790716,0.018796010272935905,0.028406311293560728,0.04336997438942627,0.05889312747937916,0.06899610053652519,0.07241684082832084,0.07003752617568158,0.06405704741023159,0.059399365466713636,0.05708078342103539,0.05619701507660031
4241.1,2845.690897528814,92.6,0.00641621773486085,0.006531592280282192,0.0068533050539029425,0.007531128752771994,0.008780197150822313,0.010763920510065103,0.013680246596363061,0.018621691183281636,0.028213094654991628,0.04307582647835484,0.058813255128568914,0.06950465711193243,0.07330903003779299,0.07089168039881216,0.0646796849086163,0.0599026435264101,0.057530110020154956,0.05661716939281953
4241.2,2849.015051556512,92.5,0.00647452179971673,0.006599632260392485,0.006927431843538991,0.0075637030057319945,0.008642042664521734,0.010263836015419294,0.01243584450576054,0.01541049412834417,0.021135077637965374,0.0341514012001035,0.05475191006560988,0.07254659154995527,0.0790458423968324,0.07592748259483464,0.06860070770730083,0.06264647140054713,0.059370996448007175,0.05811594695370738
4241.3,2852.347948194583,92.4,0.0064899612789316476,0.006605385857864747,0.006908037860584682,0.007495091451698399,0.0084904463343466,0.010000277249505158,0.012079167848078167,0.015035863835080767,0.020762265198580154,0.033763544917201425,0.054792102060136974,0.0734993157360897,0.08025368246265129,0.07679681478999496,0.06913432554958465,0.06302622107619428,0.05970222796260415,0.05843202750143846
4241.4,2855.672102222281,92.4,0.006326891952025206,0.00643584009049703,0.006722586330400611,0.007281041318402441,0.008234003261941852,0.009695842368540201,0.011741524340819449,0.014674255044824357,0.02031167195753464,0.03319135589756984,0.05464412086108148,0.074352917413563,0.08130203631512553,0.07742372587172217,0.06945525255305919,0.06324394031715368,0.05989665355727607,0.05862102389760385
4241.5,2858.995067765287,92.3,0.006374689434541264,0.006474041541874793,0.006736112725693114,0.007247009965005474,0.008120721710086074,0.009474669614211147,0.011423427097568406,0.014323339903944634,0.019941834510315868,0.032778722378037355,0.054694430183315844,0.07529308698368888,0.0822700585803508,0.07794211314021804,0.06971000805911429,0.06342811388953705,0.06007250923462243,0.05878989772706715
4241.6,2862.3291493479605,92.3,0.006244685206685121,0.006338632898486963,0.006587469958873806,0.00707465449190537,0.007912810857179788,0.009224046653097806,0.011135754413290006,0.013996314065715283,0.01950083072635233,0.0321851669250426,0.0545874308337676,0.07631307131804023,0.08350411384233608,0.07874173826405767,0.07016307387861526,0.06374504462368014,0.06035237256531549,0.05905899933741853
4241.7,2865.653303375655,92.3,0.006144154881182143,0.006233148300522619,0.0064697349548984056,0.006934655411984975,0.007738388648486745,0.009005468815586367,0.010873118948953263,0.013682735301367531,0.019059105923091173,0.03156562696945615,0.05446775411677734,0.07742465392021061,0.08479997042466139,0.07946929594036353,0.07047632092434065,0.06392227648138944,0.06050954978154551,0.05921495003728039
4241.8,2868.9762689186673,92.3,0.0060404182424510025,0.006125726561653703,0.0063531950987094155,0.006801494836504142,0.007579217592421811,0.008811214832597145,0.010637519083394461,0.01338552575141884,0.018619056886972133,0.030951377623640496,0.05433822823449965,0.07841120582417206,0.08594681715007474,0.08024014540513096,0.07096467626768914,0.06428831165125821,0.06083189920246558,0.059522283047554
4241.9,2872.310350501337,92.4,0.005811620412401438,0.005896906584612869,0.006124854650427129,0.006575328970023101,0.007359119754689738,0.00860084645867138,0.010423182700647285,0.0130920754955147,0.018088650970502603,0.030121416551239306,0.05397752037745104,0.07958735226824891,0.08776921936599216,0.08180195697708875,0.0721055288666073,0.06517533798281251,0.06160387242479397,0.06025479270411268
4242.0,2875.633316044349,92.4,0.005739424598955388,0.0058231506960685605,0.006046941099561944,0.006489025768170905,0.007256908638847429,0.008468563543298667,0.010233450285338478,0.012791217848314758,0.017575561604449706,0.02937177713111745,0.053751510738258006,0.08074433582779611,0.0893173428182601,0.0830910513793218,0.07309789611876767,0.06599488111651959,0.06233354205582485,0.06094260779217282
4242.1,2879.1224563395954,92.5,0.0054843428464555035,0.005570321413455938,0.005800383847523923,0.00625561412656884,0.007047457826605851,0.008290935862571196,0.010060591351836286,0.012505606042729368,0.016983236595442163,0.028415020681390308,0.05322728983127419,0.08175547358350346,0.09109046672624968,0.08484242837781454,0.07451858951199807,0.06714064118408475,0.06332601237391661,0.06188128268465018
4242.2,2882.6016803911116,92.5,0.005397993593185497,0.005484684895683911,0.005716338385933773,0.006173850195490121,0.006966660090004248,0.008199229030576087,0.009914923301697394,0.012209787615265888,0.016395013021421972,0.02749262268645636,0.05281534372844581,0.08285448943535734,0.09269336811428185,0.08628084902988231,0.07565230590873828,0.06806158223397853,0.06413233629436209,0.06264315299892251
4242.3,2886.0809044425123,92.5,0.005321690802739317,0.005409531948263816,0.005643835141183656,0.006105414065055351,0.0069017300262118825,0.008125332092858024,0.009784383342472934,0.011919006131329249,0.015796095219506763,0.026528350240999553,0.05235858199267009,0.08395330062860051,0.09431280893651885,0.0877687838781851,0.07684049693808921,0.06903018273515216,0.06497978309085417,0.06344412080672904
4242.4,2889.5700447377535,92.5,0.005275754721028057,0.005366090265183794,0.005603456264329512,0.006069685024670978,0.0068651712410310786,0.008074220679645128,0.009665026786858731,0.011626648489068806,0.015189436092168258,0.02551304345232733,0.05182197563543095,0.08492974793726137,0.09564721345959543,0.08897192239732232,0.07784373087071679,0.06983678248763443,0.06575916783009308,0.06410408263506498
4242.5,2893.049268789154,92.6,0.00511307342175471,0.005205896602988407,0.005449669176848765,0.0059287697213409535,0.006745974111221001,0.007977864974867337,0.009545550677923464,0.01135120641341719,0.014565042442528096,0.024407018063710918,0.051164241295529655,0.0860630761396268,0.09727744910662364,0.09037717165204759,0.07890622188922605,0.07067775889409536,0.06649841135268571,0.06479518859529737
4242.6,2896.5384090844004,92.6,0.0050968992987315215,0.005190604860921086,0.005435990640177983,0.005916128012936043,0.006728806878103771,0.007935027554916901,0.009423639040017652,0.011067867999723162,0.014009181063173394,0.023480084516539323,0.050813196314374934,0.08746885617843075,0.09885815469990064,0.09154433761790898,0.07971447690429699,0.07130664132945203,0.06705578668415166,0.06531782163879044
4242.7,2900.016353879943,92.6,0.00507061251406825,0.005164758671837266,0.005410708748514602,0.005890088112562841,0.0066959322440859155,0.007875193352556618,0.009289596554003434,0.010789452475794277,0.013485417581887916,0.022584210707710977,0.050395720197107655,0.08892171895225061,0.10075893326886395,0.09320441870524114,0.08100311284993554,0.07235354612051358,0.0679803113298325,0.06618169401529161
4242.8,2903.505494175069,92.6,0.005053305803243601,0.005146859285069188,0.005390705998645817,0.005864167608062456,0.006654768469875072,0.007797420017893276,0.00913762317635124,0.010517923785941862,0.013018854815664966,0.02179630922152748,0.050074876177710906,0.09048852616838857,0.10257714497392284,0.09461056463848483,0.08200644534691098,0.07314191700235563,0.06867716373269919,0.06683461498312052
4242.9,2906.98471822647,92.6,0.005022753331270972,0.005114648078159192,0.005353802650008865,0.005816975630552967,0.006586954742292675,0.0076911271139829505,0.008969043770548106,0.010261138783439726,0.012610750212491376,0.021088759507975594,0.04964190645327581,0.09176879900086282,0.10410442935187347,0.09580246348176451,0.08289645515296144,0.0738594460909876,0.06931264809921887,0.06742832717085671
4243.0,2910.4738585218315,92.6,0.004972472817268979,0.005061644674388658,0.005293580949745082,0.0057424071576014325,0.006487458432167438,0.007553742422247405,0.008784211333557548,0.010018761539719158,0.01225221938776377,0.0204278598036787,0.0489742678379663,0.09263889186708088,0.10543576938552239,0.09700517999952403,0.08390826646031264,0.07471236932162009,0.07006740282737646,0.06813033682995584
4243.1,2914.07210809625,92.6,0.004947805130032173,0.005033188811623409,0.005255142775257336,0.005684242767015236,0.006395594754031801,0.007413914111922374,0.008596065233831284,0.009794758468904676,0.011954462326672986,0.019858386197565643,0.0482032636772227,0.09319208323378897,0.10651959569338659,0.09815864521654169,0.08502934779997272,0.07570704472814302,0.07094942828414642,0.06894686643469145
4243.2,2917.6815401844965,92.6,0.004911043580325256,0.004992329917045139,0.005204008765266771,0.005609303634434679,0.0062852329623073015,0.007259867680038048,0.00841042044312209,0.009595538786635242,0.011719538783214658,0.01937734350104629,0.04736728132473943,0.09357364357750472,0.10755493507972687,0.09919258636436375,0.08568865772291986,0.07608426610512302,0.07105083549613297,0.06892266948441196
4243.3,2921.289711466559,92.6,0.0048489834795970585,0.004925986872681035,0.005126891145466806,0.005512318121463616,0.006158181816870774,0.007099242170424891,0.008229740833581752,0.009415987995368951,0.0115017032063287,0.01889923987713076,0.04628251091697208,0.09357908733635545,0.10845932609647303,0.10032450211168899,0.08695257577708065,0.0772957881570001,0.07215885803401721,0.06996904423781367
4243.4,2924.8991435548055,92.7,0.0046506316253621385,0.00472495017710928,0.0049200213522611275,0.005297139992467425,0.005937069434373352,0.006888559220740069,0.008056498828365215,0.00927592739665646,0.011314437022149255,0.018427727477206925,0.04504217605825969,0.09348032453855508,0.10970211006028903,0.10179166892539572,0.08838182458226407,0.07855178700077518,0.07323694379501865,0.07095644515184295
4243.5,2928.507314836752,92.6,0.0046746323007503,0.004744094516454976,0.004926387619119249,0.005278370407225823,0.005875805035918898,0.006768374185782614,0.007886097593186654,0.00910320947262736,0.011158425851020655,0.018152344280613967,0.044443332757954215,0.09406613730159769,0.11086114877545139,0.10253835797217187,0.08900562222821357,0.07912247499261178,0.07373020999548496,0.07140439963019965
4243.6,2932.1167469249986,92.6,0.004565942997873106,0.004632167004347116,0.0048065985669644975,0.005144869616724461,0.0057233229612824975,0.006599525408872916,0.0077199468041728855,0.008959745344599,0.011009520770255722,0.017838862839237135,0.04360023192013923,0.09430342376705926,0.11185796195508697,0.10306179376366037,0.08936533318012334,0.07944529574836708,0.07400490033587512,0.07165272081760729
4243.7,2935.714996499417,92.6,0.004469097969052787,0.0045322432216760985,0.004699137159314432,0.005024143745105782,0.005583728969723811,0.006442336111087351,0.0075628337632422885,0.008824997355815252,0.010877496654216298,0.017573172328501644,0.04286992527248411,0.0946313258240479,0.11281156786827502,0.10323190491580526,0.08924441084211386,0.07932474966934962,0.07390091736607284,0.07155645456555959
4243.8,2939.324428587779,92.5,0.0044783044756508015,0.004537683057505571,0.004694769532160462,0.005000837771234709,0.005528696044896084,0.006343271437455151,0.00742522772164039,0.008685569005608,0.010755095180450874,0.017370720424712622,0.042402000620708556,0.09533024685633353,0.11412095210904138,0.1036611781125633,0.0892233935406304,0.07925091464348316,0.07385014759618533,0.0715161024037141
4243.9,2942.932599869726,92.4,0.004487140061635989,0.004543237575410995,0.004691812263680853,0.004981565640068253,0.005482309321201111,0.006259386770652735,0.007307974898841974,0.00856535923423336,0.01064838603875322,0.017197387960181908,0.042021043831115885,0.09594390312451961,0.11516681335977802,0.10386183973488415,0.08898396832207929,0.07896527947096359,0.07360914630595182,0.07130054215025462
4244.0,2946.5420319579725,92.4,0.004389106801636455,0.004444030247922033,0.004589962853496812,0.004875787413372541,0.005372691735102357,0.0061511484802375315,0.007212677067346696,0.008484982397874248,0.010548576334956556,0.01697085924093457,0.04142082460611833,0.09620749300789218,0.11631296238486438,0.10443523356958595,0.08910602738388769,0.07897514014809895,0.07362089609760519,0.07131953270173215
4244.1,2950.1542473448094,92.4,0.0043863791373636276,0.004439603080240472,0.004581149873225784,0.004858615122572048,0.005341652552306995,0.00610049147183787,0.007141749585989866,0.008400898344290588,0.010441405410862291,0.01675598158595809,0.040967334629539755,0.09667324063488528,0.11758260247194491,0.1051208318450766,0.08930012357597071,0.07903902637764904,0.07368318940220056,0.07138433127681426
4244.2,2953.766462731427,92.4,0.0043961848475442995,0.004448037835515162,0.004586003765800171,0.004856487355842873,0.0053275844480880985,0.006068339288905785,0.007087740575318714,0.008326863731846925,0.01033684495345788,0.01655258439627768,0.04059246842142583,0.09710982154558073,0.11876647697776926,0.10597217846494364,0.089791647438132,0.07939298197023763,0.07399507082734028,0.07167499321311498
4244.3,2957.379799139774,92.4,0.004410593354517401,0.004461369592159815,0.004596473014657783,0.004861208583723688,0.005322093800196933,0.0060462955519564624,0.007042820596099639,0.00825580719523453,0.01022686645418578,0.01634192844571375,0.04021656357666581,0.09751569029388434,0.1199970824698158,0.10674371144491769,0.09010249038987282,0.07956811238684496,0.07415423172057131,0.07182575785937183
4244.4,2960.992014526611,92.4,0.004422951544473052,0.004472941185673809,0.004605906356455121,0.004866185992223085,0.00531890418675589,0.006029037732423001,0.007003699994068153,0.008187391033638558,0.010114592640640394,0.01613332748363755,0.03985763032875905,0.09768507990722398,0.12072957173883456,0.10711658821541085,0.09013367770672168,0.07950789618532329,0.07409535983057905,0.0717705362777172
4244.5,2964.614168581781,92.5,0.004352114693364226,0.004402658049440523,0.0045372096050044905,0.004800865758311787,0.005260099910972232,0.005981073499278093,0.006965062627830316,0.008133991668241232,0.009996649958574456,0.01586402438948614,0.0392321691008217,0.09742263341121353,0.1214426173966797,0.10771562772539814,0.09045085965769907,0.07971086762854937,0.07426005790183941,0.0719193760349842
4244.6,2968.226383968502,92.4,0.004499698725059487,0.0045478432808899886,0.00467558145866485,0.004924114899274841,0.005353856997728163,0.006021441271004006,0.00692917289818523,0.00803232060502227,0.00986727363033672,0.015701097356352074,0.03918320309949268,0.09800322338632378,0.12208738544509679,0.10789095995884847,0.09029064081753986,0.07942461859501314,0.07394530425032583,0.07159648637979335
4244.7,2971.839720376849,92.4,0.004551050915961235,0.004598352440083963,0.004723333885167919,0.004965307795700617,0.005381721156559427,0.006024547249122165,0.006892363374798795,0.007949945853405504,0.009739348136506985,0.015504686489797817,0.03893957232465981,0.09838575662862653,0.12273117158136224,0.10810410304036763,0.09018625457360857,0.07921899970851168,0.07372390096383777,0.07136814301584928
4244.8,2975.4519357635827,92.4,0.004631536229670112,0.004677581555279095,0.004798735843206539,0.005031830675638741,0.005430467183504743,0.006040464037364597,0.006857450062264169,0.007860520154131691,0.009607204896531692,0.015325948958057436,0.0388621444307938,0.0989791389183629,0.12327298485327695,0.10809198643488666,0.08986713166919971,0.07886551897412902,0.07340873336972283,0.0710682359500266
4244.9,2979.0641511503036,92.4,0.004726141484903218,0.004770968730754145,0.004888253060524989,0.00511208089808618,0.005491719239012886,0.006065941711095334,0.006826289232115002,0.007765725216085681,0.009458915110458987,0.015119229658520963,0.03879148198440752,0.10004525742613336,0.12494733302841128,0.10924183251035471,0.09045207449294047,0.07925423000277285,0.07375036908536216,0.07137513721613167
4245.0,2982.6763665370245,92.4,0.0048208271120023455,0.004864863579036912,0.004979247247664887,0.005195349476771547,0.005558015624832705,0.006098403523827544,0.0068019571555537105,0.0076727784129036886,0.00930503252821827,0.014912975157721916,0.03883182287415603,0.10152824920302277,0.12687532894631187,0.11033149663777125,0.09084162360728971,0.07944736871722224,0.07392613611894105,0.07152888436816038
4245.1,2986.2009232466917,92.3,0.005055474603159731,0.005093272094795737,0.0051928983518982775,0.005389864555571625,0.00571203172860022,0.006179409048597942,0.006780218949551821,0.007553335757247629,0.009133343790259572,0.014765516767204613,0.03932571687496869,0.10392951212896713,0.12912389891556905,0.11138636594752618,0.0913885688731462,0.07975326836736042,0.07432732706558681,0.07205117307750585
4245.2,2989.715521374528,92.3,0.00517495346918833,0.005214134254384377,0.005314268775102368,0.005504310095231113,0.005808960748668172,0.00623688622052384,0.006768793406496325,0.007464585034489301,0.00897566717543871,0.014548359623521336,0.0395280374474675,0.10630420083157419,0.13191704119383477,0.11304601240443934,0.0923786729118854,0.0808396178860707,0.07563282221668859,0.07332007469410746
4245.3,2993.241000065446,92.3,0.0053098896261570125,0.00534855871812036,0.005446551262141651,0.005629450325781014,0.005914627786172315,0.006301277512366804,0.0067633778872487295,0.0073732909410100045,0.008807803502643489,0.014343770925298458,0.03990560606250057,0.10898876123831412,0.13445843880066444,0.11412336755926508,0.09265419015162443,0.08094963151522419,0.07575377646755473,0.07344844295115188
4245.4,2996.7555981932824,92.3,0.005460087710954699,0.005498111130274779,0.00559360047734743,0.005767792351934644,0.0060300354874859114,0.0063693945668145254,0.006754753193601328,0.007273738543577623,0.008628306565859362,0.014124524219038929,0.04030208580283208,0.11140991505628617,0.1359463580426105,0.11412241137169576,0.09214366884181366,0.08044131030606466,0.07531780730253057,0.07307323210684298
4245.5,3000.2801549029496,92.3,0.005619031566125473,0.005656110213567778,0.005748244780796066,0.005912135512141012,0.006156053898121484,0.0064689941025557795,0.006846518873756597,0.007415346181114947,0.00876547129530694,0.012963805768154634,0.029528825586943593,0.09942584312571505,0.13936343886388533,0.11554929794486701,0.092107489315433,0.08064959562280581,0.0756387057176219,0.0733840132040984
4245.6,3003.794753030786,92.3,0.005813112824681015,0.005848481983142237,0.005934383816584297,0.006081989214409118,0.006290519874051529,0.006539910208438357,0.0068279321625238955,0.007304955422583224,0.008590979607017324,0.012773317748654985,0.02956375986243997,0.1008791221077244,0.138942233945761,0.1146881661935265,0.09149503039913326,0.08019717671134877,0.07525477366786247,0.07302831464820722
4245.7,3007.319309740538,92.3,0.0060236638030667445,0.006056972185030028,0.006135378537539596,0.006263519652445485,0.006431112557206893,0.006609931526755432,0.006803571119220559,0.007188897380182911,0.008414764327447196,0.012588618982094587,0.029660768721352416,0.10234447128420833,0.13771565941083597,0.1132836474731473,0.09064311441638517,0.07958048166029429,0.07470584235643679,0.0725148889607141
4245.8,3010.8339078682893,92.3,0.00624741330789701,0.006278028775946109,0.006347277190611263,0.006452823645949122,0.006574187991060207,0.0066765662479356955,0.006772576425654319,0.007067876629842184,0.008236154751682257,0.012402657505163478,0.02976215684083431,0.10349925720473262,0.13600093796339957,0.1118972590765317,0.09000747519764266,0.0792025432872228,0.07438864909211595,0.07221738680899105
4245.9,3014.348505996126,92.3,0.006481680450392972,0.006508863275118029,0.006566779440703954,0.006645316603862751,0.006714301843652824,0.006734807399903664,0.0067335259821912075,0.0069464476337817915,0.00806984712995405,0.012254645590286007,0.030021838816559236,0.1050208784329479,0.1345077175736692,0.11076829043743285,0.08963649290289737,0.07906773712173605,0.07427919518119745,0.07211009983789765
4246.0,3017.8739846870435,92.3,0.006725600747726773,0.006747880535806466,0.00679065622466967,0.006835484682517795,0.006843716326129205,0.006776659327446017,0.0066809162040133855,0.006823321318614769,0.007918785722299749,0.012150842971426525,0.03044703584885802,0.10672063232019435,0.13321462195876238,0.1099283339299439,0.08952134887186818,0.07915425256454353,0.07436229446142151,0.07218011112802417
4246.1,3021.262494684098,92.3,0.00701261768360572,0.007027656033423543,0.007049328983138249,0.007050782790702579,0.006985486004146115,0.006818276261817756,0.006612567984262186,0.006653413709129523,0.007650629268054973,0.011756003942366982,0.028912142698689327,0.10202991347568398,0.13701529631858397,0.11178031349067198,0.09061165532811846,0.0799304781860244,0.07506877725568029,0.07284794759213495
4246.2,3024.6410298695932,92.3,0.007298957697511396,0.007302156527169992,0.007292109226267753,0.007233728017530741,0.007079100012521156,0.006808991558136544,0.0065192476557623,0.006519977320476156,0.0075236192981268084,0.011709462520598313,0.029349901174613873,0.10427170271439583,0.13608060234302105,0.11150270509640337,0.09108624919818381,0.0805448179548063,0.07561309487082765,0.07333968505606481
4246.3,3028.0295398666476,92.3,0.007570251859462184,0.007558605306630489,0.007510562748804476,0.007384827661549166,0.007137657071133652,0.006772204640589927,0.006416830693626808,0.006399532895483416,0.007432527583522231,0.011735839246111398,0.029955421029559774,0.10657878027779821,0.1352767946068639,0.1113229976041157,0.09154901182357068,0.08111433065209532,0.07611625723241602,0.0737950354556583
4246.4,3031.408075052209,92.3,0.007808288811172402,0.007779890630526525,0.007690613163154308,0.0074957840179109055,0.007160874419318938,0.00671467279936686,0.006314297898280884,0.0062986038397380775,0.007379956501571305,0.011834644308162097,0.030733074180315654,0.10907551658402084,0.13480164223473004,0.11126290634563014,0.09200975578953394,0.08166877063534271,0.07661064347280083,0.07424338106372823
4246.5,3034.7973080037823,92.3,0.008003616061496598,0.007957629385544375,0.007826588852492461,0.007565445918709592,0.007152693911970125,0.006643237880906345,0.006217655072649251,0.006220673847532371,0.007368762766275432,0.012016418045878607,0.03174822259270516,0.11198881503954382,0.13433000910977436,0.11094503505500473,0.09213097859580109,0.08190344597462167,0.0768260872136379,0.07443600016715063
4246.6,3038.1858180008367,92.3,0.008156185725098719,0.008092532160412292,0.007920972243836241,0.007598816089139042,0.00712007729244786,0.006564519118738699,0.006130998562443873,0.006167225160075071,0.007399285389085776,0.012281602248313895,0.032990678890388765,0.11523536914323852,0.1344643902501634,0.11075398459983166,0.09204927521450373,0.08189832137467945,0.07684026223865942,0.07444707381892031
4246.7,3041.564353186332,92.2,0.008473452603048196,0.008376786792689089,0.008130772270486824,0.007699361439189051,0.007105750490387747,0.006470549438224381,0.00601838775916371,0.006099026038000376,0.007452646164564158,0.012679242086262208,0.03477906585524882,0.1193623498715403,0.1346465841929406,0.11041232195785158,0.09180731491020176,0.08176393166109626,0.07674717746111936,0.07435965301386852
4246.8,3044.9528631833864,92.2,0.008552081371389035,0.008437585060284638,0.008153388802682756,0.007670615467972996,0.0070309459101638196,0.006375524397390132,0.005938763322685106,0.006072348107627983,0.007541182866084044,0.013100709798802032,0.03655821163527321,0.12284519590229606,0.13416596870095815,0.1091368718854674,0.09058223392536978,0.08073317347279456,0.07586481389625778,0.0735461541131019
4246.9,3048.3313983689477,92.2,0.008600586893182454,0.00846874991435525,0.008148303997450925,0.007618731265964023,0.006940164380738431,0.0062721186716902634,0.005856490181674608,0.00604751567799212,0.007639989235223133,0.01356096657677751,0.03845248986087607,0.12585136468490563,0.13345538283359695,0.1077683720765432,0.08935298654612267,0.07971951731297328,0.07499473718211833,0.07274259637084901
4247.0,3051.720631320521,92.1,0.008825641658694464,0.008658956522469027,0.00826486519033567,0.007637874503856523,0.00687134272929225,0.00615680762541101,0.005748756046017433,0.006004561883297665,0.007760481166792672,0.014184267706998623,0.04101459842586141,0.12876667604713762,0.13208097808926572,0.10608249437370468,0.0880152932376356,0.07864356260790457,0.07406484412726354,0.07188143082944136
4247.1,3054.9855968639768,92.2,0.008735466219548549,0.008557309244879767,0.00814034671760229,0.00748849716170991,0.006707827013183682,0.006004215318950259,0.005639187695435032,0.00598647936919267,0.00795369941365295,0.0152650697738304,0.05003173255297438,0.130177521303239,0.12785546466787817,0.10418798625993088,0.08726217488103409,0.07828211836616701,0.07372443205247746,0.07151402335879256
4247.2,3058.251128979914,92.2,0.008820241071094373,0.008617057943159446,0.008149616918493965,0.007436522017518798,0.006608585889990203,0.005889851820810226,0.005546655426830075,0.005957483445455481,0.00808155005827549,0.015949884393719072,0.05317684222202197,0.1305296372214127,0.12592837370807453,0.10268145874269889,0.08633667954246795,0.07760683596950649,0.07313345535954525,0.07096022239145953
4247.3,3061.516661095681,92.2,0.0088741901771555,0.008648470402504741,0.00813667079646184,0.007371949780923195,0.006507433704242133,0.0057815833594385205,0.005464214826597999,0.0059411484323863275,0.008232902812186473,0.01671430808521497,0.05643541901156617,0.1303733183760836,0.12367379716944833,0.10105207240081386,0.08540426542996449,0.07695367336860269,0.07256008234987385,0.07042293285008203
4247.4,3064.792176322371,92.2,0.008915367572766215,0.00866868952376469,0.008116572611577031,0.0073064008950896415,0.0064120087275056714,0.0056836178307096506,0.005393910332910911,0.005938229710374986,0.008409508839884432,0.01756835453735851,0.05984474166632125,0.13017469108431992,0.1216920520553704,0.09958232707392575,0.08448616260305856,0.07628368533630485,0.07197514003589066,0.0698801502475052
4247.5,3068.057708438308,92.2,0.008906824264195303,0.008645477280949625,0.008066409485228446,0.007228453960001203,0.006320391330517683,0.005600102505430835,0.0053430683296477885,0.005958803309696177,0.008622709905116646,0.018529087835908738,0.06339670604779411,0.13006918562418823,0.11965598088545303,0.09780255026909872,0.08314291496876558,0.07519521010094385,0.07102339547958722,0.06900048021798819
4247.6,3071.3232405541908,92.2,0.008866760417027789,0.0085955761112163,0.007999702442692361,0.007146945628863336,0.006236876159192055,0.0055322938515955135,0.005312000616948513,0.006003673075062881,0.008876453404022619,0.01960622718822383,0.06705236689813861,0.13019201582774345,0.11777432924311457,0.0956918391973669,0.08124525760531393,0.0735638806039333,0.06959962295092452,0.06768739951552998
4247.7,3074.5882060976464,92.2,0.008806464654988903,0.008531143364967858,0.00793026701457481,0.0070771843530285684,0.006176947569244124,0.00549343986157535,0.005306435320603421,0.006069389047612141,0.009151812488995723,0.020202527575136284,0.06297453507256003,0.13452996798369402,0.11815875252796113,0.09347595391316633,0.0786535812703268,0.07115156912798477,0.06751222735690318,0.06578921475086559
4247.8,3077.8537382135837,92.2,0.008730135796765175,0.008452412440419112,0.007849419459122039,0.006999616358115361,0.006112383574412738,0.005453499176682975,0.005307743832929715,0.0061547766018982255,0.009479166692991788,0.02144622470339506,0.06716655733044807,0.1359225286317099,0.11730074461597931,0.09206824383184543,0.07713731895853172,0.06977179612664504,0.06630443675178915,0.0646745146403213
4247.9,3081.1292534402737,92.2,0.008640260254933706,0.008363452249360557,0.00776488811470465,0.0069262016711475706,0.006058532682317532,0.005428473893742043,0.005326932911063908,0.006262992508016265,0.009844962951076282,0.022778827698881347,0.07138709734441241,0.13706647613029485,0.11688006421017043,0.09138914562793282,0.07637659629678087,0.06907936342468116,0.06570367010094919,0.06412035740365937
4248.0,3084.3947855561564,92.2,0.008542502599546704,0.008269440610458706,0.007680833243236842,0.006859816871517423,0.006017232917321703,0.005419863570301395,0.00536619214384097,0.006398652188836803,0.010260267682334167,0.024221900974627706,0.07558663785908985,0.1380077777764859,0.11698984012014052,0.09157040288764978,0.07652736149391412,0.06923214484750945,0.06585406328378281,0.064259888453607
4248.1,3087.599844057899,92.2,0.008456232671716591,0.008187668851467562,0.007610262845369338,0.0068079666357592035,0.005990833213998223,0.005426197153489592,0.005421533295173529,0.006556133543477044,0.010719717985896193,0.025782065769927875,0.07982650661142167,0.13878706384404318,0.11753778489169753,0.09254057671812542,0.07751640464300029,0.07015527249480037,0.06668625403115071,0.06502884030468181
4248.2,3090.8049025598107,92.1,0.008533809539315342,0.008255443864236555,0.007660464489180598,0.006840922720581997,0.006016893022665745,0.005463532850037617,0.0054997733379003695,0.006746811173797177,0.011270352548602907,0.027639765525868158,0.08439469918110286,0.13935362094959006,0.11829812984519787,0.09390816753343731,0.07892717824917883,0.07146889874313876,0.0678631522426952,0.06611536216726704
4248.3,3094.0099610615534,92.1,0.008435954181376739,0.00816720068642147,0.007593223199307951,0.006803752309526304,0.006014520891945537,0.005500519548168676,0.005592847881232095,0.006958217888926058,0.011834607734318017,0.029427924547574563,0.08830216364424498,0.13956112042378066,0.11889410569223353,0.09515379001534546,0.08026547231699005,0.07272791368750268,0.06898727605916918,0.06715152648934752
4248.4,3097.215019563296,92.1,0.008335419139370212,0.008078380208378914,0.0075296059208208085,0.006775478575862923,0.006026118456004505,0.005556199330590278,0.005710911073372558,0.007208218118502527,0.012475367802911084,0.031375805570248036,0.0920928568884653,0.13944768122628404,0.11902759769883108,0.09584361360782834,0.08106725923741098,0.07350057838795403,0.06967803543545827,0.06778698133222513
4248.5,3100.4300623313998,92.1,0.00822965279163845,0.007986756974107863,0.007468088790170546,0.006755535267023031,0.006052075647863429,0.005631666627230006,0.005855304367110529,0.0074973871527788255,0.013188062728691665,0.033456314264203764,0.09577868780248894,0.13882955219199467,0.11799642713759206,0.09517129579990685,0.08064949003409834,0.0732117534443637,0.06943259038732481,0.06755610288428726
4248.6,3103.6351208331425,92.0,0.008285042568524378,0.008043776403486245,0.007530193423000602,0.006828224662399308,0.006143574266659047,0.005756923257743288,0.006049779950674113,0.007864101492436873,0.014077957530558646,0.035992056647740085,0.0997654561068119,0.13718687889708275,0.11574088599217323,0.09335088807941105,0.07922645237126098,0.07203337609792917,0.06839756723408051,0.0665944090611989
4248.7,3106.8401793348853,92.0,0.008149319448948086,0.007928752493717758,0.007457782375217062,0.006814410738190015,0.006195434583674898,0.005883461490424428,0.006283466697269788,0.008310498239004926,0.015167115798570288,0.040162316119439115,0.10536266195088531,0.13284710039982026,0.11269205505521092,0.09146865105426627,0.07790942823899129,0.07095396969318134,0.06738907024670512,0.06564428057886751
4248.8,3110.045237836797,92.0,0.008031258896769096,0.007833571235524861,0.007411115769564163,0.006834495386927373,0.006288691664627095,0.006053952640240125,0.006558343426193945,0.008794838945143683,0.016217315554063957,0.04268912396216721,0.10756530438956331,0.13123128502982487,0.11042864057735284,0.08957428983826488,0.07645669044443135,0.06977148715381096,0.0663572769310696,0.06468882180601625
4248.9,3113.249750280161,92.0,0.007954189375916671,0.007782487513585787,0.007415308722536684,0.006917028070063064,0.006445496428408885,0.006263675891019347,0.0067988781268434936,0.009377461560322565,0.01976872818336884,0.05706825818089922,0.1169981148009906,0.12721827301602323,0.10661752952219389,0.08709046062961118,0.0745673418498104,0.0678660560581514,0.06447265793301181,0.0628945684274246
4249.0,3116.4548087820203,91.9,0.008042282039941102,0.007878750549093896,0.007531693741233469,0.00706443843682646,0.00664024459925792,0.006526268018515924,0.0071908059135892,0.010057657227541742,0.0211554659193095,0.05957099080074527,0.11821955253051532,0.12640691265041057,0.106018724758032,0.08699995651025222,0.07461968008695212,0.06802973228392382,0.0648199957906691,0.0633056882291482
4249.1,3119.662362366855,91.8,0.008125011511752682,0.007973117682813719,0.00765278005111832,0.007227421473963723,0.0068598642142454385,0.006825642429372433,0.007629441481149159,0.010804720173260491,0.022631617843086496,0.06211630927789351,0.11923587736727233,0.12568629183604002,0.10537120407149987,0.0866192663037082,0.07443815823394372,0.06797117334523618,0.06478577988274967,0.06326736716423914
4249.2,3122.869915951754,91.7,0.008245656462987588,0.008105243451052326,0.007811502098754683,0.0074286286415362855,0.0071206946751906615,0.007173551647214046,0.008132330504092825,0.011645699508607442,0.024230233803446518,0.06469871889672332,0.12022418139308923,0.1255352749064241,0.10563947113119926,0.08714248716531937,0.07504851720952518,0.06860813346067611,0.06536609522816247,0.06379888353988035
4249.3,3126.0774695367054,91.6,0.008403193160067499,0.00827488143173887,0.008009328030648065,0.007671982234896774,0.007429339217127748,0.007579404768070823,0.008712068264585489,0.01259613879041686,0.025967259220804565,0.06730310777288422,0.12109084777952013,0.12570121990083857,0.10652749532576855,0.08831608512762325,0.07624117532976421,0.06975675997809552,0.06639137529301778,0.06473952447823382
4249.4,3129.2850231215402,91.5,0.008599354400685866,0.008484654635975749,0.008250203718765019,0.007962280542947538,0.007793134734019831,0.008052350869186747,0.009379729495221444,0.013661400934820218,0.027825939594113946,0.06981311691583073,0.12150297967522501,0.12560014603721922,0.1073294749835924,0.0893782670688653,0.07736066258518813,0.07090382896834312,0.06733758717054057,0.06552363302260843
4249.5,3132.4925767064915,91.4,0.008833860006540342,0.008734110486694516,0.008535499762006873,0.008306463354892758,0.008220998634746816,0.008604604065317076,0.010147492085005486,0.014854374161550405,0.029799623156979083,0.07213283095899176,0.12152349289937157,0.1253078263414492,0.10802113386883545,0.09058422682879387,0.07868523587653173,0.07216022076914591,0.06846602072758311,0.06657277348400127
4249.6,3135.7001302913905,91.2,0.009345801401653904,0.009245942871552126,0.009051683667374695,0.008838894396146636,0.008796343483735428,0.009279733243967385,0.01104431886773519,0.016238985396491528,0.03212589572981666,0.0747942644141489,0.1216578517527586,0.12507824534719478,0.10868332257861953,0.09174446012640997,0.0799822300239968,0.07338127455352866,0.06953921334086359,0.06755229768312042
4249.7,3138.9076838762253,91.0,0.009958436429418384,0.009855644162205038,0.009659549438934168,0.009456546571680066,0.009452631301868325,0.010040643287716308,0.012048062198832471,0.017784754705057797,0.03466597965438622,0.07738765382419453,0.12152855802055584,0.124645569036401,0.10889519118439908,0.09240591601252687,0.08080745340719862,0.0741824684072856,0.0703136722615072,0.06835341596121401
4249.8,3142.1152374611765,90.8,0.010734360375198518,0.010607292734618252,0.010342175935281932,0.01002485410183774,0.009936736498557797,0.010761068182336023,0.014169413847057359,0.024260651371548123,0.04908373841665353,0.08901800492901868,0.1159527213949604,0.11444355521107692,0.09950699753914347,0.08462106009585421,0.0765515944577592,0.07229406402025879,0.06864973703871978,0.06660567799896026
4249.9,3145.3227910460755,90.6,0.011628538661668342,0.011490025810510788,0.011206455826958662,0.010880107253615217,0.01081603303081488,0.011734557340880867,0.01533242517941759,0.02566560600158884,0.050376322868551295,0.08935210168766186,0.11608636320826986,0.11521385423344921,0.10013252300099466,0.08530084912839027,0.07741375422593219,0.07311093300865813,0.0693368225176709,0.0672839494224673
4250.0,3148.5296742682135,90.3,0.013049904744471305,0.012864667458469382,0.012491435954190147,0.012060983002663664,0.011930577074630192,0.012891018982928385,0.016698651891315232,0.027365138220051793,0.0519681740544942,0.08980679221608645,0.11621997893139586,0.11583979095199451,0.1004647423445014,0.08568339475192746,0.07799350715898792,0.07368561450962634,0.06982144792638324,0.06774989311740295
4250.1,3151.8025476235516,89.9,0.014834411432839971,0.014573114872250758,0.014056168678924421,0.013459749443077432,0.013227559499859909,0.014243637891968365,0.018335362843237894,0.029396195507200077,0.05381575214693355,0.09022845721934135,0.11607510574728948,0.11615195134237309,0.10065922515427415,0.0858951596387196,0.07835666748800615,0.07400042162569813,0.07016208444227622,0.06799411289172876
4250.2,3155.064586862988,89.5,0.016923618935572333,0.016561883303991148,0.01586099149180148,0.015068826643336287,0.014733955636543812,0.015839226947209115,0.020279698600744214,0.03177204930247109,0.05578364163316453,0.09037184876834693,0.11549517502564419,0.11618862118619754,0.10074832735652847,0.08621126549520276,0.07884771958127508,0.07447065454791621,0.07058440170836439,0.06842553777008409
4250.3,3158.336589307891,89.0,0.02006782276489061,0.01948286408031001,0.018384957200960346,0.017177053177777957,0.016590484911229327,0.017740831329649768,0.022577899056915245,0.034548037325001765,0.058094767299390254,0.09068970861605864,0.11464489226960986,0.11564455166911362,0.10052291453081692,0.08642846352535115,0.07925266899392192,0.07484277095153527,0.07088699222106426,0.06875075527818965
4250.4,3161.5995021170265,88.6,0.02322897302251028,0.022407149290877195,0.02092309760655848,0.01936565994989314,0.01864210927164172,0.01996378582027508,0.02524960238863336,0.03752940082720774,0.06027375788735676,0.0906245618621498,0.1133145101159744,0.11463887696260172,0.10000672026940563,0.08634326805695856,0.0793294281235878,0.07491234116909995,0.07092498682149413,0.06881031123240233
4250.5,3164.871504562045,88.2,0.027114810931079415,0.025950005791836737,0.02393098320709641,0.021925158671555315,0.021044743128612504,0.022566551800920372,0.02829058633851766,0.04074885614885409,0.06257649401809567,0.09066613361344437,0.11183253788957143,0.11322371471637455,0.09904287077575472,0.08568965355664222,0.07889164333521008,0.07452468544614191,0.07058419459599062,0.06843618261206587
4250.6,3168.1335438014817,87.9,0.03115568154372671,0.02963958662003616,0.027112228881106547,0.024732847847093536,0.02378796384821498,0.02555670017228655,0.03162350840022961,0.04400339130215065,0.06473696956657699,0.0906579206679449,0.11044539561463262,0.11198120700799725,0.09815108056796615,0.08493644027979226,0.07827859342166096,0.07399681304305185,0.07012006636760666,0.06800502953899115
4250.7,3171.4055462465003,87.7,0.03508133343711479,0.03329399861817829,0.03040920756191153,0.027813807158610808,0.02691078446586775,0.02891887953031668,0.035151643744254585,0.04718472813244177,0.06666920077079097,0.09047174981566954,0.10891928524706726,0.11065438082965402,0.09719368450991718,0.08403821249200617,0.07749713207836831,0.07332422890024407,0.06951868288051681,0.06745614748579642
4250.8,3174.668459055636,87.5,0.03994140823437467,0.037760906981121556,0.034352696378833474,0.03141524637967742,0.030467185667951133,0.03261633010722051,0.03885320572499471,0.05041164835940926,0.06862056890935465,0.09039570458895116,0.10745682176808415,0.10904664232847207,0.09565407290734866,0.08245721256249432,0.07609945942217208,0.07211247882760932,0.06845900088678582,0.06646989708981696
4250.9,3177.9404615006547,87.4,0.04447668653019079,0.04209012768867249,0.038422591760148686,0.03533296448906747,0.03437885736673985,0.03653222971922458,0.0425149642656823,0.05337482166864107,0.07015011238406293,0.08992026848070313,0.10567618957444404,0.10738624480024046,0.09436110259933887,0.0812101497336477,0.07498041383917134,0.07113608551784714,0.06760007739212681,0.0656719787277069
4251.0,3181.2124639456733,87.3,0.04986716202176777,0.0471827852667622,0.043117753369615416,0.03973438488530656,0.03862405113598936,0.040598720503427305,0.04615870384000401,0.05623850169500746,0.07154519283597253,0.08937837050556405,0.10382401989819437,0.10549400951855993,0.09279388064751432,0.07976018104953173,0.07368699364085353,0.07000327583958134,0.06660252837064413,0.06474455126074653
4251.1,3184.581751704149,87.2,0.05505288068939532,0.05226928696321561,0.048036941614639714,0.04445496552027757,0.04309390600836043,0.04466219262667598,0.04958450204385217,0.05873980183828506,0.07248769715460764,0.08847850832433021,0.10175468514463426,0.10355182514553433,0.09138589496300505,0.07856011646661262,0.07260538417479495,0.0690558369446822,0.06576659776707282,0.06395131867365669
4251.2,3187.96098238585,87.2,0.0592960704188874,0.05684927469099111,0.05296929239371539,0.04942956984625691,0.04770743407550662,0.04857752035526424,0.05262344631584529,0.06073426860820025,0.07300365091474786,0.0874490795817306,0.09973774641463236,0.101714840691086,0.09011753051597218,0.07761633439742703,0.0717845017942385,0.06832688702002396,0.06512109322841826,0.06334889402403708
4251.3,3191.3412930225772,87.1,0.06537395981509167,0.06281611013528975,0.05865798623910347,0.0546476013290389,0.05228776467433401,0.05241443213167621,0.055690690153559166,0.06287389775756104,0.07378246347732297,0.08677683586734151,0.09801349567101868,0.09973898953724118,0.08848561596094234,0.07639468566555861,0.07075032050876422,0.0674044511382455,0.06430808249808355,0.06259798046364284
4251.4,3194.720523704179,87.1,0.07007100702032902,0.06790321501742694,0.0640843599666337,0.059914249555704416,0.05684345236871748,0.056016349339868494,0.05838388209364621,0.06462121940310803,0.07440686665812397,0.08637346463564993,0.09700620593882997,0.09874597439714866,0.08777178758361556,0.07607345041362465,0.07057406517510659,0.06723677860370422,0.06415616523923329,0.062469902974186475
4251.5,3198.09975438588,87.1,0.0745792098594189,0.07286614338814486,0.06944423008762385,0.06510446350164874,0.061239551107621935,0.059423537325859095,0.060923984237354095,0.06629984894691614,0.07514048701489,0.08634151313608804,0.09653221582298985,0.09814700420072062,0.08745794664254446,0.07612438043812417,0.07078516145024141,0.06743490536331424,0.06430231069727924,0.06254056730975635
4251.6,3201.4789850675807,87.1,0.0790958020755507,0.07772939823155013,0.07458203581120582,0.06999625864027399,0.06536198640126378,0.06267627036882172,0.06343156757195367,0.06805260935099813,0.07612409336234058,0.08667455660641228,0.0964134768444971,0.09784157489265383,0.0874463840075516,0.07655897721864732,0.07130231506427723,0.06787247143853167,0.06466771243018066,0.06287622192702888
4251.7,3204.8582157491824,87.1,0.08336124783955653,0.08225737219749338,0.07931333864053625,0.07450886477211996,0.06923661463387913,0.06583528536068883,0.06595251035746491,0.06992684214848396,0.07736212723960095,0.0873009710337765,0.0963980788514631,0.0973254555127391,0.08714016503226996,0.07674793597886652,0.0716000978504609,0.06812849968289805,0.0649007397393846,0.06310351322666094
4251.8,3208.227503507758,87.1,0.08730444435641675,0.08638183611261825,0.08357940991905181,0.07860093415085019,0.07283821509963886,0.0688768627812364,0.06846966445389514,0.07190867352938239,0.078840608699467,0.0882508405158218,0.0966528365712401,0.09684373578197082,0.08670496161544143,0.07680602419139523,0.07178582190005595,0.06831175631999374,0.06511647483298891,0.0633502268097915
4251.9,3211.6067341894586,87.2,0.0884439938567128,0.0885688626829842,0.0871597865480898,0.08279515435537811,0.0765637871569398,0.07178648474981573,0.07075954765699975,0.07365371119350109,0.08024762194053249,0.08923436308161602,0.09710587228779916,0.09681445625831465,0.08683117682859942,0.0775414034663502,0.07247073424487879,0.0688805319289623,0.06557604408467343,0.06389817326660924
4252.0,3214.985964871176,87.2,0.0915650127490032,0.09182867769728159,0.09055844230359303,0.08618621297552623,0.07971326732436022,0.07459432548144594,0.07315163653475694,0.07583347311205367,0.08231160958458791,0.09121760759955343,0.09860442520378697,0.09731096900965845,0.08702577457550785,0.07795926002940733,0.07321780079679606,0.06961560035830615,0.06623238943483109,0.06434847786184388
4252.1,3218.4812903209363,87.2,0.09488660397009162,0.09507751563015632,0.09367470695535203,0.08915151146727834,0.0825214367685519,0.07720771255200917,0.0755404213700638,0.07816814583905517,0.08480195778834654,0.09394826871027606,0.10113728399034354,0.0988649692760754,0.08801500182362997,0.07913211149244256,0.07453710987213732,0.07087074919678349,0.06740892338146408,0.06544293783847711
4252.2,3221.9666884330145,87.3,0.0950682925404604,0.09627351484388444,0.09630136560774526,0.09252334469726498,0.08557410410415303,0.07965017334577625,0.07757729256205487,0.0801807684920406,0.08718131787427683,0.09690950217857679,0.10437643260018561,0.10142342481456479,0.09005521030204272,0.08133123679909762,0.07668759073463415,0.07273495284056719,0.06909102824835452,0.06702749056985706
4252.3,3225.4520865450927,87.3,0.09803037003446825,0.0990793369833613,0.09886080755606771,0.0948619409301395,0.0877901770471335,0.08178141945684649,0.07979102441289487,0.08252201567385793,0.09003136891474513,0.100431594596618,0.10779934162794437,0.10384893434677502,0.09190729926670188,0.08318890802302256,0.07836427197912185,0.07422297563927037,0.07029790768324025,0.06830591757947842
4252.4,3228.9474119950805,87.4,0.09731148771500256,0.09942147785027937,0.10077538587913366,0.09768458929281988,0.09036171478602294,0.0838195780535911,0.08157005849225005,0.08444084429583065,0.09252316424889719,0.10370904691108508,0.11142839000175984,0.10676536481291982,0.09434667269804471,0.08576730976807881,0.0807640263097396,0.07634456097783215,0.07215678849707133,0.07009567356556463
4252.5,3232.4328101071587,87.4,0.09935068425127136,0.10136165795272131,0.10252329042137866,0.0992971287210053,0.09198864614453427,0.08553533822786655,0.08343656899466778,0.08657930912333162,0.09524569499662527,0.10700522738719417,0.11464758749991583,0.10904760355588841,0.09617690370624078,0.0877846531595047,0.08260035934382226,0.07789183518605904,0.07356426025452507,0.07127247813610751
4252.6,3235.928135556919,87.4,0.10119294843960591,0.1029836238342736,0.10381027969896484,0.10044696239990118,0.09334361074272764,0.08715879694642095,0.08519073123095111,0.08868041341098075,0.09778405863177358,0.1099902915603728,0.11757599717908,0.11118208369425028,0.09811527833251338,0.08987366209317059,0.08446856776490497,0.07936993238645122,0.07475529451929079,0.07233994352436024
4252.7,3239.4135336691133,87.5,0.09950673728119444,0.10218101732725547,0.10442329309142949,0.10209835142764109,0.09509143970034302,0.08863607448492689,0.08653950597008632,0.0901630765794301,0.09970306007525746,0.11254737126395054,0.12059192140024605,0.11398973622632395,0.10086915194550344,0.092625319238143,0.08694294445468724,0.08148520846131208,0.07663566761064804,0.07404503019633069
4252.8,3242.908859118874,87.5,0.10088585452097588,0.10315980271025019,0.10488070857637045,0.10244269835655147,0.09587196322598127,0.08986119319135423,0.088050613911068,0.09194633957717238,0.10184899311942953,0.11509304893036627,0.12313638136343447,0.11608379730929558,0.10290605908645549,0.09470500273732789,0.08881121297667882,0.08306070263857367,0.07801427452115464,0.07530783072291605
4252.9,3246.394257230952,87.5,0.10202231156038263,0.10383690283984053,0.10499659663293792,0.10248600150666812,0.09643313582887171,0.09091461047098652,0.08938952154483092,0.09351110904758755,0.10366808075090027,0.11718801119617248,0.12522173143613458,0.1179093117574874,0.10475229564479972,0.09656661788426699,0.09046849048220164,0.08445643200124642,0.07922877972206652,0.07643462258194722
4253.0,3249.8883951789912,87.5,0.10294494817035209,0.1042799168199221,0.10487774832375697,0.10232021854148951,0.09680950435419954,0.09181436773306996,0.09060520951459095,0.0949521576134528,0.10528488272482389,0.11886305691810216,0.126573413084358,0.11885042240196941,0.10572724685359802,0.09762873727508067,0.09142579406024386,0.0852464251122044,0.07991094040329387,0.07707760503797714
4253.1,3253.4246361209816,87.6,0.1010191673089109,0.10287679624051406,0.10438776930030337,0.10269109198939533,0.09758160949173894,0.09264493995916365,0.09144219751589822,0.09589268874129193,0.10631946567374474,0.11986215908171487,0.12730833099987288,0.11931662226051487,0.10631772751109736,0.09831492594388024,0.09204420497615413,0.08575725516843985,0.08034816657983046,0.0774917118229027
4253.2,3256.9596750175147,87.5,0.10532237980204955,0.10537139833026385,0.10442132911168785,0.10147027764304696,0.09693733626694892,0.09307722693242114,0.09266077822203864,0.09755560979708577,0.10815076325861796,0.12124567366313192,0.12720224965381027,0.11794134672038373,0.10487604700337734,0.09723722922356165,0.09114710571509467,0.08493235426218661,0.07962252998328073,0.07684133786270217
4253.3,3260.4947139140477,87.5,0.10591304397075149,0.10560337062917813,0.10423671803504998,0.10118529408204906,0.09692306091235574,0.09344176615952124,0.09338791938910634,0.09861838837895943,0.10941861467883784,0.122234387669023,0.12711922088995434,0.11686074490165214,0.10379121853049268,0.09645441880805725,0.0904939110121352,0.08433589182740132,0.07909377659417016,0.07636204730153344
4253.4,3264.0396821790773,87.4,0.10966181262680617,0.10777824206177027,0.10442234120225341,0.10034022526977424,0.09631935535642755,0.09358464465399047,0.09424282994325194,0.09997749523268952,0.11109078765118546,0.12359529533709507,0.12711319770730448,0.11558035115187654,0.1024460403919415,0.09546913172835973,0.08965348171583189,0.08356496620617872,0.07842075207405375,0.07574886329337556
4253.5,3267.5747210756103,87.4,0.110389443524437,0.10832658697118931,0.10467101163126591,0.10030113416804899,0.09615171431968066,0.09355380740231149,0.09456291011306264,0.10075182548648867,0.11231681743629003,0.12497746903642032,0.12800139006839759,0.11574351378069908,0.10255473814910095,0.09574281793585049,0.08990339485329504,0.08375336467239193,0.07858037685122445,0.07590063315771334
4253.6,3271.1097599721434,87.3,0.1136014514035569,0.11038031013557137,0.10523588747440747,0.09993264198261477,0.09565589293799395,0.0934407991315071,0.09498870283957184,0.10162796142465517,0.11357666099758726,0.1263490485992257,0.1289741225334105,0.11608927058925572,0.10289236714193095,0.09623716982956505,0.09031852832122418,0.08407552700599814,0.07887474691404898,0.07618208735329011
4253.7,3274.6547282372835,87.3,0.11426991625465363,0.11114659481963036,0.10589456706046614,0.10016925081760515,0.09543896729058586,0.0931263988519542,0.09492801348486542,0.10199795478676635,0.11445687766849748,0.12781075373048106,0.1309139999148477,0.11800396084844182,0.10472301689506718,0.09797350047203102,0.09182451968224589,0.08536144583492043,0.0799968463805844,0.07722062017317495
4253.8,3278.1897671338165,87.2,0.11748917274724963,0.11329216655174008,0.10663861281791794,0.099965312440686,0.09498609437734207,0.09292252544281043,0.09516570515725495,0.10264088911806124,0.11554610899415872,0.12933719431817867,0.13263509843278923,0.11952104546314277,0.10614471476535109,0.09934699701019863,0.09298626344000427,0.08633822414374774,0.08087534991761537,0.07804637462707424
4253.9,3281.724806030234,87.2,0.11764940086343452,0.11387374685472013,0.10740515582064436,0.10034849457495959,0.09479501304002963,0.0925185053901563,0.09494429959410167,0.10281648390753938,0.11616659880932018,0.13052741035512383,0.13447117689291763,0.12149802933854584,0.10803440461810777,0.10108996072185379,0.09449506614699661,0.08763422374361676,0.08200507493409907,0.0790887314606407
4254.0,3285.2610469722244,87.1,0.12047425220568729,0.11576618522401655,0.1080710847774785,0.10018459555722477,0.09442259143367562,0.09237583076988466,0.09519271956625101,0.10341089197054594,0.1170701829949326,0.13155849812422438,0.13526441910396145,0.12188282993308153,0.10839290685954932,0.10150312986496102,0.09481770824564763,0.08789367961808679,0.0822645268768007,0.07934435363565212
4254.1,3288.7904945210835,87.1,0.12250583810518502,0.11721410606406232,0.10868937163982119,0.10015479595819916,0.09415026565381232,0.09223835615192116,0.09537488642890224,0.103917151758997,0.11784111079593804,0.1323565723502208,0.13567565422378045,0.12179547326384947,0.10830202261516952,0.10150993081978188,0.09479791577750701,0.08786733200552077,0.08226551101349078,0.07935356299971028
4254.2,3292.3199420699425,87.1,0.12426429462049636,0.11847662187191273,0.10923980512714769,0.10014255571113376,0.0939272251415835,0.09214571199672705,0.09559019523490654,0.10446005439898737,0.11862254202722057,0.133036156278749,0.1357116029531864,0.12117172246237172,0.10771239286100397,0.10108051537292218,0.09440410354709008,0.08752521129429022,0.08198503609590935,0.0790956872932173
4254.3,3295.8493896188015,87.1,0.12598415618806147,0.11965199141863732,0.10969531526978703,0.10009607981621788,0.09373921200269832,0.09211028753683734,0.09584298024491675,0.10500252835085747,0.11935392299451966,0.13362469993898626,0.13566597284543286,0.12051809428173599,0.1071035165674591,0.10062070069806331,0.0939899141781841,0.0871724515751737,0.08168669136678385,0.07881335106179545
4254.4,3299.3699577547586,87.1,0.12716959455185958,0.1205225737675511,0.1100828295197263,0.10007226235314165,0.09354830309354041,0.09202079756914766,0.09600426511334986,0.10543473439199534,0.11994933965573831,0.13411801093204798,0.13569517109455978,0.12007865580757657,0.10670228985092972,0.10032743959581568,0.0937237189601276,0.08694953716593849,0.08149724888493916,0.07863048676370579
4254.5,3302.8994053036176,87.0,0.13016126270918438,0.12197364663707566,0.11010299362360879,0.09970119841245945,0.0934832142798147,0.09237364879507533,0.09666727296959175,0.1062363508226379,0.12076528244317075,0.134625244364149,0.13543036081479615,0.11915855576861717,0.10584193196124662,0.09960800203994087,0.09310871346728918,0.08646287870483468,0.08103819398954423,0.0781666931515257
4254.6,3306.4288528524767,87.0,0.13216983940173138,0.12352366641395195,0.11150051632383955,0.10132341105868051,0.09539105742180917,0.09434899511166243,0.09831890814937247,0.10650712390417123,0.11773496326240618,0.12943330554644733,0.13559764427452814,0.13102444658371698,0.11731817613434481,0.10324855094401579,0.09343117455208476,0.08664198836431948,0.08127829293429925,0.07837557452418553
4254.7,3309.9583004012384,86.9,0.13485901525407737,0.12485686276398393,0.11161290648011397,0.10102376853848206,0.09525032837531543,0.09454952449875478,0.0988732389748184,0.10731592144196432,0.11868164624066474,0.1304106655815365,0.1363516436011945,0.13149086945768387,0.11756911467937434,0.10336352161509892,0.09349469244543052,0.08669688043260791,0.08132909102110195,0.07842256984105538
4254.8,3313.478868537296,86.8,0.13707366427468723,0.12584373544768038,0.11155956599814681,0.10067202011963228,0.09509377545360893,0.09473756062391729,0.09941066702981907,0.10810516464882351,0.11960228372141077,0.13134172050699025,0.13704648761470034,0.1318991839029682,0.11776453900210393,0.1034283297708139,0.09351480383021907,0.08671441378842873,0.08134752972854244,0.07843974611290332
4254.9,3317.0083160860577,86.8,0.1367611856389804,0.12557188701899122,0.11124287476571681,0.10024993346783061,0.09461781991630802,0.09434824971340737,0.09925562790280856,0.10827181340755067,0.12005868689724136,0.1319607565499785,0.1377143517503885,0.13254843236736907,0.11832400378849368,0.10389876365533814,0.09392467069239957,0.08707260631262953,0.08165891776162551,0.07872663436385383
4255.0,3320.5377636349167,86.7,0.13801720786634783,0.12588819648066615,0.1108152083714536,0.09966740172883916,0.09425566720101534,0.09432105133402796,0.09958370929011669,0.10890374891665666,0.12089620857506045,0.13285589844388881,0.138373832836297,0.13288522035346628,0.11842703504078386,0.10388084602694331,0.09387714058349417,0.0870328296204664,0.08162753797932965,0.07869821569888126
4255.1,3323.989965830565,86.7,0.13823983600660777,0.12560061903043251,0.11013840335369712,0.09893584812805407,0.09369979405668075,0.09404488248799611,0.09964810305425183,0.10931282920466939,0.1215587297534801,0.13357872973260998,0.13886057210752545,0.13306910063466687,0.11842606024286427,0.10380795965259684,0.09379683813707367,0.08696619106446445,0.08157199539351884,0.07864710331798075
4255.2,3327.432203474943,86.7,0.13785368180930446,0.12488513023029764,0.10919324809694715,0.09800213877964142,0.09295400578937392,0.09358811239229345,0.0995716718350042,0.10968263130947711,0.12233857704082707,0.13458752024521176,0.13972342018746786,0.13357298164912426,0.11862927657606594,0.10387613559438351,0.09383740325502796,0.08700798793198877,0.08161141388632091,0.07868332410347388
4255.3,3330.884405670591,86.7,0.1366343834010225,0.12361928979932019,0.10793676308411704,0.09685007905481155,0.09199908945415927,0.09291806816445419,0.09929892511170907,0.10991303217407913,0.12303043629217446,0.13548961802380521,0.140392640695191,0.1337968114011466,0.11854727863600072,0.10370202492381238,0.09367377687542146,0.08687425042548198,0.08149834804764695,0.07857891320627285
4255.4,3334.3366078663553,86.7,0.13504063085159365,0.12200670487942133,0.10638669826376862,0.09547405394798224,0.09089998009000068,0.09218790297201011,0.09905371636942804,0.11024817847591974,0.12383369393250489,0.13638571082191425,0.14084918314936593,0.1336739865648971,0.11812458557098586,0.10323920333601083,0.09326293045530336,0.08652675958388063,0.08119965760445823,0.07830333279711987
4255.5,3337.7788455106174,86.7,0.13293982616908503,0.11998959353857123,0.1045175381872527,0.09383299049100847,0.08959714614106119,0.09133401430534162,0.09878745312669028,0.11067177785223906,0.1247495385287939,0.13726593965391726,0.14111715404490674,0.133347985157548,0.11765313260401934,0.1028023314937939,0.09283518090451114,0.08613764058900067,0.08086555896261201,0.07799668589476422
4255.6,3341.2302220476768,86.7,0.13018490388305504,0.11745136222449125,0.10228762497974886,0.09195384407750523,0.08813801916912294,0.0903924737763428,0.09850953437693691,0.11116945800179456,0.12575035909212784,0.1380959607226598,0.141128142680606,0.13262797290675446,0.1167344983762747,0.10196559808512108,0.09211284528902372,0.08551788753317437,0.08032914816134866,0.07750189275450518
4255.7,3344.682424243325,86.7,0.12688364689144377,0.11448015897053171,0.09973109150163083,0.08981055982601364,0.08646229573382372,0.08930224575545831,0.09819313641227424,0.1117830380758726,0.1269624519684249,0.1390680946125585,0.14110611942017148,0.1317432129093245,0.11561709429724851,0.10094849960027277,0.09123525984823423,0.08476472745269571,0.07967690603690544,0.07690007209535969
4255.8,3348.124661887703,86.7,0.1228739703566668,0.1110211339632512,0.09686125133326207,0.08740397713102141,0.08451370299472247,0.0879550651759867,0.0977095881802665,0.11241440865866678,0.12837633441982246,0.1403107369852547,0.14135054170179776,0.13110471301749732,0.11472073706620643,0.10013610616668149,0.09054666234010389,0.08417839413380017,0.07916914998062986,0.07643121934559317
4255.9,3351.576864083351,86.8,0.11639598040712011,0.10612410141292651,0.09343149304251139,0.08472034280870101,0.08217178484302035,0.08603057975567834,0.09660839597541478,0.11267672697098179,0.1298786317403373,0.14203370493463555,0.1424022645764865,0.13133122619357435,0.11450307633914422,0.09992840780085759,0.09048754180314099,0.08418253810811678,0.07917129988205224,0.07642928428537656
4256.0,3355.0290662791153,86.8,0.11168806716419284,0.10202655514252934,0.0900144680588096,0.08183816448885066,0.07979848708804044,0.08434259050329851,0.09598744596245491,0.11359079374178965,0.13208207443297468,0.1443701259293267,0.14378091466053028,0.13169783569096413,0.1144202124105428,0.09979895223848347,0.09040475324412141,0.08413077450086254,0.07912907774067884,0.07638959980718034
4256.1,3358.365066878549,86.8,0.10688302566488693,0.09777886018565785,0.08639831138201418,0.07873772234388347,0.07722700293554702,0.08252122566046119,0.09536449729663826,0.11473265854235662,0.13470310581100975,0.1470898267538131,0.14543333956075832,0.1324024970460526,0.11483083862700282,0.10015043186395088,0.09067740917911955,0.08435325942145028,0.07932736417875291,0.07657495483078992
4256.2,3361.700482894562,86.8,0.10187896855885024,0.09327712441989566,0.08252120628914457,0.0754246715861819,0.07450209507924808,0.08059955846806355,0.09471122076077654,0.11601252844419753,0.13767552808474362,0.15027312458225772,0.14754062031853582,0.13344383608003735,0.1153873757761059,0.10059571661237067,0.09110170150074999,0.0847432704573522,0.0796689672271816,0.0768892780549939
4256.3,3365.036483494168,86.9,0.09436181552097164,0.0871858922401451,0.07796140256566955,0.07182935501533425,0.0714606228487407,0.07816065962664728,0.09342110191312936,0.11683920302734056,0.1405979412799566,0.15347293686030683,0.14960157159161866,0.1343498252372075,0.11574277064628959,0.10094473298065974,0.09156937646411034,0.08521330991132886,0.08007343269442815,0.07725780134053395
4256.4,3368.3724840936575,86.9,0.08885555010560714,0.08217826200820273,0.07362081625369185,0.06811819509539416,0.06839296494043098,0.07595279426481068,0.0925995698267752,0.11827889486221316,0.14399713959859262,0.15671154377932348,0.15122782961867356,0.1347491794235612,0.11576602916565296,0.10097728977322948,0.09164751517527374,0.08530144179689851,0.08015098840060673,0.07732834891166075
4256.5,3371.717883920223,86.9,0.08342147340408695,0.07720766383584116,0.06925619398569997,0.06430940279227876,0.06516599008953604,0.07357235013978834,0.0916724925731174,0.1198209287473401,0.1476179767436356,0.1598113492362662,0.15235023289934185,0.13466462261182185,0.11549669037682374,0.10075209653274449,0.09141231619002493,0.08508182244117495,0.07996627276149705,0.07716051110889284
4256.6,3375.053884519829,87.0,0.07632489296123815,0.07116079102853862,0.06445032282027018,0.06038006437579687,0.061788716980729935,0.07080747897477241,0.09013736317550802,0.12078826705408918,0.15104772750019402,0.16274157875169387,0.15302055941238796,0.1336809177517046,0.11401485671312749,0.0994590285288882,0.09041874507551156,0.08427590727015637,0.07926387709293509,0.07650827415422308
4256.7,3378.3898851193185,87.0,0.07119668070483377,0.06643563215364849,0.06025494489704178,0.056643238055695676,0.058483207515280244,0.06817959803739125,0.08888929023754415,0.12221999109310563,0.1548857665225521,0.16561235687465314,0.15321293477512254,0.13220965155526523,0.11218849418695728,0.09780300128712408,0.08898973092479862,0.08305136159987667,0.07820359520716191,0.07552900804822595
4256.8,3381.7253011353946,87.0,0.06634750940102306,0.06199000720821715,0.05630705143031902,0.05306791390755814,0.055202507536413724,0.06542427088294933,0.08743220285317886,0.12356107029743744,0.15885043974851604,0.1684664068414839,0.15337032743663676,0.1308790522007611,0.11058719080525595,0.0962751423510412,0.08756683845801017,0.0817958374043655,0.07712177158864907,0.07453331906704891
4256.9,3385.061301734884,86.9,0.06347861252637801,0.05899605229809872,0.05319475705092478,0.04993078737951306,0.05219165789258915,0.06291694400625279,0.08627887518978923,0.12526051813841674,0.16307644932206544,0.17142290457482282,0.15353529703571647,0.12946981796097887,0.10881795977449066,0.09460355135565156,0.08607964120433818,0.08050822321783661,0.07600644154557741,0.07350304609662871
4257.0,3388.3973023343738,86.9,0.059020052021303254,0.054993798130436145,0.04972478314236833,0.046781369945267416,0.04913760911474684,0.060011482032660574,0.08423682094875795,0.1258410796390114,0.1667144192040797,0.17416350176749837,0.153841204139982,0.1284792005123807,0.10756617463173813,0.09346306711112008,0.08509144305432324,0.0796585366101209,0.07526923281802483,0.07282139773774633
4257.1,3391.629530667878,86.9,0.054893895644064064,0.05128519475477296,0.0465056332707787,0.04384309675612388,0.04623010296278251,0.05711370485380233,0.08198880021216276,0.12606261173383415,0.17012159299506846,0.17669847642893985,0.15414332604215106,0.12771577327420136,0.10662152930042731,0.09261364551974478,0.08435615114722217,0.07902526989161623,0.07471939243062774,0.07231278771204909
4257.2,3394.8617590014983,86.8,0.052474577338514475,0.04887288581684614,0.04408611034217779,0.04137213836539134,0.043652221652960344,0.054535222908852425,0.08009961941043467,0.12662372403172248,0.1735524898310078,0.17885187103712166,0.1540810878042092,0.1267684030168113,0.10560153989949966,0.09170548986102799,0.08355315033605595,0.07832459879514836,0.07410998353136747,0.07174938400296711
4257.3,3398.0936315236977,86.8,0.04883743494997537,0.045624554496172046,0.04129241154909208,0.03881722828977623,0.04103723725691887,0.051693911692415995,0.07747762788860296,0.12609055865070315,0.17643859240378593,0.18084002674737068,0.15415450218587173,0.12615278313071798,0.10494866055406074,0.09114813013646479,0.0830714224773339,0.07790599921543902,0.07374542236808869,0.0714120810416057
4257.4,3401.31586677269,86.8,0.045685193594272935,0.042775918258098684,0.03880060433836566,0.03650150111059067,0.038626813548612936,0.04900103210348485,0.07486918533267486,0.12543594194353477,0.1793616957935826,0.1828074516610566,0.15421635501909536,0.1255764831630095,0.10433251000280488,0.09060355408035876,0.08258791567460792,0.0774826430724798,0.07337688567474415,0.07107130308181622
4257.5,3404.548095106194,86.9,0.04166604077443698,0.039295678314181896,0.03599256190958332,0.03409843975943989,0.03619909714441925,0.046141526963618895,0.0716500290525808,0.12372506064545516,0.18193072764707735,0.18492760630068586,0.15454014675504285,0.12527034923349561,0.10393288993962942,0.09023789973790271,0.08226418611470317,0.07720141496426186,0.07313256262638058,0.07084530135719047
4257.6,3407.7803234396983,86.9,0.03910590395456582,0.03695869067363087,0.033927801419014955,0.032164077256138714,0.03414489416202166,0.04371102869883143,0.06898424512282607,0.12260390893651642,0.18491195493850965,0.18728560020103754,0.155180468307903,0.12533385796365296,0.10385474941124251,0.09011053537581895,0.08212307020192737,0.07707426943365434,0.07302415929463744,0.07074527079219156
4257.7,3411.0125517732026,87.0,0.0357350909497688,0.034005029092437584,0.03152431581847276,0.030113491204614408,0.03206754814389278,0.04115430777620906,0.06575141760664391,0.12030162858792207,0.18744485732644434,0.19004255627674096,0.1563911134089342,0.12595108346185405,0.10423866946634631,0.09037245595546063,0.08232554879520505,0.0772508373803285,0.07318128272638084,0.07089095813521501
4257.8,3414.244780106823,87.1,0.032674550636955596,0.03129598037896849,0.029296754342126377,0.028210014817176575,0.030144045318240796,0.038755414898245404,0.06256340879171772,0.11774409089772311,0.18997435856131498,0.19313000327275667,0.15793376515974492,0.12686231551445046,0.10486008114025071,0.09082392847758228,0.08268881938290033,0.07756812446546074,0.07346175654972768,0.07115088416034286
4257.9,3417.467015355815,87.2,0.029809073798291494,0.028736830482910706,0.02717384901951878,0.0263970967703746,0.02832159503377294,0.036454313074638804,0.05932897902656309,0.11470921751935742,0.1921326844445309,0.1961544691585645,0.15933475825582322,0.1275589040840718,0.10523507856536109,0.09102887049800647,0.08282248871661141,0.0776822663859589,0.07356564812828763,0.07124762553517333
4258.0,3420.6992436893192,87.4,0.026483936528982444,0.025776349869290314,0.024767558104637724,0.024440677430267226,0.02646002053515443,0.034108470718503266,0.055733054507718885,0.11046894569475615,0.19335325977797638,0.1990839465879658,0.1604993434409329,0.12790984782098244,0.10525713197819915,0.09091771087910791,0.08267769365837227,0.07755234098748229,0.07345650498353237,0.07114732073726104
4258.1,3423.880249819491,87.5,0.024325174589121566,0.023781543384724376,0.023024084482806538,0.022888911906227924,0.024882723091757458,0.03211105798806261,0.05275640279072359,0.1070078162580905,0.19470486706755785,0.20157126871203856,0.16112536368861127,0.12777198744742488,0.10487347660172405,0.09045792820283727,0.0822194845080936,0.0771436037115052,0.07310356110745862,0.07082155361463167
4258.2,3427.061523149421,87.7,0.02166902767620506,0.021345540925908218,0.020949988553725842,0.021141984030631233,0.023222781738094948,0.03005158348695349,0.04944631009798419,0.10222453145705665,0.19451101783520303,0.20376075759727705,0.1615056368675466,0.1274019389233571,0.10432299726688866,0.08988479733792135,0.0816709342335015,0.07665422103980228,0.07267873281631475,0.07042924197592014
4258.3,3430.2325324525104,87.8,0.01989388802227558,0.019667447545371718,0.019430123048720677,0.01975174793647279,0.02180678708499063,0.02826992544687522,0.046662501187020144,0.09818758440678985,0.19421207253983644,0.2053525486217987,0.1615204772205596,0.12698749059779943,0.1039507679102221,0.08957367000470383,0.08138206987139315,0.07639146381754126,0.07244863740167318,0.07021675963038877
4258.4,3433.4138057824143,87.9,0.01825354058786194,0.01810604918515843,0.017999950464809514,0.018431418026947484,0.0204610112182397,0.026583473923312922,0.04399379358792958,0.09403692712195853,0.1932692381329615,0.2066842892019269,0.1614691824594576,0.1266531238787122,0.10374946608548624,0.08946357073876939,0.08128593417361533,0.07629783410684846,0.07236471113100068,0.07013933593280379
4258.5,3436.594811912609,87.9,0.01726659969708986,0.017134067066901286,0.017043321324050953,0.01745638234961976,0.019372245427219527,0.025169357690395463,0.041831369676287415,0.09087222725547874,0.19281502600435121,0.2078829550924577,0.16167889464194007,0.12687759738506554,0.10418894227646525,0.0899582441477369,0.08173059492451183,0.0766777713991574,0.07269339932582934,0.0704440002639605
4258.6,3439.7758180426877,87.9,0.016310657656102116,0.016196680044789302,0.01612969038051025,0.016538349989997408,0.01836137370165834,0.023862995830725865,0.0398059179804479,0.08777705357536866,0.19219885337057652,0.20919949407954966,0.16205159030074376,0.1272274907398485,0.1047079771445942,0.0905036654788227,0.0822132129189483,0.07709050180394705,0.07305099398531371,0.07077474529245753
4258.7,3442.947095387897,87.9,0.015377699740658857,0.015285531747186594,0.015250360780622904,0.01566878247862108,0.017420998063421372,0.0226607627117315,0.03792787676720375,0.08481922501535111,0.1916392903286698,0.21093722750440994,0.16293473533905892,0.12802510981280998,0.10555221092624309,0.09127850336496758,0.08287968245439711,0.07766501746124799,0.07355232711665237,0.07123926673433795
4258.8,3446.128101518092,87.9,0.014452095597406142,0.01438571606636625,0.014392094069899643,0.014837255816178565,0.016544883809098545,0.021562793500421618,0.03620846375894932,0.082013874586595,0.1910199058443592,0.21279513162783545,0.16392868949153871,0.12884106356424999,0.1063276151663511,0.09194235790485272,0.08343140867505236,0.07813765319021675,0.07396551030419274,0.07162199434658106
4258.9,3449.309374847996,87.9,0.013526716767186388,0.013489762370296867,0.013547095805627326,0.014036342169190924,0.01572719189726938,0.020566075061019297,0.03464562299158397,0.07931532632068086,0.18999827253720403,0.21426015975650706,0.1645156018903197,0.12922634886171647,0.10671052543315847,0.0922713964013436,0.08369242343430366,0.07835511124353024,0.07415554028030447,0.07179843186853335
4259.0,3452.480384151085,87.8,0.012970863087752827,0.012939373223753294,0.013002535256126843,0.013484265357304352,0.015126744742697103,0.019821808878782047,0.03355912198609745,0.07775456034156979,0.19000583772075005,0.21487855732956387,0.16413226855680038,0.12876603879962215,0.10643544436482051,0.09210355307747453,0.08354738737436916,0.07821945653750204,0.07403515431567291,0.07168743436815622
4259.1,3455.661657480989,87.8,0.012303905669430891,0.012290416121311288,0.012385676616852295,0.012897383771408566,0.014535475081121093,0.019131704546460838,0.03254849626971431,0.07610224882597295,0.1891889948883456,0.21472698918424288,0.16304908990350278,0.12760672900145356,0.10554935906478376,0.09143665553449169,0.08297888572119873,0.07771290343155508,0.07358957914964968,0.07127547906994856
4259.2,3458.8332343758775,87.8,0.01161374615476332,0.011622180112379683,0.01175873649300665,0.012316007572467522,0.013973170763023353,0.01850571787895497,0.031652946560272746,0.07457404656663286,0.18808577794401068,0.21414470943729444,0.16158346399665124,0.12602249078816544,0.10424222523740762,0.09040087005007115,0.0820928256617001,0.0769294263179008,0.07290165408812602,0.07063907115369125
4259.3,3462.004511721087,87.8,0.0109334012603868,0.010963731256523397,0.01114276103167633,0.011750495048932797,0.01343945679270019,0.017936695660713955,0.030875214297432674,0.07324689758823326,0.18687029251269682,0.21347615609484574,0.1601355075821458,0.1243034299568356,0.1026627853063215,0.08905414216785523,0.08091629850314952,0.07589147658221874,0.07199251680225524,0.06979781527350953
4259.4,3465.1760886158886,87.8,0.010251252899085475,0.010302207612439322,0.01052205837222867,0.011180687253179373,0.012908328043695011,0.017391751948906454,0.030174237005676993,0.0720589983902741,0.18557623913326052,0.21307008681463938,0.1589997431061795,0.12276509132977882,0.10109071713271718,0.08760752150162725,0.07960923841212521,0.07473112990797458,0.07097799769078461,0.06885913692964479
4259.5,3468.347365961098,87.7,0.00998578943720241,0.010041138078424541,0.01027157856030075,0.010948530453257985,0.01270110779706672,0.017237443529192424,0.03050701307412291,0.07624679619644707,0.18836531495359346,0.21098584879099125,0.1606401902955778,0.12411921560923901,0.10167866642178292,0.08756221298867227,0.0793293762061139,0.07448243340691404,0.07080771085436807,0.0687626707873855
4259.6,3471.5189428559866,87.7,0.009433402604749834,0.009500599294164514,0.009754004509287718,0.010458679143372443,0.012231133816689284,0.016765467316537698,0.030054779138380172,0.07622933735281423,0.187987143654594,0.21039013131943854,0.16064568341270355,0.12414284634201354,0.10147565829687114,0.08717059451690326,0.07887768457918722,0.07406450311090584,0.0704561775660981,0.06845015600125134
4259.7,3474.690220201106,87.6,0.009194609466945863,0.009259826900827847,0.009508306927572738,0.010204286197658074,0.011965874419686023,0.01650856868761426,0.030002443248378686,0.07738760401595716,0.1886836961349901,0.20946663734546261,0.16030151056044906,0.12396720999347667,0.10119299708850896,0.08677792645705094,0.07845443390557355,0.07367599717018944,0.07012792062393626,0.06815717429959432
4259.8,3477.871792139669,87.6,0.008726364436786697,0.008798750870648303,0.009060616457079644,0.009771225235009102,0.011540217901081838,0.016081761026329876,0.029671563767474526,0.07779951966928936,0.1879026078382395,0.20820332283526338,0.16015547808253502,0.12419986880744319,0.10143591429494626,0.08693592692853674,0.07854708066928694,0.07374158421029672,0.07019439627236401,0.06823006663899685
4259.9,3481.0430694847623,87.5,0.00856700395902046,0.008636264036857874,0.008891472562922567,0.009592548425226353,0.011353681196484507,0.015922920732031425,0.029812644030910482,0.07941264951890613,0.1880418110963499,0.20637741612023144,0.15924375335584726,0.12378310470742512,0.10122878933034778,0.0868302594714795,0.07847889457028182,0.0736770070006838,0.07013555710608468,0.0681812036564535
4260.0,3484.2146463796507,87.5,0.008222967858236334,0.00829714672247871,0.008561973567577583,0.009274830009406017,0.011046350078155744,0.015639398010892567,0.029734525930388014,0.08035883562295898,0.18713880725164375,0.20429061127687245,0.15816556997592843,0.12313419698216968,0.1007787153534247,0.08650483765352658,0.07819956112454166,0.07342496484135672,0.06992256636498978,0.06798346788836052
4260.1,3487.3782045030803,87.5,0.007847057401918064,0.007928780284173636,0.008208762341891412,0.008941900870880896,0.010735855666708854,0.015368594913754459,0.029685323862079623,0.08125421142821224,0.18608382217054759,0.20230676843026132,0.15712950696749803,0.1224086600068036,0.10015062739497076,0.08594792870273131,0.07768599915961076,0.07296471852314054,0.06953000811773843,0.06762012697799591
4260.2,3490.54176262651,87.5,0.007537711535725584,0.007626034923812587,0.007919801824222444,0.008673257083950009,0.010495491381133796,0.015190340229300582,0.029798416351361524,0.08241262070759434,0.18538761724623395,0.20051243853951073,0.15617736187958908,0.12177627842827632,0.09959723541896724,0.08543085732325728,0.07719585471288237,0.0725251834735769,0.06915459888378389,0.06727221110298988
4260.3,3493.705320749779,87.5,0.0072832575605642465,0.007377818485925776,0.0076851997641146546,0.0084605684018162,0.010318029742359713,0.015095022607290202,0.030034956859180485,0.08360766520881709,0.18481608581005318,0.19885068994321803,0.15518464693651907,0.12104310942648823,0.09891544743455077,0.08477339040756951,0.07657388186108563,0.07197115794472123,0.0686763797524835,0.06682661572021448
4260.4,3496.8688788732084,87.5,0.007119002790297081,0.0072190306222934715,0.007539285224384813,0.008338120029733602,0.01024014443564737,0.015129601985031072,0.03047628518907818,0.08498155114979832,0.1843165791951691,0.19706962880945203,0.15393067616616984,0.12005799320959734,0.0980188464516566,0.08393368389080248,0.07579930928521542,0.07128599470533455,0.06807544778132353,0.06626119137331973
4260.5,3500.032436996594,87.5,0.007026478085019346,0.007131849549127011,0.007465484409502227,0.008290537381143177,0.010245868274329408,0.015270154927760985,0.03105640681181871,0.08635595621416009,0.18382852149790085,0.19511573520668699,0.15239747205734724,0.11895183781146645,0.09719888741958135,0.08329337098489825,0.07526023369383945,0.07081340393018754,0.06764302381101168,0.06584223861207457
4260.6,3503.1959951199074,87.5,0.006993887623694727,0.007105139784678791,0.007454081105519159,0.008310365019003712,0.01033086204750492,0.015516564493564686,0.03177770257370703,0.08773510313684309,0.18324752372264067,0.19287828517547007,0.15047496892415904,0.11756121570701451,0.09627214440079433,0.0826812660355711,0.07479781725282937,0.07040496013662904,0.06725504786338166,0.06546506175482558
4260.7,3506.359553243337,87.5,0.006993300399197619,0.0071112697392411465,0.007477712849894636,0.008370190250617464,0.010466110727171121,0.01583239501299007,0.03257123146886405,0.08899021228795197,0.18253421291901964,0.19059158165740708,0.1485216614095765,0.1161843614027879,0.09541081065061903,0.08217057366511175,0.07444065089892435,0.0700853949342147,0.06695307157049786,0.06518175620002734
4260.8,3509.5331001549325,87.4,0.007243089977752321,0.007366070137603534,0.007748963685544167,0.00868363518722191,0.01088365517156783,0.01652226013383403,0.03399977480756185,0.0913305718421333,0.18254231778783533,0.18810111155420922,0.1461869269337738,0.11449846761690884,0.09437038052876955,0.08159249710438261,0.07407989552102445,0.06977625000200398,0.06664872524097389,0.06488808782593553
4260.9,3512.697148195063,87.4,0.0073376988581639905,0.0074696064867992885,0.007876575196091628,0.008863344313498148,0.011175389206121114,0.017078304177033328,0.035183462770088776,0.09291739078784,0.18200273569702982,0.1860224709297834,0.14452696972669554,0.11350052945102723,0.09392252096748901,0.08147908483181959,0.0740911008609174,0.06979102765446026,0.0666459439772762,0.06488576998454816
4261.0,3515.8607063183767,87.4,0.007465340512298585,0.0076077564445153345,0.00804328005179012,0.009092169322801822,0.011538077817226591,0.017752855791488723,0.03655905691518496,0.0945874594846811,0.1813848463755117,0.18412478445411698,0.14310285269749196,0.11263744837056183,0.09350371564748779,0.08134376376242188,0.0740766939277754,0.06978952801511476,0.06662875893904517,0.0648662954830425
4261.1,3519.0397785100586,87.3,0.007695183731795268,0.007848818121833743,0.008316095494755347,0.00943685556501975,0.012042897581478312,0.018637150578079825,0.03829862069524062,0.09677242981993514,0.18096359453806707,0.18218191242715417,0.1418056211784856,0.11206927572405798,0.09343642653441779,0.08153184572108474,0.07434140632495602,0.07003137975973799,0.06682351635937225,0.06504142691476526
4261.2,3522.2196212735084,87.2,0.00797346349470141,0.008140220026445549,0.008644749424929392,0.009849732544665429,0.012642952015346211,0.019674910313807255,0.04028243603757601,0.09915066333006156,0.1806095709607923,0.18053774272292827,0.14085921074295968,0.11172072770263203,0.09340293716008023,0.08162122396466492,0.07446440354078082,0.0701454137016054,0.06691488852365049,0.06512341372071159
4261.3,3525.3994640368423,87.2,0.00806515527268004,0.008249567643677031,0.008800463567021825,0.01010251572762685,0.013096342242654569,0.020563230668651507,0.04197535874395007,0.10074514307742206,0.17966306683871375,0.17895789873508305,0.1400310986563358,0.1113859305086406,0.09329430130049308,0.08160258621982291,0.07447946715964258,0.07016297228671826,0.06692220687297522,0.06512641987807131
4261.4,3528.5785362285947,87.1,0.03422309704591167,0.03422309704591167,0.03422309704591167,0.03422309704591167,0.03422309704591167,0.03422309704591167,0.03422309704591167,0.03422309704591167,0.03422309704591167,0.03422309704591167,0.03422309704591167,0.03422309704591167,0.03422309704591167,0.03422309704591167,0.03422309704591167,0.03422309704591167,0.03422309704591167,0.03422309704591167
